0 verbose cli /opt/homebrew/Cellar/node/26.5.0_1/bin/node /opt/homebrew/bin/npm
1 info using npm@11.17.0
2 info using node@v26.5.0
3 silly config load:file:/opt/homebrew/lib/node_modules/npm/npmrc
4 silly config load:file:/Users/kedarbnikhil/Documents/Codex/2026-08-11/stage-1-of-4-foundation-i18n/outputs/ride-demo/.npmrc
5 silly config load:file:/Users/kedarbnikhil/.npmrc
6 silly config load:file:/opt/homebrew/etc/npmrc
7 verbose title npm install
8 verbose argv "install"
9 verbose logfile logs-max:10 dir:/Users/kedarbnikhil/Documents/Codex/2026-08-11/stage-1-of-4-foundation-i18n/outputs/ride-demo/.npm-cache/_logs/2026-08-11T17_37_09_915Z-
10 verbose logfile /Users/kedarbnikhil/Documents/Codex/2026-08-11/stage-1-of-4-foundation-i18n/outputs/ride-demo/.npm-cache/_logs/2026-08-11T17_37_09_915Z-debug-0.log
11 silly logfile done cleaning log files
12 silly packumentCache heap:2248146944 maxSize:562036736 maxEntrySize:281018368
13 silly idealTree buildDeps
14 silly fetch manifest @expo-google-fonts/noto-sans-telugu@^0.2.3
15 silly packumentCache full:https://registry.npmjs.org/@expo-google-fonts%2fnoto-sans-telugu cache-miss
16 http fetch GET 200 https://registry.npmjs.org/@expo-google-fonts%2fnoto-sans-telugu 304ms (cache miss)
17 silly packumentCache full:https://registry.npmjs.org/@expo-google-fonts%2fnoto-sans-telugu set size:undefined disposed:false
18 silly fetch manifest @react-native-async-storage/async-storage@2.2.0
19 silly packumentCache full:https://registry.npmjs.org/@react-native-async-storage%2fasync-storage cache-miss
20 http fetch GET 200 https://registry.npmjs.org/@react-native-async-storage%2fasync-storage 103ms (cache miss)
21 silly packumentCache full:https://registry.npmjs.org/@react-native-async-storage%2fasync-storage set size:undefined disposed:false
22 silly fetch manifest react-native@0.81.5
23 silly packumentCache full:https://registry.npmjs.org/react-native cache-miss
24 http fetch GET 200 https://registry.npmjs.org/npm 2076ms
25 http fetch GET 200 https://registry.npmjs.org/react-native 2031ms (cache miss)
26 silly packumentCache full:https://registry.npmjs.org/react-native set size:undefined disposed:false
27 silly fetch manifest @types/react@~19.1.0
28 silly packumentCache full:https://registry.npmjs.org/@types%2freact cache-miss
29 http fetch GET 200 https://registry.npmjs.org/@types%2freact 1314ms (cache miss)
30 silly packumentCache full:https://registry.npmjs.org/@types%2freact set size:undefined disposed:false
31 silly fetch manifest react@19.1.0
32 silly packumentCache full:https://registry.npmjs.org/react cache-miss
33 http fetch GET 200 https://registry.npmjs.org/react 783ms (cache miss)
34 silly packumentCache full:https://registry.npmjs.org/react set size:undefined disposed:false
35 silly fetch manifest @react-navigation/native@^7.1.18
36 silly packumentCache full:https://registry.npmjs.org/@react-navigation%2fnative cache-miss
37 http fetch GET 200 https://registry.npmjs.org/@react-navigation%2fnative 635ms (cache miss)
38 silly packumentCache full:https://registry.npmjs.org/@react-navigation%2fnative set size:undefined disposed:false
39 silly fetch manifest @react-navigation/native-stack@^7.3.26
40 silly packumentCache full:https://registry.npmjs.org/@react-navigation%2fnative-stack cache-miss
41 http fetch GET 200 https://registry.npmjs.org/@react-navigation%2fnative-stack 223ms (cache miss)
42 silly packumentCache full:https://registry.npmjs.org/@react-navigation%2fnative-stack set size:undefined disposed:false
43 silly fetch manifest react-native-safe-area-context@~5.6.0
44 silly packumentCache full:https://registry.npmjs.org/react-native-safe-area-context cache-miss
45 http fetch GET 200 https://registry.npmjs.org/react-native-safe-area-context 252ms (cache miss)
46 silly packumentCache full:https://registry.npmjs.org/react-native-safe-area-context set size:undefined disposed:false
47 silly fetch manifest react-native-screens@~4.16.0
48 silly packumentCache full:https://registry.npmjs.org/react-native-screens cache-miss
49 http fetch GET 200 https://registry.npmjs.org/react-native-screens 391ms (cache miss)
50 silly packumentCache full:https://registry.npmjs.org/react-native-screens set size:undefined disposed:false
51 silly fetch manifest expo@~54.0.0
52 silly packumentCache full:https://registry.npmjs.org/expo cache-miss
53 http fetch GET 200 https://registry.npmjs.org/expo 901ms (cache miss)
54 silly packumentCache full:https://registry.npmjs.org/expo set size:undefined disposed:false
55 silly fetch manifest @expo/dom-webview@*
56 silly packumentCache full:https://registry.npmjs.org/@expo%2fdom-webview cache-miss
57 http fetch GET 200 https://registry.npmjs.org/@expo%2fdom-webview 120ms (cache miss)
58 silly packumentCache full:https://registry.npmjs.org/@expo%2fdom-webview set size:undefined disposed:false
59 silly fetch manifest @expo/metro-runtime@*
60 silly packumentCache full:https://registry.npmjs.org/@expo%2fmetro-runtime cache-miss
61 http fetch GET 200 https://registry.npmjs.org/@expo%2fmetro-runtime 343ms (cache miss)
62 silly packumentCache full:https://registry.npmjs.org/@expo%2fmetro-runtime set size:undefined disposed:false
63 silly fetch manifest react-dom@*
64 silly packumentCache full:https://registry.npmjs.org/react-dom cache-miss
65 http fetch GET 200 https://registry.npmjs.org/react-dom 1445ms (cache miss)
66 silly packumentCache full:https://registry.npmjs.org/react-dom set size:undefined disposed:false
67 silly fetch manifest react@^19.2.8
68 silly packumentCache full:https://registry.npmjs.org/react cache-miss
69 http cache https://registry.npmjs.org/react 16ms (cache hit)
70 silly packumentCache full:https://registry.npmjs.org/react set size:6883336 disposed:false
71 silly fetch manifest react-native-webview@*
72 silly packumentCache full:https://registry.npmjs.org/react-native-webview cache-miss
73 http fetch GET 200 https://registry.npmjs.org/react-native-webview 329ms (cache miss)
74 silly packumentCache full:https://registry.npmjs.org/react-native-webview set size:undefined disposed:false
75 silly fetch manifest expo-font@~14.0.9
76 silly packumentCache full:https://registry.npmjs.org/expo-font cache-miss
77 http fetch GET 200 https://registry.npmjs.org/expo-font 637ms (cache miss)
78 silly packumentCache full:https://registry.npmjs.org/expo-font set size:undefined disposed:false
79 silly fetch manifest expo-status-bar@~3.0.8
80 silly packumentCache full:https://registry.npmjs.org/expo-status-bar cache-miss
81 http fetch GET 200 https://registry.npmjs.org/expo-status-bar 151ms (cache miss)
82 silly packumentCache full:https://registry.npmjs.org/expo-status-bar set size:undefined disposed:false
83 silly fetch manifest i18next@^25.5.2
84 silly packumentCache full:https://registry.npmjs.org/i18next cache-miss
85 http fetch GET 200 https://registry.npmjs.org/i18next 811ms (cache miss)
86 silly packumentCache full:https://registry.npmjs.org/i18next set size:undefined disposed:false
87 silly fetch manifest typescript@~5.9.2
88 silly packumentCache full:https://registry.npmjs.org/typescript cache-miss
89 http fetch GET 200 https://registry.npmjs.org/typescript 1721ms (cache miss)
90 silly packumentCache full:https://registry.npmjs.org/typescript set size:undefined disposed:false
91 silly fetch manifest react-i18next@^16.0.0
92 silly packumentCache full:https://registry.npmjs.org/react-i18next cache-miss
93 http fetch GET 200 https://registry.npmjs.org/react-i18next 189ms (cache miss)
94 silly packumentCache full:https://registry.npmjs.org/react-i18next set size:undefined disposed:false
95 silly placeDep ROOT @expo-google-fonts/noto-sans-telugu@0.2.3 OK for: nandyal-ride-demo@1.0.0 want: ^0.2.3
96 silly placeDep ROOT @react-native-async-storage/async-storage@2.2.0 OK for: nandyal-ride-demo@1.0.0 want: 2.2.0
97 silly placeDep ROOT react-native@0.81.5 OK for: @react-native-async-storage/async-storage@2.2.0 want: ^0.0.0-0 || >=0.65 <1.0
98 silly placeDep ROOT react@19.1.0 OK for: react-native@0.81.5 want: ^19.1.0
99 silly placeDep ROOT @react-navigation/native@7.3.16 OK for: nandyal-ride-demo@1.0.0 want: ^7.1.18
100 silly placeDep ROOT @react-navigation/native-stack@7.18.8 OK for: nandyal-ride-demo@1.0.0 want: ^7.3.26
101 silly placeDep ROOT react-native-screens@4.16.0 OK for: @react-navigation/native-stack@7.18.8 want: >= 4.0.0
102 silly placeDep ROOT react-native-safe-area-context@5.6.2 OK for: @react-navigation/native-stack@7.18.8 want: >= 4.0.0
103 silly placeDep ROOT @types/react@19.1.17 OK for: nandyal-ride-demo@1.0.0 want: ~19.1.0
104 silly placeDep ROOT expo@54.0.36 OK for: nandyal-ride-demo@1.0.0 want: ~54.0.0
105 silly placeDep ROOT expo-font@14.0.12 OK for: nandyal-ride-demo@1.0.0 want: ~14.0.9
106 silly placeDep ROOT expo-status-bar@3.0.9 OK for: nandyal-ride-demo@1.0.0 want: ~3.0.8
107 silly placeDep ROOT i18next@25.10.10 OK for: nandyal-ride-demo@1.0.0 want: ^25.5.2
108 silly placeDep ROOT react-i18next@16.6.6 OK for: nandyal-ride-demo@1.0.0 want: ^16.0.0
109 silly placeDep ROOT typescript@5.9.3 OK for: nandyal-ride-demo@1.0.0 want: ~5.9.2
110 silly fetch manifest merge-options@^3.0.4
111 silly packumentCache full:https://registry.npmjs.org/merge-options cache-miss
112 silly fetch manifest ws@^6.2.3
113 silly packumentCache full:https://registry.npmjs.org/ws cache-miss
114 silly fetch manifest glob@^7.1.1
115 silly packumentCache full:https://registry.npmjs.org/glob cache-miss
116 silly fetch manifest anser@^1.4.9
117 silly packumentCache full:https://registry.npmjs.org/anser cache-miss
118 silly fetch manifest yargs@^17.6.2
119 silly packumentCache full:https://registry.npmjs.org/yargs cache-miss
120 silly fetch manifest semver@^7.1.3
121 silly packumentCache full:https://registry.npmjs.org/semver cache-miss
122 silly fetch manifest promise@^8.3.0
123 silly packumentCache full:https://registry.npmjs.org/promise cache-miss
124 http fetch GET 200 https://registry.npmjs.org/ws 154ms (cache miss)
125 silly packumentCache full:https://registry.npmjs.org/ws set size:undefined disposed:false
126 silly fetch manifest base64-js@^1.5.1
127 silly packumentCache full:https://registry.npmjs.org/base64-js cache-miss
128 http fetch GET 200 https://registry.npmjs.org/base64-js 59ms (cache miss)
129 silly packumentCache full:https://registry.npmjs.org/base64-js set size:undefined disposed:false
130 silly fetch manifest commander@^12.0.0
131 silly packumentCache full:https://registry.npmjs.org/commander cache-miss
132 http fetch GET 200 https://registry.npmjs.org/merge-options 252ms (cache miss)
133 silly packumentCache full:https://registry.npmjs.org/merge-options set size:undefined disposed:false
134 silly fetch manifest invariant@^2.2.4
135 silly packumentCache full:https://registry.npmjs.org/invariant cache-miss
136 http fetch GET 200 https://registry.npmjs.org/promise 295ms (cache miss)
137 silly packumentCache full:https://registry.npmjs.org/promise set size:undefined disposed:false
138 silly fetch manifest scheduler@0.26.0
139 silly packumentCache full:https://registry.npmjs.org/scheduler cache-miss
140 http fetch GET 200 https://registry.npmjs.org/anser 308ms (cache miss)
141 silly packumentCache full:https://registry.npmjs.org/anser set size:undefined disposed:false
142 silly fetch manifest ansi-regex@^5.0.0
143 silly packumentCache full:https://registry.npmjs.org/ansi-regex cache-miss
144 http fetch GET 200 https://registry.npmjs.org/invariant 201ms (cache miss)
145 silly packumentCache full:https://registry.npmjs.org/invariant set size:undefined disposed:false
146 silly fetch manifest babel-jest@^29.7.0
147 silly packumentCache full:https://registry.npmjs.org/babel-jest cache-miss
148 http fetch GET 200 https://registry.npmjs.org/ansi-regex 205ms (cache miss)
149 silly packumentCache full:https://registry.npmjs.org/ansi-regex set size:undefined disposed:false
150 silly fetch manifest nullthrows@^1.1.1
151 silly packumentCache full:https://registry.npmjs.org/nullthrows cache-miss
152 http fetch GET 200 https://registry.npmjs.org/glob 559ms (cache miss)
153 silly packumentCache full:https://registry.npmjs.org/glob set size:undefined disposed:false
154 silly fetch manifest memoize-one@^5.0.0
155 silly packumentCache full:https://registry.npmjs.org/memoize-one cache-miss
156 http fetch GET 200 https://registry.npmjs.org/semver 562ms (cache miss)
157 silly packumentCache full:https://registry.npmjs.org/semver set size:undefined disposed:false
158 silly fetch manifest whatwg-fetch@^3.0.0
159 silly packumentCache full:https://registry.npmjs.org/whatwg-fetch cache-miss
160 http fetch GET 200 https://registry.npmjs.org/commander 564ms (cache miss)
161 silly packumentCache full:https://registry.npmjs.org/commander set size:undefined disposed:false
162 silly fetch manifest metro-runtime@^0.83.1
163 silly packumentCache full:https://registry.npmjs.org/metro-runtime cache-miss
164 http fetch GET 200 https://registry.npmjs.org/nullthrows 280ms (cache miss)
165 silly packumentCache full:https://registry.npmjs.org/nullthrows set size:undefined disposed:false
166 silly fetch manifest pretty-format@^29.7.0
167 silly packumentCache full:https://registry.npmjs.org/pretty-format cache-miss
168 http fetch GET 200 https://registry.npmjs.org/babel-jest 345ms (cache miss)
169 silly packumentCache full:https://registry.npmjs.org/babel-jest set size:undefined disposed:false
170 silly fetch manifest react-refresh@^0.14.0
171 silly packumentCache full:https://registry.npmjs.org/react-refresh cache-miss
172 http fetch GET 200 https://registry.npmjs.org/metro-runtime 213ms (cache miss)
173 silly packumentCache full:https://registry.npmjs.org/metro-runtime set size:undefined disposed:false
174 silly fetch manifest abort-controller@^3.0.0
175 silly packumentCache full:https://registry.npmjs.org/abort-controller cache-miss
176 http fetch GET 200 https://registry.npmjs.org/abort-controller 133ms (cache miss)
177 silly packumentCache full:https://registry.npmjs.org/abort-controller set size:undefined disposed:false
178 silly fetch manifest metro-source-map@^0.83.1
179 silly packumentCache full:https://registry.npmjs.org/metro-source-map cache-miss
180 http fetch GET 200 https://registry.npmjs.org/yargs 1385ms (cache miss)
181 silly packumentCache full:https://registry.npmjs.org/yargs set size:undefined disposed:false
182 silly fetch manifest stacktrace-parser@^0.1.10
183 silly packumentCache full:https://registry.npmjs.org/stacktrace-parser cache-miss
184 http fetch GET 200 https://registry.npmjs.org/stacktrace-parser 154ms (cache miss)
185 silly packumentCache full:https://registry.npmjs.org/stacktrace-parser set size:undefined disposed:false
186 silly fetch manifest flow-enums-runtime@^0.0.6
187 silly packumentCache full:https://registry.npmjs.org/flow-enums-runtime cache-miss
188 http fetch GET 200 https://registry.npmjs.org/metro-source-map 438ms (cache miss)
189 silly packumentCache full:https://registry.npmjs.org/metro-source-map set size:undefined disposed:false
190 silly fetch manifest react-devtools-core@^6.1.5
191 silly packumentCache full:https://registry.npmjs.org/react-devtools-core cache-miss
192 http fetch GET 200 https://registry.npmjs.org/whatwg-fetch 1071ms (cache miss)
193 silly packumentCache full:https://registry.npmjs.org/whatwg-fetch set size:undefined disposed:false
194 silly fetch manifest regenerator-runtime@^0.13.2
195 silly packumentCache full:https://registry.npmjs.org/regenerator-runtime cache-miss
196 http fetch GET 200 https://registry.npmjs.org/flow-enums-runtime 110ms (cache miss)
197 silly packumentCache full:https://registry.npmjs.org/flow-enums-runtime set size:undefined disposed:false
198 silly fetch manifest @react-native/codegen@0.81.5
199 silly packumentCache full:https://registry.npmjs.org/@react-native%2fcodegen cache-miss
200 http fetch GET 200 https://registry.npmjs.org/react-devtools-core 266ms (cache miss)
201 silly packumentCache full:https://registry.npmjs.org/react-devtools-core set size:undefined disposed:false
202 silly fetch manifest jest-environment-node@^29.7.0
203 silly packumentCache full:https://registry.npmjs.org/jest-environment-node cache-miss
204 http fetch GET 200 https://registry.npmjs.org/regenerator-runtime 221ms (cache miss)
205 silly packumentCache full:https://registry.npmjs.org/regenerator-runtime set size:undefined disposed:false
206 silly fetch manifest @react-native/js-polyfills@0.81.5
207 silly packumentCache full:https://registry.npmjs.org/@react-native%2fjs-polyfills cache-miss
208 http fetch GET 200 https://registry.npmjs.org/jest-environment-node 619ms (cache miss)
209 silly packumentCache full:https://registry.npmjs.org/jest-environment-node set size:undefined disposed:false
210 silly fetch manifest @react-native/gradle-plugin@0.81.5
211 silly packumentCache full:https://registry.npmjs.org/@react-native%2fgradle-plugin cache-miss
212 http fetch GET 200 https://registry.npmjs.org/pretty-format 1781ms (cache miss)
213 silly packumentCache full:https://registry.npmjs.org/pretty-format set size:undefined disposed:false
214 silly fetch manifest @react-native/assets-registry@0.81.5
215 silly packumentCache full:https://registry.npmjs.org/@react-native%2fassets-registry cache-miss
216 http fetch GET 200 https://registry.npmjs.org/@react-native%2fcodegen 1237ms (cache miss)
217 silly packumentCache full:https://registry.npmjs.org/@react-native%2fcodegen set size:undefined disposed:false
218 silly fetch manifest @react-native/normalize-colors@0.81.5
219 silly packumentCache full:https://registry.npmjs.org/@react-native%2fnormalize-colors cache-miss
220 http fetch GET 200 https://registry.npmjs.org/memoize-one 2402ms (cache miss)
221 silly packumentCache full:https://registry.npmjs.org/memoize-one set size:undefined disposed:false
222 silly fetch manifest @jest/create-cache-key-function@^29.7.0
223 silly packumentCache full:https://registry.npmjs.org/@jest%2fcreate-cache-key-function cache-miss
224 http fetch GET 200 https://registry.npmjs.org/react-refresh 2165ms (cache miss)
225 silly packumentCache full:https://registry.npmjs.org/react-refresh set size:undefined disposed:false
226 silly fetch manifest @react-native/virtualized-lists@0.81.5
227 silly packumentCache full:https://registry.npmjs.org/@react-native%2fvirtualized-lists cache-miss
228 http fetch GET 200 https://registry.npmjs.org/@jest%2fcreate-cache-key-function 639ms (cache miss)
229 silly packumentCache full:https://registry.npmjs.org/@jest%2fcreate-cache-key-function set size:undefined disposed:false
230 silly fetch manifest babel-plugin-syntax-hermes-parser@0.29.1
231 silly packumentCache full:https://registry.npmjs.org/babel-plugin-syntax-hermes-parser cache-miss
232 http fetch GET 200 https://registry.npmjs.org/scheduler 3313ms (cache miss)
233 silly packumentCache full:https://registry.npmjs.org/scheduler set size:undefined disposed:false
234 silly fetch manifest @react-native/community-cli-plugin@0.81.5
235 silly packumentCache full:https://registry.npmjs.org/@react-native%2fcommunity-cli-plugin cache-miss
236 http fetch GET 200 https://registry.npmjs.org/@react-native%2fjs-polyfills 1802ms (cache miss)
237 silly packumentCache full:https://registry.npmjs.org/@react-native%2fjs-polyfills set size:undefined disposed:false
238 silly fetch manifest nanoid@^3.3.11
239 silly packumentCache full:https://registry.npmjs.org/nanoid cache-miss
240 http fetch GET 200 https://registry.npmjs.org/@react-native%2fassets-registry 1096ms (cache miss)
241 silly packumentCache full:https://registry.npmjs.org/@react-native%2fassets-registry set size:undefined disposed:false
242 silly fetch manifest fast-deep-equal@^3.1.3
243 silly packumentCache full:https://registry.npmjs.org/fast-deep-equal cache-miss
244 http fetch GET 200 https://registry.npmjs.org/babel-plugin-syntax-hermes-parser 137ms (cache miss)
245 silly packumentCache full:https://registry.npmjs.org/babel-plugin-syntax-hermes-parser set size:undefined disposed:false
246 silly fetch manifest standard-navigation@^0.0.8
247 silly packumentCache full:https://registry.npmjs.org/standard-navigation cache-miss
248 http fetch GET 200 https://registry.npmjs.org/fast-deep-equal 79ms (cache miss)
249 silly packumentCache full:https://registry.npmjs.org/fast-deep-equal set size:undefined disposed:false
250 silly fetch manifest use-latest-callback@^0.2.4
251 silly packumentCache full:https://registry.npmjs.org/use-latest-callback cache-miss
252 http fetch GET 200 https://registry.npmjs.org/@react-native%2fvirtualized-lists 765ms (cache miss)
253 silly packumentCache full:https://registry.npmjs.org/@react-native%2fvirtualized-lists set size:undefined disposed:false
254 silly fetch manifest escape-string-regexp@^4.0.0
255 silly packumentCache full:https://registry.npmjs.org/escape-string-regexp cache-miss
256 http fetch GET 200 https://registry.npmjs.org/standard-navigation 54ms (cache miss)
257 silly packumentCache full:https://registry.npmjs.org/standard-navigation set size:undefined disposed:false
258 silly fetch manifest @react-navigation/core@^7.21.12
259 silly packumentCache full:https://registry.npmjs.org/@react-navigation%2fcore cache-miss
260 http fetch GET 200 https://registry.npmjs.org/use-latest-callback 132ms (cache miss)
261 silly packumentCache full:https://registry.npmjs.org/use-latest-callback set size:undefined disposed:false
262 silly fetch manifest color@^4.2.3
263 silly packumentCache full:https://registry.npmjs.org/color cache-miss
264 http fetch GET 200 https://registry.npmjs.org/escape-string-regexp 125ms (cache miss)
265 silly packumentCache full:https://registry.npmjs.org/escape-string-regexp set size:undefined disposed:false
266 silly fetch manifest warn-once@^0.1.1
267 silly packumentCache full:https://registry.npmjs.org/warn-once cache-miss
268 http fetch GET 200 https://registry.npmjs.org/nanoid 282ms (cache miss)
269 silly packumentCache full:https://registry.npmjs.org/nanoid set size:undefined disposed:false
270 silly fetch manifest sf-symbols-typescript@^2.1.0
271 silly packumentCache full:https://registry.npmjs.org/sf-symbols-typescript cache-miss
272 http fetch GET 200 https://registry.npmjs.org/warn-once 96ms (cache miss)
273 silly packumentCache full:https://registry.npmjs.org/warn-once set size:undefined disposed:false
274 silly fetch manifest @react-navigation/elements@^2.9.38
275 silly packumentCache full:https://registry.npmjs.org/@react-navigation%2felements cache-miss
276 http fetch GET 200 https://registry.npmjs.org/color 103ms (cache miss)
277 silly packumentCache full:https://registry.npmjs.org/color set size:undefined disposed:false
278 silly fetch manifest warn-once@^0.1.0
279 silly packumentCache full:https://registry.npmjs.org/warn-once cache-miss
280 http cache https://registry.npmjs.org/warn-once 8ms (cache hit)
281 silly packumentCache full:https://registry.npmjs.org/warn-once set size:8138 disposed:false
282 silly fetch manifest react-freeze@^1.0.0
283 silly packumentCache full:https://registry.npmjs.org/react-freeze cache-miss
284 http fetch GET 200 https://registry.npmjs.org/@react-native%2fgradle-plugin 1534ms (cache miss)
285 silly packumentCache full:https://registry.npmjs.org/@react-native%2fgradle-plugin set size:undefined disposed:false
286 silly fetch manifest react-native-is-edge-to-edge@^1.2.1
287 silly packumentCache full:https://registry.npmjs.org/react-native-is-edge-to-edge cache-miss
288 http fetch GET 200 https://registry.npmjs.org/sf-symbols-typescript 76ms (cache miss)
289 silly packumentCache full:https://registry.npmjs.org/sf-symbols-typescript set size:undefined disposed:false
290 silly fetch manifest csstype@^3.0.2
291 silly packumentCache full:https://registry.npmjs.org/csstype cache-miss
292 http fetch GET 200 https://registry.npmjs.org/@react-native%2fnormalize-colors 1110ms (cache miss)
293 silly packumentCache full:https://registry.npmjs.org/@react-native%2fnormalize-colors set size:undefined disposed:false
294 silly fetch manifest @expo/cli@54.0.26
295 silly packumentCache full:https://registry.npmjs.org/@expo%2fcli cache-miss
296 http fetch GET 200 https://registry.npmjs.org/react-freeze 55ms (cache miss)
297 silly packumentCache full:https://registry.npmjs.org/react-freeze set size:undefined disposed:false
298 silly fetch manifest expo-font@~14.0.12
299 silly packumentCache full:https://registry.npmjs.org/expo-font cache-miss
300 http cache https://registry.npmjs.org/expo-font 4ms (cache hit)
301 silly packumentCache full:https://registry.npmjs.org/expo-font set size:983937 disposed:false
302 silly fetch manifest expo-asset@~12.0.13
303 silly packumentCache full:https://registry.npmjs.org/expo-asset cache-miss
304 http fetch GET 200 https://registry.npmjs.org/react-native-is-edge-to-edge 54ms (cache miss)
305 silly packumentCache full:https://registry.npmjs.org/react-native-is-edge-to-edge set size:undefined disposed:false
306 silly fetch manifest @expo/metro@~54.2.0
307 silly packumentCache full:https://registry.npmjs.org/@expo%2fmetro cache-miss
308 http fetch GET 200 https://registry.npmjs.org/@expo%2fmetro 79ms (cache miss)
309 silly packumentCache full:https://registry.npmjs.org/@expo%2fmetro set size:undefined disposed:false
310 silly fetch manifest @expo/config@~12.0.14
311 silly packumentCache full:https://registry.npmjs.org/@expo%2fconfig cache-miss
312 http fetch GET 200 https://registry.npmjs.org/@react-navigation%2felements 179ms (cache miss)
313 silly packumentCache full:https://registry.npmjs.org/@react-navigation%2felements set size:undefined disposed:false
314 silly fetch manifest react-refresh@^0.14.2
315 silly packumentCache full:https://registry.npmjs.org/react-refresh cache-miss
316 http cache https://registry.npmjs.org/react-refresh 14ms (cache hit)
317 silly packumentCache full:https://registry.npmjs.org/react-refresh set size:6534120 disposed:false
318 silly fetch manifest @babel/runtime@^7.20.0
319 silly packumentCache full:https://registry.npmjs.org/@babel%2fruntime cache-miss
320 http fetch GET 200 https://registry.npmjs.org/csstype 228ms (cache miss)
321 silly packumentCache full:https://registry.npmjs.org/csstype set size:undefined disposed:false
322 silly fetch manifest @expo/devtools@0.1.8
323 silly packumentCache full:https://registry.npmjs.org/@expo%2fdevtools cache-miss
324 http fetch GET 200 https://registry.npmjs.org/expo-asset 324ms (cache miss)
325 silly packumentCache full:https://registry.npmjs.org/expo-asset set size:undefined disposed:false
326 silly fetch manifest expo-constants@~18.0.13
327 silly packumentCache full:https://registry.npmjs.org/expo-constants cache-miss
328 http fetch GET 200 https://registry.npmjs.org/@expo%2fdevtools 229ms (cache miss)
329 silly packumentCache full:https://registry.npmjs.org/@expo%2fdevtools set size:undefined disposed:false
330 silly fetch manifest expo-keep-awake@~15.0.8
331 silly packumentCache full:https://registry.npmjs.org/expo-keep-awake cache-miss
332 http fetch GET 200 https://registry.npmjs.org/@react-navigation%2fcore 815ms (cache miss)
333 silly packumentCache full:https://registry.npmjs.org/@react-navigation%2fcore set size:undefined disposed:false
334 silly fetch manifest expo-file-system@~19.0.23
335 silly packumentCache full:https://registry.npmjs.org/expo-file-system cache-miss
336 http fetch GET 200 https://registry.npmjs.org/expo-keep-awake 436ms (cache miss)
337 silly packumentCache full:https://registry.npmjs.org/expo-keep-awake set size:undefined disposed:false
338 silly fetch manifest @expo/fingerprint@0.15.5
339 silly packumentCache full:https://registry.npmjs.org/@expo%2ffingerprint cache-miss
340 http fetch GET 200 https://registry.npmjs.org/@expo%2fconfig 781ms (cache miss)
341 silly packumentCache full:https://registry.npmjs.org/@expo%2fconfig set size:undefined disposed:false
342 silly fetch manifest babel-preset-expo@~54.0.12
343 silly packumentCache full:https://registry.npmjs.org/babel-preset-expo cache-miss
344 http fetch GET 200 https://registry.npmjs.org/expo-file-system 431ms (cache miss)
345 silly packumentCache full:https://registry.npmjs.org/expo-file-system set size:undefined disposed:false
346 silly fetch manifest expo-modules-core@3.0.30
347 silly packumentCache full:https://registry.npmjs.org/expo-modules-core cache-miss
348 http fetch GET 200 https://registry.npmjs.org/expo-constants 692ms (cache miss)
349 silly packumentCache full:https://registry.npmjs.org/expo-constants set size:undefined disposed:false
350 silly fetch manifest @expo/metro-config@54.0.17
351 silly packumentCache full:https://registry.npmjs.org/@expo%2fmetro-config cache-miss
352 http fetch GET 200 https://registry.npmjs.org/@expo%2ffingerprint 289ms (cache miss)
353 silly packumentCache full:https://registry.npmjs.org/@expo%2ffingerprint set size:undefined disposed:false
354 silly fetch manifest @expo/vector-icons@^15.0.3
355 silly packumentCache full:https://registry.npmjs.org/@expo%2fvector-icons cache-miss
356 http fetch GET 200 https://registry.npmjs.org/@react-native%2fcommunity-cli-plugin 1709ms (cache miss)
357 silly packumentCache full:https://registry.npmjs.org/@react-native%2fcommunity-cli-plugin set size:undefined disposed:false
358 silly fetch manifest @expo/config-plugins@~54.0.5
359 silly packumentCache full:https://registry.npmjs.org/@expo%2fconfig-plugins cache-miss
360 http fetch GET 200 https://registry.npmjs.org/@babel%2fruntime 1180ms (cache miss)
361 silly packumentCache full:https://registry.npmjs.org/@babel%2fruntime set size:undefined disposed:false
362 silly fetch manifest @ungap/structured-clone@^1.3.0
363 silly packumentCache full:https://registry.npmjs.org/@ungap%2fstructured-clone cache-miss
364 http fetch GET 200 https://registry.npmjs.org/@expo%2fcli 1467ms (cache miss)
365 silly packumentCache full:https://registry.npmjs.org/@expo%2fcli set size:undefined disposed:false
366 silly fetch manifest expo-modules-autolinking@3.0.26
367 silly packumentCache full:https://registry.npmjs.org/expo-modules-autolinking cache-miss
368 http fetch GET 200 https://registry.npmjs.org/@ungap%2fstructured-clone 112ms (cache miss)
369 silly packumentCache full:https://registry.npmjs.org/@ungap%2fstructured-clone set size:undefined disposed:false
370 silly fetch manifest whatwg-url-without-unicode@8.0.0-3
371 silly packumentCache full:https://registry.npmjs.org/whatwg-url-without-unicode cache-miss
372 http fetch GET 200 https://registry.npmjs.org/babel-preset-expo 610ms (cache miss)
373 silly packumentCache full:https://registry.npmjs.org/babel-preset-expo set size:undefined disposed:false
374 silly fetch manifest fontfaceobserver@^2.1.0
375 silly packumentCache full:https://registry.npmjs.org/fontfaceobserver cache-miss
376 http fetch GET 200 https://registry.npmjs.org/@expo%2fvector-icons 344ms (cache miss)
377 silly packumentCache full:https://registry.npmjs.org/@expo%2fvector-icons set size:undefined disposed:false
378 silly fetch manifest @babel/runtime@^7.29.2
379 silly packumentCache full:https://registry.npmjs.org/@babel%2fruntime cache-miss
380 http cache https://registry.npmjs.org/@babel%2fruntime 6ms (cache hit)
381 silly packumentCache full:https://registry.npmjs.org/@babel%2fruntime set size:3471810 disposed:false
382 silly fetch manifest html-parse-stringify@^3.0.1
383 silly packumentCache full:https://registry.npmjs.org/html-parse-stringify cache-miss
384 http fetch GET 200 https://registry.npmjs.org/expo-modules-core 542ms (cache miss)
385 silly packumentCache full:https://registry.npmjs.org/expo-modules-core set size:undefined disposed:false
386 silly fetch manifest use-sync-external-store@^1.6.0
387 silly packumentCache full:https://registry.npmjs.org/use-sync-external-store cache-miss
388 http fetch GET 200 https://registry.npmjs.org/whatwg-url-without-unicode 75ms (cache miss)
389 silly packumentCache full:https://registry.npmjs.org/whatwg-url-without-unicode set size:undefined disposed:false
390 http fetch GET 200 https://registry.npmjs.org/@expo%2fmetro-config 512ms (cache miss)
391 silly packumentCache full:https://registry.npmjs.org/@expo%2fmetro-config set size:undefined disposed:false
392 http fetch GET 200 https://registry.npmjs.org/fontfaceobserver 75ms (cache miss)
393 silly packumentCache full:https://registry.npmjs.org/fontfaceobserver set size:undefined disposed:false
394 http fetch GET 200 https://registry.npmjs.org/html-parse-stringify 81ms (cache miss)
395 silly packumentCache full:https://registry.npmjs.org/html-parse-stringify set size:undefined disposed:false
396 http fetch GET 200 https://registry.npmjs.org/@expo%2fconfig-plugins 614ms (cache miss)
397 silly packumentCache full:https://registry.npmjs.org/@expo%2fconfig-plugins set size:undefined disposed:false
398 http fetch GET 200 https://registry.npmjs.org/expo-modules-autolinking 677ms (cache miss)
399 silly packumentCache full:https://registry.npmjs.org/expo-modules-autolinking set size:undefined disposed:false
400 http fetch GET 200 https://registry.npmjs.org/use-sync-external-store 1416ms (cache miss)
401 silly packumentCache full:https://registry.npmjs.org/use-sync-external-store set size:undefined disposed:false
402 silly placeDep ROOT merge-options@3.0.4 OK for: @react-native-async-storage/async-storage@2.2.0 want: ^3.0.4
403 silly fetch manifest is-plain-obj@^2.1.0
404 silly packumentCache full:https://registry.npmjs.org/is-plain-obj cache-miss
405 http fetch GET 200 https://registry.npmjs.org/is-plain-obj 50ms (cache miss)
406 silly packumentCache full:https://registry.npmjs.org/is-plain-obj set size:undefined disposed:false
407 silly fetch manifest react@>= 18.2.0
408 silly packumentCache full:https://registry.npmjs.org/react cache-miss
409 http cache https://registry.npmjs.org/react 14ms (cache hit)
410 silly packumentCache full:https://registry.npmjs.org/react set size:6883336 disposed:false
411 silly placeDep ROOT @react-navigation/core@7.21.12 OK for: @react-navigation/native@7.3.16 want: ^7.21.12
412 silly placeDep ROOT escape-string-regexp@4.0.0 OK for: @react-navigation/native@7.3.16 want: ^4.0.0
413 silly placeDep ROOT fast-deep-equal@3.1.3 OK for: @react-navigation/native@7.3.16 want: ^3.1.3
414 silly placeDep ROOT nanoid@3.3.18 OK for: @react-navigation/native@7.3.16 want: ^3.3.11
415 silly placeDep ROOT standard-navigation@0.0.8 OK for: @react-navigation/native@7.3.16 want: ^0.0.8
416 silly placeDep ROOT use-latest-callback@0.2.6 OK for: @react-navigation/native@7.3.16 want: ^0.2.4
417 silly fetch manifest react-is@^19.1.0
418 silly packumentCache full:https://registry.npmjs.org/react-is cache-miss
419 silly fetch manifest query-string@^7.1.3
420 silly packumentCache full:https://registry.npmjs.org/query-string cache-miss
421 silly fetch manifest use-sync-external-store@^1.5.0
422 silly packumentCache full:https://registry.npmjs.org/use-sync-external-store cache-miss
423 silly fetch manifest @react-navigation/routers@^7.6.4
424 silly packumentCache full:https://registry.npmjs.org/@react-navigation%2frouters cache-miss
425 http cache https://registry.npmjs.org/use-sync-external-store 12ms (cache hit)
426 silly packumentCache full:https://registry.npmjs.org/use-sync-external-store set size:4920621 disposed:false
427 http fetch GET 200 https://registry.npmjs.org/query-string 172ms (cache miss)
428 silly packumentCache full:https://registry.npmjs.org/query-string set size:undefined disposed:false
429 http fetch GET 200 https://registry.npmjs.org/@react-navigation%2frouters 265ms (cache miss)
430 silly packumentCache full:https://registry.npmjs.org/@react-navigation%2frouters set size:undefined disposed:false
431 http fetch GET 200 https://registry.npmjs.org/react-is 1848ms (cache miss)
432 silly packumentCache full:https://registry.npmjs.org/react-is set size:undefined disposed:false
433 silly placeDep ROOT @react-navigation/routers@7.6.4 OK for: @react-navigation/core@7.21.12 want: ^7.6.4
434 silly placeDep ROOT query-string@7.1.3 OK for: @react-navigation/core@7.21.12 want: ^7.1.3
435 silly placeDep ROOT react-is@19.2.8 OK for: @react-navigation/core@7.21.12 want: ^19.1.0
436 silly placeDep ROOT use-sync-external-store@1.6.0 OK for: @react-navigation/core@7.21.12 want: ^1.5.0
437 silly fetch manifest filter-obj@^1.1.0
438 silly packumentCache full:https://registry.npmjs.org/filter-obj cache-miss
439 silly fetch manifest split-on-first@^1.0.0
440 silly packumentCache full:https://registry.npmjs.org/split-on-first cache-miss
441 silly fetch manifest strict-uri-encode@^2.0.0
442 silly packumentCache full:https://registry.npmjs.org/strict-uri-encode cache-miss
443 silly fetch manifest decode-uri-component@^0.2.2
444 silly packumentCache full:https://registry.npmjs.org/decode-uri-component cache-miss
445 http fetch GET 200 https://registry.npmjs.org/strict-uri-encode 104ms (cache miss)
446 silly packumentCache full:https://registry.npmjs.org/strict-uri-encode set size:undefined disposed:false
447 http fetch GET 200 https://registry.npmjs.org/decode-uri-component 110ms (cache miss)
448 silly packumentCache full:https://registry.npmjs.org/decode-uri-component set size:undefined disposed:false
449 http fetch GET 200 https://registry.npmjs.org/split-on-first 111ms (cache miss)
450 silly packumentCache full:https://registry.npmjs.org/split-on-first set size:undefined disposed:false
451 http fetch GET 200 https://registry.npmjs.org/filter-obj 113ms (cache miss)
452 silly packumentCache full:https://registry.npmjs.org/filter-obj set size:undefined disposed:false
453 silly fetch manifest @react-native-masked-view/masked-view@>= 0.2.0
454 silly packumentCache full:https://registry.npmjs.org/@react-native-masked-view%2fmasked-view cache-miss
455 http fetch GET 200 https://registry.npmjs.org/@react-native-masked-view%2fmasked-view 76ms (cache miss)
456 silly packumentCache full:https://registry.npmjs.org/@react-native-masked-view%2fmasked-view set size:undefined disposed:false
457 silly fetch manifest react-native@*
458 silly packumentCache full:https://registry.npmjs.org/react-native cache-miss
459 http cache https://registry.npmjs.org/react-native 29ms (cache hit)
460 silly packumentCache full:https://registry.npmjs.org/react-native set size:15651235 disposed:false
461 silly fetch manifest @types/react@^19.1.1
462 silly packumentCache full:https://registry.npmjs.org/@types%2freact cache-miss
463 http cache https://registry.npmjs.org/@types%2freact 7ms (cache hit)
464 silly packumentCache full:https://registry.npmjs.org/@types%2freact set size:2637439 disposed:false
465 silly fetch manifest @react-navigation/native@^7.3.16
466 silly packumentCache full:https://registry.npmjs.org/@react-navigation%2fnative cache-miss
467 http cache https://registry.npmjs.org/@react-navigation%2fnative 3ms (cache hit)
468 silly packumentCache full:https://registry.npmjs.org/@react-navigation%2fnative set size:1221276 disposed:false
469 silly fetch manifest react-native-safe-area-context@>= 4.0.0
470 silly packumentCache full:https://registry.npmjs.org/react-native-safe-area-context cache-miss
471 http cache https://registry.npmjs.org/react-native-safe-area-context 2ms (cache hit)
472 silly packumentCache full:https://registry.npmjs.org/react-native-safe-area-context set size:672456 disposed:false
473 silly placeDep ROOT @react-navigation/elements@2.9.38 OK for: @react-navigation/native-stack@7.18.8 want: ^2.9.38
474 silly placeDep ROOT color@4.2.3 OK for: @react-navigation/native-stack@7.18.8 want: ^4.2.3
475 silly placeDep ROOT sf-symbols-typescript@2.2.0 OK for: @react-navigation/native-stack@7.18.8 want: ^2.1.0
476 silly placeDep ROOT warn-once@0.1.1 OK for: @react-navigation/native-stack@7.18.8 want: ^0.1.1
477 silly fetch manifest color-string@^1.9.0
478 silly packumentCache full:https://registry.npmjs.org/color-string cache-miss
479 silly fetch manifest color-convert@^2.0.1
480 silly packumentCache full:https://registry.npmjs.org/color-convert cache-miss
481 http fetch GET 200 https://registry.npmjs.org/color-convert 109ms (cache miss)
482 silly packumentCache full:https://registry.npmjs.org/color-convert set size:undefined disposed:false
483 http fetch GET 200 https://registry.npmjs.org/color-string 116ms (cache miss)
484 silly packumentCache full:https://registry.npmjs.org/color-string set size:undefined disposed:false
485 silly placeDep ROOT csstype@3.2.3 OK for: @types/react@19.1.17 want: ^3.0.2
486 silly placeDep ROOT color-convert@2.0.1 OK for: color@4.2.3 want: ^2.0.1
487 silly placeDep ROOT color-string@1.9.1 OK for: color@4.2.3 want: ^1.9.0
488 silly fetch manifest color-name@~1.1.4
489 silly packumentCache full:https://registry.npmjs.org/color-name cache-miss
490 silly fetch manifest color-name@^1.0.0
491 silly packumentCache full:https://registry.npmjs.org/color-name cache-miss
492 silly fetch manifest simple-swizzle@^0.2.2
493 silly packumentCache full:https://registry.npmjs.org/simple-swizzle cache-miss
494 http fetch GET 200 https://registry.npmjs.org/color-name 53ms (cache miss)
495 silly packumentCache full:https://registry.npmjs.org/color-name set size:undefined disposed:false
496 http fetch GET 200 https://registry.npmjs.org/color-name 54ms (cache miss)
497 silly packumentCache full:https://registry.npmjs.org/color-name set size:undefined disposed:false
498 http fetch GET 200 https://registry.npmjs.org/simple-swizzle 55ms (cache miss)
499 silly packumentCache full:https://registry.npmjs.org/simple-swizzle set size:undefined disposed:false
500 silly placeDep ROOT color-name@1.1.4 OK for: color-convert@2.0.1 want: ~1.1.4
501 silly placeDep ROOT simple-swizzle@0.2.4 OK for: color-string@1.9.1 want: ^0.2.2
502 silly fetch manifest is-arrayish@^0.3.1
503 silly packumentCache full:https://registry.npmjs.org/is-arrayish cache-miss
504 http fetch GET 200 https://registry.npmjs.org/is-arrayish 88ms (cache miss)
505 silly packumentCache full:https://registry.npmjs.org/is-arrayish set size:undefined disposed:false
506 silly fetch manifest expo@*
507 silly packumentCache full:https://registry.npmjs.org/expo cache-miss
508 http cache https://registry.npmjs.org/expo 11ms (cache hit)
509 silly packumentCache full:https://registry.npmjs.org/expo set size:4003257 disposed:false
510 silly fetch manifest react@*
511 silly packumentCache full:https://registry.npmjs.org/react cache-miss
512 http cache https://registry.npmjs.org/react 12ms (cache hit)
513 silly packumentCache full:https://registry.npmjs.org/react set size:6883336 disposed:false
514 silly fetch manifest react-native-web@*
515 silly packumentCache full:https://registry.npmjs.org/react-native-web cache-miss
516 http fetch GET 200 https://registry.npmjs.org/react-native-web 342ms (cache miss)
517 silly packumentCache full:https://registry.npmjs.org/react-native-web set size:undefined disposed:false
518 silly fetch manifest expo-router@*
519 silly packumentCache full:https://registry.npmjs.org/expo-router cache-miss
520 http fetch GET 200 https://registry.npmjs.org/expo-router 351ms (cache miss)
521 silly packumentCache full:https://registry.npmjs.org/expo-router set size:undefined disposed:false
522 silly fetch manifest @testing-library/react-native@>= 13.2.0
523 silly packumentCache full:https://registry.npmjs.org/@testing-library%2freact-native cache-miss
524 http fetch GET 200 https://registry.npmjs.org/@testing-library%2freact-native 202ms (cache miss)
525 silly packumentCache full:https://registry.npmjs.org/@testing-library%2freact-native set size:undefined disposed:false
526 silly fetch manifest jest@>=29.0.0
527 silly packumentCache full:https://registry.npmjs.org/jest cache-miss
528 http fetch GET 200 https://registry.npmjs.org/jest 295ms (cache miss)
529 silly packumentCache full:https://registry.npmjs.org/jest set size:undefined disposed:false
530 silly fetch manifest node-notifier@^8.0.1 || ^9.0.0 || ^10.0.0
531 silly packumentCache full:https://registry.npmjs.org/node-notifier cache-miss
532 http fetch GET 200 https://registry.npmjs.org/node-notifier 82ms (cache miss)
533 silly packumentCache full:https://registry.npmjs.org/node-notifier set size:undefined disposed:false
534 silly fetch manifest test-renderer@^1.0.0
535 silly packumentCache full:https://registry.npmjs.org/test-renderer cache-miss
536 http fetch GET 200 https://registry.npmjs.org/test-renderer 92ms (cache miss)
537 silly packumentCache full:https://registry.npmjs.org/test-renderer set size:undefined disposed:false
538 silly fetch manifest expo-constants@^57.0.10
539 silly packumentCache full:https://registry.npmjs.org/expo-constants cache-miss
540 http cache https://registry.npmjs.org/expo-constants 8ms (cache hit)
541 silly packumentCache full:https://registry.npmjs.org/expo-constants set size:1177868 disposed:false
542 silly fetch manifest expo-linking@^57.0.5
543 silly packumentCache full:https://registry.npmjs.org/expo-linking cache-miss
544 http fetch GET 200 https://registry.npmjs.org/expo-linking 357ms (cache miss)
545 silly packumentCache full:https://registry.npmjs.org/expo-linking set size:undefined disposed:false
546 silly fetch manifest react-native-gesture-handler@*
547 silly packumentCache full:https://registry.npmjs.org/react-native-gesture-handler cache-miss
548 http fetch GET 200 https://registry.npmjs.org/react-native-gesture-handler 245ms (cache miss)
549 silly packumentCache full:https://registry.npmjs.org/react-native-gesture-handler set size:undefined disposed:false
550 silly fetch manifest react-native-reanimated@*
551 silly packumentCache full:https://registry.npmjs.org/react-native-reanimated cache-miss
552 http fetch GET 200 https://registry.npmjs.org/react-native-reanimated 431ms (cache miss)
553 silly packumentCache full:https://registry.npmjs.org/react-native-reanimated set size:undefined disposed:false
554 silly fetch manifest react-native@0.83 - 0.86
555 silly packumentCache full:https://registry.npmjs.org/react-native cache-miss
556 http cache https://registry.npmjs.org/react-native 28ms (cache hit)
557 silly packumentCache full:https://registry.npmjs.org/react-native set size:15651235 disposed:false
558 silly fetch manifest @react-native/jest-preset@0.86.2
559 silly packumentCache full:https://registry.npmjs.org/@react-native%2fjest-preset cache-miss
560 http fetch GET 200 https://registry.npmjs.org/@react-native%2fjest-preset 149ms (cache miss)
561 silly packumentCache full:https://registry.npmjs.org/@react-native%2fjest-preset set size:undefined disposed:false
562 silly fetch manifest react-native-worklets@0.10.x - 0.11.x
563 silly packumentCache full:https://registry.npmjs.org/react-native-worklets cache-miss
564 http fetch GET 200 https://registry.npmjs.org/react-native-worklets 227ms (cache miss)
565 silly packumentCache full:https://registry.npmjs.org/react-native-worklets set size:undefined disposed:false
566 silly fetch manifest @babel/core@*
567 silly packumentCache full:https://registry.npmjs.org/@babel%2fcore cache-miss
568 http fetch GET 200 https://registry.npmjs.org/@babel%2fcore 207ms (cache miss)
569 silly packumentCache full:https://registry.npmjs.org/@babel%2fcore set size:undefined disposed:false
570 silly fetch manifest @react-native/metro-config@*
571 silly packumentCache full:https://registry.npmjs.org/@react-native%2fmetro-config cache-miss
572 http fetch GET 200 https://registry.npmjs.org/@react-native%2fmetro-config 865ms (cache miss)
573 silly packumentCache full:https://registry.npmjs.org/@react-native%2fmetro-config set size:undefined disposed:false
574 silly fetch manifest react-native-safe-area-context@>= 5.4.0
575 silly packumentCache full:https://registry.npmjs.org/react-native-safe-area-context cache-hit
576 silly fetch manifest react-server-dom-webpack@~19.0.4 || ~19.1.5 || ~19.2.4
577 silly packumentCache full:https://registry.npmjs.org/react-server-dom-webpack cache-miss
578 http fetch GET 200 https://registry.npmjs.org/react-server-dom-webpack 1633ms (cache miss)
579 silly packumentCache full:https://registry.npmjs.org/react-server-dom-webpack set size:undefined disposed:false
580 silly fetch manifest webpack@^5.59.0
581 silly packumentCache full:https://registry.npmjs.org/webpack cache-miss
582 http fetch GET 200 https://registry.npmjs.org/webpack 619ms (cache miss)
583 silly packumentCache full:https://registry.npmjs.org/webpack set size:undefined disposed:false
584 silly placeDep ROOT @babel/runtime@7.29.7 OK for: expo@54.0.36 want: ^7.20.0
585 silly placeDep node_modules/expo @expo/cli@54.0.26 CONFLICT for: expo@54.0.36 want: 54.0.26
586 silly placeDep ROOT @expo/config@12.0.14 OK for: expo@54.0.36 want: ~12.0.14
587 silly placeDep ROOT @expo/config-plugins@54.0.5 OK for: expo@54.0.36 want: ~54.0.5
588 silly placeDep ROOT @expo/devtools@0.1.8 OK for: expo@54.0.36 want: 0.1.8
589 silly placeDep ROOT @expo/fingerprint@0.15.5 OK for: expo@54.0.36 want: 0.15.5
590 silly placeDep ROOT @expo/metro@54.2.0 OK for: expo@54.0.36 want: ~54.2.0
591 silly placeDep node_modules/expo @expo/metro-config@54.0.17 CONFLICT for: expo@54.0.36 want: 54.0.17
592 silly placeDep node_modules/expo @expo/vector-icons@15.1.1 CONFLICT for: expo@54.0.36 want: ^15.0.3
593 silly placeDep ROOT @ungap/structured-clone@1.3.3 OK for: expo@54.0.36 want: ^1.3.0
594 silly placeDep node_modules/expo babel-preset-expo@54.0.12 CONFLICT for: expo@54.0.36 want: ~54.0.12
595 silly placeDep ROOT react-refresh@0.14.2 OK for: babel-preset-expo@54.0.12 want: >=0.14.0 <1.0.0
596 silly placeDep node_modules/expo expo-asset@12.0.13 CONFLICT for: expo@54.0.36 want: ~12.0.13
597 silly placeDep node_modules/expo expo-constants@18.0.13 CONFLICT for: expo@54.0.36 want: ~18.0.13
598 silly placeDep node_modules/expo expo-file-system@19.0.23 CONFLICT for: expo@54.0.36 want: ~19.0.23
599 silly placeDep node_modules/expo expo-keep-awake@15.0.8 CONFLICT for: expo@54.0.36 want: ~15.0.8
600 silly placeDep ROOT expo-modules-autolinking@3.0.26 OK for: expo@54.0.36 want: 3.0.26
601 silly placeDep ROOT expo-modules-core@3.0.30 OK for: expo@54.0.36 want: 3.0.30
602 silly placeDep ROOT pretty-format@29.7.0 OK for: expo@54.0.36 want: ^29.7.0
603 silly placeDep ROOT whatwg-url-without-unicode@8.0.0-3 OK for: expo@54.0.36 want: 8.0.0-3
604 silly fetch manifest ws@^8.12.1
605 silly packumentCache full:https://registry.npmjs.org/ws cache-miss
606 silly fetch manifest arg@^5.0.2
607 silly packumentCache full:https://registry.npmjs.org/arg cache-miss
608 silly fetch manifest ora@^3.4.0
609 silly packumentCache full:https://registry.npmjs.org/ora cache-miss
610 silly fetch manifest tar@^7.5.2
611 silly packumentCache full:https://registry.npmjs.org/tar cache-miss
612 silly fetch manifest glob@^13.0.0
613 silly packumentCache full:https://registry.npmjs.org/glob cache-miss
614 silly fetch manifest send@^0.19.0
615 silly packumentCache full:https://registry.npmjs.org/send cache-miss
616 silly fetch manifest chalk@^4.0.0
617 silly packumentCache full:https://registry.npmjs.org/chalk cache-miss
618 http cache https://registry.npmjs.org/glob 8ms (cache hit)
619 silly packumentCache full:https://registry.npmjs.org/glob set size:469465 disposed:false
620 silly fetch manifest debug@^4.3.4
621 silly packumentCache full:https://registry.npmjs.org/debug cache-miss
622 http cache https://registry.npmjs.org/ws 15ms (cache hit)
623 silly packumentCache full:https://registry.npmjs.org/ws set size:447661 disposed:false
624 silly fetch manifest getenv@^2.0.0
625 silly packumentCache full:https://registry.npmjs.org/getenv cache-miss
626 http fetch GET 200 https://registry.npmjs.org/arg 68ms (cache miss)
627 silly packumentCache full:https://registry.npmjs.org/arg set size:undefined disposed:false
628 silly fetch manifest semver@^7.6.0
629 silly packumentCache full:https://registry.npmjs.org/semver cache-miss
630 http cache https://registry.npmjs.org/semver 4ms (cache hit)
631 silly packumentCache full:https://registry.npmjs.org/semver set size:246069 disposed:false
632 silly fetch manifest undici@^6.18.2
633 silly packumentCache full:https://registry.npmjs.org/undici cache-miss
634 http fetch GET 200 https://registry.npmjs.org/getenv 71ms (cache miss)
635 silly packumentCache full:https://registry.npmjs.org/getenv set size:undefined disposed:false
636 silly fetch manifest accepts@^1.3.8
637 silly packumentCache full:https://registry.npmjs.org/accepts cache-miss
638 http fetch GET 200 https://registry.npmjs.org/send 114ms (cache miss)
639 silly packumentCache full:https://registry.npmjs.org/send set size:undefined disposed:false
640 silly fetch manifest ci-info@^3.3.0
641 silly packumentCache full:https://registry.npmjs.org/ci-info cache-miss
642 http fetch GET 200 https://registry.npmjs.org/accepts 149ms (cache miss)
643 silly packumentCache full:https://registry.npmjs.org/accepts set size:undefined disposed:false
644 silly fetch manifest connect@^3.7.0
645 silly packumentCache full:https://registry.npmjs.org/connect cache-miss
646 http fetch GET 200 https://registry.npmjs.org/ci-info 172ms (cache miss)
647 silly packumentCache full:https://registry.npmjs.org/ci-info set size:undefined disposed:false
648 silly fetch manifest prompts@^2.3.2
649 silly packumentCache full:https://registry.npmjs.org/prompts cache-miss
650 http fetch GET 200 https://registry.npmjs.org/undici 269ms (cache miss)
651 silly packumentCache full:https://registry.npmjs.org/undici set size:undefined disposed:false
652 silly fetch manifest resolve@^1.22.2
653 silly packumentCache full:https://registry.npmjs.org/resolve cache-miss
654 http fetch GET 200 https://registry.npmjs.org/tar 422ms (cache miss)
655 silly packumentCache full:https://registry.npmjs.org/tar set size:undefined disposed:false
656 silly fetch manifest slugify@^1.3.4
657 silly packumentCache full:https://registry.npmjs.org/slugify cache-miss
658 http fetch GET 200 https://registry.npmjs.org/connect 236ms (cache miss)
659 silly packumentCache full:https://registry.npmjs.org/connect set size:undefined disposed:false
660 silly fetch manifest progress@^2.0.3
661 silly packumentCache full:https://registry.npmjs.org/progress cache-miss
662 http fetch GET 200 https://registry.npmjs.org/prompts 195ms (cache miss)
663 silly packumentCache full:https://registry.npmjs.org/prompts set size:undefined disposed:false
664 silly fetch manifest requireg@^0.2.2
665 silly packumentCache full:https://registry.npmjs.org/requireg cache-miss
666 http fetch GET 200 https://registry.npmjs.org/resolve 140ms (cache miss)
667 silly packumentCache full:https://registry.npmjs.org/resolve set size:undefined disposed:false
668 silly fetch manifest @expo/env@~2.0.12
669 silly packumentCache full:https://registry.npmjs.org/@expo%2fenv cache-miss
670 http fetch GET 200 https://registry.npmjs.org/slugify 134ms (cache miss)
671 silly packumentCache full:https://registry.npmjs.org/slugify set size:undefined disposed:false
672 silly fetch manifest minimatch@^9.0.0
673 silly packumentCache full:https://registry.npmjs.org/minimatch cache-miss
674 http fetch GET 200 https://registry.npmjs.org/progress 83ms (cache miss)
675 silly packumentCache full:https://registry.npmjs.org/progress set size:undefined disposed:false
676 silly fetch manifest picomatch@^4.0.3
677 silly packumentCache full:https://registry.npmjs.org/picomatch cache-miss
678 http fetch GET 200 https://registry.npmjs.org/chalk 567ms (cache miss)
679 silly packumentCache full:https://registry.npmjs.org/chalk set size:undefined disposed:false
680 silly fetch manifest wrap-ansi@^7.0.0
681 silly packumentCache full:https://registry.npmjs.org/wrap-ansi cache-miss
682 http fetch GET 200 https://registry.npmjs.org/ora 634ms (cache miss)
683 silly packumentCache full:https://registry.npmjs.org/ora set size:undefined disposed:false
684 silly fetch manifest @urql/core@^5.0.6
685 silly packumentCache full:https://registry.npmjs.org/@urql%2fcore cache-miss
686 http fetch GET 200 https://registry.npmjs.org/debug 623ms (cache miss)
687 silly packumentCache full:https://registry.npmjs.org/debug set size:undefined disposed:false
688 silly fetch manifest better-opn@~3.0.2
689 silly packumentCache full:https://registry.npmjs.org/better-opn cache-miss
690 http fetch GET 200 https://registry.npmjs.org/@expo%2fenv 108ms (cache miss)
691 silly packumentCache full:https://registry.npmjs.org/@expo%2fenv set size:undefined disposed:false
692 silly fetch manifest env-editor@^0.4.1
693 silly packumentCache full:https://registry.npmjs.org/env-editor cache-miss
694 http fetch GET 200 https://registry.npmjs.org/wrap-ansi 89ms (cache miss)
695 silly packumentCache full:https://registry.npmjs.org/wrap-ansi set size:undefined disposed:false
696 silly fetch manifest node-forge@^1.3.3
697 silly packumentCache full:https://registry.npmjs.org/node-forge cache-miss
698 http fetch GET 200 https://registry.npmjs.org/picomatch 102ms (cache miss)
699 silly packumentCache full:https://registry.npmjs.org/picomatch set size:undefined disposed:false
700 silly fetch manifest @expo/plist@^0.4.9
701 silly packumentCache full:https://registry.npmjs.org/@expo%2fplist cache-miss
702 http fetch GET 200 https://registry.npmjs.org/better-opn 61ms (cache miss)
703 silly packumentCache full:https://registry.npmjs.org/better-opn set size:undefined disposed:false
704 silly fetch manifest compression@^1.7.4
705 silly packumentCache full:https://registry.npmjs.org/compression cache-miss
706 http fetch GET 200 https://registry.npmjs.org/minimatch 141ms (cache miss)
707 silly packumentCache full:https://registry.npmjs.org/minimatch set size:undefined disposed:false
708 silly fetch manifest expo-server@^1.0.7
709 silly packumentCache full:https://registry.npmjs.org/expo-server cache-miss
710 http fetch GET 200 https://registry.npmjs.org/requireg 307ms (cache miss)
711 silly packumentCache full:https://registry.npmjs.org/requireg set size:undefined disposed:false
712 silly fetch manifest lan-network@^0.2.1
713 silly packumentCache full:https://registry.npmjs.org/lan-network cache-miss
714 http fetch GET 200 https://registry.npmjs.org/node-forge 211ms (cache miss)
715 silly packumentCache full:https://registry.npmjs.org/node-forge set size:undefined disposed:false
716 silly fetch manifest pretty-bytes@^5.6.0
717 silly packumentCache full:https://registry.npmjs.org/pretty-bytes cache-miss
718 http fetch GET 200 https://registry.npmjs.org/lan-network 83ms (cache miss)
719 silly packumentCache full:https://registry.npmjs.org/lan-network set size:undefined disposed:false
720 silly fetch manifest resolve-from@^5.0.0
721 silly packumentCache full:https://registry.npmjs.org/resolve-from cache-miss
722 http fetch GET 200 https://registry.npmjs.org/expo-server 231ms (cache miss)
723 silly packumentCache full:https://registry.npmjs.org/expo-server set size:undefined disposed:false
724 silly fetch manifest @expo/devcert@^1.2.1
725 silly packumentCache full:https://registry.npmjs.org/@expo%2fdevcert cache-miss
726 http fetch GET 200 https://registry.npmjs.org/env-editor 301ms (cache miss)
727 silly packumentCache full:https://registry.npmjs.org/env-editor set size:undefined disposed:false
728 silly fetch manifest bplist-parser@^0.3.1
729 silly packumentCache full:https://registry.npmjs.org/bplist-parser cache-miss
730 http fetch GET 200 https://registry.npmjs.org/@expo%2fplist 288ms (cache miss)
731 silly packumentCache full:https://registry.npmjs.org/@expo%2fplist set size:undefined disposed:false
732 silly fetch manifest terminal-link@^2.1.1
733 silly packumentCache full:https://registry.npmjs.org/terminal-link cache-miss
734 http fetch GET 200 https://registry.npmjs.org/compression 268ms (cache miss)
735 silly packumentCache full:https://registry.npmjs.org/compression set size:undefined disposed:false
736 silly fetch manifest @expo/xcpretty@^4.3.0
737 silly packumentCache full:https://registry.npmjs.org/@expo%2fxcpretty cache-miss
738 http fetch GET 200 https://registry.npmjs.org/resolve-from 93ms (cache miss)
739 silly packumentCache full:https://registry.npmjs.org/resolve-from set size:undefined disposed:false
740 silly fetch manifest bplist-creator@0.1.0
741 silly packumentCache full:https://registry.npmjs.org/bplist-creator cache-miss
742 http fetch GET 200 https://registry.npmjs.org/pretty-bytes 150ms (cache miss)
743 silly packumentCache full:https://registry.npmjs.org/pretty-bytes set size:undefined disposed:false
744 silly fetch manifest freeport-async@^2.0.0
745 silly packumentCache full:https://registry.npmjs.org/freeport-async cache-miss
746 http fetch GET 200 https://registry.npmjs.org/bplist-parser 141ms (cache miss)
747 silly packumentCache full:https://registry.npmjs.org/bplist-parser set size:undefined disposed:false
748 silly fetch manifest @expo/json-file@^10.0.16
749 silly packumentCache full:https://registry.npmjs.org/@expo%2fjson-file cache-miss
750 http fetch GET 200 https://registry.npmjs.org/freeport-async 299ms (cache miss)
751 silly packumentCache full:https://registry.npmjs.org/freeport-async set size:undefined disposed:false
752 silly fetch manifest @expo/osascript@^2.3.8
753 silly packumentCache full:https://registry.npmjs.org/@expo%2fosascript cache-miss
754 http fetch GET 200 https://registry.npmjs.org/@expo%2fxcpretty 500ms (cache miss)
755 silly packumentCache full:https://registry.npmjs.org/@expo%2fxcpretty set size:undefined disposed:false
756 silly fetch manifest @expo/ws-tunnel@^1.0.1
757 silly packumentCache full:https://registry.npmjs.org/@expo%2fws-tunnel cache-miss
758 http fetch GET 200 https://registry.npmjs.org/bplist-creator 527ms (cache miss)
759 silly packumentCache full:https://registry.npmjs.org/bplist-creator set size:undefined disposed:false
760 silly fetch manifest npm-package-arg@^11.0.0
761 silly packumentCache full:https://registry.npmjs.org/npm-package-arg cache-miss
762 http fetch GET 200 https://registry.npmjs.org/terminal-link 537ms (cache miss)
763 silly packumentCache full:https://registry.npmjs.org/terminal-link set size:undefined disposed:false
764 silly fetch manifest qrcode-terminal@0.11.0
765 silly packumentCache full:https://registry.npmjs.org/qrcode-terminal cache-miss
766 http fetch GET 200 https://registry.npmjs.org/@expo%2fjson-file 421ms (cache miss)
767 silly packumentCache full:https://registry.npmjs.org/@expo%2fjson-file set size:undefined disposed:false
768 silly fetch manifest resolve.exports@^2.0.3
769 silly packumentCache full:https://registry.npmjs.org/resolve.exports cache-miss
770 http fetch GET 200 https://registry.npmjs.org/@expo%2fws-tunnel 63ms (cache miss)
771 silly packumentCache full:https://registry.npmjs.org/@expo%2fws-tunnel set size:undefined disposed:false
772 silly fetch manifest @expo/image-utils@^0.8.8
773 silly packumentCache full:https://registry.npmjs.org/@expo%2fimage-utils cache-miss
774 http fetch GET 200 https://registry.npmjs.org/@expo%2fdevcert 598ms (cache miss)
775 silly packumentCache full:https://registry.npmjs.org/@expo%2fdevcert set size:undefined disposed:false
776 silly fetch manifest @expo/spawn-async@^1.7.2
777 silly packumentCache full:https://registry.npmjs.org/@expo%2fspawn-async cache-miss
778 http fetch GET 200 https://registry.npmjs.org/@expo%2fosascript 223ms (cache miss)
779 silly packumentCache full:https://registry.npmjs.org/@expo%2fosascript set size:undefined disposed:false
780 silly fetch manifest @expo/metro-config@~54.0.17
781 silly packumentCache full:https://registry.npmjs.org/@expo%2fmetro-config cache-miss
782 http cache https://registry.npmjs.org/@expo%2fmetro-config 8ms (cache hit)
783 silly packumentCache full:https://registry.npmjs.org/@expo%2fmetro-config set size:1659056 disposed:false
784 silly fetch manifest @expo/schema-utils@^0.1.9
785 silly packumentCache full:https://registry.npmjs.org/@expo%2fschema-utils cache-miss
786 http fetch GET 200 https://registry.npmjs.org/qrcode-terminal 76ms (cache miss)
787 silly packumentCache full:https://registry.npmjs.org/qrcode-terminal set size:undefined disposed:false
788 silly fetch manifest source-map-support@~0.5.21
789 silly packumentCache full:https://registry.npmjs.org/source-map-support cache-miss
790 http fetch GET 200 https://registry.npmjs.org/@urql%2fcore 952ms (cache miss)
791 silly packumentCache full:https://registry.npmjs.org/@urql%2fcore set size:undefined disposed:false
792 silly fetch manifest structured-headers@^0.4.1
793 silly packumentCache full:https://registry.npmjs.org/structured-headers cache-miss
794 http fetch GET 200 https://registry.npmjs.org/npm-package-arg 91ms (cache miss)
795 silly packumentCache full:https://registry.npmjs.org/npm-package-arg set size:undefined disposed:false
796 silly fetch manifest @0no-co/graphql.web@^1.0.8
797 silly packumentCache full:https://registry.npmjs.org/@0no-co%2fgraphql.web cache-miss
798 http fetch GET 200 https://registry.npmjs.org/resolve.exports 74ms (cache miss)
799 silly packumentCache full:https://registry.npmjs.org/resolve.exports set size:undefined disposed:false
800 silly fetch manifest require-from-string@^2.0.2
801 silly packumentCache full:https://registry.npmjs.org/require-from-string cache-miss
802 http fetch GET 200 https://registry.npmjs.org/@expo%2fschema-utils 169ms (cache miss)
803 silly packumentCache full:https://registry.npmjs.org/@expo%2fschema-utils set size:undefined disposed:false
804 silly fetch manifest @urql/exchange-retry@^1.3.0
805 silly packumentCache full:https://registry.npmjs.org/@urql%2fexchange-retry cache-miss
806 http fetch GET 200 https://registry.npmjs.org/source-map-support 171ms (cache miss)
807 silly packumentCache full:https://registry.npmjs.org/source-map-support set size:undefined disposed:false
808 silly fetch manifest @expo/package-manager@^1.9.10
809 silly packumentCache full:https://registry.npmjs.org/@expo%2fpackage-manager cache-miss
810 http fetch GET 200 https://registry.npmjs.org/@expo%2fimage-utils 225ms (cache miss)
811 silly packumentCache full:https://registry.npmjs.org/@expo%2fimage-utils set size:undefined disposed:false
812 silly fetch manifest @expo/prebuild-config@^54.0.9
813 silly packumentCache full:https://registry.npmjs.org/@expo%2fprebuild-config cache-miss
814 http fetch GET 200 https://registry.npmjs.org/@expo%2fspawn-async 245ms (cache miss)
815 silly packumentCache full:https://registry.npmjs.org/@expo%2fspawn-async set size:undefined disposed:false
816 silly fetch manifest @react-native/dev-middleware@0.81.5
817 silly packumentCache full:https://registry.npmjs.org/@react-native%2fdev-middleware cache-miss
818 http fetch GET 200 https://registry.npmjs.org/require-from-string 307ms (cache miss)
819 silly packumentCache full:https://registry.npmjs.org/require-from-string set size:undefined disposed:false
820 silly fetch manifest @expo/code-signing-certificates@^0.0.6
821 silly packumentCache full:https://registry.npmjs.org/@expo%2fcode-signing-certificates cache-miss
822 http fetch GET 200 https://registry.npmjs.org/structured-headers 474ms (cache miss)
823 silly packumentCache full:https://registry.npmjs.org/structured-headers set size:undefined disposed:false
824 silly fetch manifest sucrase@~3.35.1
825 silly packumentCache full:https://registry.npmjs.org/sucrase cache-miss
826 http fetch GET 200 https://registry.npmjs.org/@0no-co%2fgraphql.web 479ms (cache miss)
827 silly packumentCache full:https://registry.npmjs.org/@0no-co%2fgraphql.web set size:undefined disposed:false
828 silly fetch manifest deepmerge@^4.3.1
829 silly packumentCache full:https://registry.npmjs.org/deepmerge cache-miss
830 http fetch GET 200 https://registry.npmjs.org/@react-native%2fdev-middleware 353ms (cache miss)
831 silly packumentCache full:https://registry.npmjs.org/@react-native%2fdev-middleware set size:undefined disposed:false
832 silly fetch manifest @babel/code-frame@~7.10.4
833 silly packumentCache full:https://registry.npmjs.org/@babel%2fcode-frame cache-miss
834 http fetch GET 200 https://registry.npmjs.org/deepmerge 83ms (cache miss)
835 silly packumentCache full:https://registry.npmjs.org/deepmerge set size:undefined disposed:false
836 silly fetch manifest @expo/config-types@^54.0.10
837 silly packumentCache full:https://registry.npmjs.org/@expo%2fconfig-types cache-miss
838 http fetch GET 200 https://registry.npmjs.org/@expo%2fprebuild-config 427ms (cache miss)
839 silly packumentCache full:https://registry.npmjs.org/@expo%2fprebuild-config set size:undefined disposed:false
840 silly fetch manifest resolve-workspace-root@^2.0.0
841 silly packumentCache full:https://registry.npmjs.org/resolve-workspace-root cache-miss
842 http fetch GET 200 https://registry.npmjs.org/sucrase 207ms (cache miss)
843 silly packumentCache full:https://registry.npmjs.org/sucrase set size:undefined disposed:false
844 silly fetch manifest chalk@^4.1.2
845 silly packumentCache full:https://registry.npmjs.org/chalk cache-miss
846 http cache https://registry.npmjs.org/chalk 3ms (cache hit)
847 silly packumentCache full:https://registry.npmjs.org/chalk set size:134775 disposed:false
848 silly fetch manifest debug@^4.3.5
849 silly packumentCache full:https://registry.npmjs.org/debug cache-miss
850 http cache https://registry.npmjs.org/debug 3ms (cache hit)
851 silly packumentCache full:https://registry.npmjs.org/debug set size:195840 disposed:false
852 silly fetch manifest slash@^3.0.0
853 silly packumentCache full:https://registry.npmjs.org/slash cache-miss
854 http fetch GET 200 https://registry.npmjs.org/resolve-workspace-root 122ms (cache miss)
855 silly packumentCache full:https://registry.npmjs.org/resolve-workspace-root set size:undefined disposed:false
856 silly fetch manifest xcode@^3.0.1
857 silly packumentCache full:https://registry.npmjs.org/xcode cache-miss
858 http fetch GET 200 https://registry.npmjs.org/@urql%2fexchange-retry 596ms (cache miss)
859 silly packumentCache full:https://registry.npmjs.org/@urql%2fexchange-retry set size:undefined disposed:false
860 silly fetch manifest semver@^7.5.4
861 silly packumentCache full:https://registry.npmjs.org/semver cache-hit
862 silly fetch manifest xml2js@0.6.0
863 silly packumentCache full:https://registry.npmjs.org/xml2js cache-miss
864 http fetch GET 200 https://registry.npmjs.org/@expo%2fconfig-types 205ms (cache miss)
865 silly packumentCache full:https://registry.npmjs.org/@expo%2fconfig-types set size:undefined disposed:false
866 silly fetch manifest slugify@^1.6.6
867 silly packumentCache full:https://registry.npmjs.org/slugify cache-miss
868 http fetch GET 200 https://registry.npmjs.org/@expo%2fcode-signing-certificates 480ms (cache miss)
869 silly packumentCache full:https://registry.npmjs.org/@expo%2fcode-signing-certificates set size:undefined disposed:false
870 silly fetch manifest @expo/json-file@~10.0.16
871 silly packumentCache full:https://registry.npmjs.org/@expo%2fjson-file cache-miss
872 http fetch GET 200 https://registry.npmjs.org/slash 97ms (cache miss)
873 silly packumentCache full:https://registry.npmjs.org/slash set size:undefined disposed:false
874 silly fetch manifest @expo/sdk-runtime-versions@^1.0.0
875 silly packumentCache full:https://registry.npmjs.org/@expo%2fsdk-runtime-versions cache-miss
876 http cache https://registry.npmjs.org/slugify 17ms (cache hit)
877 silly packumentCache full:https://registry.npmjs.org/slugify set size:103522 disposed:false
878 silly fetch manifest ignore@^5.3.1
879 silly packumentCache full:https://registry.npmjs.org/ignore cache-miss
880 http cache https://registry.npmjs.org/@expo%2fjson-file 6ms (cache hit)
881 silly packumentCache full:https://registry.npmjs.org/@expo%2fjson-file set size:791635 disposed:false
882 silly fetch manifest p-limit@^3.1.0
883 silly packumentCache full:https://registry.npmjs.org/p-limit cache-miss
884 http fetch GET 200 https://registry.npmjs.org/@babel%2fcode-frame 283ms (cache miss)
885 silly packumentCache full:https://registry.npmjs.org/@babel%2fcode-frame set size:undefined disposed:false
886 silly fetch manifest minimatch@^10.2.2
887 silly packumentCache full:https://registry.npmjs.org/minimatch cache-miss
888 http fetch GET 200 https://registry.npmjs.org/xml2js 94ms (cache miss)
889 silly packumentCache full:https://registry.npmjs.org/xml2js set size:undefined disposed:false
890 silly fetch manifest metro@0.83.3
891 silly packumentCache full:https://registry.npmjs.org/metro cache-miss
892 http cache https://registry.npmjs.org/minimatch 7ms (cache hit)
893 silly packumentCache full:https://registry.npmjs.org/minimatch set size:377924 disposed:false
894 silly fetch manifest metro-core@0.83.3
895 silly packumentCache full:https://registry.npmjs.org/metro-core cache-miss
896 http fetch GET 200 https://registry.npmjs.org/@expo%2fsdk-runtime-versions 62ms (cache miss)
897 silly packumentCache full:https://registry.npmjs.org/@expo%2fsdk-runtime-versions set size:undefined disposed:false
898 silly fetch manifest metro-cache@0.83.3
899 silly packumentCache full:https://registry.npmjs.org/metro-cache cache-miss
900 http fetch GET 200 https://registry.npmjs.org/@expo%2fpackage-manager 855ms (cache miss)
901 silly packumentCache full:https://registry.npmjs.org/@expo%2fpackage-manager set size:undefined disposed:false
902 silly fetch manifest metro-config@0.83.3
903 silly packumentCache full:https://registry.npmjs.org/metro-config cache-miss
904 http fetch GET 200 https://registry.npmjs.org/ignore 299ms (cache miss)
905 silly packumentCache full:https://registry.npmjs.org/ignore set size:undefined disposed:false
906 silly fetch manifest metro-runtime@0.83.3
907 silly packumentCache full:https://registry.npmjs.org/metro-runtime cache-miss
908 http cache https://registry.npmjs.org/metro-runtime 6ms (cache hit)
909 silly packumentCache full:https://registry.npmjs.org/metro-runtime set size:224399 disposed:false
910 silly fetch manifest metro-file-map@0.83.3
911 silly packumentCache full:https://registry.npmjs.org/metro-file-map cache-miss
912 http fetch GET 200 https://registry.npmjs.org/metro-core 265ms (cache miss)
913 silly packumentCache full:https://registry.npmjs.org/metro-core set size:undefined disposed:false
914 silly fetch manifest metro-resolver@0.83.3
915 silly packumentCache full:https://registry.npmjs.org/metro-resolver cache-miss
916 http fetch GET 200 https://registry.npmjs.org/p-limit 358ms (cache miss)
917 silly packumentCache full:https://registry.npmjs.org/p-limit set size:undefined disposed:false
918 silly fetch manifest metro-cache-key@0.83.3
919 silly packumentCache full:https://registry.npmjs.org/metro-cache-key cache-miss
920 http fetch GET 200 https://registry.npmjs.org/metro-cache 334ms (cache miss)
921 silly packumentCache full:https://registry.npmjs.org/metro-cache set size:undefined disposed:false
922 silly fetch manifest metro-source-map@0.83.3
923 silly packumentCache full:https://registry.npmjs.org/metro-source-map cache-miss
924 http cache https://registry.npmjs.org/metro-source-map 2ms (cache hit)
925 silly packumentCache full:https://registry.npmjs.org/metro-source-map set size:431760 disposed:false
926 silly fetch manifest metro-symbolicate@0.83.3
927 silly packumentCache full:https://registry.npmjs.org/metro-symbolicate cache-miss
928 http fetch GET 200 https://registry.npmjs.org/metro 357ms (cache miss)
929 silly packumentCache full:https://registry.npmjs.org/metro set size:undefined disposed:false
930 silly fetch manifest metro-minify-terser@0.83.3
931 silly packumentCache full:https://registry.npmjs.org/metro-minify-terser cache-miss
932 http fetch GET 200 https://registry.npmjs.org/metro-file-map 169ms (cache miss)
933 silly packumentCache full:https://registry.npmjs.org/metro-file-map set size:undefined disposed:false
934 silly fetch manifest metro-transform-worker@0.83.3
935 silly packumentCache full:https://registry.npmjs.org/metro-transform-worker cache-miss
936 http fetch GET 200 https://registry.npmjs.org/metro-resolver 306ms (cache miss)
937 silly packumentCache full:https://registry.npmjs.org/metro-resolver set size:undefined disposed:false
938 silly fetch manifest metro-babel-transformer@0.83.3
939 silly packumentCache full:https://registry.npmjs.org/metro-babel-transformer cache-miss
940 http fetch GET 200 https://registry.npmjs.org/metro-transform-worker 195ms (cache miss)
941 silly packumentCache full:https://registry.npmjs.org/metro-transform-worker set size:undefined disposed:false
942 silly fetch manifest metro-transform-plugins@0.83.3
943 silly packumentCache full:https://registry.npmjs.org/metro-transform-plugins cache-miss
944 http fetch GET 200 https://registry.npmjs.org/metro-minify-terser 306ms (cache miss)
945 silly packumentCache full:https://registry.npmjs.org/metro-minify-terser set size:undefined disposed:false
946 silly fetch manifest chalk@^4.1.0
947 silly packumentCache full:https://registry.npmjs.org/chalk cache-hit
948 silly fetch manifest debug@^4.3.2
949 silly packumentCache full:https://registry.npmjs.org/debug cache-hit
950 silly fetch manifest dotenv@~16.4.5
951 silly packumentCache full:https://registry.npmjs.org/dotenv cache-miss
952 http fetch GET 200 https://registry.npmjs.org/metro-config 609ms (cache miss)
953 silly packumentCache full:https://registry.npmjs.org/metro-config set size:undefined disposed:false
954 silly fetch manifest postcss@~8.4.32
955 silly packumentCache full:https://registry.npmjs.org/postcss cache-miss
956 http fetch GET 200 https://registry.npmjs.org/metro-transform-plugins 221ms (cache miss)
957 silly packumentCache full:https://registry.npmjs.org/metro-transform-plugins set size:undefined disposed:false
958 silly fetch manifest @babel/core@^7.20.0
959 silly packumentCache full:https://registry.npmjs.org/@babel%2fcore cache-miss
960 http cache https://registry.npmjs.org/@babel%2fcore 5ms (cache hit)
961 silly packumentCache full:https://registry.npmjs.org/@babel%2fcore set size:788273 disposed:false
962 silly fetch manifest browserslist@^4.25.0
963 silly packumentCache full:https://registry.npmjs.org/browserslist cache-miss
964 http fetch GET 200 https://registry.npmjs.org/metro-symbolicate 520ms (cache miss)
965 silly packumentCache full:https://registry.npmjs.org/metro-symbolicate set size:undefined disposed:false
966 silly fetch manifest jsc-safe-url@^0.2.4
967 silly packumentCache full:https://registry.npmjs.org/jsc-safe-url cache-miss
968 http fetch GET 200 https://registry.npmjs.org/xcode 1068ms (cache miss)
969 silly packumentCache full:https://registry.npmjs.org/xcode set size:undefined disposed:false
970 silly fetch manifest lightningcss@^1.30.1
971 silly packumentCache full:https://registry.npmjs.org/lightningcss cache-miss
972 http fetch GET 200 https://registry.npmjs.org/jsc-safe-url 114ms (cache miss)
973 silly packumentCache full:https://registry.npmjs.org/jsc-safe-url set size:undefined disposed:false
974 silly fetch manifest dotenv-expand@~11.0.6
975 silly packumentCache full:https://registry.npmjs.org/dotenv-expand cache-miss
976 http fetch GET 200 https://registry.npmjs.org/metro-cache-key 674ms (cache miss)
977 silly packumentCache full:https://registry.npmjs.org/metro-cache-key set size:undefined disposed:false
978 silly fetch manifest hermes-parser@^0.29.1
979 silly packumentCache full:https://registry.npmjs.org/hermes-parser cache-miss
980 http fetch GET 200 https://registry.npmjs.org/dotenv 323ms (cache miss)
981 silly packumentCache full:https://registry.npmjs.org/dotenv set size:undefined disposed:false
982 silly fetch manifest @babel/generator@^7.20.5
983 silly packumentCache full:https://registry.npmjs.org/@babel%2fgenerator cache-miss
984 http fetch GET 200 https://registry.npmjs.org/metro-babel-transformer 546ms (cache miss)
985 silly packumentCache full:https://registry.npmjs.org/metro-babel-transformer set size:undefined disposed:false
986 silly fetch manifest @babel/code-frame@^7.20.0
987 silly packumentCache full:https://registry.npmjs.org/@babel%2fcode-frame cache-miss
988 http cache https://registry.npmjs.org/@babel%2fcode-frame 3ms (cache hit)
989 silly packumentCache full:https://registry.npmjs.org/@babel%2fcode-frame set size:206617 disposed:false
990 silly fetch manifest @babel/preset-react@^7.22.15
991 silly packumentCache full:https://registry.npmjs.org/@babel%2fpreset-react cache-miss
992 http fetch GET 200 https://registry.npmjs.org/browserslist 326ms (cache miss)
993 silly packumentCache full:https://registry.npmjs.org/browserslist set size:undefined disposed:false
994 silly fetch manifest @babel/preset-typescript@^7.23.0
995 silly packumentCache full:https://registry.npmjs.org/@babel%2fpreset-typescript cache-miss
996 http fetch GET 200 https://registry.npmjs.org/lightningcss 222ms (cache miss)
997 silly packumentCache full:https://registry.npmjs.org/lightningcss set size:undefined disposed:false
998 silly fetch manifest @react-native/babel-preset@0.81.5
999 silly packumentCache full:https://registry.npmjs.org/@react-native%2fbabel-preset cache-miss
1000 http fetch GET 200 https://registry.npmjs.org/dotenv-expand 260ms (cache miss)
1001 silly packumentCache full:https://registry.npmjs.org/dotenv-expand set size:undefined disposed:false
1002 silly fetch manifest babel-plugin-react-compiler@^1.0.0
1003 silly packumentCache full:https://registry.npmjs.org/babel-plugin-react-compiler cache-miss
1004 http fetch GET 200 https://registry.npmjs.org/@babel%2fpreset-react 365ms (cache miss)
1005 silly packumentCache full:https://registry.npmjs.org/@babel%2fpreset-react set size:undefined disposed:false
1006 silly fetch manifest @babel/helper-module-imports@^7.25.9
1007 silly packumentCache full:https://registry.npmjs.org/@babel%2fhelper-module-imports cache-miss
1008 http fetch GET 200 https://registry.npmjs.org/hermes-parser 516ms (cache miss)
1009 silly packumentCache full:https://registry.npmjs.org/hermes-parser set size:undefined disposed:false
1010 silly fetch manifest babel-plugin-react-native-web@~0.21.0
1011 silly packumentCache full:https://registry.npmjs.org/babel-plugin-react-native-web cache-miss
1012 http fetch GET 200 https://registry.npmjs.org/@babel%2fpreset-typescript 312ms (cache miss)
1013 silly packumentCache full:https://registry.npmjs.org/@babel%2fpreset-typescript set size:undefined disposed:false
1014 silly fetch manifest @babel/plugin-transform-runtime@^7.24.7
1015 silly packumentCache full:https://registry.npmjs.org/@babel%2fplugin-transform-runtime cache-miss
1016 http fetch GET 200 https://registry.npmjs.org/postcss 749ms (cache miss)
1017 silly packumentCache full:https://registry.npmjs.org/postcss set size:undefined disposed:false
1018 silly fetch manifest @babel/plugin-proposal-decorators@^7.12.9
1019 silly packumentCache full:https://registry.npmjs.org/@babel%2fplugin-proposal-decorators cache-miss
1020 http fetch GET 200 https://registry.npmjs.org/babel-plugin-react-compiler 462ms (cache miss)
1021 silly packumentCache full:https://registry.npmjs.org/babel-plugin-react-compiler set size:undefined disposed:false
1022 silly fetch manifest babel-plugin-syntax-hermes-parser@^0.29.1
1023 silly packumentCache full:https://registry.npmjs.org/babel-plugin-syntax-hermes-parser cache-miss
1024 http cache https://registry.npmjs.org/babel-plugin-syntax-hermes-parser 2ms (cache hit)
1025 silly packumentCache full:https://registry.npmjs.org/babel-plugin-syntax-hermes-parser set size:108082 disposed:false
1026 silly fetch manifest babel-plugin-transform-flow-enums@^0.0.2
1027 silly packumentCache full:https://registry.npmjs.org/babel-plugin-transform-flow-enums cache-miss
1028 http fetch GET 200 https://registry.npmjs.org/@babel%2fplugin-transform-runtime 259ms (cache miss)
1029 silly packumentCache full:https://registry.npmjs.org/@babel%2fplugin-transform-runtime set size:undefined disposed:false
1030 silly fetch manifest @babel/plugin-transform-parameters@^7.24.7
1031 silly packumentCache full:https://registry.npmjs.org/@babel%2fplugin-transform-parameters cache-miss
1032 http fetch GET 200 https://registry.npmjs.org/babel-plugin-transform-flow-enums 60ms (cache miss)
1033 silly packumentCache full:https://registry.npmjs.org/babel-plugin-transform-flow-enums set size:undefined disposed:false
1034 silly fetch manifest @babel/plugin-transform-private-methods@^7.24.7
1035 silly packumentCache full:https://registry.npmjs.org/@babel%2fplugin-transform-private-methods cache-miss
1036 http fetch GET 200 https://registry.npmjs.org/@babel%2fgenerator 786ms (cache miss)
1037 silly packumentCache full:https://registry.npmjs.org/@babel%2fgenerator set size:undefined disposed:false
1038 silly fetch manifest @babel/plugin-syntax-export-default-from@^7.24.7
1039 silly packumentCache full:https://registry.npmjs.org/@babel%2fplugin-syntax-export-default-from cache-miss
1040 http fetch GET 200 https://registry.npmjs.org/@react-native%2fbabel-preset 599ms (cache miss)
1041 silly packumentCache full:https://registry.npmjs.org/@react-native%2fbabel-preset set size:undefined disposed:false
1042 silly fetch manifest @babel/plugin-transform-flow-strip-types@^7.25.2
1043 silly packumentCache full:https://registry.npmjs.org/@babel%2fplugin-transform-flow-strip-types cache-miss
1044 http fetch GET 200 https://registry.npmjs.org/@babel%2fplugin-transform-private-methods 72ms (cache miss)
1045 silly packumentCache full:https://registry.npmjs.org/@babel%2fplugin-transform-private-methods set size:undefined disposed:false
1046 silly fetch manifest @babel/plugin-transform-modules-commonjs@^7.24.8
1047 silly packumentCache full:https://registry.npmjs.org/@babel%2fplugin-transform-modules-commonjs cache-miss
1048 http fetch GET 200 https://registry.npmjs.org/babel-plugin-react-native-web 365ms (cache miss)
1049 silly packumentCache full:https://registry.npmjs.org/babel-plugin-react-native-web set size:undefined disposed:false
1050 silly fetch manifest @babel/plugin-proposal-export-default-from@^7.24.7
1051 silly packumentCache full:https://registry.npmjs.org/@babel%2fplugin-proposal-export-default-from cache-miss
1052 http fetch GET 200 https://registry.npmjs.org/@babel%2fplugin-transform-parameters 230ms (cache miss)
1053 silly packumentCache full:https://registry.npmjs.org/@babel%2fplugin-transform-parameters set size:undefined disposed:false
1054 silly fetch manifest @babel/plugin-transform-class-static-block@^7.27.1
1055 silly packumentCache full:https://registry.npmjs.org/@babel%2fplugin-transform-class-static-block cache-miss
1056 http fetch GET 200 https://registry.npmjs.org/@babel%2fhelper-module-imports 512ms (cache miss)
1057 silly packumentCache full:https://registry.npmjs.org/@babel%2fhelper-module-imports set size:undefined disposed:false
1058 silly fetch manifest @babel/plugin-transform-object-rest-spread@^7.24.7
1059 silly packumentCache full:https://registry.npmjs.org/@babel%2fplugin-transform-object-rest-spread cache-miss
1060 http fetch GET 200 https://registry.npmjs.org/@babel%2fplugin-proposal-decorators 550ms (cache miss)
1061 silly packumentCache full:https://registry.npmjs.org/@babel%2fplugin-proposal-decorators set size:undefined disposed:false
1062 silly fetch manifest @babel/plugin-transform-export-namespace-from@^7.25.9
1063 silly packumentCache full:https://registry.npmjs.org/@babel%2fplugin-transform-export-namespace-from cache-miss
1064 http fetch GET 200 https://registry.npmjs.org/@babel%2fplugin-proposal-export-default-from 228ms (cache miss)
1065 silly packumentCache full:https://registry.npmjs.org/@babel%2fplugin-proposal-export-default-from set size:undefined disposed:false
1066 silly fetch manifest @babel/plugin-transform-private-property-in-object@^7.24.7
1067 silly packumentCache full:https://registry.npmjs.org/@babel%2fplugin-transform-private-property-in-object cache-miss
1068 http fetch GET 200 https://registry.npmjs.org/@babel%2fplugin-syntax-export-default-from 322ms (cache miss)
1069 silly packumentCache full:https://registry.npmjs.org/@babel%2fplugin-syntax-export-default-from set size:undefined disposed:false
1070 silly fetch manifest @expo/env@~2.0.8
1071 silly packumentCache full:https://registry.npmjs.org/@expo%2fenv cache-miss
1072 http fetch GET 200 https://registry.npmjs.org/@babel%2fplugin-transform-modules-commonjs 260ms (cache miss)
1073 silly packumentCache full:https://registry.npmjs.org/@babel%2fplugin-transform-modules-commonjs set size:undefined disposed:false
1074 silly fetch manifest commander@^7.2.0
1075 silly packumentCache full:https://registry.npmjs.org/commander cache-miss
1076 http cache https://registry.npmjs.org/@expo%2fenv 5ms (cache hit)
1077 silly packumentCache full:https://registry.npmjs.org/@expo%2fenv set size:605290 disposed:false
1078 silly fetch manifest react-is@^18.0.0
1079 silly packumentCache full:https://registry.npmjs.org/react-is cache-miss
1080 http cache https://registry.npmjs.org/commander 9ms (cache hit)
1081 silly packumentCache full:https://registry.npmjs.org/commander set size:353115 disposed:false
1082 silly fetch manifest ansi-styles@^5.0.0
1083 silly packumentCache full:https://registry.npmjs.org/ansi-styles cache-miss
1084 http cache https://registry.npmjs.org/react-is 16ms (cache hit)
1085 silly packumentCache full:https://registry.npmjs.org/react-is set size:5569825 disposed:false
1086 silly fetch manifest @jest/schemas@^29.6.3
1087 silly packumentCache full:https://registry.npmjs.org/@jest%2fschemas cache-miss
1088 http fetch GET 200 https://registry.npmjs.org/@babel%2fplugin-transform-class-static-block 159ms (cache miss)
1089 silly packumentCache full:https://registry.npmjs.org/@babel%2fplugin-transform-class-static-block set size:undefined disposed:false
1090 silly fetch manifest buffer@^5.4.3
1091 silly packumentCache full:https://registry.npmjs.org/buffer cache-miss
1092 http fetch GET 200 https://registry.npmjs.org/@babel%2fplugin-transform-object-rest-spread 167ms (cache miss)
1093 silly packumentCache full:https://registry.npmjs.org/@babel%2fplugin-transform-object-rest-spread set size:undefined disposed:false
1094 silly fetch manifest punycode@^2.1.1
1095 silly packumentCache full:https://registry.npmjs.org/punycode cache-miss
1096 http fetch GET 200 https://registry.npmjs.org/@babel%2fplugin-transform-export-namespace-from 173ms (cache miss)
1097 silly packumentCache full:https://registry.npmjs.org/@babel%2fplugin-transform-export-namespace-from set size:undefined disposed:false
1098 silly fetch manifest webidl-conversions@^5.0.0
1099 silly packumentCache full:https://registry.npmjs.org/webidl-conversions cache-miss
1100 http fetch GET 200 https://registry.npmjs.org/@babel%2fplugin-transform-private-property-in-object 185ms (cache miss)
1101 silly packumentCache full:https://registry.npmjs.org/@babel%2fplugin-transform-private-property-in-object set size:undefined disposed:false
1102 http fetch GET 200 https://registry.npmjs.org/buffer 235ms (cache miss)
1103 silly packumentCache full:https://registry.npmjs.org/buffer set size:undefined disposed:false
1104 http fetch GET 200 https://registry.npmjs.org/@babel%2fplugin-transform-flow-strip-types 588ms (cache miss)
1105 silly packumentCache full:https://registry.npmjs.org/@babel%2fplugin-transform-flow-strip-types set size:undefined disposed:false
1106 http fetch GET 200 https://registry.npmjs.org/webidl-conversions 128ms (cache miss)
1107 silly packumentCache full:https://registry.npmjs.org/webidl-conversions set size:undefined disposed:false
1108 http fetch GET 200 https://registry.npmjs.org/punycode 225ms (cache miss)
1109 silly packumentCache full:https://registry.npmjs.org/punycode set size:undefined disposed:false
1110 http fetch GET 200 https://registry.npmjs.org/ansi-styles 285ms (cache miss)
1111 silly packumentCache full:https://registry.npmjs.org/ansi-styles set size:undefined disposed:false
1112 http fetch GET 200 https://registry.npmjs.org/@jest%2fschemas 249ms (cache miss)
1113 silly packumentCache full:https://registry.npmjs.org/@jest%2fschemas set size:undefined disposed:false
1114 silly placeDep ROOT @babel/code-frame@7.10.4 OK for: @expo/config@12.0.14 want: ~7.10.4
1115 silly placeDep ROOT @expo/config-types@54.0.10 OK for: @expo/config@12.0.14 want: ^54.0.10
1116 silly placeDep ROOT @expo/json-file@10.2.0 OK for: @expo/config@12.0.14 want: ^10.0.16
1117 silly placeDep ROOT deepmerge@4.3.1 OK for: @expo/config@12.0.14 want: ^4.3.1
1118 silly placeDep ROOT getenv@2.0.0 OK for: @expo/config@12.0.14 want: ^2.0.0
1119 silly placeDep ROOT glob@13.0.6 OK for: @expo/config@12.0.14 want: ^13.0.0
1120 silly placeDep ROOT require-from-string@2.0.2 OK for: @expo/config@12.0.14 want: ^2.0.2
1121 silly placeDep ROOT resolve-from@5.0.0 OK for: @expo/config@12.0.14 want: ^5.0.0
1122 silly placeDep ROOT resolve-workspace-root@2.0.1 OK for: @expo/config@12.0.14 want: ^2.0.0
1123 silly placeDep ROOT semver@7.8.5 OK for: @expo/config@12.0.14 want: ^7.6.0
1124 silly placeDep ROOT slugify@1.6.9 OK for: @expo/config@12.0.14 want: ^1.3.4
1125 silly placeDep ROOT sucrase@3.35.1 OK for: @expo/config@12.0.14 want: ~3.35.1
1126 silly fetch manifest @babel/highlight@^7.10.4
1127 silly packumentCache full:https://registry.npmjs.org/@babel%2fhighlight cache-miss
1128 silly fetch manifest json5@^2.2.3
1129 silly packumentCache full:https://registry.npmjs.org/json5 cache-miss
1130 silly fetch manifest minipass@^7.1.3
1131 silly packumentCache full:https://registry.npmjs.org/minipass cache-miss
1132 silly fetch manifest path-scurry@^2.0.2
1133 silly packumentCache full:https://registry.npmjs.org/path-scurry cache-miss
1134 silly fetch manifest @jridgewell/gen-mapping@^0.3.2
1135 silly packumentCache full:https://registry.npmjs.org/@jridgewell%2fgen-mapping cache-miss
1136 silly fetch manifest commander@^4.0.0
1137 silly packumentCache full:https://registry.npmjs.org/commander cache-hit
1138 silly fetch manifest lines-and-columns@^1.1.6
1139 silly packumentCache full:https://registry.npmjs.org/lines-and-columns cache-miss
1140 silly fetch manifest mz@^2.7.0
1141 silly packumentCache full:https://registry.npmjs.org/mz cache-miss
1142 http fetch GET 200 https://registry.npmjs.org/mz 68ms (cache miss)
1143 silly packumentCache full:https://registry.npmjs.org/mz set size:undefined disposed:false
1144 silly fetch manifest pirates@^4.0.1
1145 silly packumentCache full:https://registry.npmjs.org/pirates cache-miss
1146 http fetch GET 200 https://registry.npmjs.org/lines-and-columns 70ms (cache miss)
1147 silly packumentCache full:https://registry.npmjs.org/lines-and-columns set size:undefined disposed:false
1148 silly fetch manifest tinyglobby@^0.2.11
1149 silly packumentCache full:https://registry.npmjs.org/tinyglobby cache-miss
1150 http fetch GET 200 https://registry.npmjs.org/@jridgewell%2fgen-mapping 236ms (cache miss)
1151 silly packumentCache full:https://registry.npmjs.org/@jridgewell%2fgen-mapping set size:undefined disposed:false
1152 silly fetch manifest ts-interface-checker@^0.1.9
1153 silly packumentCache full:https://registry.npmjs.org/ts-interface-checker cache-miss
1154 http fetch GET 200 https://registry.npmjs.org/tinyglobby 183ms (cache miss)
1155 silly packumentCache full:https://registry.npmjs.org/tinyglobby set size:undefined disposed:false
1156 http fetch GET 200 https://registry.npmjs.org/pirates 186ms (cache miss)
1157 silly packumentCache full:https://registry.npmjs.org/pirates set size:undefined disposed:false
1158 http fetch GET 200 https://registry.npmjs.org/path-scurry 463ms (cache miss)
1159 silly packumentCache full:https://registry.npmjs.org/path-scurry set size:undefined disposed:false
1160 http fetch GET 200 https://registry.npmjs.org/json5 1196ms (cache miss)
1161 silly packumentCache full:https://registry.npmjs.org/json5 set size:undefined disposed:false
1162 http fetch GET 200 https://registry.npmjs.org/minipass 1714ms (cache miss)
1163 silly packumentCache full:https://registry.npmjs.org/minipass set size:undefined disposed:false
1164 http fetch GET 200 https://registry.npmjs.org/ts-interface-checker 1700ms (cache miss)
1165 silly packumentCache full:https://registry.npmjs.org/ts-interface-checker set size:undefined disposed:false
1166 http fetch GET 200 https://registry.npmjs.org/@babel%2fhighlight 2234ms (cache miss)
1167 silly packumentCache full:https://registry.npmjs.org/@babel%2fhighlight set size:undefined disposed:false
1168 silly placeDep ROOT @babel/highlight@7.25.9 OK for: @babel/code-frame@7.10.4 want: ^7.10.4
1169 silly fetch manifest @babel/helper-validator-identifier@^7.25.9
1170 silly packumentCache full:https://registry.npmjs.org/@babel%2fhelper-validator-identifier cache-miss
1171 silly fetch manifest chalk@^2.4.2
1172 silly packumentCache full:https://registry.npmjs.org/chalk cache-hit
1173 silly fetch manifest js-tokens@^4.0.0
1174 silly packumentCache full:https://registry.npmjs.org/js-tokens cache-miss
1175 silly fetch manifest picocolors@^1.0.0
1176 silly packumentCache full:https://registry.npmjs.org/picocolors cache-miss
1177 http fetch GET 200 https://registry.npmjs.org/picocolors 280ms (cache miss)
1178 silly packumentCache full:https://registry.npmjs.org/picocolors set size:undefined disposed:false
1179 http fetch GET 200 https://registry.npmjs.org/@babel%2fhelper-validator-identifier 283ms (cache miss)
1180 silly packumentCache full:https://registry.npmjs.org/@babel%2fhelper-validator-identifier set size:undefined disposed:false
1181 http fetch GET 200 https://registry.npmjs.org/js-tokens 284ms (cache miss)
1182 silly packumentCache full:https://registry.npmjs.org/js-tokens set size:undefined disposed:false
1183 silly placeDep ROOT @babel/helper-validator-identifier@7.29.7 OK for: @babel/highlight@7.25.9 want: ^7.25.9
1184 silly placeDep ROOT chalk@2.4.2 OK for: @babel/highlight@7.25.9 want: ^2.4.2
1185 silly placeDep ROOT js-tokens@4.0.0 OK for: @babel/highlight@7.25.9 want: ^4.0.0
1186 silly placeDep ROOT picocolors@1.1.1 OK for: @babel/highlight@7.25.9 want: ^1.0.0
1187 silly fetch manifest ansi-styles@^3.2.1
1188 silly packumentCache full:https://registry.npmjs.org/ansi-styles cache-miss
1189 silly fetch manifest supports-color@^5.3.0
1190 silly packumentCache full:https://registry.npmjs.org/supports-color cache-miss
1191 silly fetch manifest escape-string-regexp@^1.0.5
1192 silly packumentCache full:https://registry.npmjs.org/escape-string-regexp cache-miss
1193 http cache https://registry.npmjs.org/escape-string-regexp 4ms (cache hit)
1194 silly packumentCache full:https://registry.npmjs.org/escape-string-regexp set size:22244 disposed:false
1195 http cache https://registry.npmjs.org/ansi-styles 4ms (cache hit)
1196 silly packumentCache full:https://registry.npmjs.org/ansi-styles set size:71772 disposed:false
1197 http fetch GET 200 https://registry.npmjs.org/supports-color 291ms (cache miss)
1198 silly packumentCache full:https://registry.npmjs.org/supports-color set size:undefined disposed:false
1199 silly placeDep node_modules/@expo/config-plugins @expo/json-file@10.0.16 OK for: @expo/config-plugins@54.0.5 want: ~10.0.16
1200 silly placeDep ROOT @expo/plist@0.4.9 OK for: @expo/config-plugins@54.0.5 want: ^0.4.9
1201 silly placeDep ROOT @expo/sdk-runtime-versions@1.0.0 OK for: @expo/config-plugins@54.0.5 want: ^1.0.0
1202 silly placeDep node_modules/@expo/config-plugins chalk@4.1.2 OK for: @expo/config-plugins@54.0.5 want: ^4.1.2
1203 silly placeDep ROOT debug@4.4.3 OK for: @expo/config-plugins@54.0.5 want: ^4.3.5
1204 silly placeDep ROOT slash@3.0.0 OK for: @expo/config-plugins@54.0.5 want: ^3.0.0
1205 silly placeDep ROOT xcode@3.0.1 OK for: @expo/config-plugins@54.0.5 want: ^3.0.1
1206 silly placeDep ROOT xml2js@0.6.0 OK for: @expo/config-plugins@54.0.5 want: 0.6.0
1207 silly fetch manifest base64-js@^1.2.3
1208 silly packumentCache full:https://registry.npmjs.org/base64-js cache-miss
1209 silly fetch manifest xmlbuilder@^15.1.1
1210 silly packumentCache full:https://registry.npmjs.org/xmlbuilder cache-miss
1211 silly fetch manifest @xmldom/xmldom@^0.8.8
1212 silly packumentCache full:https://registry.npmjs.org/@xmldom%2fxmldom cache-miss
1213 silly fetch manifest ansi-styles@^4.1.0
1214 silly packumentCache full:https://registry.npmjs.org/ansi-styles cache-hit
1215 silly fetch manifest supports-color@^7.1.0
1216 silly packumentCache full:https://registry.npmjs.org/supports-color cache-miss
1217 silly fetch manifest ms@^2.1.3
1218 silly packumentCache full:https://registry.npmjs.org/ms cache-miss
1219 silly fetch manifest uuid@^7.0.3
1220 silly packumentCache full:https://registry.npmjs.org/uuid cache-miss
1221 silly fetch manifest simple-plist@^1.1.0
1222 silly packumentCache full:https://registry.npmjs.org/simple-plist cache-miss
1223 http cache https://registry.npmjs.org/base64-js 149ms (cache hit)
1224 silly packumentCache full:https://registry.npmjs.org/base64-js set size:41270 disposed:false
1225 silly fetch manifest sax@>=0.6.0
1226 silly packumentCache full:https://registry.npmjs.org/sax cache-miss
1227 http cache https://registry.npmjs.org/supports-color 134ms (cache hit)
1228 silly packumentCache full:https://registry.npmjs.org/supports-color set size:124169 disposed:false
1229 silly fetch manifest xmlbuilder@~11.0.0
1230 silly packumentCache full:https://registry.npmjs.org/xmlbuilder cache-miss
1231 http fetch GET 200 https://registry.npmjs.org/ms 303ms (cache miss)
1232 silly packumentCache full:https://registry.npmjs.org/ms set size:undefined disposed:false
1233 http fetch GET 200 https://registry.npmjs.org/@xmldom%2fxmldom 396ms (cache miss)
1234 silly packumentCache full:https://registry.npmjs.org/@xmldom%2fxmldom set size:undefined disposed:false
1235 http fetch GET 200 https://registry.npmjs.org/xmlbuilder 395ms (cache miss)
1236 silly packumentCache full:https://registry.npmjs.org/xmlbuilder set size:undefined disposed:false
1237 http fetch GET 200 https://registry.npmjs.org/xmlbuilder 623ms (cache miss)
1238 silly packumentCache full:https://registry.npmjs.org/xmlbuilder set size:undefined disposed:false
1239 http fetch GET 200 https://registry.npmjs.org/sax 533ms (cache miss)
1240 silly packumentCache full:https://registry.npmjs.org/sax set size:undefined disposed:false
1241 http fetch GET 200 https://registry.npmjs.org/simple-plist 732ms (cache miss)
1242 silly packumentCache full:https://registry.npmjs.org/simple-plist set size:undefined disposed:false
1243 http fetch GET 200 https://registry.npmjs.org/uuid 925ms (cache miss)
1244 silly packumentCache full:https://registry.npmjs.org/uuid set size:undefined disposed:false
1245 silly placeDep node_modules/@expo/devtools chalk@4.1.2 OK for: @expo/devtools@0.1.8 want: ^4.1.2
1246 silly placeDep ROOT @expo/spawn-async@1.8.0 OK for: @expo/fingerprint@0.15.5 want: ^1.7.2
1247 silly placeDep ROOT arg@5.0.2 OK for: @expo/fingerprint@0.15.5 want: ^5.0.2
1248 silly placeDep node_modules/@expo/fingerprint chalk@4.1.2 OK for: @expo/fingerprint@0.15.5 want: ^4.1.2
1249 silly placeDep ROOT ignore@5.3.2 OK for: @expo/fingerprint@0.15.5 want: ^5.3.1
1250 silly placeDep ROOT minimatch@10.2.6 OK for: @expo/fingerprint@0.15.5 want: ^10.2.2
1251 silly placeDep ROOT p-limit@3.1.0 OK for: @expo/fingerprint@0.15.5 want: ^3.1.0
1252 silly fetch manifest cross-spawn@^7.0.6
1253 silly packumentCache full:https://registry.npmjs.org/cross-spawn cache-miss
1254 silly fetch manifest brace-expansion@^5.0.8
1255 silly packumentCache full:https://registry.npmjs.org/brace-expansion cache-miss
1256 silly fetch manifest yocto-queue@^0.1.0
1257 silly packumentCache full:https://registry.npmjs.org/yocto-queue cache-miss
1258 http fetch GET 200 https://registry.npmjs.org/cross-spawn 89ms (cache miss)
1259 silly packumentCache full:https://registry.npmjs.org/cross-spawn set size:undefined disposed:false
1260 http fetch GET 200 https://registry.npmjs.org/yocto-queue 105ms (cache miss)
1261 silly packumentCache full:https://registry.npmjs.org/yocto-queue set size:undefined disposed:false
1262 http fetch GET 200 https://registry.npmjs.org/brace-expansion 195ms (cache miss)
1263 silly packumentCache full:https://registry.npmjs.org/brace-expansion set size:undefined disposed:false
1264 silly placeDep node_modules/@expo/json-file @babel/code-frame@7.29.7 OK for: @expo/json-file@10.2.0 want: ^7.20.0
1265 silly placeDep ROOT json5@2.2.3 OK for: @expo/json-file@10.2.0 want: ^2.2.3
1266 silly placeDep ROOT metro@0.83.3 OK for: @expo/metro@54.2.0 want: 0.83.3
1267 silly placeDep ROOT metro-babel-transformer@0.83.3 OK for: @expo/metro@54.2.0 want: 0.83.3
1268 silly placeDep ROOT metro-cache@0.83.3 OK for: @expo/metro@54.2.0 want: 0.83.3
1269 silly placeDep ROOT metro-cache-key@0.83.3 OK for: @expo/metro@54.2.0 want: 0.83.3
1270 silly placeDep ROOT metro-config@0.83.3 OK for: @expo/metro@54.2.0 want: 0.83.3
1271 silly placeDep ROOT metro-core@0.83.3 OK for: @expo/metro@54.2.0 want: 0.83.3
1272 silly placeDep ROOT metro-file-map@0.83.3 OK for: @expo/metro@54.2.0 want: 0.83.3
1273 silly placeDep ROOT metro-minify-terser@0.83.3 OK for: @expo/metro@54.2.0 want: 0.83.3
1274 silly placeDep ROOT metro-resolver@0.83.3 OK for: @expo/metro@54.2.0 want: 0.83.3
1275 silly placeDep ROOT metro-runtime@0.83.3 OK for: @expo/metro@54.2.0 want: 0.83.3
1276 silly placeDep ROOT metro-source-map@0.83.3 OK for: @expo/metro@54.2.0 want: 0.83.3
1277 silly placeDep ROOT metro-symbolicate@0.83.3 OK for: @expo/metro@54.2.0 want: 0.83.3
1278 silly placeDep ROOT metro-transform-plugins@0.83.3 OK for: @expo/metro@54.2.0 want: 0.83.3
1279 silly placeDep ROOT metro-transform-worker@0.83.3 OK for: @expo/metro@54.2.0 want: 0.83.3
1280 silly fetch manifest ws@^7.5.10
1281 silly packumentCache full:https://registry.npmjs.org/ws cache-hit
1282 silly fetch manifest throat@^5.0.0
1283 silly packumentCache full:https://registry.npmjs.org/throat cache-miss
1284 silly fetch manifest accepts@^1.3.7
1285 silly packumentCache full:https://registry.npmjs.org/accepts cache-miss
1286 silly fetch manifest ci-info@^2.0.0
1287 silly packumentCache full:https://registry.npmjs.org/ci-info cache-miss
1288 silly fetch manifest connect@^3.6.5
1289 silly packumentCache full:https://registry.npmjs.org/connect cache-miss
1290 silly fetch manifest image-size@^1.0.2
1291 silly packumentCache full:https://registry.npmjs.org/image-size cache-miss
1292 silly fetch manifest mime-types@^2.1.27
1293 silly packumentCache full:https://registry.npmjs.org/mime-types cache-miss
1294 silly fetch manifest source-map@^0.5.6
1295 silly packumentCache full:https://registry.npmjs.org/source-map cache-miss
1296 http cache https://registry.npmjs.org/accepts 9ms (cache hit)
1297 silly packumentCache full:https://registry.npmjs.org/accepts set size:77054 disposed:false
1298 silly fetch manifest @babel/core@^7.25.2
1299 silly packumentCache full:https://registry.npmjs.org/@babel%2fcore cache-hit
1300 silly fetch manifest graceful-fs@^4.2.4
1301 silly packumentCache full:https://registry.npmjs.org/graceful-fs cache-miss
1302 http cache https://registry.npmjs.org/ci-info 11ms (cache hit)
1303 silly packumentCache full:https://registry.npmjs.org/ci-info set size:91363 disposed:false
1304 silly fetch manifest jest-worker@^29.7.0
1305 silly packumentCache full:https://registry.npmjs.org/jest-worker cache-miss
1306 http cache https://registry.npmjs.org/connect 14ms (cache hit)
1307 silly packumentCache full:https://registry.npmjs.org/connect set size:438385 disposed:false
1308 silly fetch manifest @babel/types@^7.25.2
1309 silly packumentCache full:https://registry.npmjs.org/@babel%2ftypes cache-miss
1310 http fetch GET 200 https://registry.npmjs.org/throat 109ms (cache miss)
1311 silly packumentCache full:https://registry.npmjs.org/throat set size:undefined disposed:false
1312 silly fetch manifest jsc-safe-url@^0.2.2
1313 silly packumentCache full:https://registry.npmjs.org/jsc-safe-url cache-miss
1314 http cache https://registry.npmjs.org/jsc-safe-url 2ms (cache hit)
1315 silly packumentCache full:https://registry.npmjs.org/jsc-safe-url set size:13143 disposed:false
1316 silly fetch manifest @babel/parser@^7.25.3
1317 silly packumentCache full:https://registry.npmjs.org/@babel%2fparser cache-miss
1318 http fetch GET 200 https://registry.npmjs.org/graceful-fs 103ms (cache miss)
1319 silly packumentCache full:https://registry.npmjs.org/graceful-fs set size:undefined disposed:false
1320 silly fetch manifest hermes-parser@0.32.0
1321 silly packumentCache full:https://registry.npmjs.org/hermes-parser cache-miss
1322 http cache https://registry.npmjs.org/hermes-parser 4ms (cache hit)
1323 silly packumentCache full:https://registry.npmjs.org/hermes-parser set size:172593 disposed:false
1324 silly fetch manifest @babel/template@^7.25.0
1325 silly packumentCache full:https://registry.npmjs.org/@babel%2ftemplate cache-miss
1326 http fetch GET 200 https://registry.npmjs.org/mime-types 119ms (cache miss)
1327 silly packumentCache full:https://registry.npmjs.org/mime-types set size:undefined disposed:false
1328 silly fetch manifest @babel/traverse@^7.25.3
1329 silly packumentCache full:https://registry.npmjs.org/@babel%2ftraverse cache-miss
1330 http fetch GET 200 https://registry.npmjs.org/image-size 340ms (cache miss)
1331 silly packumentCache full:https://registry.npmjs.org/image-size set size:undefined disposed:false
1332 silly fetch manifest lodash.throttle@^4.1.1
1333 silly packumentCache full:https://registry.npmjs.org/lodash.throttle cache-miss
1334 http fetch GET 200 https://registry.npmjs.org/source-map 364ms (cache miss)
1335 silly packumentCache full:https://registry.npmjs.org/source-map set size:undefined disposed:false
1336 silly fetch manifest serialize-error@^2.1.0
1337 silly packumentCache full:https://registry.npmjs.org/serialize-error cache-miss
1338 http fetch GET 200 https://registry.npmjs.org/@babel%2ftemplate 292ms (cache miss)
1339 silly packumentCache full:https://registry.npmjs.org/@babel%2ftemplate set size:undefined disposed:false
1340 silly fetch manifest @babel/generator@^7.25.0
1341 silly packumentCache full:https://registry.npmjs.org/@babel%2fgenerator cache-miss
1342 http cache https://registry.npmjs.org/@babel%2fgenerator 4ms (cache hit)
1343 silly packumentCache full:https://registry.npmjs.org/@babel%2fgenerator set size:522841 disposed:false
1344 silly fetch manifest @babel/code-frame@^7.24.7
1345 silly packumentCache full:https://registry.npmjs.org/@babel%2fcode-frame cache-hit
1346 silly fetch manifest error-stack-parser@^2.0.6
1347 silly packumentCache full:https://registry.npmjs.org/error-stack-parser cache-miss
1348 http fetch GET 200 https://registry.npmjs.org/lodash.throttle 82ms (cache miss)
1349 silly packumentCache full:https://registry.npmjs.org/lodash.throttle set size:undefined disposed:false
1350 silly fetch manifest https-proxy-agent@^7.0.5
1351 silly packumentCache full:https://registry.npmjs.org/https-proxy-agent cache-miss
1352 http fetch GET 200 https://registry.npmjs.org/@babel%2ftraverse 384ms (cache miss)
1353 silly packumentCache full:https://registry.npmjs.org/@babel%2ftraverse set size:undefined disposed:false
1354 silly fetch manifest exponential-backoff@^3.1.1
1355 silly packumentCache full:https://registry.npmjs.org/exponential-backoff cache-miss
1356 http fetch GET 200 https://registry.npmjs.org/error-stack-parser 153ms (cache miss)
1357 silly packumentCache full:https://registry.npmjs.org/error-stack-parser set size:undefined disposed:false
1358 silly fetch manifest yaml@^2.6.1
1359 silly packumentCache full:https://registry.npmjs.org/yaml cache-miss
1360 http fetch GET 200 https://registry.npmjs.org/https-proxy-agent 157ms (cache miss)
1361 silly packumentCache full:https://registry.npmjs.org/https-proxy-agent set size:undefined disposed:false
1362 silly fetch manifest jest-validate@^29.7.0
1363 silly packumentCache full:https://registry.npmjs.org/jest-validate cache-miss
1364 http fetch GET 200 https://registry.npmjs.org/exponential-backoff 84ms (cache miss)
1365 silly packumentCache full:https://registry.npmjs.org/exponential-backoff set size:undefined disposed:false
1366 silly fetch manifest walker@^1.0.7
1367 silly packumentCache full:https://registry.npmjs.org/walker cache-miss
1368 http fetch GET 200 https://registry.npmjs.org/serialize-error 277ms (cache miss)
1369 silly packumentCache full:https://registry.npmjs.org/serialize-error set size:undefined disposed:false
1370 silly fetch manifest micromatch@^4.0.4
1371 silly packumentCache full:https://registry.npmjs.org/micromatch cache-miss
1372 http fetch GET 200 https://registry.npmjs.org/@babel%2ftypes 632ms (cache miss)
1373 silly packumentCache full:https://registry.npmjs.org/@babel%2ftypes set size:undefined disposed:false
1374 silly fetch manifest fb-watchman@^2.0.0
1375 silly packumentCache full:https://registry.npmjs.org/fb-watchman cache-miss
1376 http fetch GET 200 https://registry.npmjs.org/walker 61ms (cache miss)
1377 silly packumentCache full:https://registry.npmjs.org/walker set size:undefined disposed:false
1378 silly fetch manifest jest-worker@^29.7.0
1379 silly packumentCache full:https://registry.npmjs.org/jest-worker cache-miss
1380 http fetch GET 200 https://registry.npmjs.org/fb-watchman 159ms (cache miss)
1381 silly packumentCache full:https://registry.npmjs.org/fb-watchman set size:undefined disposed:false
1382 silly fetch manifest terser@^5.15.0
1383 silly packumentCache full:https://registry.npmjs.org/terser cache-miss
1384 http fetch GET 200 https://registry.npmjs.org/micromatch 250ms (cache miss)
1385 silly packumentCache full:https://registry.npmjs.org/micromatch set size:undefined disposed:false
1386 silly fetch manifest ob1@0.83.3
1387 silly packumentCache full:https://registry.npmjs.org/ob1 cache-miss
1388 http fetch GET 200 https://registry.npmjs.org/jest-worker 899ms (cache miss)
1389 silly packumentCache full:https://registry.npmjs.org/jest-worker set size:undefined disposed:false
1390 silly fetch manifest vlq@^1.0.0
1391 silly packumentCache full:https://registry.npmjs.org/vlq cache-miss
1392 http fetch GET 200 https://registry.npmjs.org/yaml 337ms (cache miss)
1393 silly packumentCache full:https://registry.npmjs.org/yaml set size:undefined disposed:false
1394 silly fetch manifest @babel/traverse--for-generate-function-map@npm:@babel/traverse@^7.25.3
1395 silly packumentCache full:https://registry.npmjs.org/@babel%2ftraverse cache-miss
1396 http cache https://registry.npmjs.org/@babel%2ftraverse 5ms (cache hit)
1397 silly packumentCache full:https://registry.npmjs.org/@babel%2ftraverse set size:564759 disposed:false
1398 silly fetch manifest vlq@^1.0.0
1399 silly packumentCache full:https://registry.npmjs.org/vlq cache-miss
1400 http fetch GET 200 https://registry.npmjs.org/@babel%2fparser 948ms (cache miss)
1401 silly packumentCache full:https://registry.npmjs.org/@babel%2fparser set size:undefined disposed:false
1402 http fetch GET 200 https://registry.npmjs.org/vlq 158ms (cache miss)
1403 silly packumentCache full:https://registry.npmjs.org/vlq set size:undefined disposed:false
1404 http fetch GET 200 https://registry.npmjs.org/jest-worker 410ms (cache miss)
1405 silly packumentCache full:https://registry.npmjs.org/jest-worker set size:undefined disposed:false
1406 http fetch GET 200 https://registry.npmjs.org/vlq 147ms (cache miss)
1407 silly packumentCache full:https://registry.npmjs.org/vlq set size:undefined disposed:false
1408 http fetch GET 200 https://registry.npmjs.org/ob1 287ms (cache miss)
1409 silly packumentCache full:https://registry.npmjs.org/ob1 set size:undefined disposed:false
1410 http fetch GET 200 https://registry.npmjs.org/jest-validate 699ms (cache miss)
1411 silly packumentCache full:https://registry.npmjs.org/jest-validate set size:undefined disposed:false
1412 http fetch GET 200 https://registry.npmjs.org/terser 1477ms (cache miss)
1413 silly packumentCache full:https://registry.npmjs.org/terser set size:undefined disposed:false
1414 silly placeDep ROOT @xmldom/xmldom@0.8.13 OK for: @expo/plist@0.4.9 want: ^0.8.8
1415 silly placeDep ROOT base64-js@1.5.1 OK for: @expo/plist@0.4.9 want: ^1.2.3
1416 silly placeDep ROOT xmlbuilder@15.1.1 OK for: @expo/plist@0.4.9 want: ^15.1.1
1417 silly placeDep ROOT cross-spawn@7.0.6 OK for: @expo/spawn-async@1.8.0 want: ^7.0.6
1418 silly fetch manifest which@^2.0.1
1419 silly packumentCache full:https://registry.npmjs.org/which cache-miss
1420 silly fetch manifest path-key@^3.1.0
1421 silly packumentCache full:https://registry.npmjs.org/path-key cache-miss
1422 silly fetch manifest shebang-command@^2.0.0
1423 silly packumentCache full:https://registry.npmjs.org/shebang-command cache-miss
1424 http fetch GET 200 https://registry.npmjs.org/shebang-command 79ms (cache miss)
1425 silly packumentCache full:https://registry.npmjs.org/shebang-command set size:undefined disposed:false
1426 http fetch GET 200 https://registry.npmjs.org/path-key 80ms (cache miss)
1427 silly packumentCache full:https://registry.npmjs.org/path-key set size:undefined disposed:false
1428 http fetch GET 200 https://registry.npmjs.org/which 119ms (cache miss)
1429 silly packumentCache full:https://registry.npmjs.org/which set size:undefined disposed:false
1430 silly placeDep ROOT ansi-styles@3.2.1 OK for: chalk@2.4.2 want: ^3.2.1
1431 silly placeDep node_modules/chalk escape-string-regexp@1.0.5 OK for: chalk@2.4.2 want: ^1.0.5
1432 silly placeDep ROOT supports-color@5.5.0 OK for: chalk@2.4.2 want: ^5.3.0
1433 silly fetch manifest color-convert@^1.9.0
1434 silly packumentCache full:https://registry.npmjs.org/color-convert cache-miss
1435 silly fetch manifest has-flag@^3.0.0
1436 silly packumentCache full:https://registry.npmjs.org/has-flag cache-miss
1437 http cache https://registry.npmjs.org/color-convert 5ms (cache hit)
1438 silly packumentCache full:https://registry.npmjs.org/color-convert set size:72663 disposed:false
1439 http fetch GET 200 https://registry.npmjs.org/has-flag 84ms (cache miss)
1440 silly packumentCache full:https://registry.npmjs.org/has-flag set size:undefined disposed:false
1441 silly placeDep node_modules/ansi-styles color-convert@1.9.3 OK for: ansi-styles@3.2.1 want: ^1.9.0
1442 silly fetch manifest color-name@1.1.3
1443 silly packumentCache full:https://registry.npmjs.org/color-name cache-miss
1444 http cache https://registry.npmjs.org/color-name 3ms (cache hit)
1445 silly packumentCache full:https://registry.npmjs.org/color-name set size:20968 disposed:false
1446 silly placeDep ROOT path-key@3.1.1 OK for: cross-spawn@7.0.6 want: ^3.1.0
1447 silly placeDep ROOT shebang-command@2.0.0 OK for: cross-spawn@7.0.6 want: ^2.0.0
1448 silly placeDep ROOT which@2.0.2 OK for: cross-spawn@7.0.6 want: ^2.0.1
1449 silly fetch manifest shebang-regex@^3.0.0
1450 silly packumentCache full:https://registry.npmjs.org/shebang-regex cache-miss
1451 silly fetch manifest isexe@^2.0.0
1452 silly packumentCache full:https://registry.npmjs.org/isexe cache-miss
1453 http fetch GET 200 https://registry.npmjs.org/shebang-regex 61ms (cache miss)
1454 silly packumentCache full:https://registry.npmjs.org/shebang-regex set size:undefined disposed:false
1455 http fetch GET 200 https://registry.npmjs.org/isexe 66ms (cache miss)
1456 silly packumentCache full:https://registry.npmjs.org/isexe set size:undefined disposed:false
1457 silly placeDep ROOT ms@2.1.3 OK for: debug@4.4.3 want: ^2.1.3
1458 silly placeDep ROOT fontfaceobserver@2.3.0 OK for: expo-font@14.0.12 want: ^2.1.0
1459 silly placeDep node_modules/expo-modules-autolinking chalk@4.1.2 OK for: expo-modules-autolinking@3.0.26 want: ^4.1.0
1460 silly placeDep ROOT commander@7.2.0 OK for: expo-modules-autolinking@3.0.26 want: ^7.2.0
1461 silly placeDep ROOT invariant@2.2.4 OK for: expo-modules-core@3.0.30 want: ^2.2.4
1462 silly fetch manifest loose-envify@^1.0.0
1463 silly packumentCache full:https://registry.npmjs.org/loose-envify cache-miss
1464 http fetch GET 200 https://registry.npmjs.org/loose-envify 95ms (cache miss)
1465 silly packumentCache full:https://registry.npmjs.org/loose-envify set size:undefined disposed:false
1466 silly placeDep ROOT react-native-is-edge-to-edge@1.3.1 OK for: expo-status-bar@3.0.9 want: ^1.2.1
1467 silly placeDep ROOT minipass@7.1.3 OK for: glob@13.0.6 want: ^7.1.3
1468 silly placeDep ROOT path-scurry@2.0.2 OK for: glob@13.0.6 want: ^2.0.2
1469 silly fetch manifest lru-cache@^11.0.0
1470 silly packumentCache full:https://registry.npmjs.org/lru-cache cache-miss
1471 http fetch GET 200 https://registry.npmjs.org/lru-cache 286ms (cache miss)
1472 silly packumentCache full:https://registry.npmjs.org/lru-cache set size:undefined disposed:false
1473 silly placeDep ROOT loose-envify@1.4.0 OK for: invariant@2.2.4 want: ^1.0.0
1474 silly placeDep ROOT is-plain-obj@2.1.0 OK for: merge-options@3.0.4 want: ^2.1.0
1475 silly fetch manifest bufferutil@^4.0.1
1476 silly packumentCache full:https://registry.npmjs.org/bufferutil cache-miss
1477 http fetch GET 200 https://registry.npmjs.org/bufferutil 127ms (cache miss)
1478 silly packumentCache full:https://registry.npmjs.org/bufferutil set size:undefined disposed:false
1479 silly fetch manifest utf-8-validate@^5.0.2
1480 silly packumentCache full:https://registry.npmjs.org/utf-8-validate cache-miss
1481 http fetch GET 200 https://registry.npmjs.org/utf-8-validate 299ms (cache miss)
1482 silly packumentCache full:https://registry.npmjs.org/utf-8-validate set size:undefined disposed:false
1483 silly placeDep node_modules/metro @babel/code-frame@7.29.7 OK for: metro@0.83.3 want: ^7.24.7
1484 silly placeDep ROOT @babel/core@7.29.7 OK for: metro@0.83.3 want: ^7.25.2
1485 silly placeDep ROOT @babel/generator@7.29.8 OK for: metro@0.83.3 want: ^7.25.0
1486 silly placeDep ROOT @babel/parser@7.29.8 OK for: metro@0.83.3 want: ^7.25.3
1487 silly placeDep ROOT @babel/template@7.29.7 OK for: metro@0.83.3 want: ^7.25.0
1488 silly placeDep ROOT @babel/traverse@7.29.8 OK for: metro@0.83.3 want: ^7.25.3
1489 silly placeDep ROOT @babel/types@7.29.8 OK for: metro@0.83.3 want: ^7.25.2
1490 silly placeDep ROOT accepts@1.3.8 OK for: metro@0.83.3 want: ^1.3.7
1491 silly placeDep node_modules/metro chalk@4.1.2 OK for: metro@0.83.3 want: ^4.0.0
1492 silly placeDep ROOT ci-info@2.0.0 OK for: metro@0.83.3 want: ^2.0.0
1493 silly placeDep ROOT connect@3.7.0 OK for: metro@0.83.3 want: ^3.6.5
1494 silly placeDep ROOT error-stack-parser@2.1.4 OK for: metro@0.83.3 want: ^2.0.6
1495 silly placeDep ROOT flow-enums-runtime@0.0.6 OK for: metro@0.83.3 want: ^0.0.6
1496 silly placeDep ROOT graceful-fs@4.2.11 OK for: metro@0.83.3 want: ^4.2.4
1497 silly placeDep ROOT hermes-parser@0.32.0 OK for: metro@0.83.3 want: 0.32.0
1498 silly placeDep ROOT image-size@1.2.1 OK for: metro@0.83.3 want: ^1.0.2
1499 silly placeDep ROOT jest-worker@29.7.0 OK for: metro@0.83.3 want: ^29.7.0
1500 silly placeDep ROOT jsc-safe-url@0.2.4 OK for: metro@0.83.3 want: ^0.2.2
1501 silly placeDep ROOT lodash.throttle@4.1.1 OK for: metro@0.83.3 want: ^4.1.1
1502 silly placeDep ROOT mime-types@2.1.35 OK for: metro@0.83.3 want: ^2.1.27
1503 silly placeDep ROOT nullthrows@1.1.1 OK for: metro@0.83.3 want: ^1.1.1
1504 silly placeDep ROOT serialize-error@2.1.0 OK for: metro@0.83.3 want: ^2.1.0
1505 silly placeDep ROOT source-map@0.5.7 OK for: metro@0.83.3 want: ^0.5.6
1506 silly placeDep ROOT throat@5.0.0 OK for: metro@0.83.3 want: ^5.0.0
1507 silly placeDep ROOT ws@7.5.13 OK for: metro@0.83.3 want: ^7.5.10
1508 silly placeDep ROOT yargs@17.7.3 OK for: metro@0.83.3 want: ^17.6.2
1509 silly fetch manifest semver@^6.3.1
1510 silly packumentCache full:https://registry.npmjs.org/semver cache-hit
1511 silly fetch manifest gensync@^1.0.0-beta.2
1512 silly packumentCache full:https://registry.npmjs.org/gensync cache-miss
1513 silly fetch manifest @babel/types@^7.29.7
1514 silly packumentCache full:https://registry.npmjs.org/@babel%2ftypes cache-miss
1515 silly fetch manifest @babel/parser@^7.29.7
1516 silly packumentCache full:https://registry.npmjs.org/@babel%2fparser cache-miss
1517 silly fetch manifest @babel/helpers@^7.29.7
1518 silly packumentCache full:https://registry.npmjs.org/@babel%2fhelpers cache-miss
1519 silly fetch manifest @babel/template@^7.29.7
1520 silly packumentCache full:https://registry.npmjs.org/@babel%2ftemplate cache-miss
1521 silly fetch manifest @babel/traverse@^7.29.7
1522 silly packumentCache full:https://registry.npmjs.org/@babel%2ftraverse cache-hit
1523 silly fetch manifest @babel/generator@^7.29.7
1524 silly packumentCache full:https://registry.npmjs.org/@babel%2fgenerator cache-hit
1525 silly fetch manifest @babel/code-frame@^7.29.7
1526 silly packumentCache full:https://registry.npmjs.org/@babel%2fcode-frame cache-hit
1527 silly fetch manifest convert-source-map@^2.0.0
1528 silly packumentCache full:https://registry.npmjs.org/convert-source-map cache-miss
1529 silly fetch manifest @jridgewell/remapping@^2.3.5
1530 silly packumentCache full:https://registry.npmjs.org/@jridgewell%2fremapping cache-miss
1531 http cache https://registry.npmjs.org/@babel%2ftemplate 7ms (cache hit)
1532 silly packumentCache full:https://registry.npmjs.org/@babel%2ftemplate set size:237074 disposed:false
1533 silly fetch manifest @babel/helper-module-transforms@^7.29.7
1534 silly packumentCache full:https://registry.npmjs.org/@babel%2fhelper-module-transforms cache-miss
1535 http cache https://registry.npmjs.org/@babel%2fparser 10ms (cache hit)
1536 silly packumentCache full:https://registry.npmjs.org/@babel%2fparser set size:737961 disposed:false
1537 silly fetch manifest @babel/helper-compilation-targets@^7.29.7
1538 silly packumentCache full:https://registry.npmjs.org/@babel%2fhelper-compilation-targets cache-miss
1539 http cache https://registry.npmjs.org/@babel%2ftypes 17ms (cache hit)
1540 silly packumentCache full:https://registry.npmjs.org/@babel%2ftypes set size:502938 disposed:false
1541 silly fetch manifest jsesc@^3.0.2
1542 silly packumentCache full:https://registry.npmjs.org/jsesc cache-miss
1543 http fetch GET 200 https://registry.npmjs.org/gensync 247ms (cache miss)
1544 silly packumentCache full:https://registry.npmjs.org/gensync set size:undefined disposed:false
1545 silly fetch manifest @babel/types@^7.29.8
1546 silly packumentCache full:https://registry.npmjs.org/@babel%2ftypes cache-hit
1547 silly fetch manifest @babel/parser@^7.29.8
1548 silly packumentCache full:https://registry.npmjs.org/@babel%2fparser cache-hit
1549 silly fetch manifest @jridgewell/gen-mapping@^0.3.12
1550 silly packumentCache full:https://registry.npmjs.org/@jridgewell%2fgen-mapping cache-miss
1551 http fetch GET 200 https://registry.npmjs.org/@jridgewell%2fremapping 306ms (cache miss)
1552 silly packumentCache full:https://registry.npmjs.org/@jridgewell%2fremapping set size:undefined disposed:false
1553 silly fetch manifest @jridgewell/trace-mapping@^0.3.28
1554 silly packumentCache full:https://registry.npmjs.org/@jridgewell%2ftrace-mapping cache-miss
1555 http cache https://registry.npmjs.org/@jridgewell%2fgen-mapping 64ms (cache hit)
1556 silly packumentCache full:https://registry.npmjs.org/@jridgewell%2fgen-mapping set size:75941 disposed:false
1557 silly fetch manifest @babel/helper-globals@^7.29.7
1558 silly packumentCache full:https://registry.npmjs.org/@babel%2fhelper-globals cache-miss
1559 http fetch GET 200 https://registry.npmjs.org/jsesc 367ms (cache miss)
1560 silly packumentCache full:https://registry.npmjs.org/jsesc set size:undefined disposed:false
1561 silly fetch manifest @babel/helper-string-parser@^7.29.7
1562 silly packumentCache full:https://registry.npmjs.org/@babel%2fhelper-string-parser cache-miss
1563 http fetch GET 200 https://registry.npmjs.org/@babel%2fhelper-globals 124ms (cache miss)
1564 silly packumentCache full:https://registry.npmjs.org/@babel%2fhelper-globals set size:undefined disposed:false
1565 silly fetch manifest mime-types@~2.1.34
1566 silly packumentCache full:https://registry.npmjs.org/mime-types cache-miss
1567 http cache https://registry.npmjs.org/mime-types 4ms (cache hit)
1568 silly packumentCache full:https://registry.npmjs.org/mime-types set size:139110 disposed:false
1569 silly fetch manifest negotiator@0.6.3
1570 silly packumentCache full:https://registry.npmjs.org/negotiator cache-miss
1571 http fetch GET 200 https://registry.npmjs.org/@babel%2fhelper-compilation-targets 497ms (cache miss)
1572 silly packumentCache full:https://registry.npmjs.org/@babel%2fhelper-compilation-targets set size:undefined disposed:false
1573 silly fetch manifest debug@2.6.9
1574 silly packumentCache full:https://registry.npmjs.org/debug cache-hit
1575 silly fetch manifest finalhandler@1.1.2
1576 silly packumentCache full:https://registry.npmjs.org/finalhandler cache-miss
1577 http fetch GET 200 https://registry.npmjs.org/@babel%2fhelper-string-parser 128ms (cache miss)
1578 silly packumentCache full:https://registry.npmjs.org/@babel%2fhelper-string-parser set size:undefined disposed:false
1579 silly fetch manifest parseurl@~1.3.3
1580 silly packumentCache full:https://registry.npmjs.org/parseurl cache-miss
1581 http fetch GET 200 https://registry.npmjs.org/@babel%2fhelper-module-transforms 521ms (cache miss)
1582 silly packumentCache full:https://registry.npmjs.org/@babel%2fhelper-module-transforms set size:undefined disposed:false
1583 silly fetch manifest utils-merge@1.0.1
1584 silly packumentCache full:https://registry.npmjs.org/utils-merge cache-miss
1585 http fetch GET 200 https://registry.npmjs.org/utils-merge 53ms (cache miss)
1586 silly packumentCache full:https://registry.npmjs.org/utils-merge set size:undefined disposed:false
1587 silly fetch manifest stackframe@^1.3.4
1588 silly packumentCache full:https://registry.npmjs.org/stackframe cache-miss
1589 http fetch GET 200 https://registry.npmjs.org/parseurl 101ms (cache miss)
1590 silly packumentCache full:https://registry.npmjs.org/parseurl set size:undefined disposed:false
1591 silly fetch manifest hermes-estree@0.32.0
1592 silly packumentCache full:https://registry.npmjs.org/hermes-estree cache-miss
1593 http fetch GET 200 https://registry.npmjs.org/@jridgewell%2ftrace-mapping 325ms (cache miss)
1594 silly packumentCache full:https://registry.npmjs.org/@jridgewell%2ftrace-mapping set size:undefined disposed:false
1595 silly fetch manifest queue@6.0.2
1596 silly packumentCache full:https://registry.npmjs.org/queue cache-miss
1597 http fetch GET 200 https://registry.npmjs.org/negotiator 141ms (cache miss)
1598 silly packumentCache full:https://registry.npmjs.org/negotiator set size:undefined disposed:false
1599 silly fetch manifest jest-util@^29.7.0
1600 silly packumentCache full:https://registry.npmjs.org/jest-util cache-miss
1601 http fetch GET 200 https://registry.npmjs.org/@babel%2fhelpers 643ms (cache miss)
1602 silly packumentCache full:https://registry.npmjs.org/@babel%2fhelpers set size:undefined disposed:false
1603 silly fetch manifest @types/node@*
1604 silly packumentCache full:https://registry.npmjs.org/@types%2fnode cache-miss
1605 http fetch GET 200 https://registry.npmjs.org/finalhandler 135ms (cache miss)
1606 silly packumentCache full:https://registry.npmjs.org/finalhandler set size:undefined disposed:false
1607 silly fetch manifest merge-stream@^2.0.0
1608 silly packumentCache full:https://registry.npmjs.org/merge-stream cache-miss
1609 http fetch GET 200 https://registry.npmjs.org/merge-stream 544ms (cache miss)
1610 silly packumentCache full:https://registry.npmjs.org/merge-stream set size:undefined disposed:false
1611 silly fetch manifest supports-color@^8.0.0
1612 silly packumentCache full:https://registry.npmjs.org/supports-color cache-hit
1613 silly fetch manifest mime-db@1.52.0
1614 silly packumentCache full:https://registry.npmjs.org/mime-db cache-miss
1615 http fetch GET 200 https://registry.npmjs.org/stackframe 648ms (cache miss)
1616 silly packumentCache full:https://registry.npmjs.org/stackframe set size:undefined disposed:false
1617 silly fetch manifest y18n@^5.0.5
1618 silly packumentCache full:https://registry.npmjs.org/y18n cache-miss
1619 http fetch GET 200 https://registry.npmjs.org/queue 609ms (cache miss)
1620 silly packumentCache full:https://registry.npmjs.org/queue set size:undefined disposed:false
1621 silly fetch manifest cliui@^8.0.1
1622 silly packumentCache full:https://registry.npmjs.org/cliui cache-miss
1623 http fetch GET 200 https://registry.npmjs.org/hermes-estree 623ms (cache miss)
1624 silly packumentCache full:https://registry.npmjs.org/hermes-estree set size:undefined disposed:false
1625 silly fetch manifest escalade@^3.1.1
1626 silly packumentCache full:https://registry.npmjs.org/escalade cache-miss
1627 http fetch GET 200 https://registry.npmjs.org/convert-source-map 1259ms (cache miss)
1628 silly packumentCache full:https://registry.npmjs.org/convert-source-map set size:undefined disposed:false
1629 silly fetch manifest string-width@^4.2.3
1630 silly packumentCache full:https://registry.npmjs.org/string-width cache-miss
1631 http fetch GET 200 https://registry.npmjs.org/mime-db 162ms (cache miss)
1632 silly packumentCache full:https://registry.npmjs.org/mime-db set size:undefined disposed:false
1633 silly fetch manifest yargs-parser@^21.1.1
1634 silly packumentCache full:https://registry.npmjs.org/yargs-parser cache-miss
1635 http fetch GET 200 https://registry.npmjs.org/y18n 168ms (cache miss)
1636 silly packumentCache full:https://registry.npmjs.org/y18n set size:undefined disposed:false
1637 silly fetch manifest get-caller-file@^2.0.5
1638 silly packumentCache full:https://registry.npmjs.org/get-caller-file cache-miss
1639 http fetch GET 200 https://registry.npmjs.org/escalade 158ms (cache miss)
1640 silly packumentCache full:https://registry.npmjs.org/escalade set size:undefined disposed:false
1641 silly fetch manifest require-directory@^2.1.1
1642 silly packumentCache full:https://registry.npmjs.org/require-directory cache-miss
1643 http fetch GET 200 https://registry.npmjs.org/string-width 166ms (cache miss)
1644 silly packumentCache full:https://registry.npmjs.org/string-width set size:undefined disposed:false
1645 http fetch GET 200 https://registry.npmjs.org/cliui 174ms (cache miss)
1646 silly packumentCache full:https://registry.npmjs.org/cliui set size:undefined disposed:false
1647 http fetch GET 200 https://registry.npmjs.org/require-directory 72ms (cache miss)
1648 silly packumentCache full:https://registry.npmjs.org/require-directory set size:undefined disposed:false
1649 http fetch GET 200 https://registry.npmjs.org/yargs-parser 143ms (cache miss)
1650 silly packumentCache full:https://registry.npmjs.org/yargs-parser set size:undefined disposed:false
1651 http fetch GET 200 https://registry.npmjs.org/jest-util 987ms (cache miss)
1652 silly packumentCache full:https://registry.npmjs.org/jest-util set size:undefined disposed:false
1653 http fetch GET 200 https://registry.npmjs.org/get-caller-file 280ms (cache miss)
1654 silly packumentCache full:https://registry.npmjs.org/get-caller-file set size:undefined disposed:false
1655 http fetch GET 200 https://registry.npmjs.org/@types%2fnode 3965ms (cache miss)
1656 silly packumentCache full:https://registry.npmjs.org/@types%2fnode set size:undefined disposed:false
1657 silly fetch manifest @babel/core@^7.0.0
1658 silly packumentCache full:https://registry.npmjs.org/@babel%2fcore cache-hit
1659 silly placeDep node_modules/@babel/core @babel/code-frame@7.29.7 OK for: @babel/core@7.29.7 want: ^7.29.7
1660 silly placeDep ROOT @babel/helper-compilation-targets@7.29.7 OK for: @babel/core@7.29.7 want: ^7.29.7
1661 silly placeDep ROOT @babel/helper-module-transforms@7.29.7 OK for: @babel/core@7.29.7 want: ^7.29.7
1662 silly placeDep ROOT @babel/helpers@7.29.7 OK for: @babel/core@7.29.7 want: ^7.29.7
1663 silly placeDep ROOT @jridgewell/remapping@2.3.5 OK for: @babel/core@7.29.7 want: ^2.3.5
1664 silly placeDep ROOT convert-source-map@2.0.0 OK for: @babel/core@7.29.7 want: ^2.0.0
1665 silly placeDep ROOT gensync@1.0.0-beta.2 OK for: @babel/core@7.29.7 want: ^1.0.0-beta.2
1666 silly placeDep node_modules/@babel/core semver@6.3.1 OK for: @babel/core@7.29.7 want: ^6.3.1
1667 silly fetch manifest lru-cache@^5.1.1
1668 silly packumentCache full:https://registry.npmjs.org/lru-cache cache-miss
1669 silly fetch manifest browserslist@^4.24.0
1670 silly packumentCache full:https://registry.npmjs.org/browserslist cache-miss
1671 silly fetch manifest @babel/compat-data@^7.29.7
1672 silly packumentCache full:https://registry.npmjs.org/@babel%2fcompat-data cache-miss
1673 silly fetch manifest @babel/helper-validator-option@^7.29.7
1674 silly packumentCache full:https://registry.npmjs.org/@babel%2fhelper-validator-option cache-miss
1675 silly fetch manifest @babel/helper-module-imports@^7.29.7
1676 silly packumentCache full:https://registry.npmjs.org/@babel%2fhelper-module-imports cache-miss
1677 silly fetch manifest @jridgewell/gen-mapping@^0.3.5
1678 silly packumentCache full:https://registry.npmjs.org/@jridgewell%2fgen-mapping cache-hit
1679 silly fetch manifest @jridgewell/trace-mapping@^0.3.24
1680 silly packumentCache full:https://registry.npmjs.org/@jridgewell%2ftrace-mapping cache-miss
1681 http cache https://registry.npmjs.org/@jridgewell%2ftrace-mapping 14ms (cache hit)
1682 silly packumentCache full:https://registry.npmjs.org/@jridgewell%2ftrace-mapping set size:170909 disposed:false
1683 http cache https://registry.npmjs.org/lru-cache 19ms (cache hit)
1684 silly packumentCache full:https://registry.npmjs.org/lru-cache set size:460407 disposed:false
1685 http cache https://registry.npmjs.org/browserslist 22ms (cache hit)
1686 silly packumentCache full:https://registry.npmjs.org/browserslist set size:518659 disposed:false
1687 http cache https://registry.npmjs.org/@babel%2fhelper-module-imports 23ms (cache hit)
1688 silly packumentCache full:https://registry.npmjs.org/@babel%2fhelper-module-imports set size:203392 disposed:false
1689 http fetch GET 200 https://registry.npmjs.org/@babel%2fhelper-validator-option 234ms (cache miss)
1690 silly packumentCache full:https://registry.npmjs.org/@babel%2fhelper-validator-option set size:undefined disposed:false
1691 http fetch GET 200 https://registry.npmjs.org/@babel%2fcompat-data 327ms (cache miss)
1692 silly packumentCache full:https://registry.npmjs.org/@babel%2fcompat-data set size:undefined disposed:false
1693 silly placeDep ROOT @jridgewell/gen-mapping@0.3.13 OK for: @babel/generator@7.29.8 want: ^0.3.12
1694 silly placeDep ROOT @jridgewell/trace-mapping@0.3.31 OK for: @babel/generator@7.29.8 want: ^0.3.28
1695 silly placeDep ROOT jsesc@3.1.0 OK for: @babel/generator@7.29.8 want: ^3.0.2
1696 silly fetch manifest @jridgewell/sourcemap-codec@^1.5.0
1697 silly packumentCache full:https://registry.npmjs.org/@jridgewell%2fsourcemap-codec cache-miss
1698 silly fetch manifest @jridgewell/resolve-uri@^3.1.0
1699 silly packumentCache full:https://registry.npmjs.org/@jridgewell%2fresolve-uri cache-miss
1700 silly fetch manifest @jridgewell/sourcemap-codec@^1.4.14
1701 silly packumentCache full:https://registry.npmjs.org/@jridgewell%2fsourcemap-codec cache-miss
1702 http fetch GET 200 https://registry.npmjs.org/@jridgewell%2fsourcemap-codec 232ms (cache miss)
1703 silly packumentCache full:https://registry.npmjs.org/@jridgewell%2fsourcemap-codec set size:undefined disposed:false
1704 http fetch GET 200 https://registry.npmjs.org/@jridgewell%2fsourcemap-codec 232ms (cache miss)
1705 silly packumentCache full:https://registry.npmjs.org/@jridgewell%2fsourcemap-codec set size:undefined disposed:false
1706 http fetch GET 200 https://registry.npmjs.org/@jridgewell%2fresolve-uri 233ms (cache miss)
1707 silly packumentCache full:https://registry.npmjs.org/@jridgewell%2fresolve-uri set size:undefined disposed:false
1708 silly placeDep ROOT @babel/compat-data@7.29.7 OK for: @babel/helper-compilation-targets@7.29.7 want: ^7.29.7
1709 silly placeDep ROOT @babel/helper-validator-option@7.29.7 OK for: @babel/helper-compilation-targets@7.29.7 want: ^7.29.7
1710 silly placeDep ROOT browserslist@4.28.8 OK for: @babel/helper-compilation-targets@7.29.7 want: ^4.24.0
1711 silly placeDep ROOT lru-cache@5.1.1 OK for: @babel/helper-compilation-targets@7.29.7 want: ^5.1.1
1712 silly placeDep node_modules/@babel/helper-compilation-targets semver@6.3.1 OK for: @babel/helper-compilation-targets@7.29.7 want: ^6.3.1
1713 silly fetch manifest caniuse-lite@^1.0.30001809
1714 silly packumentCache full:https://registry.npmjs.org/caniuse-lite cache-miss
1715 silly fetch manifest node-releases@^2.0.53
1716 silly packumentCache full:https://registry.npmjs.org/node-releases cache-miss
1717 silly fetch manifest electron-to-chromium@^1.5.402
1718 silly packumentCache full:https://registry.npmjs.org/electron-to-chromium cache-miss
1719 silly fetch manifest update-browserslist-db@^1.3.0
1720 silly packumentCache full:https://registry.npmjs.org/update-browserslist-db cache-miss
1721 silly fetch manifest baseline-browser-mapping@^2.11.12
1722 silly packumentCache full:https://registry.npmjs.org/baseline-browser-mapping cache-miss
1723 silly fetch manifest yallist@^3.0.2
1724 silly packumentCache full:https://registry.npmjs.org/yallist cache-miss
1725 http fetch GET 200 https://registry.npmjs.org/yallist 132ms (cache miss)
1726 silly packumentCache full:https://registry.npmjs.org/yallist set size:undefined disposed:false
1727 http fetch GET 200 https://registry.npmjs.org/update-browserslist-db 134ms (cache miss)
1728 silly packumentCache full:https://registry.npmjs.org/update-browserslist-db set size:undefined disposed:false
1729 http fetch GET 200 https://registry.npmjs.org/baseline-browser-mapping 157ms (cache miss)
1730 silly packumentCache full:https://registry.npmjs.org/baseline-browser-mapping set size:undefined disposed:false
1731 http fetch GET 200 https://registry.npmjs.org/node-releases 198ms (cache miss)
1732 silly packumentCache full:https://registry.npmjs.org/node-releases set size:undefined disposed:false
1733 http fetch GET 200 https://registry.npmjs.org/caniuse-lite 1831ms (cache miss)
1734 silly packumentCache full:https://registry.npmjs.org/caniuse-lite set size:undefined disposed:false
1735 http fetch GET 200 https://registry.npmjs.org/electron-to-chromium 3325ms (cache miss)
1736 silly packumentCache full:https://registry.npmjs.org/electron-to-chromium set size:undefined disposed:false
1737 silly placeDep ROOT @babel/helper-module-imports@7.29.7 OK for: @babel/helper-module-transforms@7.29.7 want: ^7.29.7
1738 silly placeDep node_modules/@babel/template @babel/code-frame@7.29.7 OK for: @babel/template@7.29.7 want: ^7.29.7
1739 silly placeDep node_modules/@babel/traverse @babel/code-frame@7.29.7 OK for: @babel/traverse@7.29.8 want: ^7.29.7
1740 silly placeDep ROOT @babel/helper-globals@7.29.7 OK for: @babel/traverse@7.29.8 want: ^7.29.7
1741 silly placeDep ROOT @babel/helper-string-parser@7.29.7 OK for: @babel/types@7.29.8 want: ^7.29.7
1742 silly placeDep ROOT @jridgewell/sourcemap-codec@1.5.5 OK for: @jridgewell/gen-mapping@0.3.13 want: ^1.5.0
1743 silly placeDep ROOT @jridgewell/resolve-uri@3.1.2 OK for: @jridgewell/trace-mapping@0.3.31 want: ^3.1.0
1744 silly placeDep ROOT negotiator@0.6.3 OK for: accepts@1.3.8 want: 0.6.3
1745 silly fetch manifest browserslist@>= 4.21.0
1746 silly packumentCache full:https://registry.npmjs.org/browserslist cache-hit
1747 silly placeDep ROOT baseline-browser-mapping@2.11.13 OK for: browserslist@4.28.8 want: ^2.11.12
1748 silly placeDep ROOT caniuse-lite@1.0.30001809 OK for: browserslist@4.28.8 want: ^1.0.30001809
1749 silly placeDep ROOT electron-to-chromium@1.5.404 OK for: browserslist@4.28.8 want: ^1.5.402
1750 silly placeDep ROOT node-releases@2.0.53 OK for: browserslist@4.28.8 want: ^2.0.53
1751 silly placeDep ROOT update-browserslist-db@1.3.1 OK for: browserslist@4.28.8 want: ^1.3.0
1752 silly fetch manifest escalade@^3.2.0
1753 silly packumentCache full:https://registry.npmjs.org/escalade cache-miss
1754 http cache https://registry.npmjs.org/escalade 4ms (cache hit)
1755 silly packumentCache full:https://registry.npmjs.org/escalade set size:33724 disposed:false
1756 silly placeDep node_modules/connect debug@2.6.9 OK for: connect@3.7.0 want: 2.6.9
1757 silly placeDep ROOT finalhandler@1.1.2 OK for: connect@3.7.0 want: 1.1.2
1758 silly placeDep ROOT parseurl@1.3.3 OK for: connect@3.7.0 want: ~1.3.3
1759 silly placeDep ROOT utils-merge@1.0.1 OK for: connect@3.7.0 want: 1.0.1
1760 silly fetch manifest ms@2.0.0
1761 silly packumentCache full:https://registry.npmjs.org/ms cache-miss
1762 silly fetch manifest unpipe@~1.0.0
1763 silly packumentCache full:https://registry.npmjs.org/unpipe cache-miss
1764 silly fetch manifest statuses@~1.5.0
1765 silly packumentCache full:https://registry.npmjs.org/statuses cache-miss
1766 silly fetch manifest encodeurl@~1.0.2
1767 silly packumentCache full:https://registry.npmjs.org/encodeurl cache-miss
1768 silly fetch manifest escape-html@~1.0.3
1769 silly packumentCache full:https://registry.npmjs.org/escape-html cache-miss
1770 silly fetch manifest on-finished@~2.3.0
1771 silly packumentCache full:https://registry.npmjs.org/on-finished cache-miss
1772 http cache https://registry.npmjs.org/ms 12ms (cache hit)
1773 silly packumentCache full:https://registry.npmjs.org/ms set size:92208 disposed:false
1774 http fetch GET 200 https://registry.npmjs.org/escape-html 253ms (cache miss)
1775 silly packumentCache full:https://registry.npmjs.org/escape-html set size:undefined disposed:false
1776 http fetch GET 200 https://registry.npmjs.org/on-finished 312ms (cache miss)
1777 silly packumentCache full:https://registry.npmjs.org/on-finished set size:undefined disposed:false
1778 http fetch GET 200 https://registry.npmjs.org/encodeurl 317ms (cache miss)
1779 silly packumentCache full:https://registry.npmjs.org/encodeurl set size:undefined disposed:false
1780 http fetch GET 200 https://registry.npmjs.org/unpipe 554ms (cache miss)
1781 silly packumentCache full:https://registry.npmjs.org/unpipe set size:undefined disposed:false
1782 http fetch GET 200 https://registry.npmjs.org/statuses 630ms (cache miss)
1783 silly packumentCache full:https://registry.npmjs.org/statuses set size:undefined disposed:false
1784 silly placeDep ROOT stackframe@1.3.4 OK for: error-stack-parser@2.1.4 want: ^1.3.4
1785 silly placeDep node_modules/finalhandler debug@2.6.9 OK for: finalhandler@1.1.2 want: 2.6.9
1786 silly placeDep ROOT encodeurl@1.0.2 OK for: finalhandler@1.1.2 want: ~1.0.2
1787 silly placeDep ROOT escape-html@1.0.3 OK for: finalhandler@1.1.2 want: ~1.0.3
1788 silly placeDep ROOT on-finished@2.3.0 OK for: finalhandler@1.1.2 want: ~2.3.0
1789 silly placeDep ROOT statuses@1.5.0 OK for: finalhandler@1.1.2 want: ~1.5.0
1790 silly placeDep ROOT unpipe@1.0.0 OK for: finalhandler@1.1.2 want: ~1.0.0
1791 silly fetch manifest ee-first@1.1.1
1792 silly packumentCache full:https://registry.npmjs.org/ee-first cache-miss
1793 http fetch GET 200 https://registry.npmjs.org/ee-first 66ms (cache miss)
1794 silly packumentCache full:https://registry.npmjs.org/ee-first set size:undefined disposed:false
1795 silly placeDep ROOT hermes-estree@0.32.0 OK for: hermes-parser@0.32.0 want: 0.32.0
1796 silly placeDep ROOT queue@6.0.2 OK for: image-size@1.2.1 want: 6.0.2
1797 silly fetch manifest inherits@~2.0.3
1798 silly packumentCache full:https://registry.npmjs.org/inherits cache-miss
1799 http fetch GET 200 https://registry.npmjs.org/inherits 97ms (cache miss)
1800 silly packumentCache full:https://registry.npmjs.org/inherits set size:undefined disposed:false
1801 silly placeDep ROOT @types/node@26.2.0 OK for: jest-worker@29.7.0 want: *
1802 silly placeDep ROOT jest-util@29.7.0 OK for: jest-worker@29.7.0 want: ^29.7.0
1803 silly placeDep ROOT merge-stream@2.0.0 OK for: jest-worker@29.7.0 want: ^2.0.0
1804 silly placeDep node_modules/jest-worker supports-color@8.1.1 OK for: jest-worker@29.7.0 want: ^8.0.0
1805 silly fetch manifest undici-types@~8.3.0
1806 silly packumentCache full:https://registry.npmjs.org/undici-types cache-miss
1807 silly fetch manifest ci-info@^3.2.0
1808 silly packumentCache full:https://registry.npmjs.org/ci-info cache-hit
1809 silly fetch manifest picomatch@^2.2.3
1810 silly packumentCache full:https://registry.npmjs.org/picomatch cache-miss
1811 silly fetch manifest @jest/types@^29.6.3
1812 silly packumentCache full:https://registry.npmjs.org/@jest%2ftypes cache-miss
1813 silly fetch manifest has-flag@^4.0.0
1814 silly packumentCache full:https://registry.npmjs.org/has-flag cache-miss
1815 http cache https://registry.npmjs.org/has-flag 3ms (cache hit)
1816 silly packumentCache full:https://registry.npmjs.org/has-flag set size:15180 disposed:false
1817 http cache https://registry.npmjs.org/picomatch 4ms (cache hit)
1818 silly packumentCache full:https://registry.npmjs.org/picomatch set size:128942 disposed:false
1819 http fetch GET 200 https://registry.npmjs.org/undici-types 107ms (cache miss)
1820 silly packumentCache full:https://registry.npmjs.org/undici-types set size:undefined disposed:false
1821 http fetch GET 200 https://registry.npmjs.org/@jest%2ftypes 297ms (cache miss)
1822 silly packumentCache full:https://registry.npmjs.org/@jest%2ftypes set size:undefined disposed:false
1823 silly placeDep ROOT undici-types@8.3.0 OK for: @types/node@26.2.0 want: ~8.3.0
1824 silly placeDep ROOT @jest/types@29.6.3 OK for: jest-util@29.7.0 want: ^29.6.3
1825 silly placeDep node_modules/jest-util chalk@4.1.2 OK for: jest-util@29.7.0 want: ^4.0.0
1826 silly placeDep node_modules/jest-util ci-info@3.9.0 OK for: jest-util@29.7.0 want: ^3.2.0
1827 silly placeDep ROOT picomatch@2.3.2 OK for: jest-util@29.7.0 want: ^2.2.3
1828 silly fetch manifest @types/yargs@^17.0.8
1829 silly packumentCache full:https://registry.npmjs.org/@types%2fyargs cache-miss
1830 silly fetch manifest @types/istanbul-reports@^3.0.0
1831 silly packumentCache full:https://registry.npmjs.org/@types%2fistanbul-reports cache-miss
1832 silly fetch manifest @types/istanbul-lib-coverage@^2.0.0
1833 silly packumentCache full:https://registry.npmjs.org/@types%2fistanbul-lib-coverage cache-miss
1834 http fetch GET 200 https://registry.npmjs.org/@types%2fistanbul-reports 110ms (cache miss)
1835 silly packumentCache full:https://registry.npmjs.org/@types%2fistanbul-reports set size:undefined disposed:false
1836 http fetch GET 200 https://registry.npmjs.org/@types%2fistanbul-lib-coverage 121ms (cache miss)
1837 silly packumentCache full:https://registry.npmjs.org/@types%2fistanbul-lib-coverage set size:undefined disposed:false
1838 http fetch GET 200 https://registry.npmjs.org/@types%2fyargs 266ms (cache miss)
1839 silly packumentCache full:https://registry.npmjs.org/@types%2fyargs set size:undefined disposed:false
1840 silly placeDep ROOT @jest/schemas@29.6.3 OK for: @jest/types@29.6.3 want: ^29.6.3
1841 silly placeDep ROOT @types/istanbul-lib-coverage@2.0.6 OK for: @jest/types@29.6.3 want: ^2.0.0
1842 silly placeDep ROOT @types/istanbul-reports@3.0.4 OK for: @jest/types@29.6.3 want: ^3.0.0
1843 silly placeDep ROOT @types/yargs@17.0.35 OK for: @jest/types@29.6.3 want: ^17.0.8
1844 silly placeDep node_modules/@jest/types chalk@4.1.2 OK for: @jest/types@29.6.3 want: ^4.0.0
1845 silly fetch manifest @sinclair/typebox@^0.27.8
1846 silly packumentCache full:https://registry.npmjs.org/@sinclair%2ftypebox cache-miss
1847 silly fetch manifest @types/istanbul-lib-report@*
1848 silly packumentCache full:https://registry.npmjs.org/@types%2fistanbul-lib-report cache-miss
1849 silly fetch manifest @types/yargs-parser@*
1850 silly packumentCache full:https://registry.npmjs.org/@types%2fyargs-parser cache-miss
1851 http fetch GET 200 https://registry.npmjs.org/@types%2fistanbul-lib-report 83ms (cache miss)
1852 silly packumentCache full:https://registry.npmjs.org/@types%2fistanbul-lib-report set size:undefined disposed:false
1853 http fetch GET 200 https://registry.npmjs.org/@types%2fyargs-parser 86ms (cache miss)
1854 silly packumentCache full:https://registry.npmjs.org/@types%2fyargs-parser set size:undefined disposed:false
1855 http fetch GET 200 https://registry.npmjs.org/@sinclair%2ftypebox 578ms (cache miss)
1856 silly packumentCache full:https://registry.npmjs.org/@sinclair%2ftypebox set size:undefined disposed:false
1857 silly placeDep ROOT @sinclair/typebox@0.27.12 OK for: @jest/schemas@29.6.3 want: ^0.27.8
1858 silly placeDep ROOT @types/istanbul-lib-report@3.0.3 OK for: @types/istanbul-reports@3.0.4 want: *
1859 silly placeDep ROOT @types/yargs-parser@21.0.3 OK for: @types/yargs@17.0.35 want: *
1860 silly placeDep ROOT yallist@3.1.1 OK for: lru-cache@5.1.1 want: ^3.0.2
1861 silly placeDep ROOT exponential-backoff@3.1.3 OK for: metro-cache@0.83.3 want: ^3.1.1
1862 silly placeDep ROOT https-proxy-agent@7.0.6 OK for: metro-cache@0.83.3 want: ^7.0.5
1863 silly fetch manifest agent-base@^7.1.2
1864 silly packumentCache full:https://registry.npmjs.org/agent-base cache-miss
1865 http cache https://registry.npmjs.org/agent-base 3ms (cache hit)
1866 silly packumentCache full:https://registry.npmjs.org/agent-base set size:72085 disposed:false
1867 silly placeDep ROOT agent-base@7.1.4 OK for: https-proxy-agent@7.0.6 want: ^7.1.2
1868 silly placeDep ROOT jest-validate@29.7.0 OK for: metro-config@0.83.3 want: ^29.7.0
1869 silly placeDep ROOT yaml@2.9.0 OK for: metro-config@0.83.3 want: ^2.6.1
1870 silly fetch manifest leven@^3.1.0
1871 silly packumentCache full:https://registry.npmjs.org/leven cache-miss
1872 silly fetch manifest camelcase@^6.2.0
1873 silly packumentCache full:https://registry.npmjs.org/camelcase cache-miss
1874 silly fetch manifest jest-get-type@^29.6.3
1875 silly packumentCache full:https://registry.npmjs.org/jest-get-type cache-miss
1876 http fetch GET 200 https://registry.npmjs.org/leven 57ms (cache miss)
1877 silly packumentCache full:https://registry.npmjs.org/leven set size:undefined disposed:false
1878 http fetch GET 200 https://registry.npmjs.org/camelcase 133ms (cache miss)
1879 silly packumentCache full:https://registry.npmjs.org/camelcase set size:undefined disposed:false
1880 http fetch GET 200 https://registry.npmjs.org/jest-get-type 457ms (cache miss)
1881 silly packumentCache full:https://registry.npmjs.org/jest-get-type set size:undefined disposed:false
1882 silly placeDep ROOT camelcase@6.3.0 OK for: jest-validate@29.7.0 want: ^6.2.0
1883 silly placeDep node_modules/jest-validate chalk@4.1.2 OK for: jest-validate@29.7.0 want: ^4.0.0
1884 silly placeDep ROOT jest-get-type@29.6.3 OK for: jest-validate@29.7.0 want: ^29.6.3
1885 silly placeDep ROOT leven@3.1.0 OK for: jest-validate@29.7.0 want: ^3.1.0
1886 silly placeDep ROOT fb-watchman@2.0.2 OK for: metro-file-map@0.83.3 want: ^2.0.0
1887 silly placeDep ROOT micromatch@4.0.8 OK for: metro-file-map@0.83.3 want: ^4.0.4
1888 silly placeDep ROOT walker@1.0.8 OK for: metro-file-map@0.83.3 want: ^1.0.7
1889 silly fetch manifest bser@2.1.1
1890 silly packumentCache full:https://registry.npmjs.org/bser cache-miss
1891 silly fetch manifest braces@^3.0.3
1892 silly packumentCache full:https://registry.npmjs.org/braces cache-miss
1893 silly fetch manifest makeerror@1.0.12
1894 silly packumentCache full:https://registry.npmjs.org/makeerror cache-miss
1895 http cache https://registry.npmjs.org/bser 4ms (cache hit)
1896 silly packumentCache full:https://registry.npmjs.org/bser set size:14158 disposed:false
1897 http cache https://registry.npmjs.org/makeerror 4ms (cache hit)
1898 silly packumentCache full:https://registry.npmjs.org/makeerror set size:16681 disposed:false
1899 http cache https://registry.npmjs.org/braces 6ms (cache hit)
1900 silly packumentCache full:https://registry.npmjs.org/braces set size:114529 disposed:false
1901 silly placeDep ROOT bser@2.1.1 OK for: fb-watchman@2.0.2 want: 2.1.1
1902 silly fetch manifest node-int64@^0.4.0
1903 silly packumentCache full:https://registry.npmjs.org/node-int64 cache-miss
1904 http fetch GET 200 https://registry.npmjs.org/node-int64 144ms (cache miss)
1905 silly packumentCache full:https://registry.npmjs.org/node-int64 set size:undefined disposed:false
1906 silly placeDep ROOT node-int64@0.4.0 OK for: bser@2.1.1 want: ^0.4.0
1907 silly placeDep ROOT terser@5.49.2 OK for: metro-minify-terser@0.83.3 want: ^5.15.0
1908 silly fetch manifest acorn@^8.15.0
1909 silly packumentCache full:https://registry.npmjs.org/acorn cache-miss
1910 silly fetch manifest commander@^2.20.0
1911 silly packumentCache full:https://registry.npmjs.org/commander cache-hit
1912 silly fetch manifest source-map-support@~0.5.20
1913 silly packumentCache full:https://registry.npmjs.org/source-map-support cache-miss
1914 silly fetch manifest @jridgewell/source-map@^0.3.3
1915 silly packumentCache full:https://registry.npmjs.org/@jridgewell%2fsource-map cache-miss
1916 http cache https://registry.npmjs.org/source-map-support 8ms (cache hit)
1917 silly packumentCache full:https://registry.npmjs.org/source-map-support set size:125488 disposed:false
1918 http fetch GET 200 https://registry.npmjs.org/@jridgewell%2fsource-map 103ms (cache miss)
1919 silly packumentCache full:https://registry.npmjs.org/@jridgewell%2fsource-map set size:undefined disposed:false
1920 http fetch GET 200 https://registry.npmjs.org/acorn 148ms (cache miss)
1921 silly packumentCache full:https://registry.npmjs.org/acorn set size:undefined disposed:false
1922 silly placeDep ROOT @babel/traverse--for-generate-function-map@7.29.8 OK for: metro-source-map@0.83.3 want: npm:@babel/traverse@^7.25.3
1923 silly placeDep ROOT ob1@0.83.3 OK for: metro-source-map@0.83.3 want: 0.83.3
1924 silly placeDep ROOT vlq@1.0.1 OK for: metro-source-map@0.83.3 want: ^1.0.0
1925 silly placeDep node_modules/@babel/traverse--for-generate-function-map @babel/code-frame@7.29.7 OK for: @babel/traverse@7.29.8 want: ^7.29.7
1926 silly placeDep ROOT braces@3.0.3 OK for: micromatch@4.0.8 want: ^3.0.3
1927 silly fetch manifest fill-range@^7.1.1
1928 silly packumentCache full:https://registry.npmjs.org/fill-range cache-miss
1929 http fetch GET 200 https://registry.npmjs.org/fill-range 86ms (cache miss)
1930 silly packumentCache full:https://registry.npmjs.org/fill-range set size:undefined disposed:false
1931 silly placeDep ROOT fill-range@7.1.1 OK for: braces@3.0.3 want: ^7.1.1
1932 silly fetch manifest to-regex-range@^5.0.1
1933 silly packumentCache full:https://registry.npmjs.org/to-regex-range cache-miss
1934 http fetch GET 200 https://registry.npmjs.org/to-regex-range 83ms (cache miss)
1935 silly packumentCache full:https://registry.npmjs.org/to-regex-range set size:undefined disposed:false
1936 silly placeDep ROOT to-regex-range@5.0.1 OK for: fill-range@7.1.1 want: ^5.0.1
1937 silly fetch manifest is-number@^7.0.0
1938 silly packumentCache full:https://registry.npmjs.org/is-number cache-miss
1939 http fetch GET 200 https://registry.npmjs.org/is-number 84ms (cache miss)
1940 silly packumentCache full:https://registry.npmjs.org/is-number set size:undefined disposed:false
1941 silly placeDep ROOT mime-db@1.52.0 OK for: mime-types@2.1.35 want: 1.52.0
1942 silly placeDep ROOT brace-expansion@5.0.9 OK for: minimatch@10.2.6 want: ^5.0.8
1943 silly fetch manifest balanced-match@^4.0.2
1944 silly packumentCache full:https://registry.npmjs.org/balanced-match cache-miss
1945 http fetch GET 200 https://registry.npmjs.org/balanced-match 139ms (cache miss)
1946 silly packumentCache full:https://registry.npmjs.org/balanced-match set size:undefined disposed:false
1947 silly placeDep ROOT balanced-match@4.0.4 OK for: brace-expansion@5.0.9 want: ^4.0.2
1948 silly placeDep ROOT ee-first@1.1.1 OK for: on-finished@2.3.0 want: 1.1.1
1949 silly placeDep ROOT yocto-queue@0.1.0 OK for: p-limit@3.1.0 want: ^0.1.0
1950 silly placeDep node_modules/path-scurry lru-cache@11.5.2 OK for: path-scurry@2.0.2 want: ^11.0.0
1951 silly placeDep node_modules/pretty-format ansi-styles@5.2.0 OK for: pretty-format@29.7.0 want: ^5.0.0
1952 silly placeDep node_modules/pretty-format react-is@18.3.1 OK for: pretty-format@29.7.0 want: ^18.0.0
1953 silly placeDep ROOT decode-uri-component@0.2.2 OK for: query-string@7.1.3 want: ^0.2.2
1954 silly placeDep ROOT filter-obj@1.1.0 OK for: query-string@7.1.3 want: ^1.1.0
1955 silly placeDep ROOT split-on-first@1.1.0 OK for: query-string@7.1.3 want: ^1.0.0
1956 silly placeDep ROOT strict-uri-encode@2.0.0 OK for: query-string@7.1.3 want: ^2.0.0
1957 silly placeDep ROOT inherits@2.0.4 OK for: queue@6.0.2 want: ~2.0.3
1958 silly placeDep ROOT html-parse-stringify@3.1.0 OK for: react-i18next@16.6.6 want: ^3.0.1
1959 silly fetch manifest void-elements@3.1.0
1960 silly packumentCache full:https://registry.npmjs.org/void-elements cache-miss
1961 http cache https://registry.npmjs.org/void-elements 2ms (cache hit)
1962 silly packumentCache full:https://registry.npmjs.org/void-elements set size:10404 disposed:false
1963 silly placeDep ROOT void-elements@3.1.0 OK for: html-parse-stringify@3.1.0 want: 3.1.0
1964 silly fetch manifest @babel/core@^7.8.0
1965 silly packumentCache full:https://registry.npmjs.org/@babel%2fcore cache-hit
1966 silly fetch manifest @types/react@^19.1.0
1967 silly packumentCache full:https://registry.npmjs.org/@types%2freact cache-miss
1968 http cache https://registry.npmjs.org/@types%2freact 5ms (cache hit)
1969 silly packumentCache full:https://registry.npmjs.org/@types%2freact set size:2637439 disposed:false
1970 silly fetch manifest react@^19.1.0
1971 silly packumentCache full:https://registry.npmjs.org/react cache-miss
1972 http cache https://registry.npmjs.org/react 24ms (cache hit)
1973 silly packumentCache full:https://registry.npmjs.org/react set size:6883336 disposed:false
1974 silly fetch manifest @react-native-community/cli@*
1975 silly packumentCache full:https://registry.npmjs.org/@react-native-community%2fcli cache-miss
1976 http fetch GET 200 https://registry.npmjs.org/@react-native-community%2fcli 430ms (cache miss)
1977 silly packumentCache full:https://registry.npmjs.org/@react-native-community%2fcli set size:undefined disposed:false
1978 silly placeDep ROOT @jest/create-cache-key-function@29.7.0 OK for: react-native@0.81.5 want: ^29.7.0
1979 silly placeDep ROOT @react-native/assets-registry@0.81.5 OK for: react-native@0.81.5 want: 0.81.5
1980 silly placeDep ROOT @react-native/codegen@0.81.5 OK for: react-native@0.81.5 want: 0.81.5
1981 silly placeDep ROOT @react-native/community-cli-plugin@0.81.5 OK for: react-native@0.81.5 want: 0.81.5
1982 silly placeDep ROOT @react-native/gradle-plugin@0.81.5 OK for: react-native@0.81.5 want: 0.81.5
1983 silly placeDep ROOT @react-native/js-polyfills@0.81.5 OK for: react-native@0.81.5 want: 0.81.5
1984 silly placeDep ROOT @react-native/normalize-colors@0.81.5 OK for: react-native@0.81.5 want: 0.81.5
1985 silly placeDep node_modules/react-native @react-native/virtualized-lists@0.81.5 CONFLICT for: react-native@0.81.5 want: 0.81.5
1986 silly placeDep ROOT abort-controller@3.0.0 OK for: react-native@0.81.5 want: ^3.0.0
1987 silly placeDep ROOT anser@1.4.10 OK for: react-native@0.81.5 want: ^1.4.9
1988 silly placeDep ROOT ansi-regex@5.0.1 OK for: react-native@0.81.5 want: ^5.0.0
1989 silly placeDep ROOT babel-jest@29.7.0 OK for: react-native@0.81.5 want: ^29.7.0
1990 silly placeDep ROOT babel-plugin-syntax-hermes-parser@0.29.1 OK for: react-native@0.81.5 want: 0.29.1
1991 silly placeDep node_modules/react-native commander@12.1.0 OK for: react-native@0.81.5 want: ^12.0.0
1992 silly placeDep node_modules/react-native glob@7.2.3 OK for: react-native@0.81.5 want: ^7.1.1
1993 silly placeDep ROOT jest-environment-node@29.7.0 OK for: react-native@0.81.5 want: ^29.7.0
1994 silly placeDep ROOT memoize-one@5.2.1 OK for: react-native@0.81.5 want: ^5.0.0
1995 silly placeDep ROOT promise@8.3.0 OK for: react-native@0.81.5 want: ^8.3.0
1996 silly placeDep ROOT react-devtools-core@6.1.5 OK for: react-native@0.81.5 want: ^6.1.5
1997 silly placeDep ROOT regenerator-runtime@0.13.11 OK for: react-native@0.81.5 want: ^0.13.2
1998 silly placeDep ROOT scheduler@0.26.0 OK for: react-native@0.81.5 want: 0.26.0
1999 silly placeDep ROOT stacktrace-parser@0.1.11 OK for: react-native@0.81.5 want: ^0.1.10
2000 silly placeDep ROOT whatwg-fetch@3.6.20 OK for: react-native@0.81.5 want: ^3.0.0
2001 silly placeDep node_modules/react-native ws@6.2.6 OK for: react-native@0.81.5 want: ^6.2.3
2002 silly fetch manifest hermes-parser@0.29.1
2003 silly packumentCache full:https://registry.npmjs.org/hermes-parser cache-hit
2004 silly fetch manifest event-target-shim@^5.0.0
2005 silly packumentCache full:https://registry.npmjs.org/event-target-shim cache-miss
2006 silly fetch manifest @jest/transform@^29.7.0
2007 silly packumentCache full:https://registry.npmjs.org/@jest%2ftransform cache-miss
2008 silly fetch manifest babel-preset-jest@^29.6.3
2009 silly packumentCache full:https://registry.npmjs.org/babel-preset-jest cache-miss
2010 silly fetch manifest @types/babel__core@^7.1.14
2011 silly packumentCache full:https://registry.npmjs.org/@types%2fbabel__core cache-miss
2012 silly fetch manifest babel-plugin-istanbul@^6.1.1
2013 silly packumentCache full:https://registry.npmjs.org/babel-plugin-istanbul cache-miss
2014 silly fetch manifest hermes-parser@0.29.1
2015 silly packumentCache full:https://registry.npmjs.org/hermes-parser cache-hit
2016 silly fetch manifest once@^1.3.0
2017 silly packumentCache full:https://registry.npmjs.org/once cache-miss
2018 silly fetch manifest inflight@^1.0.4
2019 silly packumentCache full:https://registry.npmjs.org/inflight cache-miss
2020 http cache https://registry.npmjs.org/event-target-shim 4ms (cache hit)
2021 silly packumentCache full:https://registry.npmjs.org/event-target-shim set size:103601 disposed:false
2022 silly fetch manifest minimatch@^3.1.1
2023 silly packumentCache full:https://registry.npmjs.org/minimatch cache-hit
2024 silly fetch manifest fs.realpath@^1.0.0
2025 silly packumentCache full:https://registry.npmjs.org/fs.realpath cache-miss
2026 http cache https://registry.npmjs.org/babel-preset-jest 6ms (cache hit)
2027 silly packumentCache full:https://registry.npmjs.org/babel-preset-jest set size:428530 disposed:false
2028 silly fetch manifest path-is-absolute@^1.0.0
2029 silly packumentCache full:https://registry.npmjs.org/path-is-absolute cache-miss
2030 http fetch GET 200 https://registry.npmjs.org/path-is-absolute 60ms (cache miss)
2031 silly packumentCache full:https://registry.npmjs.org/path-is-absolute set size:undefined disposed:false
2032 silly fetch manifest jest-mock@^29.7.0
2033 silly packumentCache full:https://registry.npmjs.org/jest-mock cache-miss
2034 http fetch GET 200 https://registry.npmjs.org/once 70ms (cache miss)
2035 silly packumentCache full:https://registry.npmjs.org/once set size:undefined disposed:false
2036 silly fetch manifest @jest/environment@^29.7.0
2037 silly packumentCache full:https://registry.npmjs.org/@jest%2fenvironment cache-miss
2038 http fetch GET 200 https://registry.npmjs.org/fs.realpath 67ms (cache miss)
2039 silly packumentCache full:https://registry.npmjs.org/fs.realpath set size:undefined disposed:false
2040 silly fetch manifest @jest/fake-timers@^29.7.0
2041 silly packumentCache full:https://registry.npmjs.org/@jest%2ffake-timers cache-miss
2042 http fetch GET 200 https://registry.npmjs.org/inflight 79ms (cache miss)
2043 silly packumentCache full:https://registry.npmjs.org/inflight set size:undefined disposed:false
2044 silly fetch manifest asap@~2.0.6
2045 silly packumentCache full:https://registry.npmjs.org/asap cache-miss
2046 http fetch GET 200 https://registry.npmjs.org/@types%2fbabel__core 103ms (cache miss)
2047 silly packumentCache full:https://registry.npmjs.org/@types%2fbabel__core set size:undefined disposed:false
2048 silly fetch manifest shell-quote@^1.6.1
2049 silly packumentCache full:https://registry.npmjs.org/shell-quote cache-miss
2050 http fetch GET 200 https://registry.npmjs.org/babel-plugin-istanbul 118ms (cache miss)
2051 silly packumentCache full:https://registry.npmjs.org/babel-plugin-istanbul set size:undefined disposed:false
2052 silly fetch manifest type-fest@^0.7.1
2053 silly packumentCache full:https://registry.npmjs.org/type-fest cache-miss
2054 http fetch GET 200 https://registry.npmjs.org/asap 151ms (cache miss)
2055 silly packumentCache full:https://registry.npmjs.org/asap set size:undefined disposed:false
2056 silly fetch manifest async-limiter@~1.0.0
2057 silly packumentCache full:https://registry.npmjs.org/async-limiter cache-miss
2058 http fetch GET 200 https://registry.npmjs.org/shell-quote 152ms (cache miss)
2059 silly packumentCache full:https://registry.npmjs.org/shell-quote set size:undefined disposed:false
2060 http fetch GET 200 https://registry.npmjs.org/@jest%2ftransform 361ms (cache miss)
2061 silly packumentCache full:https://registry.npmjs.org/@jest%2ftransform set size:undefined disposed:false
2062 http fetch GET 200 https://registry.npmjs.org/jest-mock 326ms (cache miss)
2063 silly packumentCache full:https://registry.npmjs.org/jest-mock set size:undefined disposed:false
2064 http fetch GET 200 https://registry.npmjs.org/@jest%2fenvironment 461ms (cache miss)
2065 silly packumentCache full:https://registry.npmjs.org/@jest%2fenvironment set size:undefined disposed:false
2066 http fetch GET 200 https://registry.npmjs.org/type-fest 416ms (cache miss)
2067 silly packumentCache full:https://registry.npmjs.org/type-fest set size:undefined disposed:false
2068 http fetch GET 200 https://registry.npmjs.org/async-limiter 538ms (cache miss)
2069 silly packumentCache full:https://registry.npmjs.org/async-limiter set size:undefined disposed:false
2070 http fetch GET 200 https://registry.npmjs.org/@jest%2ffake-timers 700ms (cache miss)
2071 silly packumentCache full:https://registry.npmjs.org/@jest%2ffake-timers set size:undefined disposed:false
2072 silly placeDep node_modules/@react-native/codegen glob@7.2.3 OK for: @react-native/codegen@0.81.5 want: ^7.1.1
2073 silly placeDep node_modules/@react-native/codegen hermes-parser@0.29.1 OK for: @react-native/codegen@0.81.5 want: 0.29.1
2074 silly fetch manifest hermes-estree@0.29.1
2075 silly packumentCache full:https://registry.npmjs.org/hermes-estree cache-miss
2076 http cache https://registry.npmjs.org/hermes-estree 4ms (cache hit)
2077 silly packumentCache full:https://registry.npmjs.org/hermes-estree set size:132569 disposed:false
2078 silly placeDep ROOT @react-native/dev-middleware@0.81.5 OK for: @react-native/community-cli-plugin@0.81.5 want: 0.81.5
2079 silly fetch manifest open@^7.0.3
2080 silly packumentCache full:https://registry.npmjs.org/open cache-miss
2081 silly fetch manifest serve-static@^1.16.2
2082 silly packumentCache full:https://registry.npmjs.org/serve-static cache-miss
2083 silly fetch manifest chrome-launcher@^0.15.2
2084 silly packumentCache full:https://registry.npmjs.org/chrome-launcher cache-miss
2085 silly fetch manifest @isaacs/ttlcache@^1.4.1
2086 silly packumentCache full:https://registry.npmjs.org/@isaacs%2fttlcache cache-miss
2087 silly fetch manifest chromium-edge-launcher@^0.2.0
2088 silly packumentCache full:https://registry.npmjs.org/chromium-edge-launcher cache-miss
2089 silly fetch manifest @react-native/debugger-frontend@0.81.5
2090 silly packumentCache full:https://registry.npmjs.org/@react-native%2fdebugger-frontend cache-miss
2091 http fetch GET 200 https://registry.npmjs.org/chrome-launcher 146ms (cache miss)
2092 silly packumentCache full:https://registry.npmjs.org/chrome-launcher set size:undefined disposed:false
2093 http fetch GET 200 https://registry.npmjs.org/serve-static 148ms (cache miss)
2094 silly packumentCache full:https://registry.npmjs.org/serve-static set size:undefined disposed:false
2095 http fetch GET 200 https://registry.npmjs.org/open 152ms (cache miss)
2096 silly packumentCache full:https://registry.npmjs.org/open set size:undefined disposed:false
2097 http fetch GET 200 https://registry.npmjs.org/chromium-edge-launcher 266ms (cache miss)
2098 silly packumentCache full:https://registry.npmjs.org/chromium-edge-launcher set size:undefined disposed:false
2099 http fetch GET 200 https://registry.npmjs.org/@isaacs%2fttlcache 361ms (cache miss)
2100 silly packumentCache full:https://registry.npmjs.org/@isaacs%2fttlcache set size:undefined disposed:false
2101 http fetch GET 200 https://registry.npmjs.org/@react-native%2fdebugger-frontend 2572ms (cache miss)
2102 silly packumentCache full:https://registry.npmjs.org/@react-native%2fdebugger-frontend set size:undefined disposed:false
2103 silly placeDep ROOT @isaacs/ttlcache@1.4.1 OK for: @react-native/dev-middleware@0.81.5 want: ^1.4.1
2104 silly placeDep ROOT @react-native/debugger-frontend@0.81.5 OK for: @react-native/dev-middleware@0.81.5 want: 0.81.5
2105 silly placeDep ROOT chrome-launcher@0.15.2 OK for: @react-native/dev-middleware@0.81.5 want: ^0.15.2
2106 silly placeDep ROOT chromium-edge-launcher@0.2.0 OK for: @react-native/dev-middleware@0.81.5 want: ^0.2.0
2107 silly placeDep ROOT open@7.4.2 OK for: @react-native/dev-middleware@0.81.5 want: ^7.0.3
2108 silly placeDep ROOT serve-static@1.16.3 OK for: @react-native/dev-middleware@0.81.5 want: ^1.16.2
2109 silly placeDep node_modules/@react-native/dev-middleware ws@6.2.6 OK for: @react-native/dev-middleware@0.81.5 want: ^6.2.3
2110 silly fetch manifest is-wsl@^2.2.0
2111 silly packumentCache full:https://registry.npmjs.org/is-wsl cache-miss
2112 silly fetch manifest lighthouse-logger@^1.0.0
2113 silly packumentCache full:https://registry.npmjs.org/lighthouse-logger cache-miss
2114 silly fetch manifest is-wsl@^2.2.0
2115 silly packumentCache full:https://registry.npmjs.org/is-wsl cache-miss
2116 silly fetch manifest mkdirp@^1.0.4
2117 silly packumentCache full:https://registry.npmjs.org/mkdirp cache-miss
2118 silly fetch manifest rimraf@^3.0.2
2119 silly packumentCache full:https://registry.npmjs.org/rimraf cache-miss
2120 silly fetch manifest lighthouse-logger@^1.0.0
2121 silly packumentCache full:https://registry.npmjs.org/lighthouse-logger cache-miss
2122 silly fetch manifest is-wsl@^2.1.1
2123 silly packumentCache full:https://registry.npmjs.org/is-wsl cache-miss
2124 http cache https://registry.npmjs.org/is-wsl 11ms (cache hit)
2125 silly packumentCache full:https://registry.npmjs.org/is-wsl set size:20683 disposed:false
2126 silly fetch manifest is-docker@^2.0.0
2127 silly packumentCache full:https://registry.npmjs.org/is-docker cache-miss
2128 http cache https://registry.npmjs.org/mkdirp 11ms (cache hit)
2129 silly packumentCache full:https://registry.npmjs.org/mkdirp set size:116415 disposed:false
2130 silly fetch manifest send@~0.19.1
2131 silly packumentCache full:https://registry.npmjs.org/send cache-miss
2132 http cache https://registry.npmjs.org/lighthouse-logger 16ms (cache hit)
2133 silly packumentCache full:https://registry.npmjs.org/lighthouse-logger set size:19412 disposed:false
2134 silly fetch manifest encodeurl@~2.0.0
2135 silly packumentCache full:https://registry.npmjs.org/encodeurl cache-miss
2136 http cache https://registry.npmjs.org/rimraf 16ms (cache hit)
2137 silly packumentCache full:https://registry.npmjs.org/rimraf set size:212626 disposed:false
2138 http cache https://registry.npmjs.org/lighthouse-logger 17ms (cache hit)
2139 silly packumentCache full:https://registry.npmjs.org/lighthouse-logger set size:19412 disposed:false
2140 silly packumentCache full:https://registry.npmjs.org/lighthouse-logger dispose
2141 http cache https://registry.npmjs.org/is-wsl 19ms (cache hit)
2142 silly packumentCache full:https://registry.npmjs.org/is-wsl set size:20683 disposed:false
2143 silly packumentCache full:https://registry.npmjs.org/is-wsl dispose
2144 http cache https://registry.npmjs.org/is-wsl 18ms (cache hit)
2145 silly packumentCache full:https://registry.npmjs.org/is-wsl set size:20683 disposed:true
2146 silly packumentCache full:https://registry.npmjs.org/is-wsl dispose
2147 http cache https://registry.npmjs.org/is-docker 9ms (cache hit)
2148 silly packumentCache full:https://registry.npmjs.org/is-docker set size:23690 disposed:false
2149 http cache https://registry.npmjs.org/encodeurl 5ms (cache hit)
2150 silly packumentCache full:https://registry.npmjs.org/encodeurl set size:12296 disposed:false
2151 http cache https://registry.npmjs.org/send 9ms (cache hit)
2152 silly packumentCache full:https://registry.npmjs.org/send set size:152810 disposed:false
2153 silly placeDep ROOT event-target-shim@5.0.1 OK for: abort-controller@3.0.0 want: ^5.0.0
2154 silly placeDep ROOT @jest/transform@29.7.0 OK for: babel-jest@29.7.0 want: ^29.7.0
2155 silly placeDep ROOT @types/babel__core@7.20.5 OK for: babel-jest@29.7.0 want: ^7.1.14
2156 silly placeDep ROOT babel-plugin-istanbul@6.1.1 OK for: babel-jest@29.7.0 want: ^6.1.1
2157 silly placeDep ROOT babel-preset-jest@29.6.3 OK for: babel-jest@29.7.0 want: ^29.6.3
2158 silly placeDep node_modules/babel-jest chalk@4.1.2 OK for: babel-jest@29.7.0 want: ^4.0.0
2159 silly fetch manifest pirates@^4.0.4
2160 silly packumentCache full:https://registry.npmjs.org/pirates cache-miss
2161 silly fetch manifest jest-haste-map@^29.7.0
2162 silly packumentCache full:https://registry.npmjs.org/jest-haste-map cache-miss
2163 silly fetch manifest jest-regex-util@^29.6.3
2164 silly packumentCache full:https://registry.npmjs.org/jest-regex-util cache-miss
2165 silly fetch manifest write-file-atomic@^4.0.2
2166 silly packumentCache full:https://registry.npmjs.org/write-file-atomic cache-miss
2167 silly fetch manifest fast-json-stable-stringify@^2.1.0
2168 silly packumentCache full:https://registry.npmjs.org/fast-json-stable-stringify cache-miss
2169 silly fetch manifest @types/babel__template@*
2170 silly packumentCache full:https://registry.npmjs.org/@types%2fbabel__template cache-miss
2171 silly fetch manifest @types/babel__traverse@*
2172 silly packumentCache full:https://registry.npmjs.org/@types%2fbabel__traverse cache-miss
2173 http cache https://registry.npmjs.org/fast-json-stable-stringify 3ms (cache hit)
2174 silly packumentCache full:https://registry.npmjs.org/fast-json-stable-stringify set size:11337 disposed:false
2175 silly fetch manifest @types/babel__generator@*
2176 silly packumentCache full:https://registry.npmjs.org/@types%2fbabel__generator cache-miss
2177 http cache https://registry.npmjs.org/@types%2fbabel__template 3ms (cache hit)
2178 silly packumentCache full:https://registry.npmjs.org/@types%2fbabel__template set size:22631 disposed:false
2179 silly fetch manifest test-exclude@^6.0.0
2180 silly packumentCache full:https://registry.npmjs.org/test-exclude cache-miss
2181 http cache https://registry.npmjs.org/write-file-atomic 4ms (cache hit)
2182 silly packumentCache full:https://registry.npmjs.org/write-file-atomic set size:82722 disposed:false
2183 silly fetch manifest @istanbuljs/schema@^0.1.2
2184 silly packumentCache full:https://registry.npmjs.org/@istanbuljs%2fschema cache-miss
2185 http cache https://registry.npmjs.org/@types%2fbabel__traverse 4ms (cache hit)
2186 silly packumentCache full:https://registry.npmjs.org/@types%2fbabel__traverse set size:107819 disposed:false
2187 silly fetch manifest istanbul-lib-instrument@^5.0.4
2188 silly packumentCache full:https://registry.npmjs.org/istanbul-lib-instrument cache-miss
2189 http cache https://registry.npmjs.org/jest-regex-util 6ms (cache hit)
2190 silly packumentCache full:https://registry.npmjs.org/jest-regex-util set size:231095 disposed:false
2191 silly fetch manifest @babel/helper-plugin-utils@^7.0.0
2192 silly packumentCache full:https://registry.npmjs.org/@babel%2fhelper-plugin-utils cache-miss
2193 http cache https://registry.npmjs.org/jest-haste-map 8ms (cache hit)
2194 silly packumentCache full:https://registry.npmjs.org/jest-haste-map set size:692649 disposed:false
2195 silly fetch manifest @istanbuljs/load-nyc-config@^1.0.0
2196 silly packumentCache full:https://registry.npmjs.org/@istanbuljs%2fload-nyc-config cache-miss
2197 http cache https://registry.npmjs.org/pirates 11ms (cache hit)
2198 silly packumentCache full:https://registry.npmjs.org/pirates set size:51327 disposed:false
2199 silly fetch manifest babel-plugin-jest-hoist@^29.6.3
2200 silly packumentCache full:https://registry.npmjs.org/babel-plugin-jest-hoist cache-miss
2201 http cache https://registry.npmjs.org/@types%2fbabel__generator 11ms (cache hit)
2202 silly packumentCache full:https://registry.npmjs.org/@types%2fbabel__generator set size:31587 disposed:false
2203 silly fetch manifest babel-preset-current-node-syntax@^1.0.0
2204 silly packumentCache full:https://registry.npmjs.org/babel-preset-current-node-syntax cache-miss
2205 http cache https://registry.npmjs.org/@istanbuljs%2fschema 9ms (cache hit)
2206 silly packumentCache full:https://registry.npmjs.org/@istanbuljs%2fschema set size:16895 disposed:false
2207 http cache https://registry.npmjs.org/test-exclude 11ms (cache hit)
2208 silly packumentCache full:https://registry.npmjs.org/test-exclude set size:89897 disposed:false
2209 http cache https://registry.npmjs.org/@istanbuljs%2fload-nyc-config 4ms (cache hit)
2210 silly packumentCache full:https://registry.npmjs.org/@istanbuljs%2fload-nyc-config set size:17425 disposed:false
2211 http cache https://registry.npmjs.org/babel-plugin-jest-hoist 4ms (cache hit)
2212 silly packumentCache full:https://registry.npmjs.org/babel-plugin-jest-hoist set size:465804 disposed:false
2213 http cache https://registry.npmjs.org/istanbul-lib-instrument 13ms (cache hit)
2214 silly packumentCache full:https://registry.npmjs.org/istanbul-lib-instrument set size:219175 disposed:false
2215 http cache https://registry.npmjs.org/@babel%2fhelper-plugin-utils 12ms (cache hit)
2216 silly packumentCache full:https://registry.npmjs.org/@babel%2fhelper-plugin-utils set size:175564 disposed:false
2217 http cache https://registry.npmjs.org/babel-preset-current-node-syntax 6ms (cache hit)
2218 silly packumentCache full:https://registry.npmjs.org/babel-preset-current-node-syntax set size:33355 disposed:false
2219 silly placeDep node_modules/@jest/transform chalk@4.1.2 OK for: @jest/transform@29.7.0 want: ^4.0.0
2220 silly placeDep ROOT fast-json-stable-stringify@2.1.0 OK for: @jest/transform@29.7.0 want: ^2.1.0
2221 silly placeDep ROOT jest-haste-map@29.7.0 OK for: @jest/transform@29.7.0 want: ^29.7.0
2222 silly placeDep ROOT jest-regex-util@29.6.3 OK for: @jest/transform@29.7.0 want: ^29.6.3
2223 silly placeDep ROOT pirates@4.0.7 OK for: @jest/transform@29.7.0 want: ^4.0.4
2224 silly placeDep ROOT write-file-atomic@4.0.2 OK for: @jest/transform@29.7.0 want: ^4.0.2
2225 silly fetch manifest anymatch@^3.0.3
2226 silly packumentCache full:https://registry.npmjs.org/anymatch cache-miss
2227 silly fetch manifest @types/graceful-fs@^4.1.3
2228 silly packumentCache full:https://registry.npmjs.org/@types%2fgraceful-fs cache-miss
2229 silly fetch manifest fsevents@^2.3.2
2230 silly packumentCache full:https://registry.npmjs.org/fsevents cache-miss
2231 silly fetch manifest imurmurhash@^0.1.4
2232 silly packumentCache full:https://registry.npmjs.org/imurmurhash cache-miss
2233 silly fetch manifest signal-exit@^3.0.7
2234 silly packumentCache full:https://registry.npmjs.org/signal-exit cache-miss
2235 http cache https://registry.npmjs.org/anymatch 3ms (cache hit)
2236 silly packumentCache full:https://registry.npmjs.org/anymatch set size:42974 disposed:false
2237 http cache https://registry.npmjs.org/imurmurhash 2ms (cache hit)
2238 silly packumentCache full:https://registry.npmjs.org/imurmurhash set size:35819 disposed:false
2239 http cache https://registry.npmjs.org/signal-exit 2ms (cache hit)
2240 silly packumentCache full:https://registry.npmjs.org/signal-exit set size:53489 disposed:false
2241 http cache https://registry.npmjs.org/fsevents 3ms (cache hit)
2242 silly packumentCache full:https://registry.npmjs.org/fsevents set size:182472 disposed:false
2243 http fetch GET 200 https://registry.npmjs.org/@types%2fgraceful-fs 220ms (cache miss)
2244 silly packumentCache full:https://registry.npmjs.org/@types%2fgraceful-fs set size:undefined disposed:false
2245 silly placeDep ROOT @types/babel__generator@7.27.0 OK for: @types/babel__core@7.20.5 want: *
2246 silly placeDep ROOT @types/babel__template@7.4.4 OK for: @types/babel__core@7.20.5 want: *
2247 silly placeDep ROOT @types/babel__traverse@7.28.0 OK for: @types/babel__core@7.20.5 want: *
2248 silly placeDep ROOT @babel/helper-plugin-utils@7.29.7 OK for: babel-plugin-istanbul@6.1.1 want: ^7.0.0
2249 silly placeDep ROOT @istanbuljs/load-nyc-config@1.1.0 OK for: babel-plugin-istanbul@6.1.1 want: ^1.0.0
2250 silly placeDep ROOT @istanbuljs/schema@0.1.6 OK for: babel-plugin-istanbul@6.1.1 want: ^0.1.2
2251 silly placeDep ROOT istanbul-lib-instrument@5.2.1 OK for: babel-plugin-istanbul@6.1.1 want: ^5.0.4
2252 silly placeDep ROOT test-exclude@6.0.0 OK for: babel-plugin-istanbul@6.1.1 want: ^6.0.0
2253 silly fetch manifest camelcase@^5.3.1
2254 silly packumentCache full:https://registry.npmjs.org/camelcase cache-miss
2255 silly fetch manifest find-up@^4.1.0
2256 silly packumentCache full:https://registry.npmjs.org/find-up cache-miss
2257 silly fetch manifest get-package-type@^0.1.0
2258 silly packumentCache full:https://registry.npmjs.org/get-package-type cache-miss
2259 silly fetch manifest js-yaml@^3.13.1
2260 silly packumentCache full:https://registry.npmjs.org/js-yaml cache-miss
2261 silly fetch manifest semver@^6.3.0
2262 silly packumentCache full:https://registry.npmjs.org/semver cache-hit
2263 silly fetch manifest istanbul-lib-coverage@^3.2.0
2264 silly packumentCache full:https://registry.npmjs.org/istanbul-lib-coverage cache-miss
2265 silly fetch manifest glob@^7.1.4
2266 silly packumentCache full:https://registry.npmjs.org/glob cache-hit
2267 silly fetch manifest minimatch@^3.0.4
2268 silly packumentCache full:https://registry.npmjs.org/minimatch cache-hit
2269 http cache https://registry.npmjs.org/camelcase 7ms (cache hit)
2270 silly packumentCache full:https://registry.npmjs.org/camelcase set size:60255 disposed:false
2271 http fetch GET 200 https://registry.npmjs.org/get-package-type 284ms (cache miss)
2272 silly packumentCache full:https://registry.npmjs.org/get-package-type set size:undefined disposed:false
2273 http fetch GET 200 https://registry.npmjs.org/find-up 285ms (cache miss)
2274 silly packumentCache full:https://registry.npmjs.org/find-up set size:undefined disposed:false
2275 http fetch GET 200 https://registry.npmjs.org/js-yaml 316ms (cache miss)
2276 silly packumentCache full:https://registry.npmjs.org/js-yaml set size:undefined disposed:false
2277 http fetch GET 200 https://registry.npmjs.org/istanbul-lib-coverage 354ms (cache miss)
2278 silly packumentCache full:https://registry.npmjs.org/istanbul-lib-coverage set size:undefined disposed:false
2279 silly placeDep node_modules/@istanbuljs/load-nyc-config camelcase@5.3.1 OK for: @istanbuljs/load-nyc-config@1.1.0 want: ^5.3.1
2280 silly placeDep ROOT find-up@4.1.0 OK for: @istanbuljs/load-nyc-config@1.1.0 want: ^4.1.0
2281 silly placeDep ROOT get-package-type@0.1.0 OK for: @istanbuljs/load-nyc-config@1.1.0 want: ^0.1.0
2282 silly placeDep ROOT js-yaml@3.15.1 OK for: @istanbuljs/load-nyc-config@1.1.0 want: ^3.13.1
2283 silly fetch manifest locate-path@^5.0.0
2284 silly packumentCache full:https://registry.npmjs.org/locate-path cache-miss
2285 silly fetch manifest path-exists@^4.0.0
2286 silly packumentCache full:https://registry.npmjs.org/path-exists cache-miss
2287 silly fetch manifest esprima@^4.0.0
2288 silly packumentCache full:https://registry.npmjs.org/esprima cache-miss
2289 silly fetch manifest argparse@^1.0.7
2290 silly packumentCache full:https://registry.npmjs.org/argparse cache-miss
2291 http fetch GET 200 https://registry.npmjs.org/locate-path 200ms (cache miss)
2292 silly packumentCache full:https://registry.npmjs.org/locate-path set size:undefined disposed:false
2293 http fetch GET 200 https://registry.npmjs.org/path-exists 201ms (cache miss)
2294 silly packumentCache full:https://registry.npmjs.org/path-exists set size:undefined disposed:false
2295 http fetch GET 200 https://registry.npmjs.org/argparse 200ms (cache miss)
2296 silly packumentCache full:https://registry.npmjs.org/argparse set size:undefined disposed:false
2297 http fetch GET 200 https://registry.npmjs.org/esprima 202ms (cache miss)
2298 silly packumentCache full:https://registry.npmjs.org/esprima set size:undefined disposed:false
2299 silly placeDep node_modules/babel-plugin-syntax-hermes-parser hermes-parser@0.29.1 OK for: babel-plugin-syntax-hermes-parser@0.29.1 want: 0.29.1
2300 silly placeDep ROOT babel-plugin-jest-hoist@29.6.3 OK for: babel-preset-jest@29.6.3 want: ^29.6.3
2301 silly placeDep ROOT babel-preset-current-node-syntax@1.2.0 OK for: babel-preset-jest@29.6.3 want: ^1.0.0
2302 silly fetch manifest @babel/plugin-syntax-async-generators@^7.8.4
2303 silly packumentCache full:https://registry.npmjs.org/@babel%2fplugin-syntax-async-generators cache-miss
2304 silly fetch manifest @babel/plugin-syntax-bigint@^7.8.3
2305 silly packumentCache full:https://registry.npmjs.org/@babel%2fplugin-syntax-bigint cache-miss
2306 silly fetch manifest @babel/plugin-syntax-class-properties@^7.12.13
2307 silly packumentCache full:https://registry.npmjs.org/@babel%2fplugin-syntax-class-properties cache-miss
2308 silly fetch manifest @babel/plugin-syntax-class-static-block@^7.14.5
2309 silly packumentCache full:https://registry.npmjs.org/@babel%2fplugin-syntax-class-static-block cache-miss
2310 silly fetch manifest @babel/plugin-syntax-import-attributes@^7.24.7
2311 silly packumentCache full:https://registry.npmjs.org/@babel%2fplugin-syntax-import-attributes cache-miss
2312 silly fetch manifest @babel/plugin-syntax-import-meta@^7.10.4
2313 silly packumentCache full:https://registry.npmjs.org/@babel%2fplugin-syntax-import-meta cache-miss
2314 silly fetch manifest @babel/plugin-syntax-json-strings@^7.8.3
2315 silly packumentCache full:https://registry.npmjs.org/@babel%2fplugin-syntax-json-strings cache-miss
2316 http fetch GET 200 https://registry.npmjs.org/@babel%2fplugin-syntax-class-static-block 263ms (cache miss)
2317 silly packumentCache full:https://registry.npmjs.org/@babel%2fplugin-syntax-class-static-block set size:undefined disposed:false
2318 silly fetch manifest @babel/plugin-syntax-logical-assignment-operators@^7.10.4
2319 silly packumentCache full:https://registry.npmjs.org/@babel%2fplugin-syntax-logical-assignment-operators cache-miss
2320 http fetch GET 200 https://registry.npmjs.org/@babel%2fplugin-syntax-bigint 271ms (cache miss)
2321 silly packumentCache full:https://registry.npmjs.org/@babel%2fplugin-syntax-bigint set size:undefined disposed:false
2322 silly fetch manifest @babel/plugin-syntax-nullish-coalescing-operator@^7.8.3
2323 silly packumentCache full:https://registry.npmjs.org/@babel%2fplugin-syntax-nullish-coalescing-operator cache-miss
2324 http fetch GET 200 https://registry.npmjs.org/@babel%2fplugin-syntax-json-strings 274ms (cache miss)
2325 silly packumentCache full:https://registry.npmjs.org/@babel%2fplugin-syntax-json-strings set size:undefined disposed:false
2326 silly fetch manifest @babel/plugin-syntax-numeric-separator@^7.10.4
2327 silly packumentCache full:https://registry.npmjs.org/@babel%2fplugin-syntax-numeric-separator cache-miss
2328 http fetch GET 200 https://registry.npmjs.org/@babel%2fplugin-syntax-import-meta 275ms (cache miss)
2329 silly packumentCache full:https://registry.npmjs.org/@babel%2fplugin-syntax-import-meta set size:undefined disposed:false
2330 silly fetch manifest @babel/plugin-syntax-object-rest-spread@^7.8.3
2331 silly packumentCache full:https://registry.npmjs.org/@babel%2fplugin-syntax-object-rest-spread cache-miss
2332 http fetch GET 200 https://registry.npmjs.org/@babel%2fplugin-syntax-class-properties 278ms (cache miss)
2333 silly packumentCache full:https://registry.npmjs.org/@babel%2fplugin-syntax-class-properties set size:undefined disposed:false
2334 silly fetch manifest @babel/plugin-syntax-optional-catch-binding@^7.8.3
2335 silly packumentCache full:https://registry.npmjs.org/@babel%2fplugin-syntax-optional-catch-binding cache-miss
2336 http fetch GET 200 https://registry.npmjs.org/@babel%2fplugin-syntax-async-generators 396ms (cache miss)
2337 silly packumentCache full:https://registry.npmjs.org/@babel%2fplugin-syntax-async-generators set size:undefined disposed:false
2338 silly fetch manifest @babel/plugin-syntax-optional-chaining@^7.8.3
2339 silly packumentCache full:https://registry.npmjs.org/@babel%2fplugin-syntax-optional-chaining cache-miss
2340 http fetch GET 200 https://registry.npmjs.org/@babel%2fplugin-syntax-import-attributes 398ms (cache miss)
2341 silly packumentCache full:https://registry.npmjs.org/@babel%2fplugin-syntax-import-attributes set size:undefined disposed:false
2342 silly fetch manifest @babel/plugin-syntax-private-property-in-object@^7.14.5
2343 silly packumentCache full:https://registry.npmjs.org/@babel%2fplugin-syntax-private-property-in-object cache-miss
2344 http fetch GET 200 https://registry.npmjs.org/@babel%2fplugin-syntax-nullish-coalescing-operator 308ms (cache miss)
2345 silly packumentCache full:https://registry.npmjs.org/@babel%2fplugin-syntax-nullish-coalescing-operator set size:undefined disposed:false
2346 silly fetch manifest @babel/plugin-syntax-top-level-await@^7.14.5
2347 silly packumentCache full:https://registry.npmjs.org/@babel%2fplugin-syntax-top-level-await cache-miss
2348 http fetch GET 200 https://registry.npmjs.org/@babel%2fplugin-syntax-logical-assignment-operators 329ms (cache miss)
2349 silly packumentCache full:https://registry.npmjs.org/@babel%2fplugin-syntax-logical-assignment-operators set size:undefined disposed:false
2350 http fetch GET 200 https://registry.npmjs.org/@babel%2fplugin-syntax-optional-catch-binding 317ms (cache miss)
2351 silly packumentCache full:https://registry.npmjs.org/@babel%2fplugin-syntax-optional-catch-binding set size:undefined disposed:false
2352 http fetch GET 200 https://registry.npmjs.org/@babel%2fplugin-syntax-private-property-in-object 211ms (cache miss)
2353 silly packumentCache full:https://registry.npmjs.org/@babel%2fplugin-syntax-private-property-in-object set size:undefined disposed:false
2354 http fetch GET 200 https://registry.npmjs.org/@babel%2fplugin-syntax-numeric-separator 464ms (cache miss)
2355 silly packumentCache full:https://registry.npmjs.org/@babel%2fplugin-syntax-numeric-separator set size:undefined disposed:false
2356 http fetch GET 200 https://registry.npmjs.org/@babel%2fplugin-syntax-object-rest-spread 467ms (cache miss)
2357 silly packumentCache full:https://registry.npmjs.org/@babel%2fplugin-syntax-object-rest-spread set size:undefined disposed:false
2358 http fetch GET 200 https://registry.npmjs.org/@babel%2fplugin-syntax-optional-chaining 350ms (cache miss)
2359 silly packumentCache full:https://registry.npmjs.org/@babel%2fplugin-syntax-optional-chaining set size:undefined disposed:false
2360 http fetch GET 200 https://registry.npmjs.org/@babel%2fplugin-syntax-top-level-await 191ms (cache miss)
2361 silly packumentCache full:https://registry.npmjs.org/@babel%2fplugin-syntax-top-level-await set size:undefined disposed:false
2362 silly fetch manifest @babel/core@^7.0.0 || ^8.0.0-0
2363 silly packumentCache full:https://registry.npmjs.org/@babel%2fcore cache-hit
2364 silly fetch manifest @babel/core@^7.0.0-0
2365 silly packumentCache full:https://registry.npmjs.org/@babel%2fcore cache-hit
2366 silly placeDep ROOT @babel/plugin-syntax-async-generators@7.8.4 OK for: babel-preset-current-node-syntax@1.2.0 want: ^7.8.4
2367 silly placeDep ROOT @babel/plugin-syntax-bigint@7.8.3 OK for: babel-preset-current-node-syntax@1.2.0 want: ^7.8.3
2368 silly placeDep ROOT @babel/plugin-syntax-class-properties@7.12.13 OK for: babel-preset-current-node-syntax@1.2.0 want: ^7.12.13
2369 silly placeDep ROOT @babel/plugin-syntax-class-static-block@7.14.5 OK for: babel-preset-current-node-syntax@1.2.0 want: ^7.14.5
2370 silly placeDep ROOT @babel/plugin-syntax-import-attributes@7.29.7 OK for: babel-preset-current-node-syntax@1.2.0 want: ^7.24.7
2371 silly placeDep ROOT @babel/plugin-syntax-import-meta@7.10.4 OK for: babel-preset-current-node-syntax@1.2.0 want: ^7.10.4
2372 silly placeDep ROOT @babel/plugin-syntax-json-strings@7.8.3 OK for: babel-preset-current-node-syntax@1.2.0 want: ^7.8.3
2373 silly placeDep ROOT @babel/plugin-syntax-logical-assignment-operators@7.10.4 OK for: babel-preset-current-node-syntax@1.2.0 want: ^7.10.4
2374 silly placeDep ROOT @babel/plugin-syntax-nullish-coalescing-operator@7.8.3 OK for: babel-preset-current-node-syntax@1.2.0 want: ^7.8.3
2375 silly placeDep ROOT @babel/plugin-syntax-numeric-separator@7.10.4 OK for: babel-preset-current-node-syntax@1.2.0 want: ^7.10.4
2376 silly placeDep ROOT @babel/plugin-syntax-object-rest-spread@7.8.3 OK for: babel-preset-current-node-syntax@1.2.0 want: ^7.8.3
2377 silly placeDep ROOT @babel/plugin-syntax-optional-catch-binding@7.8.3 OK for: babel-preset-current-node-syntax@1.2.0 want: ^7.8.3
2378 silly placeDep ROOT @babel/plugin-syntax-optional-chaining@7.8.3 OK for: babel-preset-current-node-syntax@1.2.0 want: ^7.8.3
2379 silly placeDep ROOT @babel/plugin-syntax-private-property-in-object@7.14.5 OK for: babel-preset-current-node-syntax@1.2.0 want: ^7.14.5
2380 silly placeDep ROOT @babel/plugin-syntax-top-level-await@7.14.5 OK for: babel-preset-current-node-syntax@1.2.0 want: ^7.14.5
2381 silly placeDep ROOT is-wsl@2.2.0 OK for: chrome-launcher@0.15.2 want: ^2.2.0
2382 silly placeDep ROOT lighthouse-logger@1.4.2 OK for: chrome-launcher@0.15.2 want: ^1.0.0
2383 silly fetch manifest debug@^2.6.9
2384 silly packumentCache full:https://registry.npmjs.org/debug cache-hit
2385 silly fetch manifest marky@^1.2.2
2386 silly packumentCache full:https://registry.npmjs.org/marky cache-miss
2387 http cache https://registry.npmjs.org/marky 2ms (cache hit)
2388 silly packumentCache full:https://registry.npmjs.org/marky set size:45300 disposed:false
2389 silly placeDep ROOT mkdirp@1.0.4 OK for: chromium-edge-launcher@0.2.0 want: ^1.0.4
2390 silly placeDep ROOT rimraf@3.0.2 OK for: chromium-edge-launcher@0.2.0 want: ^3.0.2
2391 silly fetch manifest glob@^7.1.3
2392 silly packumentCache full:https://registry.npmjs.org/glob cache-hit
2393 silly placeDep ROOT locate-path@5.0.0 OK for: find-up@4.1.0 want: ^5.0.0
2394 silly placeDep ROOT path-exists@4.0.0 OK for: find-up@4.1.0 want: ^4.0.0
2395 silly fetch manifest p-locate@^4.1.0
2396 silly packumentCache full:https://registry.npmjs.org/p-locate cache-miss
2397 http fetch GET 200 https://registry.npmjs.org/p-locate 72ms (cache miss)
2398 silly packumentCache full:https://registry.npmjs.org/p-locate set size:undefined disposed:false
2399 silly placeDep ROOT is-docker@2.2.1 OK for: is-wsl@2.2.0 want: ^2.0.0
2400 silly placeDep ROOT istanbul-lib-coverage@3.2.2 OK for: istanbul-lib-instrument@5.2.1 want: ^3.2.0
2401 silly placeDep node_modules/istanbul-lib-instrument semver@6.3.1 OK for: istanbul-lib-instrument@5.2.1 want: ^6.3.0
2402 silly placeDep ROOT @jest/environment@29.7.0 OK for: jest-environment-node@29.7.0 want: ^29.7.0
2403 silly placeDep ROOT @jest/fake-timers@29.7.0 OK for: jest-environment-node@29.7.0 want: ^29.7.0
2404 silly placeDep ROOT jest-mock@29.7.0 OK for: jest-environment-node@29.7.0 want: ^29.7.0
2405 silly fetch manifest jest-message-util@^29.7.0
2406 silly packumentCache full:https://registry.npmjs.org/jest-message-util cache-miss
2407 silly fetch manifest @sinonjs/fake-timers@^10.0.2
2408 silly packumentCache full:https://registry.npmjs.org/@sinonjs%2ffake-timers cache-miss
2409 http fetch GET 200 https://registry.npmjs.org/@sinonjs%2ffake-timers 161ms (cache miss)
2410 silly packumentCache full:https://registry.npmjs.org/@sinonjs%2ffake-timers set size:undefined disposed:false
2411 http fetch GET 200 https://registry.npmjs.org/jest-message-util 473ms (cache miss)
2412 silly packumentCache full:https://registry.npmjs.org/jest-message-util set size:undefined disposed:false
2413 silly placeDep ROOT @sinonjs/fake-timers@10.3.0 OK for: @jest/fake-timers@29.7.0 want: ^10.0.2
2414 silly placeDep ROOT jest-message-util@29.7.0 OK for: @jest/fake-timers@29.7.0 want: ^29.7.0
2415 silly fetch manifest @sinonjs/commons@^3.0.0
2416 silly packumentCache full:https://registry.npmjs.org/@sinonjs%2fcommons cache-miss
2417 silly fetch manifest stack-utils@^2.0.3
2418 silly packumentCache full:https://registry.npmjs.org/stack-utils cache-miss
2419 silly fetch manifest @babel/code-frame@^7.12.13
2420 silly packumentCache full:https://registry.npmjs.org/@babel%2fcode-frame cache-hit
2421 silly fetch manifest @types/stack-utils@^2.0.0
2422 silly packumentCache full:https://registry.npmjs.org/@types%2fstack-utils cache-miss
2423 http cache https://registry.npmjs.org/stack-utils 4ms (cache hit)
2424 silly packumentCache full:https://registry.npmjs.org/stack-utils set size:60586 disposed:false
2425 http cache https://registry.npmjs.org/@types%2fstack-utils 5ms (cache hit)
2426 silly packumentCache full:https://registry.npmjs.org/@types%2fstack-utils set size:11605 disposed:false
2427 http cache https://registry.npmjs.org/@sinonjs%2fcommons 7ms (cache hit)
2428 silly packumentCache full:https://registry.npmjs.org/@sinonjs%2fcommons set size:84818 disposed:false
2429 silly placeDep ROOT @sinonjs/commons@3.0.1 OK for: @sinonjs/fake-timers@10.3.0 want: ^3.0.0
2430 silly fetch manifest type-detect@4.0.8
2431 silly packumentCache full:https://registry.npmjs.org/type-detect cache-miss
2432 http cache https://registry.npmjs.org/type-detect 2ms (cache hit)
2433 silly packumentCache full:https://registry.npmjs.org/type-detect set size:58804 disposed:false
2434 silly placeDep ROOT type-detect@4.0.8 OK for: @sinonjs/commons@3.0.1 want: 4.0.8
2435 silly placeDep ROOT @types/graceful-fs@4.1.9 OK for: jest-haste-map@29.7.0 want: ^4.1.3
2436 silly placeDep ROOT anymatch@3.1.3 OK for: jest-haste-map@29.7.0 want: ^3.0.3
2437 silly placeDep ROOT fsevents@2.3.3 OK for: jest-haste-map@29.7.0 want: ^2.3.2
2438 silly fetch manifest normalize-path@^3.0.0
2439 silly packumentCache full:https://registry.npmjs.org/normalize-path cache-miss
2440 http cache https://registry.npmjs.org/normalize-path 1ms (cache hit)
2441 silly packumentCache full:https://registry.npmjs.org/normalize-path set size:28713 disposed:false
2442 silly placeDep ROOT normalize-path@3.0.0 OK for: anymatch@3.1.3 want: ^3.0.0
2443 silly placeDep node_modules/jest-message-util @babel/code-frame@7.29.7 OK for: jest-message-util@29.7.0 want: ^7.12.13
2444 silly placeDep ROOT @types/stack-utils@2.0.3 OK for: jest-message-util@29.7.0 want: ^2.0.0
2445 silly placeDep node_modules/jest-message-util chalk@4.1.2 OK for: jest-message-util@29.7.0 want: ^4.0.0
2446 silly placeDep ROOT stack-utils@2.0.6 OK for: jest-message-util@29.7.0 want: ^2.0.3
2447 silly fetch manifest escape-string-regexp@^2.0.0
2448 silly packumentCache full:https://registry.npmjs.org/escape-string-regexp cache-hit
2449 silly placeDep ROOT argparse@1.0.10 OK for: js-yaml@3.15.1 want: ^1.0.7
2450 silly placeDep ROOT esprima@4.0.1 OK for: js-yaml@3.15.1 want: ^4.0.0
2451 silly fetch manifest sprintf-js@~1.0.2
2452 silly packumentCache full:https://registry.npmjs.org/sprintf-js cache-miss
2453 http fetch GET 200 https://registry.npmjs.org/sprintf-js 154ms (cache miss)
2454 silly packumentCache full:https://registry.npmjs.org/sprintf-js set size:undefined disposed:false
2455 silly placeDep ROOT sprintf-js@1.0.3 OK for: argparse@1.0.10 want: ~1.0.2
2456 silly placeDep node_modules/lighthouse-logger debug@2.6.9 OK for: lighthouse-logger@1.4.2 want: ^2.6.9
2457 silly placeDep ROOT marky@1.3.0 OK for: lighthouse-logger@1.4.2 want: ^1.2.2
2458 silly placeDep ROOT p-locate@4.1.0 OK for: locate-path@5.0.0 want: ^4.1.0
2459 silly fetch manifest p-limit@^2.2.0
2460 silly packumentCache full:https://registry.npmjs.org/p-limit cache-miss
2461 http cache https://registry.npmjs.org/p-limit 3ms (cache hit)
2462 silly packumentCache full:https://registry.npmjs.org/p-limit set size:63850 disposed:false
2463 silly placeDep node_modules/p-locate p-limit@2.3.0 OK for: p-locate@4.1.0 want: ^2.2.0
2464 silly fetch manifest p-try@^2.0.0
2465 silly packumentCache full:https://registry.npmjs.org/p-try cache-miss
2466 http fetch GET 200 https://registry.npmjs.org/p-try 51ms (cache miss)
2467 silly packumentCache full:https://registry.npmjs.org/p-try set size:undefined disposed:false
2468 silly placeDep ROOT asap@2.0.6 OK for: promise@8.3.0 want: ~2.0.6
2469 silly placeDep ROOT shell-quote@1.10.0 OK for: react-devtools-core@6.1.5 want: ^1.6.1
2470 silly placeDep ROOT react-freeze@1.0.4 OK for: react-native-screens@4.16.0 want: ^1.0.0
2471 silly placeDep node_modules/rimraf glob@7.2.3 OK for: rimraf@3.0.2 want: ^7.1.3
2472 silly placeDep node_modules/serve-static encodeurl@2.0.0 OK for: serve-static@1.16.3 want: ~2.0.0
2473 silly placeDep ROOT send@0.19.2 OK for: serve-static@1.16.3 want: ~0.19.1
2474 silly fetch manifest depd@2.0.0
2475 silly packumentCache full:https://registry.npmjs.org/depd cache-miss
2476 silly fetch manifest etag@~1.8.1
2477 silly packumentCache full:https://registry.npmjs.org/etag cache-miss
2478 silly fetch manifest mime@1.6.0
2479 silly packumentCache full:https://registry.npmjs.org/mime cache-miss
2480 silly fetch manifest fresh@~0.5.2
2481 silly packumentCache full:https://registry.npmjs.org/fresh cache-miss
2482 silly fetch manifest destroy@1.2.0
2483 silly packumentCache full:https://registry.npmjs.org/destroy cache-miss
2484 silly fetch manifest statuses@~2.0.2
2485 silly packumentCache full:https://registry.npmjs.org/statuses cache-miss
2486 silly fetch manifest http-errors@~2.0.1
2487 silly packumentCache full:https://registry.npmjs.org/http-errors cache-miss
2488 http cache https://registry.npmjs.org/statuses 3ms (cache hit)
2489 silly packumentCache full:https://registry.npmjs.org/statuses set size:37117 disposed:false
2490 silly fetch manifest on-finished@~2.4.1
2491 silly packumentCache full:https://registry.npmjs.org/on-finished cache-miss
2492 http cache https://registry.npmjs.org/on-finished 2ms (cache hit)
2493 silly packumentCache full:https://registry.npmjs.org/on-finished set size:23212 disposed:false
2494 silly fetch manifest range-parser@~1.2.1
2495 silly packumentCache full:https://registry.npmjs.org/range-parser cache-miss
2496 http fetch GET 200 https://registry.npmjs.org/etag 53ms (cache miss)
2497 silly packumentCache full:https://registry.npmjs.org/etag set size:undefined disposed:false
2498 http fetch GET 200 https://registry.npmjs.org/depd 59ms (cache miss)
2499 silly packumentCache full:https://registry.npmjs.org/depd set size:undefined disposed:false
2500 http fetch GET 200 https://registry.npmjs.org/range-parser 54ms (cache miss)
2501 silly packumentCache full:https://registry.npmjs.org/range-parser set size:undefined disposed:false
2502 http fetch GET 200 https://registry.npmjs.org/destroy 62ms (cache miss)
2503 silly packumentCache full:https://registry.npmjs.org/destroy set size:undefined disposed:false
2504 http fetch GET 200 https://registry.npmjs.org/fresh 64ms (cache miss)
2505 silly packumentCache full:https://registry.npmjs.org/fresh set size:undefined disposed:false
2506 http fetch GET 200 https://registry.npmjs.org/mime 115ms (cache miss)
2507 silly packumentCache full:https://registry.npmjs.org/mime set size:undefined disposed:false
2508 http fetch GET 200 https://registry.npmjs.org/http-errors 137ms (cache miss)
2509 silly packumentCache full:https://registry.npmjs.org/http-errors set size:undefined disposed:false
2510 silly placeDep node_modules/send debug@2.6.9 OK for: send@0.19.2 want: 2.6.9
2511 silly placeDep ROOT depd@2.0.0 OK for: send@0.19.2 want: 2.0.0
2512 silly placeDep ROOT destroy@1.2.0 OK for: send@0.19.2 want: 1.2.0
2513 silly placeDep node_modules/send encodeurl@2.0.0 OK for: send@0.19.2 want: ~2.0.0
2514 silly placeDep ROOT etag@1.8.1 OK for: send@0.19.2 want: ~1.8.1
2515 silly placeDep ROOT fresh@0.5.2 OK for: send@0.19.2 want: ~0.5.2
2516 silly placeDep ROOT http-errors@2.0.1 OK for: send@0.19.2 want: ~2.0.1
2517 silly placeDep ROOT mime@1.6.0 OK for: send@0.19.2 want: 1.6.0
2518 silly placeDep node_modules/send on-finished@2.4.1 OK for: send@0.19.2 want: ~2.4.1
2519 silly placeDep ROOT range-parser@1.2.1 OK for: send@0.19.2 want: ~1.2.1
2520 silly placeDep node_modules/send statuses@2.0.2 OK for: send@0.19.2 want: ~2.0.2
2521 silly fetch manifest setprototypeof@~1.2.0
2522 silly packumentCache full:https://registry.npmjs.org/setprototypeof cache-miss
2523 silly fetch manifest toidentifier@~1.0.1
2524 silly packumentCache full:https://registry.npmjs.org/toidentifier cache-miss
2525 http cache https://registry.npmjs.org/setprototypeof 2ms (cache hit)
2526 silly packumentCache full:https://registry.npmjs.org/setprototypeof set size:14532 disposed:false
2527 http cache https://registry.npmjs.org/toidentifier 1ms (cache hit)
2528 silly packumentCache full:https://registry.npmjs.org/toidentifier set size:12006 disposed:false
2529 silly placeDep ROOT setprototypeof@1.2.0 OK for: http-errors@2.0.1 want: ~1.2.0
2530 silly placeDep node_modules/http-errors statuses@2.0.2 OK for: http-errors@2.0.1 want: ~2.0.2
2531 silly placeDep ROOT toidentifier@1.0.1 OK for: http-errors@2.0.1 want: ~1.0.1
2532 silly placeDep ROOT shebang-regex@3.0.0 OK for: shebang-command@2.0.0 want: ^3.0.0
2533 silly placeDep ROOT is-arrayish@0.3.4 OK for: simple-swizzle@0.2.4 want: ^0.3.1
2534 silly placeDep node_modules/stack-utils escape-string-regexp@2.0.0 OK for: stack-utils@2.0.6 want: ^2.0.0
2535 silly placeDep ROOT type-fest@0.7.1 OK for: stacktrace-parser@0.1.11 want: ^0.7.1
2536 silly placeDep node_modules/sucrase commander@4.1.1 OK for: sucrase@3.35.1 want: ^4.0.0
2537 silly placeDep ROOT lines-and-columns@1.2.4 OK for: sucrase@3.35.1 want: ^1.1.6
2538 silly placeDep ROOT mz@2.7.0 OK for: sucrase@3.35.1 want: ^2.7.0
2539 silly placeDep ROOT tinyglobby@0.2.17 OK for: sucrase@3.35.1 want: ^0.2.11
2540 silly placeDep ROOT ts-interface-checker@0.1.13 OK for: sucrase@3.35.1 want: ^0.1.9
2541 silly fetch manifest any-promise@^1.0.0
2542 silly packumentCache full:https://registry.npmjs.org/any-promise cache-miss
2543 silly fetch manifest object-assign@^4.0.1
2544 silly packumentCache full:https://registry.npmjs.org/object-assign cache-miss
2545 silly fetch manifest thenify-all@^1.0.0
2546 silly packumentCache full:https://registry.npmjs.org/thenify-all cache-miss
2547 silly fetch manifest fdir@^6.5.0
2548 silly packumentCache full:https://registry.npmjs.org/fdir cache-miss
2549 silly fetch manifest picomatch@^4.0.4
2550 silly packumentCache full:https://registry.npmjs.org/picomatch cache-hit
2551 http fetch GET 200 https://registry.npmjs.org/thenify-all 68ms (cache miss)
2552 silly packumentCache full:https://registry.npmjs.org/thenify-all set size:undefined disposed:false
2553 http fetch GET 200 https://registry.npmjs.org/any-promise 69ms (cache miss)
2554 silly packumentCache full:https://registry.npmjs.org/any-promise set size:undefined disposed:false
2555 http fetch GET 200 https://registry.npmjs.org/object-assign 70ms (cache miss)
2556 silly packumentCache full:https://registry.npmjs.org/object-assign set size:undefined disposed:false
2557 http fetch GET 200 https://registry.npmjs.org/fdir 149ms (cache miss)
2558 silly packumentCache full:https://registry.npmjs.org/fdir set size:undefined disposed:false
2559 silly placeDep ROOT any-promise@1.3.0 OK for: mz@2.7.0 want: ^1.0.0
2560 silly placeDep ROOT object-assign@4.1.1 OK for: mz@2.7.0 want: ^4.0.1
2561 silly placeDep ROOT thenify-all@1.6.0 OK for: mz@2.7.0 want: ^1.0.0
2562 silly fetch manifest thenify@>= 3.1.0 < 4
2563 silly packumentCache full:https://registry.npmjs.org/thenify cache-miss
2564 http cache https://registry.npmjs.org/thenify 1ms (cache hit)
2565 silly packumentCache full:https://registry.npmjs.org/thenify set size:21379 disposed:false
2566 silly placeDep ROOT has-flag@3.0.0 OK for: supports-color@5.5.0 want: ^3.0.0
2567 silly placeDep ROOT @jridgewell/source-map@0.3.11 OK for: terser@5.49.2 want: ^0.3.3
2568 silly placeDep ROOT acorn@8.18.0 OK for: terser@5.49.2 want: ^8.15.0
2569 silly placeDep node_modules/terser commander@2.20.3 OK for: terser@5.49.2 want: ^2.20.0
2570 silly placeDep ROOT source-map-support@0.5.21 OK for: terser@5.49.2 want: ~0.5.20
2571 silly fetch manifest buffer-from@^1.0.0
2572 silly packumentCache full:https://registry.npmjs.org/buffer-from cache-miss
2573 silly fetch manifest source-map@^0.6.0
2574 silly packumentCache full:https://registry.npmjs.org/source-map cache-miss
2575 http cache https://registry.npmjs.org/buffer-from 2ms (cache hit)
2576 silly packumentCache full:https://registry.npmjs.org/buffer-from set size:15463 disposed:false
2577 http cache https://registry.npmjs.org/source-map 3ms (cache hit)
2578 silly packumentCache full:https://registry.npmjs.org/source-map set size:231637 disposed:false
2579 silly placeDep ROOT buffer-from@1.1.2 OK for: source-map-support@0.5.21 want: ^1.0.0
2580 silly placeDep node_modules/source-map-support source-map@0.6.1 OK for: source-map-support@0.5.21 want: ^0.6.0
2581 silly placeDep node_modules/test-exclude glob@7.2.3 OK for: test-exclude@6.0.0 want: ^7.1.4
2582 silly placeDep node_modules/test-exclude minimatch@3.1.5 OK for: test-exclude@6.0.0 want: ^3.0.4
2583 silly fetch manifest brace-expansion@^1.1.7
2584 silly packumentCache full:https://registry.npmjs.org/brace-expansion cache-miss
2585 http cache https://registry.npmjs.org/brace-expansion 2ms (cache hit)
2586 silly packumentCache full:https://registry.npmjs.org/brace-expansion set size:101024 disposed:false
2587 silly placeDep ROOT thenify@3.3.1 OK for: thenify-all@1.6.0 want: >= 3.1.0 < 4
2588 silly placeDep node_modules/tinyglobby fdir@6.5.0 OK for: tinyglobby@0.2.17 want: ^6.5.0
2589 silly placeDep node_modules/tinyglobby picomatch@4.0.5 OK for: fdir@6.5.0 want: ^3 || ^4
2590 silly placeDep ROOT is-number@7.0.0 OK for: to-regex-range@5.0.1 want: ^7.0.0
2591 silly placeDep ROOT escalade@3.2.0 OK for: update-browserslist-db@1.3.1 want: ^3.2.0
2592 silly placeDep ROOT makeerror@1.0.12 OK for: walker@1.0.8 want: 1.0.12
2593 silly fetch manifest tmpl@1.0.5
2594 silly packumentCache full:https://registry.npmjs.org/tmpl cache-miss
2595 http fetch GET 200 https://registry.npmjs.org/tmpl 46ms (cache miss)
2596 silly packumentCache full:https://registry.npmjs.org/tmpl set size:undefined disposed:false
2597 silly placeDep ROOT tmpl@1.0.5 OK for: makeerror@1.0.12 want: 1.0.5
2598 silly placeDep ROOT buffer@5.7.1 OK for: whatwg-url-without-unicode@8.0.0-3 want: ^5.4.3
2599 silly placeDep ROOT punycode@2.3.1 OK for: whatwg-url-without-unicode@8.0.0-3 want: ^2.1.1
2600 silly placeDep ROOT webidl-conversions@5.0.0 OK for: whatwg-url-without-unicode@8.0.0-3 want: ^5.0.0
2601 silly fetch manifest ieee754@^1.1.13
2602 silly packumentCache full:https://registry.npmjs.org/ieee754 cache-miss
2603 http fetch GET 200 https://registry.npmjs.org/ieee754 62ms (cache miss)
2604 silly packumentCache full:https://registry.npmjs.org/ieee754 set size:undefined disposed:false
2605 silly placeDep ROOT ieee754@1.2.1 OK for: buffer@5.7.1 want: ^1.1.13
2606 silly placeDep ROOT isexe@2.0.0 OK for: which@2.0.2 want: ^2.0.0
2607 silly placeDep ROOT imurmurhash@0.1.4 OK for: write-file-atomic@4.0.2 want: ^0.1.4
2608 silly placeDep ROOT signal-exit@3.0.7 OK for: write-file-atomic@4.0.2 want: ^3.0.7
2609 silly placeDep ROOT simple-plist@1.3.1 OK for: xcode@3.0.1 want: ^1.1.0
2610 silly placeDep ROOT uuid@7.0.3 OK for: xcode@3.0.1 want: ^7.0.3
2611 silly fetch manifest bplist-parser@0.3.1
2612 silly packumentCache full:https://registry.npmjs.org/bplist-parser cache-miss
2613 silly fetch manifest plist@^3.0.5
2614 silly packumentCache full:https://registry.npmjs.org/plist cache-miss
2615 http cache https://registry.npmjs.org/bplist-parser 2ms (cache hit)
2616 silly packumentCache full:https://registry.npmjs.org/bplist-parser set size:21877 disposed:false
2617 http fetch GET 200 https://registry.npmjs.org/plist 139ms (cache miss)
2618 silly packumentCache full:https://registry.npmjs.org/plist set size:undefined disposed:false
2619 silly placeDep ROOT bplist-creator@0.1.0 OK for: simple-plist@1.3.1 want: 0.1.0
2620 silly placeDep ROOT bplist-parser@0.3.1 OK for: simple-plist@1.3.1 want: 0.3.1
2621 silly placeDep ROOT plist@3.1.1 OK for: simple-plist@1.3.1 want: ^3.0.5
2622 silly fetch manifest stream-buffers@2.2.x
2623 silly packumentCache full:https://registry.npmjs.org/stream-buffers cache-miss
2624 silly fetch manifest big-integer@1.6.x
2625 silly packumentCache full:https://registry.npmjs.org/big-integer cache-miss
2626 silly fetch manifest @xmldom/xmldom@^0.9.10
2627 silly packumentCache full:https://registry.npmjs.org/@xmldom%2fxmldom cache-miss
2628 http cache https://registry.npmjs.org/big-integer 2ms (cache hit)
2629 silly packumentCache full:https://registry.npmjs.org/big-integer set size:205433 disposed:false
2630 http cache https://registry.npmjs.org/stream-buffers 4ms (cache hit)
2631 silly packumentCache full:https://registry.npmjs.org/stream-buffers set size:32945 disposed:false
2632 http cache https://registry.npmjs.org/@xmldom%2fxmldom 7ms (cache hit)
2633 silly packumentCache full:https://registry.npmjs.org/@xmldom%2fxmldom set size:166253 disposed:false
2634 silly placeDep ROOT stream-buffers@2.2.0 OK for: bplist-creator@0.1.0 want: 2.2.x
2635 silly placeDep ROOT big-integer@1.6.52 OK for: bplist-parser@0.3.1 want: 1.6.x
2636 silly placeDep node_modules/plist @xmldom/xmldom@0.9.10 OK for: plist@3.1.1 want: ^0.9.10
2637 silly placeDep ROOT sax@1.6.1 OK for: xml2js@0.6.0 want: >=0.6.0
2638 silly placeDep node_modules/xml2js xmlbuilder@11.0.1 OK for: xml2js@0.6.0 want: ~11.0.0
2639 silly placeDep ROOT cliui@8.0.1 OK for: yargs@17.7.3 want: ^8.0.1
2640 silly placeDep ROOT get-caller-file@2.0.5 OK for: yargs@17.7.3 want: ^2.0.5
2641 silly placeDep ROOT require-directory@2.1.1 OK for: yargs@17.7.3 want: ^2.1.1
2642 silly placeDep ROOT string-width@4.2.3 OK for: yargs@17.7.3 want: ^4.2.3
2643 silly placeDep ROOT y18n@5.0.8 OK for: yargs@17.7.3 want: ^5.0.5
2644 silly placeDep ROOT yargs-parser@21.1.1 OK for: yargs@17.7.3 want: ^21.1.1
2645 silly fetch manifest strip-ansi@^6.0.1
2646 silly packumentCache full:https://registry.npmjs.org/strip-ansi cache-miss
2647 silly fetch manifest string-width@^4.2.0
2648 silly packumentCache full:https://registry.npmjs.org/string-width cache-miss
2649 silly fetch manifest strip-ansi@^6.0.1
2650 silly packumentCache full:https://registry.npmjs.org/strip-ansi cache-miss
2651 silly fetch manifest emoji-regex@^8.0.0
2652 silly packumentCache full:https://registry.npmjs.org/emoji-regex cache-miss
2653 silly fetch manifest is-fullwidth-code-point@^3.0.0
2654 silly packumentCache full:https://registry.npmjs.org/is-fullwidth-code-point cache-miss
2655 http cache https://registry.npmjs.org/strip-ansi 3ms (cache hit)
2656 silly packumentCache full:https://registry.npmjs.org/strip-ansi set size:44998 disposed:false
2657 http cache https://registry.npmjs.org/strip-ansi 4ms (cache hit)
2658 silly packumentCache full:https://registry.npmjs.org/strip-ansi set size:44998 disposed:false
2659 silly packumentCache full:https://registry.npmjs.org/strip-ansi dispose
2660 http cache https://registry.npmjs.org/string-width 5ms (cache hit)
2661 silly packumentCache full:https://registry.npmjs.org/string-width set size:72458 disposed:false
2662 http fetch GET 200 https://registry.npmjs.org/is-fullwidth-code-point 53ms (cache miss)
2663 silly packumentCache full:https://registry.npmjs.org/is-fullwidth-code-point set size:undefined disposed:false
2664 http fetch GET 200 https://registry.npmjs.org/emoji-regex 79ms (cache miss)
2665 silly packumentCache full:https://registry.npmjs.org/emoji-regex set size:undefined disposed:false
2666 silly placeDep ROOT strip-ansi@6.0.1 OK for: cliui@8.0.1 want: ^6.0.1
2667 silly placeDep ROOT wrap-ansi@7.0.0 OK for: cliui@8.0.1 want: ^7.0.0
2668 silly fetch manifest ansi-styles@^4.0.0
2669 silly packumentCache full:https://registry.npmjs.org/ansi-styles cache-hit
2670 silly placeDep ROOT emoji-regex@8.0.0 OK for: string-width@4.2.3 want: ^8.0.0
2671 silly placeDep ROOT is-fullwidth-code-point@3.0.0 OK for: string-width@4.2.3 want: ^3.0.0
2672 silly placeDep node_modules/wrap-ansi ansi-styles@4.3.0 OK for: wrap-ansi@7.0.0 want: ^4.0.0
2673 silly placeDep node_modules/@expo/config-plugins ansi-styles@4.3.0 OK for: chalk@4.1.2 want: ^4.1.0
2674 silly placeDep node_modules/@expo/config-plugins supports-color@7.2.0 OK for: chalk@4.1.2 want: ^7.1.0
2675 silly placeDep node_modules/@expo/config-plugins has-flag@4.0.0 OK for: supports-color@7.2.0 want: ^4.0.0
2676 silly placeDep node_modules/@expo/devtools ansi-styles@4.3.0 OK for: chalk@4.1.2 want: ^4.1.0
2677 silly placeDep node_modules/@expo/devtools supports-color@7.2.0 OK for: chalk@4.1.2 want: ^7.1.0
2678 silly placeDep node_modules/@expo/devtools has-flag@4.0.0 OK for: supports-color@7.2.0 want: ^4.0.0
2679 silly placeDep node_modules/@expo/fingerprint ansi-styles@4.3.0 OK for: chalk@4.1.2 want: ^4.1.0
2680 silly placeDep node_modules/@expo/fingerprint supports-color@7.2.0 OK for: chalk@4.1.2 want: ^7.1.0
2681 silly placeDep node_modules/@expo/fingerprint has-flag@4.0.0 OK for: supports-color@7.2.0 want: ^4.0.0
2682 silly placeDep node_modules/@jest/transform ansi-styles@4.3.0 OK for: chalk@4.1.2 want: ^4.1.0
2683 silly placeDep node_modules/@jest/transform supports-color@7.2.0 OK for: chalk@4.1.2 want: ^7.1.0
2684 silly placeDep node_modules/@jest/transform has-flag@4.0.0 OK for: supports-color@7.2.0 want: ^4.0.0
2685 silly placeDep node_modules/@jest/types ansi-styles@4.3.0 OK for: chalk@4.1.2 want: ^4.1.0
2686 silly placeDep node_modules/@jest/types supports-color@7.2.0 OK for: chalk@4.1.2 want: ^7.1.0
2687 silly placeDep node_modules/@jest/types has-flag@4.0.0 OK for: supports-color@7.2.0 want: ^4.0.0
2688 silly placeDep ROOT fs.realpath@1.0.0 OK for: glob@7.2.3 want: ^1.0.0
2689 silly placeDep ROOT inflight@1.0.6 OK for: glob@7.2.3 want: ^1.0.4
2690 silly placeDep node_modules/@react-native/codegen minimatch@3.1.5 OK for: glob@7.2.3 want: ^3.1.1
2691 silly placeDep ROOT once@1.4.0 OK for: glob@7.2.3 want: ^1.3.0
2692 silly placeDep ROOT path-is-absolute@1.0.1 OK for: glob@7.2.3 want: ^1.0.0
2693 silly fetch manifest wrappy@1
2694 silly packumentCache full:https://registry.npmjs.org/wrappy cache-miss
2695 silly fetch manifest wrappy@1
2696 silly packumentCache full:https://registry.npmjs.org/wrappy cache-miss
2697 http cache https://registry.npmjs.org/wrappy 2ms (cache hit)
2698 silly packumentCache full:https://registry.npmjs.org/wrappy set size:7682 disposed:false
2699 http cache https://registry.npmjs.org/wrappy 1ms (cache hit)
2700 silly packumentCache full:https://registry.npmjs.org/wrappy set size:7682 disposed:false
2701 silly packumentCache full:https://registry.npmjs.org/wrappy dispose
2702 silly placeDep ROOT wrappy@1.0.2 OK for: inflight@1.0.6 want: 1
2703 silly placeDep node_modules/@react-native/codegen hermes-estree@0.29.1 OK for: hermes-parser@0.29.1 want: 0.29.1
2704 silly placeDep node_modules/@react-native/codegen brace-expansion@1.1.18 OK for: minimatch@3.1.5 want: ^1.1.7
2705 silly fetch manifest concat-map@0.0.1
2706 silly packumentCache full:https://registry.npmjs.org/concat-map cache-miss
2707 silly fetch manifest balanced-match@^1.0.0
2708 silly packumentCache full:https://registry.npmjs.org/balanced-match cache-miss
2709 http cache https://registry.npmjs.org/balanced-match 2ms (cache hit)
2710 silly packumentCache full:https://registry.npmjs.org/balanced-match set size:39082 disposed:false
2711 http fetch GET 200 https://registry.npmjs.org/concat-map 50ms (cache miss)
2712 silly packumentCache full:https://registry.npmjs.org/concat-map set size:undefined disposed:false
2713 silly placeDep node_modules/@react-native/codegen balanced-match@1.0.2 OK for: brace-expansion@1.1.18 want: ^1.0.0
2714 silly placeDep ROOT concat-map@0.0.1 OK for: brace-expansion@1.1.18 want: 0.0.1
2715 silly placeDep ROOT async-limiter@1.0.1 OK for: ws@6.2.6 want: ~1.0.0
2716 silly placeDep node_modules/ansi-styles color-name@1.1.3 OK for: color-convert@1.9.3 want: 1.1.3
2717 silly placeDep node_modules/babel-jest ansi-styles@4.3.0 OK for: chalk@4.1.2 want: ^4.1.0
2718 silly placeDep node_modules/babel-jest supports-color@7.2.0 OK for: chalk@4.1.2 want: ^7.1.0
2719 silly placeDep node_modules/babel-jest has-flag@4.0.0 OK for: supports-color@7.2.0 want: ^4.0.0
2720 silly placeDep node_modules/babel-plugin-syntax-hermes-parser hermes-estree@0.29.1 OK for: hermes-parser@0.29.1 want: 0.29.1
2721 silly placeDep node_modules/connect ms@2.0.0 OK for: debug@2.6.9 want: 2.0.0
2722 silly placeDep node_modules/expo-modules-autolinking ansi-styles@4.3.0 OK for: chalk@4.1.2 want: ^4.1.0
2723 silly placeDep node_modules/expo-modules-autolinking supports-color@7.2.0 OK for: chalk@4.1.2 want: ^7.1.0
2724 silly placeDep node_modules/expo-modules-autolinking has-flag@4.0.0 OK for: supports-color@7.2.0 want: ^4.0.0
2725 silly fetch manifest utf-8-validate@>=5.0.2
2726 silly packumentCache full:https://registry.npmjs.org/utf-8-validate cache-miss
2727 http cache https://registry.npmjs.org/utf-8-validate 2ms (cache hit)
2728 silly packumentCache full:https://registry.npmjs.org/utf-8-validate set size:77012 disposed:false
2729 silly fetch manifest graphql@^14.0.0 || ^15.0.0 || ^16.0.0
2730 silly packumentCache full:https://registry.npmjs.org/graphql cache-miss
2731 http fetch GET 200 https://registry.npmjs.org/graphql 616ms (cache miss)
2732 silly packumentCache full:https://registry.npmjs.org/graphql set size:undefined disposed:false
2733 silly placeDep ROOT @0no-co/graphql.web@1.3.3 OK for: @expo/cli@54.0.26 want: ^1.0.8
2734 silly placeDep ROOT @expo/code-signing-certificates@0.0.6 OK for: @expo/cli@54.0.26 want: ^0.0.6
2735 silly placeDep ROOT @expo/devcert@1.2.1 OK for: @expo/cli@54.0.26 want: ^1.2.1
2736 silly placeDep ROOT @expo/env@2.0.12 OK for: @expo/cli@54.0.26 want: ~2.0.12
2737 silly placeDep ROOT @expo/image-utils@0.8.15 OK for: @expo/cli@54.0.26 want: ^0.8.8
2738 silly placeDep ROOT @expo/osascript@2.7.1 OK for: @expo/cli@54.0.26 want: ^2.3.8
2739 silly placeDep ROOT @expo/package-manager@1.13.1 OK for: @expo/cli@54.0.26 want: ^1.9.10
2740 silly placeDep node_modules/expo/node_modules/@expo/cli @expo/prebuild-config@54.0.9 CONFLICT for: @expo/cli@54.0.26 want: ^54.0.9
2741 silly placeDep ROOT @expo/schema-utils@0.1.9 OK for: @expo/cli@54.0.26 want: ^0.1.9
2742 silly placeDep ROOT @expo/ws-tunnel@1.0.6 OK for: @expo/cli@54.0.26 want: ^1.0.1
2743 silly placeDep ROOT @expo/xcpretty@4.4.4 OK for: @expo/cli@54.0.26 want: ^4.3.0
2744 silly placeDep ROOT @urql/core@5.2.0 OK for: @expo/cli@54.0.26 want: ^5.0.6
2745 silly placeDep ROOT @urql/exchange-retry@1.3.2 OK for: @expo/cli@54.0.26 want: ^1.3.0
2746 silly placeDep ROOT better-opn@3.0.2 OK for: @expo/cli@54.0.26 want: ~3.0.2
2747 silly placeDep node_modules/expo chalk@4.1.2 OK for: @expo/cli@54.0.26 want: ^4.0.0
2748 silly placeDep node_modules/expo ci-info@3.9.0 OK for: @expo/cli@54.0.26 want: ^3.3.0
2749 silly placeDep ROOT compression@1.8.1 OK for: @expo/cli@54.0.26 want: ^1.7.4
2750 silly placeDep ROOT env-editor@0.4.2 OK for: @expo/cli@54.0.26 want: ^0.4.1
2751 silly placeDep ROOT expo-server@1.0.7 OK for: @expo/cli@54.0.26 want: ^1.0.7
2752 silly placeDep ROOT freeport-async@2.0.0 OK for: @expo/cli@54.0.26 want: ^2.0.0
2753 silly placeDep ROOT lan-network@0.2.1 OK for: @expo/cli@54.0.26 want: ^0.2.1
2754 silly placeDep node_modules/expo minimatch@9.0.9 OK for: @expo/cli@54.0.26 want: ^9.0.0
2755 silly placeDep ROOT node-forge@1.4.0 OK for: @expo/cli@54.0.26 want: ^1.3.3
2756 silly placeDep ROOT npm-package-arg@11.0.3 OK for: @expo/cli@54.0.26 want: ^11.0.0
2757 silly placeDep ROOT ora@3.4.0 OK for: @expo/cli@54.0.26 want: ^3.4.0
2758 silly placeDep node_modules/expo picomatch@4.0.5 OK for: @expo/cli@54.0.26 want: ^4.0.3
2759 silly placeDep ROOT pretty-bytes@5.6.0 OK for: @expo/cli@54.0.26 want: ^5.6.0
2760 silly placeDep ROOT progress@2.0.3 OK for: @expo/cli@54.0.26 want: ^2.0.3
2761 silly placeDep ROOT prompts@2.4.2 OK for: @expo/cli@54.0.26 want: ^2.3.2
2762 silly placeDep ROOT qrcode-terminal@0.11.0 OK for: @expo/cli@54.0.26 want: 0.11.0
2763 silly placeDep ROOT requireg@0.2.2 OK for: @expo/cli@54.0.26 want: ^0.2.2
2764 silly placeDep ROOT resolve@1.22.12 OK for: @expo/cli@54.0.26 want: ^1.22.2
2765 silly placeDep ROOT resolve.exports@2.0.3 OK for: @expo/cli@54.0.26 want: ^2.0.3
2766 silly placeDep ROOT structured-headers@0.4.1 OK for: @expo/cli@54.0.26 want: ^0.4.1
2767 silly placeDep ROOT tar@7.5.22 OK for: @expo/cli@54.0.26 want: ^7.5.2
2768 silly placeDep ROOT terminal-link@2.1.1 OK for: @expo/cli@54.0.26 want: ^2.1.1
2769 silly placeDep ROOT undici@6.28.0 OK for: @expo/cli@54.0.26 want: ^6.18.2
2770 silly placeDep node_modules/expo ws@8.21.3 OK for: @expo/cli@54.0.26 want: ^8.12.1
2771 silly fetch manifest debug@^3.1.0
2772 silly packumentCache full:https://registry.npmjs.org/debug cache-hit
2773 silly fetch manifest @expo/sudo-prompt@^9.3.1
2774 silly packumentCache full:https://registry.npmjs.org/@expo%2fsudo-prompt cache-miss
2775 silly fetch manifest parse-png@^2.1.0
2776 silly packumentCache full:https://registry.npmjs.org/parse-png cache-miss
2777 silly fetch manifest jimp-compact@0.16.1
2778 silly packumentCache full:https://registry.npmjs.org/jimp-compact cache-miss
2779 silly fetch manifest @expo/require-utils@^55.0.6
2780 silly packumentCache full:https://registry.npmjs.org/@expo%2frequire-utils cache-miss
2781 silly fetch manifest @expo/json-file@^11.0.1
2782 silly packumentCache full:https://registry.npmjs.org/@expo%2fjson-file cache-hit
2783 silly fetch manifest js-yaml@^4.1.0
2784 silly packumentCache full:https://registry.npmjs.org/js-yaml cache-miss
2785 silly fetch manifest wonka@^6.3.2
2786 silly packumentCache full:https://registry.npmjs.org/wonka cache-miss
2787 silly fetch manifest wonka@^6.3.2
2788 silly packumentCache full:https://registry.npmjs.org/wonka cache-miss
2789 http cache https://registry.npmjs.org/@expo%2fsudo-prompt 11ms (cache hit)
2790 silly packumentCache full:https://registry.npmjs.org/@expo%2fsudo-prompt set size:8807 disposed:false
2791 silly fetch manifest open@^8.0.4
2792 silly packumentCache full:https://registry.npmjs.org/open cache-miss
2793 http cache https://registry.npmjs.org/wonka 6ms (cache hit)
2794 silly packumentCache full:https://registry.npmjs.org/wonka set size:386763 disposed:false
2795 silly fetch manifest vary@~1.1.2
2796 silly packumentCache full:https://registry.npmjs.org/vary cache-miss
2797 http cache https://registry.npmjs.org/@expo%2frequire-utils 13ms (cache hit)
2798 silly packumentCache full:https://registry.npmjs.org/@expo%2frequire-utils set size:173317 disposed:false
2799 silly fetch manifest bytes@3.1.2
2800 silly packumentCache full:https://registry.npmjs.org/bytes cache-miss
2801 http cache https://registry.npmjs.org/wonka 9ms (cache hit)
2802 silly packumentCache full:https://registry.npmjs.org/wonka set size:386763 disposed:false
2803 silly packumentCache full:https://registry.npmjs.org/wonka dispose
2804 silly fetch manifest negotiator@~0.6.4
2805 silly packumentCache full:https://registry.npmjs.org/negotiator cache-miss
2806 http cache https://registry.npmjs.org/js-yaml 15ms (cache hit)
2807 silly packumentCache full:https://registry.npmjs.org/js-yaml set size:184624 disposed:false
2808 silly fetch manifest on-headers@~1.1.0
2809 silly packumentCache full:https://registry.npmjs.org/on-headers cache-miss
2810 http cache https://registry.npmjs.org/parse-png 18ms (cache hit)
2811 silly packumentCache full:https://registry.npmjs.org/parse-png set size:13026 disposed:false
2812 silly fetch manifest safe-buffer@5.2.1
2813 silly packumentCache full:https://registry.npmjs.org/safe-buffer cache-miss
2814 http cache https://registry.npmjs.org/jimp-compact 19ms (cache hit)
2815 silly packumentCache full:https://registry.npmjs.org/jimp-compact set size:55876 disposed:false
2816 silly fetch manifest compressible@~2.0.18
2817 silly packumentCache full:https://registry.npmjs.org/compressible cache-miss
2818 http cache https://registry.npmjs.org/vary 12ms (cache hit)
2819 silly packumentCache full:https://registry.npmjs.org/vary set size:15994 disposed:false
2820 silly fetch manifest brace-expansion@^2.0.2
2821 silly packumentCache full:https://registry.npmjs.org/brace-expansion cache-hit
2822 silly fetch manifest proc-log@^4.0.0
2823 silly packumentCache full:https://registry.npmjs.org/proc-log cache-miss
2824 http cache https://registry.npmjs.org/bytes 13ms (cache hit)
2825 silly packumentCache full:https://registry.npmjs.org/bytes set size:37018 disposed:false
2826 silly fetch manifest hosted-git-info@^7.0.0
2827 silly packumentCache full:https://registry.npmjs.org/hosted-git-info cache-miss
2828 http cache https://registry.npmjs.org/safe-buffer 10ms (cache hit)
2829 silly packumentCache full:https://registry.npmjs.org/safe-buffer set size:41183 disposed:false
2830 silly fetch manifest validate-npm-package-name@^5.0.0
2831 silly packumentCache full:https://registry.npmjs.org/validate-npm-package-name cache-miss
2832 http cache https://registry.npmjs.org/open 19ms (cache hit)
2833 silly packumentCache full:https://registry.npmjs.org/open set size:136392 disposed:false
2834 silly fetch manifest wcwidth@^1.0.1
2835 silly packumentCache full:https://registry.npmjs.org/wcwidth cache-miss
2836 http cache https://registry.npmjs.org/compressible 18ms (cache hit)
2837 silly packumentCache full:https://registry.npmjs.org/compressible set size:61733 disposed:false
2838 silly fetch manifest cli-cursor@^2.1.0
2839 silly packumentCache full:https://registry.npmjs.org/cli-cursor cache-miss
2840 http cache https://registry.npmjs.org/negotiator 21ms (cache hit)
2841 silly packumentCache full:https://registry.npmjs.org/negotiator set size:48046 disposed:false
2842 silly fetch manifest strip-ansi@^5.2.0
2843 silly packumentCache full:https://registry.npmjs.org/strip-ansi cache-hit
2844 silly fetch manifest log-symbols@^2.2.0
2845 silly packumentCache full:https://registry.npmjs.org/log-symbols cache-miss
2846 http cache https://registry.npmjs.org/on-headers 20ms (cache hit)
2847 silly packumentCache full:https://registry.npmjs.org/on-headers set size:13226 disposed:false
2848 silly fetch manifest cli-spinners@^2.0.0
2849 silly packumentCache full:https://registry.npmjs.org/cli-spinners cache-miss
2850 http cache https://registry.npmjs.org/wcwidth 10ms (cache hit)
2851 silly packumentCache full:https://registry.npmjs.org/wcwidth set size:5904 disposed:false
2852 silly fetch manifest kleur@^3.0.3
2853 silly packumentCache full:https://registry.npmjs.org/kleur cache-miss
2854 http cache https://registry.npmjs.org/hosted-git-info 13ms (cache hit)
2855 silly packumentCache full:https://registry.npmjs.org/hosted-git-info set size:190140 disposed:false
2856 silly fetch manifest sisteransi@^1.0.5
2857 silly packumentCache full:https://registry.npmjs.org/sisteransi cache-miss
2858 http cache https://registry.npmjs.org/validate-npm-package-name 13ms (cache hit)
2859 silly packumentCache full:https://registry.npmjs.org/validate-npm-package-name set size:51100 disposed:false
2860 silly fetch manifest nested-error-stacks@~2.0.1
2861 silly packumentCache full:https://registry.npmjs.org/nested-error-stacks cache-miss
2862 http cache https://registry.npmjs.org/cli-cursor 6ms (cache hit)
2863 silly packumentCache full:https://registry.npmjs.org/cli-cursor set size:18913 disposed:false
2864 silly fetch manifest rc@~1.2.7
2865 silly packumentCache full:https://registry.npmjs.org/rc cache-miss
2866 http cache https://registry.npmjs.org/proc-log 18ms (cache hit)
2867 silly packumentCache full:https://registry.npmjs.org/proc-log set size:35796 disposed:false
2868 silly fetch manifest resolve@~1.7.1
2869 silly packumentCache full:https://registry.npmjs.org/resolve cache-miss
2870 http cache https://registry.npmjs.org/log-symbols 6ms (cache hit)
2871 silly packumentCache full:https://registry.npmjs.org/log-symbols set size:31977 disposed:false
2872 silly fetch manifest es-errors@^1.3.0
2873 silly packumentCache full:https://registry.npmjs.org/es-errors cache-miss
2874 http cache https://registry.npmjs.org/cli-spinners 7ms (cache hit)
2875 silly packumentCache full:https://registry.npmjs.org/cli-spinners set size:67473 disposed:false
2876 silly fetch manifest path-parse@^1.0.7
2877 silly packumentCache full:https://registry.npmjs.org/path-parse cache-miss
2878 http cache https://registry.npmjs.org/nested-error-stacks 4ms (cache hit)
2879 silly packumentCache full:https://registry.npmjs.org/nested-error-stacks set size:24138 disposed:false
2880 silly fetch manifest is-core-module@^2.16.1
2881 silly packumentCache full:https://registry.npmjs.org/is-core-module cache-miss
2882 http cache https://registry.npmjs.org/kleur 6ms (cache hit)
2883 silly packumentCache full:https://registry.npmjs.org/kleur set size:61853 disposed:false
2884 silly fetch manifest supports-preserve-symlinks-flag@^1.0.0
2885 silly packumentCache full:https://registry.npmjs.org/supports-preserve-symlinks-flag cache-miss
2886 http cache https://registry.npmjs.org/sisteransi 6ms (cache hit)
2887 silly packumentCache full:https://registry.npmjs.org/sisteransi set size:25723 disposed:false
2888 silly fetch manifest chownr@^3.0.0
2889 silly packumentCache full:https://registry.npmjs.org/chownr cache-miss
2890 http cache https://registry.npmjs.org/rc 5ms (cache hit)
2891 silly packumentCache full:https://registry.npmjs.org/rc set size:70417 disposed:false
2892 silly fetch manifest yallist@^5.0.0
2893 silly packumentCache full:https://registry.npmjs.org/yallist cache-miss
2894 http cache https://registry.npmjs.org/es-errors 5ms (cache hit)
2895 silly packumentCache full:https://registry.npmjs.org/es-errors set size:16918 disposed:false
2896 silly fetch manifest minizlib@^3.1.0
2897 silly packumentCache full:https://registry.npmjs.org/minizlib cache-miss
2898 http cache https://registry.npmjs.org/resolve 6ms (cache hit)
2899 silly packumentCache full:https://registry.npmjs.org/resolve set size:244568 disposed:false
2900 silly fetch manifest @isaacs/fs-minipass@^4.0.0
2901 silly packumentCache full:https://registry.npmjs.org/@isaacs%2ffs-minipass cache-miss
2902 http cache https://registry.npmjs.org/path-parse 7ms (cache hit)
2903 silly packumentCache full:https://registry.npmjs.org/path-parse set size:14523 disposed:false
2904 silly fetch manifest ansi-escapes@^4.2.1
2905 silly packumentCache full:https://registry.npmjs.org/ansi-escapes cache-miss
2906 http cache https://registry.npmjs.org/is-core-module 9ms (cache hit)
2907 silly packumentCache full:https://registry.npmjs.org/is-core-module set size:74378 disposed:false
2908 silly fetch manifest supports-hyperlinks@^2.0.0
2909 silly packumentCache full:https://registry.npmjs.org/supports-hyperlinks cache-miss
2910 http cache https://registry.npmjs.org/supports-preserve-symlinks-flag 9ms (cache hit)
2911 silly packumentCache full:https://registry.npmjs.org/supports-preserve-symlinks-flag set size:6802 disposed:false
2912 http cache https://registry.npmjs.org/chownr 9ms (cache hit)
2913 silly packumentCache full:https://registry.npmjs.org/chownr set size:22157 disposed:false
2914 http cache https://registry.npmjs.org/minizlib 8ms (cache hit)
2915 silly packumentCache full:https://registry.npmjs.org/minizlib set size:62862 disposed:false
2916 http cache https://registry.npmjs.org/yallist 9ms (cache hit)
2917 silly packumentCache full:https://registry.npmjs.org/yallist set size:34610 disposed:false
2918 http cache https://registry.npmjs.org/@isaacs%2ffs-minipass 6ms (cache hit)
2919 silly packumentCache full:https://registry.npmjs.org/@isaacs%2ffs-minipass set size:7912 disposed:false
2920 http cache https://registry.npmjs.org/ansi-escapes 5ms (cache hit)
2921 silly packumentCache full:https://registry.npmjs.org/ansi-escapes set size:70915 disposed:false
2922 http cache https://registry.npmjs.org/supports-hyperlinks 3ms (cache hit)
2923 silly packumentCache full:https://registry.npmjs.org/supports-hyperlinks set size:38477 disposed:false
2924 silly placeDep ROOT @expo/sudo-prompt@9.3.2 OK for: @expo/devcert@1.2.1 want: ^9.3.1
2925 silly placeDep node_modules/@expo/devcert debug@3.2.7 OK for: @expo/devcert@1.2.1 want: ^3.1.0
2926 silly placeDep node_modules/@expo/env chalk@4.1.2 OK for: @expo/env@2.0.12 want: ^4.0.0
2927 silly placeDep ROOT dotenv@16.4.7 OK for: @expo/env@2.0.12 want: ~16.4.5
2928 silly placeDep ROOT dotenv-expand@11.0.7 OK for: @expo/env@2.0.12 want: ~11.0.6
2929 silly fetch manifest typescript@^5.0.0 || ^5.0.0-0
2930 silly packumentCache full:https://registry.npmjs.org/typescript cache-miss
2931 http cache https://registry.npmjs.org/typescript 15ms (cache hit)
2932 silly packumentCache full:https://registry.npmjs.org/typescript set size:15543255 disposed:false
2933 silly placeDep ROOT @expo/require-utils@55.0.6 OK for: @expo/image-utils@0.8.15 want: ^55.0.6
2934 silly placeDep node_modules/@expo/image-utils chalk@4.1.2 OK for: @expo/image-utils@0.8.15 want: ^4.0.0
2935 silly placeDep ROOT jimp-compact@0.16.1 OK for: @expo/image-utils@0.8.15 want: 0.16.1
2936 silly placeDep ROOT parse-png@2.1.0 OK for: @expo/image-utils@0.8.15 want: ^2.1.0
2937 silly fetch manifest pngjs@^3.3.0
2938 silly packumentCache full:https://registry.npmjs.org/pngjs cache-miss
2939 http fetch GET 200 https://registry.npmjs.org/pngjs 71ms (cache miss)
2940 silly packumentCache full:https://registry.npmjs.org/pngjs set size:undefined disposed:false
2941 silly placeDep node_modules/@expo/package-manager @expo/json-file@11.0.1 OK for: @expo/package-manager@1.13.1 want: ^11.0.1
2942 silly placeDep node_modules/@expo/package-manager chalk@4.1.2 OK for: @expo/package-manager@1.13.1 want: ^4.0.0
2943 silly placeDep node_modules/@expo/require-utils @babel/code-frame@7.29.7 OK for: @expo/require-utils@55.0.6 want: ^7.20.0
2944 silly placeDep ROOT @babel/plugin-transform-modules-commonjs@7.29.7 OK for: @expo/require-utils@55.0.6 want: ^7.24.8
2945 silly placeDep node_modules/@expo/xcpretty @babel/code-frame@7.29.7 OK for: @expo/xcpretty@4.4.4 want: ^7.20.0
2946 silly placeDep node_modules/@expo/xcpretty chalk@4.1.2 OK for: @expo/xcpretty@4.4.4 want: ^4.1.0
2947 silly placeDep node_modules/@expo/xcpretty js-yaml@4.3.1 OK for: @expo/xcpretty@4.4.4 want: ^4.1.0
2948 silly fetch manifest argparse@^2.0.1
2949 silly packumentCache full:https://registry.npmjs.org/argparse cache-miss
2950 http cache https://registry.npmjs.org/argparse 1ms (cache hit)
2951 silly packumentCache full:https://registry.npmjs.org/argparse set size:51348 disposed:false
2952 silly placeDep ROOT wonka@6.3.6 OK for: @urql/core@5.2.0 want: ^6.3.2
2953 silly placeDep node_modules/better-opn open@8.4.2 OK for: better-opn@3.0.2 want: ^8.0.4
2954 silly fetch manifest define-lazy-prop@^2.0.0
2955 silly packumentCache full:https://registry.npmjs.org/define-lazy-prop cache-miss
2956 http cache https://registry.npmjs.org/define-lazy-prop 2ms (cache hit)
2957 silly packumentCache full:https://registry.npmjs.org/define-lazy-prop set size:9337 disposed:false
2958 silly placeDep ROOT bytes@3.1.2 OK for: compression@1.8.1 want: 3.1.2
2959 silly placeDep ROOT compressible@2.0.18 OK for: compression@1.8.1 want: ~2.0.18
2960 silly placeDep node_modules/compression debug@2.6.9 OK for: compression@1.8.1 want: 2.6.9
2961 silly placeDep node_modules/compression negotiator@0.6.4 OK for: compression@1.8.1 want: ~0.6.4
2962 silly placeDep ROOT on-headers@1.1.0 OK for: compression@1.8.1 want: ~1.1.0
2963 silly placeDep ROOT safe-buffer@5.2.1 OK for: compression@1.8.1 want: 5.2.1
2964 silly placeDep ROOT vary@1.1.2 OK for: compression@1.8.1 want: ~1.1.2
2965 silly placeDep ROOT hosted-git-info@7.0.2 OK for: npm-package-arg@11.0.3 want: ^7.0.0
2966 silly placeDep ROOT proc-log@4.2.0 OK for: npm-package-arg@11.0.3 want: ^4.0.0
2967 silly placeDep ROOT validate-npm-package-name@5.0.1 OK for: npm-package-arg@11.0.3 want: ^5.0.0
2968 silly fetch manifest lru-cache@^10.0.1
2969 silly packumentCache full:https://registry.npmjs.org/lru-cache cache-hit
2970 silly placeDep node_modules/hosted-git-info lru-cache@10.4.3 OK for: hosted-git-info@7.0.2 want: ^10.0.1
2971 silly placeDep ROOT cli-cursor@2.1.0 OK for: ora@3.4.0 want: ^2.1.0
2972 silly placeDep ROOT cli-spinners@2.9.2 OK for: ora@3.4.0 want: ^2.0.0
2973 silly placeDep ROOT log-symbols@2.2.0 OK for: ora@3.4.0 want: ^2.2.0
2974 silly placeDep node_modules/ora strip-ansi@5.2.0 OK for: ora@3.4.0 want: ^5.2.0
2975 silly placeDep ROOT wcwidth@1.0.1 OK for: ora@3.4.0 want: ^1.0.1
2976 silly fetch manifest restore-cursor@^2.0.0
2977 silly packumentCache full:https://registry.npmjs.org/restore-cursor cache-miss
2978 silly fetch manifest ansi-regex@^4.1.0
2979 silly packumentCache full:https://registry.npmjs.org/ansi-regex cache-miss
2980 silly fetch manifest defaults@^1.0.3
2981 silly packumentCache full:https://registry.npmjs.org/defaults cache-miss
2982 http cache https://registry.npmjs.org/ansi-regex 2ms (cache hit)
2983 silly packumentCache full:https://registry.npmjs.org/ansi-regex set size:43572 disposed:false
2984 http fetch GET 200 https://registry.npmjs.org/defaults 257ms (cache miss)
2985 silly packumentCache full:https://registry.npmjs.org/defaults set size:undefined disposed:false
2986 http fetch GET 200 https://registry.npmjs.org/restore-cursor 259ms (cache miss)
2987 silly packumentCache full:https://registry.npmjs.org/restore-cursor set size:undefined disposed:false
2988 silly placeDep ROOT restore-cursor@2.0.0 OK for: cli-cursor@2.1.0 want: ^2.0.0
2989 silly fetch manifest onetime@^2.0.0
2990 silly packumentCache full:https://registry.npmjs.org/onetime cache-miss
2991 http fetch GET 200 https://registry.npmjs.org/onetime 124ms (cache miss)
2992 silly packumentCache full:https://registry.npmjs.org/onetime set size:undefined disposed:false
2993 silly placeDep ROOT pngjs@3.4.0 OK for: parse-png@2.1.0 want: ^3.3.0
2994 silly placeDep ROOT kleur@3.0.3 OK for: prompts@2.4.2 want: ^3.0.3
2995 silly placeDep ROOT sisteransi@1.0.5 OK for: prompts@2.4.2 want: ^1.0.5
2996 silly placeDep ROOT nested-error-stacks@2.0.1 OK for: requireg@0.2.2 want: ~2.0.1
2997 silly placeDep ROOT rc@1.2.8 OK for: requireg@0.2.2 want: ~1.2.7
2998 silly placeDep node_modules/requireg resolve@1.7.1 OK for: requireg@0.2.2 want: ~1.7.1
2999 silly fetch manifest ini@~1.3.0
3000 silly packumentCache full:https://registry.npmjs.org/ini cache-miss
3001 silly fetch manifest minimist@^1.2.0
3002 silly packumentCache full:https://registry.npmjs.org/minimist cache-miss
3003 silly fetch manifest deep-extend@^0.6.0
3004 silly packumentCache full:https://registry.npmjs.org/deep-extend cache-miss
3005 silly fetch manifest strip-json-comments@~2.0.1
3006 silly packumentCache full:https://registry.npmjs.org/strip-json-comments cache-miss
3007 silly fetch manifest path-parse@^1.0.5
3008 silly packumentCache full:https://registry.npmjs.org/path-parse cache-hit
3009 http fetch GET 200 https://registry.npmjs.org/strip-json-comments 220ms (cache miss)
3010 silly packumentCache full:https://registry.npmjs.org/strip-json-comments set size:undefined disposed:false
3011 http fetch GET 200 https://registry.npmjs.org/deep-extend 275ms (cache miss)
3012 silly packumentCache full:https://registry.npmjs.org/deep-extend set size:undefined disposed:false
3013 http fetch GET 200 https://registry.npmjs.org/minimist 305ms (cache miss)
3014 silly packumentCache full:https://registry.npmjs.org/minimist set size:undefined disposed:false
3015 http fetch GET 200 https://registry.npmjs.org/ini 431ms (cache miss)
3016 silly packumentCache full:https://registry.npmjs.org/ini set size:undefined disposed:false
3017 silly placeDep ROOT deep-extend@0.6.0 OK for: rc@1.2.8 want: ^0.6.0
3018 silly placeDep ROOT ini@1.3.8 OK for: rc@1.2.8 want: ~1.3.0
3019 silly placeDep ROOT minimist@1.2.8 OK for: rc@1.2.8 want: ^1.2.0
3020 silly placeDep ROOT strip-json-comments@2.0.1 OK for: rc@1.2.8 want: ~2.0.1
3021 silly placeDep ROOT es-errors@1.3.0 OK for: resolve@1.22.12 want: ^1.3.0
3022 silly placeDep ROOT is-core-module@2.16.2 OK for: resolve@1.22.12 want: ^2.16.1
3023 silly placeDep ROOT path-parse@1.0.7 OK for: resolve@1.22.12 want: ^1.0.7
3024 silly placeDep ROOT supports-preserve-symlinks-flag@1.0.0 OK for: resolve@1.22.12 want: ^1.0.0
3025 silly fetch manifest hasown@^2.0.3
3026 silly packumentCache full:https://registry.npmjs.org/hasown cache-miss
3027 http fetch GET 200 https://registry.npmjs.org/hasown 88ms (cache miss)
3028 silly packumentCache full:https://registry.npmjs.org/hasown set size:undefined disposed:false
3029 silly placeDep ROOT hasown@2.0.4 OK for: is-core-module@2.16.2 want: ^2.0.3
3030 silly fetch manifest function-bind@^1.1.2
3031 silly packumentCache full:https://registry.npmjs.org/function-bind cache-miss
3032 http fetch GET 200 https://registry.npmjs.org/function-bind 67ms (cache miss)
3033 silly packumentCache full:https://registry.npmjs.org/function-bind set size:undefined disposed:false
3034 silly placeDep ROOT function-bind@1.1.2 OK for: hasown@2.0.4 want: ^1.1.2
3035 silly placeDep ROOT onetime@2.0.1 OK for: restore-cursor@2.0.0 want: ^2.0.0
3036 silly fetch manifest mimic-fn@^1.0.0
3037 silly packumentCache full:https://registry.npmjs.org/mimic-fn cache-miss
3038 http fetch GET 200 https://registry.npmjs.org/mimic-fn 74ms (cache miss)
3039 silly packumentCache full:https://registry.npmjs.org/mimic-fn set size:undefined disposed:false
3040 silly placeDep ROOT mimic-fn@1.2.0 OK for: onetime@2.0.1 want: ^1.0.0
3041 silly placeDep ROOT @isaacs/fs-minipass@4.0.1 OK for: tar@7.5.22 want: ^4.0.0
3042 silly placeDep ROOT chownr@3.0.0 OK for: tar@7.5.22 want: ^3.0.0
3043 silly placeDep ROOT minizlib@3.1.0 OK for: tar@7.5.22 want: ^3.1.0
3044 silly placeDep node_modules/tar yallist@5.0.0 OK for: tar@7.5.22 want: ^5.0.0
3045 silly placeDep ROOT ansi-escapes@4.3.2 OK for: terminal-link@2.1.1 want: ^4.2.1
3046 silly placeDep ROOT supports-hyperlinks@2.3.0 OK for: terminal-link@2.1.1 want: ^2.0.0
3047 silly fetch manifest type-fest@^0.21.3
3048 silly packumentCache full:https://registry.npmjs.org/type-fest cache-miss
3049 silly fetch manifest supports-color@^7.0.0
3050 silly packumentCache full:https://registry.npmjs.org/supports-color cache-hit
3051 http cache https://registry.npmjs.org/type-fest 5ms (cache hit)
3052 silly packumentCache full:https://registry.npmjs.org/type-fest set size:566201 disposed:false
3053 silly placeDep node_modules/ansi-escapes type-fest@0.21.3 OK for: ansi-escapes@4.3.2 want: ^0.21.3
3054 silly placeDep node_modules/supports-hyperlinks has-flag@4.0.0 OK for: supports-hyperlinks@2.3.0 want: ^4.0.0
3055 silly placeDep node_modules/supports-hyperlinks supports-color@7.2.0 OK for: supports-hyperlinks@2.3.0 want: ^7.0.0
3056 silly placeDep ROOT defaults@1.0.4 OK for: wcwidth@1.0.1 want: ^1.0.3
3057 silly fetch manifest clone@^1.0.2
3058 silly packumentCache full:https://registry.npmjs.org/clone cache-miss
3059 http fetch GET 200 https://registry.npmjs.org/clone 144ms (cache miss)
3060 silly packumentCache full:https://registry.npmjs.org/clone set size:undefined disposed:false
3061 silly placeDep ROOT clone@1.0.4 OK for: defaults@1.0.4 want: ^1.0.2
3062 silly placeDep node_modules/@expo/env ansi-styles@4.3.0 OK for: chalk@4.1.2 want: ^4.1.0
3063 silly placeDep node_modules/@expo/env supports-color@7.2.0 OK for: chalk@4.1.2 want: ^7.1.0
3064 silly placeDep node_modules/@expo/env has-flag@4.0.0 OK for: supports-color@7.2.0 want: ^4.0.0
3065 silly placeDep node_modules/@expo/image-utils ansi-styles@4.3.0 OK for: chalk@4.1.2 want: ^4.1.0
3066 silly placeDep node_modules/@expo/image-utils supports-color@7.2.0 OK for: chalk@4.1.2 want: ^7.1.0
3067 silly placeDep node_modules/@expo/image-utils has-flag@4.0.0 OK for: supports-color@7.2.0 want: ^4.0.0
3068 silly placeDep node_modules/@expo/package-manager @babel/code-frame@7.29.7 OK for: @expo/json-file@11.0.1 want: ^7.20.0
3069 silly placeDep node_modules/@expo/package-manager ansi-styles@4.3.0 OK for: chalk@4.1.2 want: ^4.1.0
3070 silly placeDep node_modules/@expo/package-manager supports-color@7.2.0 OK for: chalk@4.1.2 want: ^7.1.0
3071 silly placeDep node_modules/@expo/package-manager has-flag@4.0.0 OK for: supports-color@7.2.0 want: ^4.0.0
3072 silly placeDep node_modules/@expo/xcpretty ansi-styles@4.3.0 OK for: chalk@4.1.2 want: ^4.1.0
3073 silly placeDep node_modules/@expo/xcpretty supports-color@7.2.0 OK for: chalk@4.1.2 want: ^7.1.0
3074 silly placeDep node_modules/@expo/xcpretty argparse@2.0.1 OK for: js-yaml@4.3.1 want: ^2.0.1
3075 silly placeDep node_modules/@expo/xcpretty has-flag@4.0.0 OK for: supports-color@7.2.0 want: ^4.0.0
3076 silly placeDep ROOT define-lazy-prop@2.0.0 OK for: open@8.4.2 want: ^2.0.0
3077 silly placeDep node_modules/compression ms@2.0.0 OK for: debug@2.6.9 want: 2.0.0
3078 silly placeDep node_modules/expo @babel/code-frame@7.29.7 OK for: @expo/metro-config@54.0.17 want: ^7.20.0
3079 silly placeDep node_modules/expo @expo/json-file@10.0.16 OK for: @expo/metro-config@54.0.17 want: ~10.0.16
3080 silly placeDep node_modules/expo hermes-parser@0.29.1 OK for: @expo/metro-config@54.0.17 want: ^0.29.1
3081 silly placeDep ROOT lightningcss@1.33.0 OK for: @expo/metro-config@54.0.17 want: ^1.30.1
3082 silly placeDep ROOT postcss@8.4.49 OK for: @expo/metro-config@54.0.17 want: ~8.4.32
3083 silly fetch manifest detect-libc@^2.0.3
3084 silly packumentCache full:https://registry.npmjs.org/detect-libc cache-miss
3085 silly fetch manifest lightningcss-darwin-x64@1.33.0
3086 silly packumentCache full:https://registry.npmjs.org/lightningcss-darwin-x64 cache-miss
3087 silly fetch manifest lightningcss-linux-x64-gnu@1.33.0
3088 silly packumentCache full:https://registry.npmjs.org/lightningcss-linux-x64-gnu cache-miss
3089 silly fetch manifest lightningcss-win32-x64-msvc@1.33.0
3090 silly packumentCache full:https://registry.npmjs.org/lightningcss-win32-x64-msvc cache-miss
3091 silly fetch manifest lightningcss-win32-arm64-msvc@1.33.0
3092 silly packumentCache full:https://registry.npmjs.org/lightningcss-win32-arm64-msvc cache-miss
3093 silly fetch manifest lightningcss-darwin-arm64@1.33.0
3094 silly packumentCache full:https://registry.npmjs.org/lightningcss-darwin-arm64 cache-miss
3095 silly fetch manifest lightningcss-linux-arm64-gnu@1.33.0
3096 silly packumentCache full:https://registry.npmjs.org/lightningcss-linux-arm64-gnu cache-miss
3097 http fetch GET 200 https://registry.npmjs.org/detect-libc 95ms (cache miss)
3098 silly packumentCache full:https://registry.npmjs.org/detect-libc set size:undefined disposed:false
3099 silly fetch manifest lightningcss-linux-arm-gnueabihf@1.33.0
3100 silly packumentCache full:https://registry.npmjs.org/lightningcss-linux-arm-gnueabihf cache-miss
3101 http fetch GET 200 https://registry.npmjs.org/lightningcss-linux-arm64-gnu 97ms (cache miss)
3102 silly packumentCache full:https://registry.npmjs.org/lightningcss-linux-arm64-gnu set size:undefined disposed:false
3103 silly fetch manifest lightningcss-linux-arm64-musl@1.33.0
3104 silly packumentCache full:https://registry.npmjs.org/lightningcss-linux-arm64-musl cache-miss
3105 http fetch GET 200 https://registry.npmjs.org/lightningcss-darwin-arm64 99ms (cache miss)
3106 silly packumentCache full:https://registry.npmjs.org/lightningcss-darwin-arm64 set size:undefined disposed:false
3107 silly fetch manifest lightningcss-linux-x64-musl@1.33.0
3108 silly packumentCache full:https://registry.npmjs.org/lightningcss-linux-x64-musl cache-miss
3109 http fetch GET 200 https://registry.npmjs.org/lightningcss-win32-arm64-msvc 101ms (cache miss)
3110 silly packumentCache full:https://registry.npmjs.org/lightningcss-win32-arm64-msvc set size:undefined disposed:false
3111 silly fetch manifest lightningcss-freebsd-x64@1.33.0
3112 silly packumentCache full:https://registry.npmjs.org/lightningcss-freebsd-x64 cache-miss
3113 http fetch GET 200 https://registry.npmjs.org/lightningcss-win32-x64-msvc 104ms (cache miss)
3114 silly packumentCache full:https://registry.npmjs.org/lightningcss-win32-x64-msvc set size:undefined disposed:false
3115 silly fetch manifest lightningcss-android-arm64@1.33.0
3116 silly packumentCache full:https://registry.npmjs.org/lightningcss-android-arm64 cache-miss
3117 http fetch GET 200 https://registry.npmjs.org/lightningcss-darwin-x64 110ms (cache miss)
3118 silly packumentCache full:https://registry.npmjs.org/lightningcss-darwin-x64 set size:undefined disposed:false
3119 silly fetch manifest source-map-js@^1.2.1
3120 silly packumentCache full:https://registry.npmjs.org/source-map-js cache-miss
3121 http fetch GET 200 https://registry.npmjs.org/lightningcss-android-arm64 62ms (cache miss)
3122 silly packumentCache full:https://registry.npmjs.org/lightningcss-android-arm64 set size:undefined disposed:false
3123 http fetch GET 200 https://registry.npmjs.org/lightningcss-linux-arm64-musl 78ms (cache miss)
3124 silly packumentCache full:https://registry.npmjs.org/lightningcss-linux-arm64-musl set size:undefined disposed:false
3125 http fetch GET 200 https://registry.npmjs.org/lightningcss-linux-x64-musl 77ms (cache miss)
3126 silly packumentCache full:https://registry.npmjs.org/lightningcss-linux-x64-musl set size:undefined disposed:false
3127 http fetch GET 200 https://registry.npmjs.org/lightningcss-linux-arm-gnueabihf 84ms (cache miss)
3128 silly packumentCache full:https://registry.npmjs.org/lightningcss-linux-arm-gnueabihf set size:undefined disposed:false
3129 http fetch GET 200 https://registry.npmjs.org/source-map-js 73ms (cache miss)
3130 silly packumentCache full:https://registry.npmjs.org/source-map-js set size:undefined disposed:false
3131 http fetch GET 200 https://registry.npmjs.org/lightningcss-freebsd-x64 84ms (cache miss)
3132 silly packumentCache full:https://registry.npmjs.org/lightningcss-freebsd-x64 set size:undefined disposed:false
3133 http fetch GET 200 https://registry.npmjs.org/lightningcss-linux-x64-gnu 582ms (cache miss)
3134 silly packumentCache full:https://registry.npmjs.org/lightningcss-linux-x64-gnu set size:undefined disposed:false
3135 silly placeDep ROOT detect-libc@2.1.2 OK for: lightningcss@1.33.0 want: ^2.0.3
3136 silly placeDep ROOT lightningcss-android-arm64@1.33.0 OK for: lightningcss@1.33.0 want: 1.33.0
3137 silly placeDep ROOT lightningcss-darwin-arm64@1.33.0 OK for: lightningcss@1.33.0 want: 1.33.0
3138 silly placeDep ROOT lightningcss-darwin-x64@1.33.0 OK for: lightningcss@1.33.0 want: 1.33.0
3139 silly placeDep ROOT lightningcss-freebsd-x64@1.33.0 OK for: lightningcss@1.33.0 want: 1.33.0
3140 silly placeDep ROOT lightningcss-linux-arm-gnueabihf@1.33.0 OK for: lightningcss@1.33.0 want: 1.33.0
3141 silly placeDep ROOT lightningcss-linux-arm64-gnu@1.33.0 OK for: lightningcss@1.33.0 want: 1.33.0
3142 silly placeDep ROOT lightningcss-linux-arm64-musl@1.33.0 OK for: lightningcss@1.33.0 want: 1.33.0
3143 silly placeDep ROOT lightningcss-linux-x64-gnu@1.33.0 OK for: lightningcss@1.33.0 want: 1.33.0
3144 silly placeDep ROOT lightningcss-linux-x64-musl@1.33.0 OK for: lightningcss@1.33.0 want: 1.33.0
3145 silly placeDep ROOT lightningcss-win32-arm64-msvc@1.33.0 OK for: lightningcss@1.33.0 want: 1.33.0
3146 silly placeDep ROOT lightningcss-win32-x64-msvc@1.33.0 OK for: lightningcss@1.33.0 want: 1.33.0
3147 silly placeDep ROOT source-map-js@1.2.1 OK for: postcss@8.4.49 want: ^1.2.1
3148 silly placeDep node_modules/expo/node_modules/@expo/json-file @babel/code-frame@7.10.4 OK for: @expo/json-file@10.0.16 want: ~7.10.4
3149 silly fetch manifest @babel/core@^7.12.0
3150 silly packumentCache full:https://registry.npmjs.org/@babel%2fcore cache-hit
3151 silly placeDep ROOT @babel/plugin-proposal-decorators@7.29.7 OK for: babel-preset-expo@54.0.12 want: ^7.12.9
3152 silly placeDep ROOT @babel/plugin-proposal-export-default-from@7.29.7 OK for: babel-preset-expo@54.0.12 want: ^7.24.7
3153 silly placeDep ROOT @babel/plugin-syntax-export-default-from@7.29.7 OK for: babel-preset-expo@54.0.12 want: ^7.24.7
3154 silly placeDep ROOT @babel/plugin-transform-class-static-block@7.29.7 OK for: babel-preset-expo@54.0.12 want: ^7.27.1
3155 silly placeDep ROOT @babel/plugin-transform-export-namespace-from@7.29.7 OK for: babel-preset-expo@54.0.12 want: ^7.25.9
3156 silly placeDep ROOT @babel/plugin-transform-flow-strip-types@7.29.7 OK for: babel-preset-expo@54.0.12 want: ^7.25.2
3157 silly placeDep ROOT @babel/plugin-transform-object-rest-spread@7.29.7 OK for: babel-preset-expo@54.0.12 want: ^7.24.7
3158 silly placeDep ROOT @babel/plugin-transform-parameters@7.29.7 OK for: babel-preset-expo@54.0.12 want: ^7.24.7
3159 silly placeDep ROOT @babel/plugin-transform-private-methods@7.29.7 OK for: babel-preset-expo@54.0.12 want: ^7.24.7
3160 silly placeDep ROOT @babel/plugin-transform-private-property-in-object@7.29.7 OK for: babel-preset-expo@54.0.12 want: ^7.24.7
3161 silly placeDep ROOT @babel/plugin-transform-runtime@7.29.7 OK for: babel-preset-expo@54.0.12 want: ^7.24.7
3162 silly placeDep ROOT @babel/preset-react@7.29.7 OK for: babel-preset-expo@54.0.12 want: ^7.22.15
3163 silly placeDep ROOT @babel/preset-typescript@7.29.7 OK for: babel-preset-expo@54.0.12 want: ^7.23.0
3164 silly placeDep ROOT @react-native/babel-preset@0.81.5 OK for: babel-preset-expo@54.0.12 want: 0.81.5
3165 silly placeDep ROOT babel-plugin-react-compiler@1.0.0 OK for: babel-preset-expo@54.0.12 want: ^1.0.0
3166 silly placeDep ROOT babel-plugin-react-native-web@0.21.2 OK for: babel-preset-expo@54.0.12 want: ~0.21.0
3167 silly placeDep ROOT babel-plugin-transform-flow-enums@0.0.2 OK for: babel-preset-expo@54.0.12 want: ^0.0.2
3168 silly fetch manifest @babel/plugin-syntax-decorators@^7.29.7
3169 silly packumentCache full:https://registry.npmjs.org/@babel%2fplugin-syntax-decorators cache-miss
3170 silly fetch manifest @babel/helper-create-class-features-plugin@^7.29.7
3171 silly packumentCache full:https://registry.npmjs.org/@babel%2fhelper-create-class-features-plugin cache-miss
3172 silly fetch manifest @babel/helper-create-class-features-plugin@^7.29.7
3173 silly packumentCache full:https://registry.npmjs.org/@babel%2fhelper-create-class-features-plugin cache-miss
3174 silly fetch manifest @babel/plugin-syntax-flow@^7.29.7
3175 silly packumentCache full:https://registry.npmjs.org/@babel%2fplugin-syntax-flow cache-miss
3176 silly fetch manifest @babel/plugin-transform-parameters@^7.29.7
3177 silly packumentCache full:https://registry.npmjs.org/@babel%2fplugin-transform-parameters cache-miss
3178 silly fetch manifest @babel/plugin-transform-destructuring@^7.29.7
3179 silly packumentCache full:https://registry.npmjs.org/@babel%2fplugin-transform-destructuring cache-miss
3180 silly fetch manifest @babel/helper-create-class-features-plugin@^7.29.7
3181 silly packumentCache full:https://registry.npmjs.org/@babel%2fhelper-create-class-features-plugin cache-miss
3182 http cache https://registry.npmjs.org/@babel%2fplugin-syntax-decorators 3ms (cache hit)
3183 silly packumentCache full:https://registry.npmjs.org/@babel%2fplugin-syntax-decorators set size:215890 disposed:false
3184 silly fetch manifest @babel/helper-annotate-as-pure@^7.29.7
3185 silly packumentCache full:https://registry.npmjs.org/@babel%2fhelper-annotate-as-pure cache-miss
3186 http cache https://registry.npmjs.org/@babel%2fhelper-create-class-features-plugin 5ms (cache hit)
3187 silly packumentCache full:https://registry.npmjs.org/@babel%2fhelper-create-class-features-plugin set size:382403 disposed:false
3188 silly fetch manifest babel-plugin-polyfill-corejs2@^0.4.14
3189 silly packumentCache full:https://registry.npmjs.org/babel-plugin-polyfill-corejs2 cache-miss
3190 http cache https://registry.npmjs.org/@babel%2fplugin-syntax-flow 7ms (cache hit)
3191 silly packumentCache full:https://registry.npmjs.org/@babel%2fplugin-syntax-flow set size:201006 disposed:false
3192 silly fetch manifest babel-plugin-polyfill-corejs3@^0.13.0
3193 silly packumentCache full:https://registry.npmjs.org/babel-plugin-polyfill-corejs3 cache-miss
3194 http cache https://registry.npmjs.org/@babel%2fhelper-create-class-features-plugin 9ms (cache hit)
3195 silly packumentCache full:https://registry.npmjs.org/@babel%2fhelper-create-class-features-plugin set size:382403 disposed:false
3196 silly packumentCache full:https://registry.npmjs.org/@babel%2fhelper-create-class-features-plugin dispose
3197 silly fetch manifest babel-plugin-polyfill-regenerator@^0.6.5
3198 silly packumentCache full:https://registry.npmjs.org/babel-plugin-polyfill-regenerator cache-miss
3199 http cache https://registry.npmjs.org/@babel%2fplugin-transform-destructuring 11ms (cache hit)
3200 silly packumentCache full:https://registry.npmjs.org/@babel%2fplugin-transform-destructuring set size:301661 disposed:false
3201 silly fetch manifest @babel/plugin-transform-react-jsx@^7.29.7
3202 silly packumentCache full:https://registry.npmjs.org/@babel%2fplugin-transform-react-jsx cache-miss
3203 http cache https://registry.npmjs.org/@babel%2fhelper-create-class-features-plugin 14ms (cache hit)
3204 silly packumentCache full:https://registry.npmjs.org/@babel%2fhelper-create-class-features-plugin set size:382403 disposed:true
3205 silly packumentCache full:https://registry.npmjs.org/@babel%2fhelper-create-class-features-plugin dispose
3206 silly fetch manifest @babel/plugin-transform-react-display-name@^7.29.7
3207 silly packumentCache full:https://registry.npmjs.org/@babel%2fplugin-transform-react-display-name cache-miss
3208 http cache https://registry.npmjs.org/@babel%2fplugin-transform-parameters 16ms (cache hit)
3209 silly packumentCache full:https://registry.npmjs.org/@babel%2fplugin-transform-parameters set size:282283 disposed:false
3210 silly fetch manifest @babel/plugin-transform-react-jsx-development@^7.29.7
3211 silly packumentCache full:https://registry.npmjs.org/@babel%2fplugin-transform-react-jsx-development cache-miss
3212 http cache https://registry.npmjs.org/@babel%2fhelper-annotate-as-pure 14ms (cache hit)
3213 silly packumentCache full:https://registry.npmjs.org/@babel%2fhelper-annotate-as-pure set size:181560 disposed:false
3214 silly fetch manifest @babel/plugin-transform-react-pure-annotations@^7.29.7
3215 silly packumentCache full:https://registry.npmjs.org/@babel%2fplugin-transform-react-pure-annotations cache-miss
3216 http cache https://registry.npmjs.org/babel-plugin-polyfill-regenerator 11ms (cache hit)
3217 silly packumentCache full:https://registry.npmjs.org/babel-plugin-polyfill-regenerator set size:101432 disposed:false
3218 silly fetch manifest @babel/plugin-syntax-jsx@^7.29.7
3219 silly packumentCache full:https://registry.npmjs.org/@babel%2fplugin-syntax-jsx cache-miss
3220 http cache https://registry.npmjs.org/babel-plugin-polyfill-corejs2 15ms (cache hit)
3221 silly packumentCache full:https://registry.npmjs.org/babel-plugin-polyfill-corejs2 set size:116417 disposed:false
3222 silly fetch manifest @babel/plugin-transform-typescript@^7.29.7
3223 silly packumentCache full:https://registry.npmjs.org/@babel%2fplugin-transform-typescript cache-miss
3224 http cache https://registry.npmjs.org/@babel%2fplugin-transform-react-jsx 10ms (cache hit)
3225 silly packumentCache full:https://registry.npmjs.org/@babel%2fplugin-transform-react-jsx set size:298685 disposed:false
3226 silly fetch manifest @babel/plugin-transform-for-of@^7.24.7
3227 silly packumentCache full:https://registry.npmjs.org/@babel%2fplugin-transform-for-of cache-miss
3228 http cache https://registry.npmjs.org/@babel%2fplugin-transform-react-jsx-development 7ms (cache hit)
3229 silly packumentCache full:https://registry.npmjs.org/@babel%2fplugin-transform-react-jsx-development set size:135202 disposed:false
3230 silly fetch manifest @babel/plugin-transform-spread@^7.24.7
3231 silly packumentCache full:https://registry.npmjs.org/@babel%2fplugin-transform-spread cache-miss
3232 http cache https://registry.npmjs.org/@babel%2fplugin-syntax-jsx 5ms (cache hit)
3233 silly packumentCache full:https://registry.npmjs.org/@babel%2fplugin-syntax-jsx set size:194952 disposed:false
3234 silly fetch manifest @babel/plugin-transform-classes@^7.25.4
3235 silly packumentCache full:https://registry.npmjs.org/@babel%2fplugin-transform-classes cache-miss
3236 http cache https://registry.npmjs.org/@babel%2fplugin-transform-for-of 4ms (cache hit)
3237 silly packumentCache full:https://registry.npmjs.org/@babel%2fplugin-transform-for-of set size:245976 disposed:false
3238 silly fetch manifest @babel/plugin-transform-literals@^7.25.2
3239 silly packumentCache full:https://registry.npmjs.org/@babel%2fplugin-transform-literals cache-miss
3240 http cache https://registry.npmjs.org/@babel%2fplugin-transform-react-pure-annotations 11ms (cache hit)
3241 silly packumentCache full:https://registry.npmjs.org/@babel%2fplugin-transform-react-pure-annotations set size:127512 disposed:false
3242 silly fetch manifest @babel/plugin-transform-react-jsx@^7.25.2
3243 silly packumentCache full:https://registry.npmjs.org/@babel%2fplugin-transform-react-jsx cache-hit
3244 silly fetch manifest @babel/plugin-transform-typescript@^7.25.2
3245 silly packumentCache full:https://registry.npmjs.org/@babel%2fplugin-transform-typescript cache-miss
3246 http fetch GET 200 https://registry.npmjs.org/@babel%2fplugin-transform-react-display-name 126ms (cache miss)
3247 silly packumentCache full:https://registry.npmjs.org/@babel%2fplugin-transform-react-display-name set size:undefined disposed:false
3248 silly fetch manifest @react-native/babel-plugin-codegen@0.81.5
3249 silly packumentCache full:https://registry.npmjs.org/@react-native%2fbabel-plugin-codegen cache-miss
3250 http fetch GET 200 https://registry.npmjs.org/babel-plugin-polyfill-corejs3 230ms (cache miss)
3251 silly packumentCache full:https://registry.npmjs.org/babel-plugin-polyfill-corejs3 set size:undefined disposed:false
3252 silly fetch manifest @babel/plugin-syntax-dynamic-import@^7.8.3
3253 silly packumentCache full:https://registry.npmjs.org/@babel%2fplugin-syntax-dynamic-import cache-miss
3254 http fetch GET 200 https://registry.npmjs.org/@babel%2fplugin-transform-spread 342ms (cache miss)
3255 silly packumentCache full:https://registry.npmjs.org/@babel%2fplugin-transform-spread set size:undefined disposed:false
3256 silly fetch manifest @babel/plugin-transform-regenerator@^7.24.7
3257 silly packumentCache full:https://registry.npmjs.org/@babel%2fplugin-transform-regenerator cache-miss
3258 http cache https://registry.npmjs.org/@babel%2fplugin-transform-regenerator 2ms (cache hit)
3259 silly packumentCache full:https://registry.npmjs.org/@babel%2fplugin-transform-regenerator set size:285870 disposed:false
3260 silly fetch manifest @babel/plugin-transform-sticky-regex@^7.24.7
3261 silly packumentCache full:https://registry.npmjs.org/@babel%2fplugin-transform-sticky-regex cache-miss
3262 http cache https://registry.npmjs.org/@babel%2fplugin-transform-sticky-regex 1ms (cache hit)
3263 silly packumentCache full:https://registry.npmjs.org/@babel%2fplugin-transform-sticky-regex set size:207729 disposed:false
3264 silly fetch manifest @babel/plugin-transform-block-scoping@^7.25.0
3265 silly packumentCache full:https://registry.npmjs.org/@babel%2fplugin-transform-block-scoping cache-miss
3266 http fetch GET 200 https://registry.npmjs.org/@babel%2fplugin-transform-literals 448ms (cache miss)
3267 silly packumentCache full:https://registry.npmjs.org/@babel%2fplugin-transform-literals set size:undefined disposed:false
3268 silly fetch manifest @babel/plugin-transform-destructuring@^7.24.8
3269 silly packumentCache full:https://registry.npmjs.org/@babel%2fplugin-transform-destructuring cache-hit
3270 silly fetch manifest @babel/plugin-transform-function-name@^7.25.1
3271 silly packumentCache full:https://registry.npmjs.org/@babel%2fplugin-transform-function-name cache-miss
3272 http cache https://registry.npmjs.org/@babel%2fplugin-transform-function-name 1ms (cache hit)
3273 silly packumentCache full:https://registry.npmjs.org/@babel%2fplugin-transform-function-name set size:230266 disposed:false
3274 silly fetch manifest @babel/plugin-transform-unicode-regex@^7.24.7
3275 silly packumentCache full:https://registry.npmjs.org/@babel%2fplugin-transform-unicode-regex cache-miss
3276 http fetch GET 200 https://registry.npmjs.org/@babel%2fplugin-transform-typescript 530ms (cache miss)
3277 silly packumentCache full:https://registry.npmjs.org/@babel%2fplugin-transform-typescript set size:undefined disposed:false
3278 silly fetch manifest @babel/plugin-transform-react-jsx-self@^7.24.7
3279 silly packumentCache full:https://registry.npmjs.org/@babel%2fplugin-transform-react-jsx-self cache-miss
3280 http cache https://registry.npmjs.org/@babel%2fplugin-transform-react-jsx-self 2ms (cache hit)
3281 silly packumentCache full:https://registry.npmjs.org/@babel%2fplugin-transform-react-jsx-self set size:200274 disposed:false
3282 silly fetch manifest @babel/plugin-transform-arrow-functions@^7.24.7
3283 silly packumentCache full:https://registry.npmjs.org/@babel%2fplugin-transform-arrow-functions cache-miss
3284 http fetch GET 200 https://registry.npmjs.org/@babel%2fplugin-transform-block-scoping 377ms (cache miss)
3285 silly packumentCache full:https://registry.npmjs.org/@babel%2fplugin-transform-block-scoping set size:undefined disposed:false
3286 silly fetch manifest @babel/plugin-transform-class-properties@^7.25.4
3287 silly packumentCache full:https://registry.npmjs.org/@babel%2fplugin-transform-class-properties cache-miss
3288 http cache https://registry.npmjs.org/@babel%2fplugin-transform-class-properties 2ms (cache hit)
3289 silly packumentCache full:https://registry.npmjs.org/@babel%2fplugin-transform-class-properties set size:95240 disposed:false
3290 silly fetch manifest @babel/plugin-transform-react-jsx-source@^7.24.7
3291 silly packumentCache full:https://registry.npmjs.org/@babel%2fplugin-transform-react-jsx-source cache-miss
3292 http cache https://registry.npmjs.org/@babel%2fplugin-transform-react-jsx-source 2ms (cache hit)
3293 silly packumentCache full:https://registry.npmjs.org/@babel%2fplugin-transform-react-jsx-source set size:205288 disposed:false
3294 silly fetch manifest @babel/plugin-transform-numeric-separator@^7.24.7
3295 silly packumentCache full:https://registry.npmjs.org/@babel%2fplugin-transform-numeric-separator cache-miss
3296 http fetch GET 200 https://registry.npmjs.org/@babel%2fplugin-syntax-dynamic-import 528ms (cache miss)
3297 silly packumentCache full:https://registry.npmjs.org/@babel%2fplugin-syntax-dynamic-import set size:undefined disposed:false
3298 silly fetch manifest @babel/plugin-transform-optional-chaining@^7.24.8
3299 silly packumentCache full:https://registry.npmjs.org/@babel%2fplugin-transform-optional-chaining cache-miss
3300 http fetch GET 200 https://registry.npmjs.org/@babel%2fplugin-transform-arrow-functions 213ms (cache miss)
3301 silly packumentCache full:https://registry.npmjs.org/@babel%2fplugin-transform-arrow-functions set size:undefined disposed:false
3302 silly fetch manifest @babel/plugin-transform-async-to-generator@^7.24.7
3303 silly packumentCache full:https://registry.npmjs.org/@babel%2fplugin-transform-async-to-generator cache-miss
3304 http fetch GET 200 https://registry.npmjs.org/@babel%2fplugin-transform-unicode-regex 312ms (cache miss)
3305 silly packumentCache full:https://registry.npmjs.org/@babel%2fplugin-transform-unicode-regex set size:undefined disposed:false
3306 silly fetch manifest @babel/plugin-transform-react-display-name@^7.24.7
3307 silly packumentCache full:https://registry.npmjs.org/@babel%2fplugin-transform-react-display-name cache-miss
3308 http cache https://registry.npmjs.org/@babel%2fplugin-transform-react-display-name 2ms (cache hit)
3309 silly packumentCache full:https://registry.npmjs.org/@babel%2fplugin-transform-react-display-name set size:218986 disposed:false
3310 silly fetch manifest @babel/plugin-transform-computed-properties@^7.24.7
3311 silly packumentCache full:https://registry.npmjs.org/@babel%2fplugin-transform-computed-properties cache-miss
3312 http fetch GET 200 https://registry.npmjs.org/@babel%2fplugin-transform-async-to-generator 162ms (cache miss)
3313 silly packumentCache full:https://registry.npmjs.org/@babel%2fplugin-transform-async-to-generator set size:undefined disposed:false
3314 silly fetch manifest @babel/plugin-transform-shorthand-properties@^7.24.7
3315 silly packumentCache full:https://registry.npmjs.org/@babel%2fplugin-transform-shorthand-properties cache-miss
3316 http cache https://registry.npmjs.org/@babel%2fplugin-transform-shorthand-properties 1ms (cache hit)
3317 silly packumentCache full:https://registry.npmjs.org/@babel%2fplugin-transform-shorthand-properties set size:207024 disposed:false
3318 silly fetch manifest @babel/plugin-transform-optional-catch-binding@^7.24.7
3319 silly packumentCache full:https://registry.npmjs.org/@babel%2fplugin-transform-optional-catch-binding cache-miss
3320 http fetch GET 200 https://registry.npmjs.org/@babel%2fplugin-transform-numeric-separator 177ms (cache miss)
3321 silly packumentCache full:https://registry.npmjs.org/@babel%2fplugin-transform-numeric-separator set size:undefined disposed:false
3322 silly fetch manifest @babel/plugin-transform-async-generator-functions@^7.25.4
3323 silly packumentCache full:https://registry.npmjs.org/@babel%2fplugin-transform-async-generator-functions cache-miss
3324 http fetch GET 200 https://registry.npmjs.org/@babel%2fplugin-transform-optional-chaining 216ms (cache miss)
3325 silly packumentCache full:https://registry.npmjs.org/@babel%2fplugin-transform-optional-chaining set size:undefined disposed:false
3326 silly fetch manifest @babel/plugin-transform-nullish-coalescing-operator@^7.24.7
3327 silly packumentCache full:https://registry.npmjs.org/@babel%2fplugin-transform-nullish-coalescing-operator cache-miss
3328 http fetch GET 200 https://registry.npmjs.org/@react-native%2fbabel-plugin-codegen 842ms (cache miss)
3329 silly packumentCache full:https://registry.npmjs.org/@react-native%2fbabel-plugin-codegen set size:undefined disposed:false
3330 silly fetch manifest @babel/plugin-transform-logical-assignment-operators@^7.24.7
3331 silly packumentCache full:https://registry.npmjs.org/@babel%2fplugin-transform-logical-assignment-operators cache-miss
3332 http fetch GET 200 https://registry.npmjs.org/@babel%2fplugin-transform-classes 970ms (cache miss)
3333 silly packumentCache full:https://registry.npmjs.org/@babel%2fplugin-transform-classes set size:undefined disposed:false
3334 silly fetch manifest @babel/plugin-transform-named-capturing-groups-regex@^7.24.7
3335 silly packumentCache full:https://registry.npmjs.org/@babel%2fplugin-transform-named-capturing-groups-regex cache-miss
3336 http fetch GET 200 https://registry.npmjs.org/@babel%2fplugin-transform-optional-catch-binding 145ms (cache miss)
3337 silly packumentCache full:https://registry.npmjs.org/@babel%2fplugin-transform-optional-catch-binding set size:undefined disposed:false
3338 silly fetch manifest @babel/plugin-syntax-flow@^7.12.1
3339 silly packumentCache full:https://registry.npmjs.org/@babel%2fplugin-syntax-flow cache-hit
3340 http fetch GET 200 https://registry.npmjs.org/@babel%2fplugin-transform-logical-assignment-operators 93ms (cache miss)
3341 silly packumentCache full:https://registry.npmjs.org/@babel%2fplugin-transform-logical-assignment-operators set size:undefined disposed:false
3342 http fetch GET 200 https://registry.npmjs.org/@babel%2fplugin-transform-computed-properties 287ms (cache miss)
3343 silly packumentCache full:https://registry.npmjs.org/@babel%2fplugin-transform-computed-properties set size:undefined disposed:false
3344 http fetch GET 200 https://registry.npmjs.org/@babel%2fplugin-transform-async-generator-functions 231ms (cache miss)
3345 silly packumentCache full:https://registry.npmjs.org/@babel%2fplugin-transform-async-generator-functions set size:undefined disposed:false
3346 http fetch GET 200 https://registry.npmjs.org/@babel%2fplugin-transform-named-capturing-groups-regex 177ms (cache miss)
3347 silly packumentCache full:https://registry.npmjs.org/@babel%2fplugin-transform-named-capturing-groups-regex set size:undefined disposed:false
3348 http fetch GET 200 https://registry.npmjs.org/@babel%2fplugin-transform-nullish-coalescing-operator 275ms (cache miss)
3349 silly packumentCache full:https://registry.npmjs.org/@babel%2fplugin-transform-nullish-coalescing-operator set size:undefined disposed:false
3350 http fetch GET 200 https://registry.npmjs.org/@babel%2fplugin-transform-typescript 1464ms (cache miss)
3351 silly packumentCache full:https://registry.npmjs.org/@babel%2fplugin-transform-typescript set size:undefined disposed:false
3352 silly placeDep ROOT @babel/helper-create-class-features-plugin@7.29.7 OK for: @babel/plugin-proposal-decorators@7.29.7 want: ^7.29.7
3353 silly placeDep ROOT @babel/plugin-syntax-decorators@7.29.7 OK for: @babel/plugin-proposal-decorators@7.29.7 want: ^7.29.7
3354 silly fetch manifest @babel/helper-replace-supers@^7.29.7
3355 silly packumentCache full:https://registry.npmjs.org/@babel%2fhelper-replace-supers cache-miss
3356 silly fetch manifest @babel/helper-optimise-call-expression@^7.29.7
3357 silly packumentCache full:https://registry.npmjs.org/@babel%2fhelper-optimise-call-expression cache-miss
3358 silly fetch manifest @babel/helper-member-expression-to-functions@^7.29.7
3359 silly packumentCache full:https://registry.npmjs.org/@babel%2fhelper-member-expression-to-functions cache-miss
3360 silly fetch manifest @babel/helper-skip-transparent-expression-wrappers@^7.29.7
3361 silly packumentCache full:https://registry.npmjs.org/@babel%2fhelper-skip-transparent-expression-wrappers cache-miss
3362 http fetch GET 200 https://registry.npmjs.org/@babel%2fhelper-optimise-call-expression 157ms (cache miss)
3363 silly packumentCache full:https://registry.npmjs.org/@babel%2fhelper-optimise-call-expression set size:undefined disposed:false
3364 http fetch GET 200 https://registry.npmjs.org/@babel%2fhelper-skip-transparent-expression-wrappers 292ms (cache miss)
3365 silly packumentCache full:https://registry.npmjs.org/@babel%2fhelper-skip-transparent-expression-wrappers set size:undefined disposed:false
3366 http fetch GET 200 https://registry.npmjs.org/@babel%2fhelper-replace-supers 373ms (cache miss)
3367 silly packumentCache full:https://registry.npmjs.org/@babel%2fhelper-replace-supers set size:undefined disposed:false
3368 http fetch GET 200 https://registry.npmjs.org/@babel%2fhelper-member-expression-to-functions 440ms (cache miss)
3369 silly packumentCache full:https://registry.npmjs.org/@babel%2fhelper-member-expression-to-functions set size:undefined disposed:false
3370 silly placeDep ROOT @babel/helper-annotate-as-pure@7.29.7 OK for: @babel/helper-create-class-features-plugin@7.29.7 want: ^7.29.7
3371 silly placeDep ROOT @babel/helper-member-expression-to-functions@7.29.7 OK for: @babel/helper-create-class-features-plugin@7.29.7 want: ^7.29.7
3372 silly placeDep ROOT @babel/helper-optimise-call-expression@7.29.7 OK for: @babel/helper-create-class-features-plugin@7.29.7 want: ^7.29.7
3373 silly placeDep ROOT @babel/helper-replace-supers@7.29.7 OK for: @babel/helper-create-class-features-plugin@7.29.7 want: ^7.29.7
3374 silly placeDep ROOT @babel/helper-skip-transparent-expression-wrappers@7.29.7 OK for: @babel/helper-create-class-features-plugin@7.29.7 want: ^7.29.7
3375 silly placeDep node_modules/@babel/helper-create-class-features-plugin semver@6.3.1 OK for: @babel/helper-create-class-features-plugin@7.29.7 want: ^6.3.1
3376 silly placeDep ROOT @babel/plugin-syntax-flow@7.29.7 OK for: @babel/plugin-transform-flow-strip-types@7.29.7 want: ^7.29.7
3377 silly placeDep ROOT @babel/plugin-transform-destructuring@7.29.7 OK for: @babel/plugin-transform-object-rest-spread@7.29.7 want: ^7.29.7
3378 silly placeDep ROOT babel-plugin-polyfill-corejs2@0.4.17 OK for: @babel/plugin-transform-runtime@7.29.7 want: ^0.4.14
3379 silly placeDep ROOT babel-plugin-polyfill-corejs3@0.13.0 OK for: @babel/plugin-transform-runtime@7.29.7 want: ^0.13.0
3380 silly placeDep ROOT babel-plugin-polyfill-regenerator@0.6.8 OK for: @babel/plugin-transform-runtime@7.29.7 want: ^0.6.5
3381 silly placeDep node_modules/@babel/plugin-transform-runtime semver@6.3.1 OK for: @babel/plugin-transform-runtime@7.29.7 want: ^6.3.1
3382 silly fetch manifest @babel/helper-define-polyfill-provider@^0.6.8
3383 silly packumentCache full:https://registry.npmjs.org/@babel%2fhelper-define-polyfill-provider cache-miss
3384 silly fetch manifest core-js-compat@^3.43.0
3385 silly packumentCache full:https://registry.npmjs.org/core-js-compat cache-miss
3386 silly fetch manifest @babel/helper-define-polyfill-provider@^0.6.5
3387 silly packumentCache full:https://registry.npmjs.org/@babel%2fhelper-define-polyfill-provider cache-miss
3388 silly fetch manifest @babel/helper-define-polyfill-provider@^0.6.8
3389 silly packumentCache full:https://registry.npmjs.org/@babel%2fhelper-define-polyfill-provider cache-miss
3390 http fetch GET 200 https://registry.npmjs.org/@babel%2fhelper-define-polyfill-provider 341ms (cache miss)
3391 silly packumentCache full:https://registry.npmjs.org/@babel%2fhelper-define-polyfill-provider set size:undefined disposed:false
3392 http fetch GET 200 https://registry.npmjs.org/@babel%2fhelper-define-polyfill-provider 345ms (cache miss)
3393 silly packumentCache full:https://registry.npmjs.org/@babel%2fhelper-define-polyfill-provider set size:undefined disposed:false
3394 http fetch GET 200 https://registry.npmjs.org/core-js-compat 403ms (cache miss)
3395 silly packumentCache full:https://registry.npmjs.org/core-js-compat set size:undefined disposed:false
3396 http fetch GET 200 https://registry.npmjs.org/@babel%2fhelper-define-polyfill-provider 485ms (cache miss)
3397 silly packumentCache full:https://registry.npmjs.org/@babel%2fhelper-define-polyfill-provider set size:undefined disposed:false
3398 silly placeDep ROOT @babel/plugin-transform-react-display-name@7.29.7 OK for: @babel/preset-react@7.29.7 want: ^7.29.7
3399 silly placeDep ROOT @babel/plugin-transform-react-jsx@7.29.7 OK for: @babel/preset-react@7.29.7 want: ^7.29.7
3400 silly placeDep ROOT @babel/plugin-transform-react-jsx-development@7.29.7 OK for: @babel/preset-react@7.29.7 want: ^7.29.7
3401 silly placeDep ROOT @babel/plugin-transform-react-pure-annotations@7.29.7 OK for: @babel/preset-react@7.29.7 want: ^7.29.7
3402 silly placeDep ROOT @babel/plugin-syntax-jsx@7.29.7 OK for: @babel/plugin-transform-react-jsx@7.29.7 want: ^7.29.7
3403 silly placeDep ROOT @babel/plugin-transform-typescript@7.29.7 OK for: @babel/preset-typescript@7.29.7 want: ^7.29.7
3404 silly fetch manifest @babel/plugin-syntax-typescript@^7.29.7
3405 silly packumentCache full:https://registry.npmjs.org/@babel%2fplugin-syntax-typescript cache-miss
3406 http fetch GET 200 https://registry.npmjs.org/@babel%2fplugin-syntax-typescript 143ms (cache miss)
3407 silly packumentCache full:https://registry.npmjs.org/@babel%2fplugin-syntax-typescript set size:undefined disposed:false
3408 silly placeDep ROOT @babel/plugin-syntax-typescript@7.29.7 OK for: @babel/plugin-transform-typescript@7.29.7 want: ^7.29.7
3409 silly placeDep ROOT @babel/plugin-syntax-dynamic-import@7.8.3 OK for: @react-native/babel-preset@0.81.5 want: ^7.8.3
3410 silly placeDep ROOT @babel/plugin-transform-arrow-functions@7.29.7 OK for: @react-native/babel-preset@0.81.5 want: ^7.24.7
3411 silly placeDep ROOT @babel/plugin-transform-async-generator-functions@7.29.7 OK for: @react-native/babel-preset@0.81.5 want: ^7.25.4
3412 silly placeDep ROOT @babel/plugin-transform-async-to-generator@7.29.7 OK for: @react-native/babel-preset@0.81.5 want: ^7.24.7
3413 silly placeDep ROOT @babel/plugin-transform-block-scoping@7.29.7 OK for: @react-native/babel-preset@0.81.5 want: ^7.25.0
3414 silly placeDep ROOT @babel/plugin-transform-class-properties@7.29.7 OK for: @react-native/babel-preset@0.81.5 want: ^7.25.4
3415 silly placeDep ROOT @babel/plugin-transform-classes@7.29.7 OK for: @react-native/babel-preset@0.81.5 want: ^7.25.4
3416 silly placeDep ROOT @babel/plugin-transform-computed-properties@7.29.7 OK for: @react-native/babel-preset@0.81.5 want: ^7.24.7
3417 silly placeDep ROOT @babel/plugin-transform-for-of@7.29.7 OK for: @react-native/babel-preset@0.81.5 want: ^7.24.7
3418 silly placeDep ROOT @babel/plugin-transform-function-name@7.29.7 OK for: @react-native/babel-preset@0.81.5 want: ^7.25.1
3419 silly placeDep ROOT @babel/plugin-transform-literals@7.29.7 OK for: @react-native/babel-preset@0.81.5 want: ^7.25.2
3420 silly placeDep ROOT @babel/plugin-transform-logical-assignment-operators@7.29.7 OK for: @react-native/babel-preset@0.81.5 want: ^7.24.7
3421 silly placeDep ROOT @babel/plugin-transform-named-capturing-groups-regex@7.29.7 OK for: @react-native/babel-preset@0.81.5 want: ^7.24.7
3422 silly placeDep ROOT @babel/plugin-transform-nullish-coalescing-operator@7.29.7 OK for: @react-native/babel-preset@0.81.5 want: ^7.24.7
3423 silly placeDep ROOT @babel/plugin-transform-numeric-separator@7.29.7 OK for: @react-native/babel-preset@0.81.5 want: ^7.24.7
3424 silly placeDep ROOT @babel/plugin-transform-optional-catch-binding@7.29.7 OK for: @react-native/babel-preset@0.81.5 want: ^7.24.7
3425 silly placeDep ROOT @babel/plugin-transform-optional-chaining@7.29.7 OK for: @react-native/babel-preset@0.81.5 want: ^7.24.8
3426 silly placeDep ROOT @babel/plugin-transform-react-jsx-self@7.29.7 OK for: @react-native/babel-preset@0.81.5 want: ^7.24.7
3427 silly placeDep ROOT @babel/plugin-transform-react-jsx-source@7.29.7 OK for: @react-native/babel-preset@0.81.5 want: ^7.24.7
3428 silly placeDep ROOT @babel/plugin-transform-regenerator@7.29.8 OK for: @react-native/babel-preset@0.81.5 want: ^7.24.7
3429 silly placeDep ROOT @babel/plugin-transform-shorthand-properties@7.29.7 OK for: @react-native/babel-preset@0.81.5 want: ^7.24.7
3430 silly placeDep ROOT @babel/plugin-transform-spread@7.29.8 OK for: @react-native/babel-preset@0.81.5 want: ^7.24.7
3431 silly placeDep ROOT @babel/plugin-transform-sticky-regex@7.29.7 OK for: @react-native/babel-preset@0.81.5 want: ^7.24.7
3432 silly placeDep ROOT @babel/plugin-transform-unicode-regex@7.29.7 OK for: @react-native/babel-preset@0.81.5 want: ^7.24.7
3433 silly placeDep ROOT @react-native/babel-plugin-codegen@0.81.5 OK for: @react-native/babel-preset@0.81.5 want: 0.81.5
3434 silly fetch manifest @babel/helper-remap-async-to-generator@^7.29.7
3435 silly packumentCache full:https://registry.npmjs.org/@babel%2fhelper-remap-async-to-generator cache-miss
3436 silly fetch manifest @babel/helper-remap-async-to-generator@^7.29.7
3437 silly packumentCache full:https://registry.npmjs.org/@babel%2fhelper-remap-async-to-generator cache-miss
3438 silly fetch manifest @babel/helper-create-regexp-features-plugin@^7.29.7
3439 silly packumentCache full:https://registry.npmjs.org/@babel%2fhelper-create-regexp-features-plugin cache-miss
3440 silly fetch manifest @babel/helper-create-regexp-features-plugin@^7.29.7
3441 silly packumentCache full:https://registry.npmjs.org/@babel%2fhelper-create-regexp-features-plugin cache-miss
3442 http fetch GET 200 https://registry.npmjs.org/@babel%2fhelper-remap-async-to-generator 129ms (cache miss)
3443 silly packumentCache full:https://registry.npmjs.org/@babel%2fhelper-remap-async-to-generator set size:undefined disposed:false
3444 http fetch GET 200 https://registry.npmjs.org/@babel%2fhelper-remap-async-to-generator 177ms (cache miss)
3445 silly packumentCache full:https://registry.npmjs.org/@babel%2fhelper-remap-async-to-generator set size:undefined disposed:false
3446 http fetch GET 200 https://registry.npmjs.org/@babel%2fhelper-create-regexp-features-plugin 323ms (cache miss)
3447 silly packumentCache full:https://registry.npmjs.org/@babel%2fhelper-create-regexp-features-plugin set size:undefined disposed:false
3448 http fetch GET 200 https://registry.npmjs.org/@babel%2fhelper-create-regexp-features-plugin 343ms (cache miss)
3449 silly packumentCache full:https://registry.npmjs.org/@babel%2fhelper-create-regexp-features-plugin set size:undefined disposed:false
3450 silly placeDep ROOT @babel/helper-remap-async-to-generator@7.29.7 OK for: @babel/plugin-transform-async-generator-functions@7.29.7 want: ^7.29.7
3451 silly fetch manifest @babel/helper-wrap-function@^7.29.7
3452 silly packumentCache full:https://registry.npmjs.org/@babel%2fhelper-wrap-function cache-miss
3453 http fetch GET 200 https://registry.npmjs.org/@babel%2fhelper-wrap-function 609ms (cache miss)
3454 silly packumentCache full:https://registry.npmjs.org/@babel%2fhelper-wrap-function set size:undefined disposed:false
3455 silly placeDep ROOT @babel/helper-wrap-function@7.29.7 OK for: @babel/helper-remap-async-to-generator@7.29.7 want: ^7.29.7
3456 silly placeDep ROOT @babel/helper-create-regexp-features-plugin@7.29.7 OK for: @babel/plugin-transform-named-capturing-groups-regex@7.29.7 want: ^7.29.7
3457 silly fetch manifest regexpu-core@^6.3.1
3458 silly packumentCache full:https://registry.npmjs.org/regexpu-core cache-miss
3459 http cache https://registry.npmjs.org/regexpu-core 2ms (cache hit)
3460 silly packumentCache full:https://registry.npmjs.org/regexpu-core set size:156240 disposed:false
3461 silly placeDep ROOT regexpu-core@6.4.0 OK for: @babel/helper-create-regexp-features-plugin@7.29.7 want: ^6.3.1
3462 silly placeDep node_modules/@babel/helper-create-regexp-features-plugin semver@6.3.1 OK for: @babel/helper-create-regexp-features-plugin@7.29.7 want: ^6.3.1
3463 silly fetch manifest regenerate@^1.4.2
3464 silly packumentCache full:https://registry.npmjs.org/regenerate cache-miss
3465 silly fetch manifest regenerate-unicode-properties@^10.2.2
3466 silly packumentCache full:https://registry.npmjs.org/regenerate-unicode-properties cache-miss
3467 silly fetch manifest regjsgen@^0.8.0
3468 silly packumentCache full:https://registry.npmjs.org/regjsgen cache-miss
3469 silly fetch manifest regjsparser@^0.13.0
3470 silly packumentCache full:https://registry.npmjs.org/regjsparser cache-miss
3471 silly fetch manifest unicode-match-property-ecmascript@^2.0.0
3472 silly packumentCache full:https://registry.npmjs.org/unicode-match-property-ecmascript cache-miss
3473 silly fetch manifest unicode-match-property-value-ecmascript@^2.2.1
3474 silly packumentCache full:https://registry.npmjs.org/unicode-match-property-value-ecmascript cache-miss
3475 http fetch GET 200 https://registry.npmjs.org/unicode-match-property-ecmascript 53ms (cache miss)
3476 silly packumentCache full:https://registry.npmjs.org/unicode-match-property-ecmascript set size:undefined disposed:false
3477 http fetch GET 200 https://registry.npmjs.org/regjsgen 55ms (cache miss)
3478 silly packumentCache full:https://registry.npmjs.org/regjsgen set size:undefined disposed:false
3479 http fetch GET 200 https://registry.npmjs.org/unicode-match-property-value-ecmascript 59ms (cache miss)
3480 silly packumentCache full:https://registry.npmjs.org/unicode-match-property-value-ecmascript set size:undefined disposed:false
3481 http fetch GET 200 https://registry.npmjs.org/regenerate-unicode-properties 71ms (cache miss)
3482 silly packumentCache full:https://registry.npmjs.org/regenerate-unicode-properties set size:undefined disposed:false
3483 http fetch GET 200 https://registry.npmjs.org/regenerate 165ms (cache miss)
3484 silly packumentCache full:https://registry.npmjs.org/regenerate set size:undefined disposed:false
3485 http fetch GET 200 https://registry.npmjs.org/regjsparser 287ms (cache miss)
3486 silly packumentCache full:https://registry.npmjs.org/regjsparser set size:undefined disposed:false
3487 silly fetch manifest @babel/core@^7.4.0 || ^8.0.0-0 <8.0.0
3488 silly packumentCache full:https://registry.npmjs.org/@babel%2fcore cache-hit
3489 silly placeDep ROOT @babel/helper-define-polyfill-provider@0.6.8 OK for: babel-plugin-polyfill-corejs2@0.4.17 want: ^0.6.8
3490 silly placeDep node_modules/babel-plugin-polyfill-corejs2 semver@6.3.1 OK for: babel-plugin-polyfill-corejs2@0.4.17 want: ^6.3.1
3491 silly fetch manifest lodash.debounce@^4.0.8
3492 silly packumentCache full:https://registry.npmjs.org/lodash.debounce cache-miss
3493 http fetch GET 200 https://registry.npmjs.org/lodash.debounce 63ms (cache miss)
3494 silly packumentCache full:https://registry.npmjs.org/lodash.debounce set size:undefined disposed:false
3495 silly placeDep ROOT lodash.debounce@4.0.8 OK for: @babel/helper-define-polyfill-provider@0.6.8 want: ^4.0.8
3496 silly placeDep ROOT core-js-compat@3.50.0 OK for: babel-plugin-polyfill-corejs3@0.13.0 want: ^3.43.0
3497 silly placeDep ROOT regenerate@1.4.2 OK for: regexpu-core@6.4.0 want: ^1.4.2
3498 silly placeDep ROOT regenerate-unicode-properties@10.2.2 OK for: regexpu-core@6.4.0 want: ^10.2.2
3499 silly placeDep ROOT regjsgen@0.8.0 OK for: regexpu-core@6.4.0 want: ^0.8.0
3500 silly placeDep ROOT regjsparser@0.13.2 OK for: regexpu-core@6.4.0 want: ^0.13.0
3501 silly placeDep ROOT unicode-match-property-ecmascript@2.0.0 OK for: regexpu-core@6.4.0 want: ^2.0.0
3502 silly placeDep ROOT unicode-match-property-value-ecmascript@2.2.1 OK for: regexpu-core@6.4.0 want: ^2.2.1
3503 silly fetch manifest unicode-canonical-property-names-ecmascript@^2.0.0
3504 silly packumentCache full:https://registry.npmjs.org/unicode-canonical-property-names-ecmascript cache-miss
3505 silly fetch manifest unicode-property-aliases-ecmascript@^2.0.0
3506 silly packumentCache full:https://registry.npmjs.org/unicode-property-aliases-ecmascript cache-miss
3507 http fetch GET 200 https://registry.npmjs.org/unicode-canonical-property-names-ecmascript 54ms (cache miss)
3508 silly packumentCache full:https://registry.npmjs.org/unicode-canonical-property-names-ecmascript set size:undefined disposed:false
3509 http fetch GET 200 https://registry.npmjs.org/unicode-property-aliases-ecmascript 54ms (cache miss)
3510 silly packumentCache full:https://registry.npmjs.org/unicode-property-aliases-ecmascript set size:undefined disposed:false
3511 silly placeDep ROOT unicode-canonical-property-names-ecmascript@2.0.1 OK for: unicode-match-property-ecmascript@2.0.0 want: ^2.0.0
3512 silly placeDep ROOT unicode-property-aliases-ecmascript@2.2.0 OK for: unicode-match-property-ecmascript@2.0.0 want: ^2.0.0
3513 silly placeDep node_modules/expo ansi-styles@4.3.0 OK for: chalk@4.1.2 want: ^4.1.0
3514 silly placeDep node_modules/expo supports-color@7.2.0 OK for: chalk@4.1.2 want: ^7.1.0
3515 silly placeDep node_modules/expo hermes-estree@0.29.1 OK for: hermes-parser@0.29.1 want: 0.29.1
3516 silly placeDep node_modules/expo brace-expansion@2.1.4 OK for: minimatch@9.0.9 want: ^2.0.2
3517 silly placeDep node_modules/expo balanced-match@1.0.2 OK for: brace-expansion@2.1.4 want: ^1.0.0
3518 silly placeDep node_modules/expo has-flag@4.0.0 OK for: supports-color@7.2.0 want: ^4.0.0
3519 silly placeDep node_modules/finalhandler ms@2.0.0 OK for: debug@2.6.9 want: 2.0.0
3520 silly placeDep node_modules/jest-message-util ansi-styles@4.3.0 OK for: chalk@4.1.2 want: ^4.1.0
3521 silly placeDep node_modules/jest-message-util supports-color@7.2.0 OK for: chalk@4.1.2 want: ^7.1.0
3522 silly placeDep node_modules/jest-message-util has-flag@4.0.0 OK for: supports-color@7.2.0 want: ^4.0.0
3523 silly placeDep node_modules/jest-util ansi-styles@4.3.0 OK for: chalk@4.1.2 want: ^4.1.0
3524 silly placeDep node_modules/jest-util supports-color@7.2.0 OK for: chalk@4.1.2 want: ^7.1.0
3525 silly placeDep node_modules/jest-util has-flag@4.0.0 OK for: supports-color@7.2.0 want: ^4.0.0
3526 silly placeDep node_modules/jest-validate ansi-styles@4.3.0 OK for: chalk@4.1.2 want: ^4.1.0
3527 silly placeDep node_modules/jest-validate supports-color@7.2.0 OK for: chalk@4.1.2 want: ^7.1.0
3528 silly placeDep node_modules/jest-validate has-flag@4.0.0 OK for: supports-color@7.2.0 want: ^4.0.0
3529 silly placeDep node_modules/jest-worker has-flag@4.0.0 OK for: supports-color@8.1.1 want: ^4.0.0
3530 silly placeDep node_modules/lighthouse-logger ms@2.0.0 OK for: debug@2.6.9 want: 2.0.0
3531 silly placeDep node_modules/metro ansi-styles@4.3.0 OK for: chalk@4.1.2 want: ^4.1.0
3532 silly placeDep node_modules/metro supports-color@7.2.0 OK for: chalk@4.1.2 want: ^7.1.0
3533 silly placeDep node_modules/metro has-flag@4.0.0 OK for: supports-color@7.2.0 want: ^4.0.0
3534 silly placeDep node_modules/ora ansi-regex@4.1.1 OK for: strip-ansi@5.2.0 want: ^4.1.0
3535 silly placeDep ROOT p-try@2.2.0 OK for: p-limit@2.3.0 want: ^2.0.0
3536 silly placeDep node_modules/react-native minimatch@3.1.5 OK for: glob@7.2.3 want: ^3.1.1
3537 silly placeDep node_modules/react-native brace-expansion@1.1.18 OK for: minimatch@3.1.5 want: ^1.1.7
3538 silly placeDep node_modules/react-native balanced-match@1.0.2 OK for: brace-expansion@1.1.18 want: ^1.0.0
3539 silly placeDep node_modules/rimraf minimatch@3.1.5 OK for: glob@7.2.3 want: ^3.1.1
3540 silly placeDep node_modules/rimraf brace-expansion@1.1.18 OK for: minimatch@3.1.5 want: ^1.1.7
3541 silly placeDep node_modules/rimraf balanced-match@1.0.2 OK for: brace-expansion@1.1.18 want: ^1.0.0
3542 silly placeDep node_modules/send/node_modules/debug ms@2.0.0 OK for: debug@2.6.9 want: 2.0.0
3543 silly placeDep node_modules/test-exclude brace-expansion@1.1.18 OK for: minimatch@3.1.5 want: ^1.1.7
3544 silly placeDep node_modules/test-exclude balanced-match@1.0.2 OK for: brace-expansion@1.1.18 want: ^1.0.0
3545 silly reify moves {}
3546 silly audit bulk request {
3546 silly audit   '@expo-google-fonts/noto-sans-telugu': [ '0.2.3' ],
3546 silly audit   '@react-native-async-storage/async-storage': [ '2.2.0' ],
3546 silly audit   'react-native': [ '0.81.5' ],
3546 silly audit   react: [ '19.1.0' ],
3546 silly audit   '@react-navigation/native': [ '7.3.16' ],
3546 silly audit   '@react-navigation/native-stack': [ '7.18.8' ],
3546 silly audit   'react-native-screens': [ '4.16.0' ],
3546 silly audit   'react-native-safe-area-context': [ '5.6.2' ],
3546 silly audit   '@types/react': [ '19.1.17' ],
3546 silly audit   expo: [ '54.0.36' ],
3546 silly audit   'expo-font': [ '14.0.12' ],
3546 silly audit   'expo-status-bar': [ '3.0.9' ],
3546 silly audit   i18next: [ '25.10.10' ],
3546 silly audit   'react-i18next': [ '16.6.6' ],
3546 silly audit   typescript: [ '5.9.3' ],
3546 silly audit   'merge-options': [ '3.0.4' ],
3546 silly audit   '@react-navigation/core': [ '7.21.12' ],
3546 silly audit   'escape-string-regexp': [ '4.0.0', '1.0.5', '2.0.0' ],
3546 silly audit   'fast-deep-equal': [ '3.1.3' ],
3546 silly audit   nanoid: [ '3.3.18' ],
3546 silly audit   'standard-navigation': [ '0.0.8' ],
3546 silly audit   'use-latest-callback': [ '0.2.6' ],
3546 silly audit   '@react-navigation/routers': [ '7.6.4' ],
3546 silly audit   'query-string': [ '7.1.3' ],
3546 silly audit   'react-is': [ '19.2.8', '18.3.1' ],
3546 silly audit   'use-sync-external-store': [ '1.6.0' ],
3546 silly audit   '@react-navigation/elements': [ '2.9.38' ],
3546 silly audit   color: [ '4.2.3' ],
3546 silly audit   'sf-symbols-typescript': [ '2.2.0' ],
3546 silly audit   'warn-once': [ '0.1.1' ],
3546 silly audit   csstype: [ '3.2.3' ],
3546 silly audit   'color-convert': [ '2.0.1', '1.9.3' ],
3546 silly audit   'color-string': [ '1.9.1' ],
3546 silly audit   'color-name': [ '1.1.4', '1.1.3' ],
3546 silly audit   'simple-swizzle': [ '0.2.4' ],
3546 silly audit   '@babel/runtime': [ '7.29.7' ],
3546 silly audit   '@expo/cli': [ '54.0.26' ],
3546 silly audit   '@expo/config': [ '12.0.14' ],
3546 silly audit   '@expo/config-plugins': [ '54.0.5' ],
3546 silly audit   '@expo/devtools': [ '0.1.8' ],
3546 silly audit   '@expo/fingerprint': [ '0.15.5' ],
3546 silly audit   '@expo/metro': [ '54.2.0' ],
3546 silly audit   '@expo/metro-config': [ '54.0.17' ],
3546 silly audit   '@expo/vector-icons': [ '15.1.1' ],
3546 silly audit   '@ungap/structured-clone': [ '1.3.3' ],
3546 silly audit   'babel-preset-expo': [ '54.0.12' ],
3546 silly audit   'react-refresh': [ '0.14.2' ],
3546 silly audit   'expo-asset': [ '12.0.13' ],
3546 silly audit   'expo-constants': [ '18.0.13' ],
3546 silly audit   'expo-file-system': [ '19.0.23' ],
3546 silly audit   'expo-keep-awake': [ '15.0.8' ],
3546 silly audit   'expo-modules-autolinking': [ '3.0.26' ],
3546 silly audit   'expo-modules-core': [ '3.0.30' ],
3546 silly audit   'pretty-format': [ '29.7.0' ],
3546 silly audit   'whatwg-url-without-unicode': [ '8.0.0-3' ],
3546 silly audit   '@babel/code-frame': [ '7.10.4', '7.29.7' ],
3546 silly audit   '@expo/config-types': [ '54.0.10' ],
3546 silly audit   '@expo/json-file': [ '10.2.0', '10.0.16', '11.0.1' ],
3546 silly audit   deepmerge: [ '4.3.1' ],
3546 silly audit   getenv: [ '2.0.0' ],
3546 silly audit   glob: [ '13.0.6', '7.2.3' ],
3546 silly audit   'require-from-string': [ '2.0.2' ],
3546 silly audit   'resolve-from': [ '5.0.0' ],
3546 silly audit   'resolve-workspace-root': [ '2.0.1' ],
3546 silly audit   semver: [ '7.8.5', '6.3.1' ],
3546 silly audit   slugify: [ '1.6.9' ],
3546 silly audit   sucrase: [ '3.35.1' ],
3546 silly audit   '@babel/highlight': [ '7.25.9' ],
3546 silly audit   '@babel/helper-validator-identifier': [ '7.29.7' ],
3546 silly audit   chalk: [ '2.4.2', '4.1.2' ],
3546 silly audit   'js-tokens': [ '4.0.0' ],
3546 silly audit   picocolors: [ '1.1.1' ],
3546 silly audit   '@expo/plist': [ '0.4.9' ],
3546 silly audit   '@expo/sdk-runtime-versions': [ '1.0.0' ],
3546 silly audit   debug: [ '4.4.3', '2.6.9', '3.2.7' ],
3546 silly audit   slash: [ '3.0.0' ],
3546 silly audit   xcode: [ '3.0.1' ],
3546 silly audit   xml2js: [ '0.6.0' ],
3546 silly audit   '@expo/spawn-async': [ '1.8.0' ],
3546 silly audit   arg: [ '5.0.2' ],
3546 silly audit   ignore: [ '5.3.2' ],
3546 silly audit   minimatch: [ '10.2.6', '3.1.5', '9.0.9' ],
3546 silly audit   'p-limit': [ '3.1.0', '2.3.0' ],
3546 silly audit   json5: [ '2.2.3' ],
3546 silly audit   metro: [ '0.83.3' ],
3546 silly audit   'metro-babel-transformer': [ '0.83.3' ],
3546 silly audit   'metro-cache': [ '0.83.3' ],
3546 silly audit   'metro-cache-key': [ '0.83.3' ],
3546 silly audit   'metro-config': [ '0.83.3' ],
3546 silly audit   'metro-core': [ '0.83.3' ],
3546 silly audit   'metro-file-map': [ '0.83.3' ],
3546 silly audit   'metro-minify-terser': [ '0.83.3' ],
3546 silly audit   'metro-resolver': [ '0.83.3' ],
3546 silly audit   'metro-runtime': [ '0.83.3' ],
3546 silly audit   'metro-source-map': [ '0.83.3' ],
3546 silly audit   'metro-symbolicate': [ '0.83.3' ],
3546 silly audit   'metro-transform-plugins': [ '0.83.3' ],
3546 silly audit   'metro-transform-worker': [ '0.83.3' ],
3546 silly audit   '@xmldom/xmldom': [ '0.8.13', '0.9.10' ],
3546 silly audit   'base64-js': [ '1.5.1' ],
3546 silly audit   xmlbuilder: [ '15.1.1', '11.0.1' ],
3546 silly audit   'cross-spawn': [ '7.0.6' ],
3546 silly audit   'ansi-styles': [ '3.2.1', '5.2.0', '4.3.0' ],
3546 silly audit   'supports-color': [ '5.5.0', '8.1.1', '7.2.0' ],
3546 silly audit   'path-key': [ '3.1.1' ],
3546 silly audit   'shebang-command': [ '2.0.0' ],
3546 silly audit   which: [ '2.0.2' ],
3546 silly audit   ms: [ '2.1.3', '2.0.0' ],
3546 silly audit   fontfaceobserver: [ '2.3.0' ],
3546 silly audit   commander: [ '7.2.0', '12.1.0', '4.1.1', '2.20.3' ],
3546 silly audit   invariant: [ '2.2.4' ],
3546 silly audit   'react-native-is-edge-to-edge': [ '1.3.1' ],
3546 silly audit   minipass: [ '7.1.3' ],
3546 silly audit   'path-scurry': [ '2.0.2' ],
3546 silly audit   'loose-envify': [ '1.4.0' ],
3546 silly audit   'is-plain-obj': [ '2.1.0' ],
3546 silly audit   '@babel/core': [ '7.29.7' ],
3546 silly audit   '@babel/generator': [ '7.29.8' ],
3546 silly audit   '@babel/parser': [ '7.29.8' ],
3546 silly audit   '@babel/template': [ '7.29.7' ],
3546 silly audit   '@babel/traverse': [ '7.29.8' ],
3546 silly audit   '@babel/types': [ '7.29.8' ],
3546 silly audit   accepts: [ '1.3.8' ],
3546 silly audit   'ci-info': [ '2.0.0', '3.9.0' ],
3546 silly audit   connect: [ '3.7.0' ],
3546 silly audit   'error-stack-parser': [ '2.1.4' ],
3546 silly audit   'flow-enums-runtime': [ '0.0.6' ],
3546 silly audit   'graceful-fs': [ '4.2.11' ],
3546 silly audit   'hermes-parser': [ '0.32.0', '0.29.1' ],
3546 silly audit   'image-size': [ '1.2.1' ],
3546 silly audit   'jest-worker': [ '29.7.0' ],
3546 silly audit   'jsc-safe-url': [ '0.2.4' ],
3546 silly audit   'lodash.throttle': [ '4.1.1' ],
3546 silly audit   'mime-types': [ '2.1.35' ],
3546 silly audit   nullthrows: [ '1.1.1' ],
3546 silly audit   'serialize-error': [ '2.1.0' ],
3546 silly audit   'source-map': [ '0.5.7', '0.6.1' ],
3546 silly audit   throat: [ '5.0.0' ],
3546 silly audit   ws: [ '7.5.13', '6.2.6', '8.21.3' ],
3546 silly audit   yargs: [ '17.7.3' ],
3546 silly audit   '@babel/helper-compilation-targets': [ '7.29.7' ],
3546 silly audit   '@babel/helper-module-transforms': [ '7.29.7' ],
3546 silly audit   '@babel/helpers': [ '7.29.7' ],
3546 silly audit   '@jridgewell/remapping': [ '2.3.5' ],
3546 silly audit   'convert-source-map': [ '2.0.0' ],
3546 silly audit   gensync: [ '1.0.0-beta.2' ],
3546 silly audit   '@jridgewell/gen-mapping': [ '0.3.13' ],
3546 silly audit   '@jridgewell/trace-mapping': [ '0.3.31' ],
3546 silly audit   jsesc: [ '3.1.0' ],
3546 silly audit   '@babel/compat-data': [ '7.29.7' ],
3546 silly audit   '@babel/helper-validator-option': [ '7.29.7' ],
3546 silly audit   browserslist: [ '4.28.8' ],
3546 silly audit   'lru-cache': [ '5.1.1', '11.5.2', '10.4.3' ],
3546 silly audit   '@babel/helper-module-imports': [ '7.29.7' ],
3546 silly audit   '@babel/helper-globals': [ '7.29.7' ],
3546 silly audit   '@babel/helper-string-parser': [ '7.29.7' ],
3546 silly audit   '@jridgewell/sourcemap-codec': [ '1.5.5' ],
3546 silly audit   '@jridgewell/resolve-uri': [ '3.1.2' ],
3546 silly audit   negotiator: [ '0.6.3', '0.6.4' ],
3546 silly audit   'baseline-browser-mapping': [ '2.11.13' ],
3546 silly audit   'caniuse-lite': [ '1.0.30001809' ],
3546 silly audit   'electron-to-chromium': [ '1.5.404' ],
3546 silly audit   'node-releases': [ '2.0.53' ],
3546 silly audit   'update-browserslist-db': [ '1.3.1' ],
3546 silly audit   finalhandler: [ '1.1.2' ],
3546 silly audit   parseurl: [ '1.3.3' ],
3546 silly audit   'utils-merge': [ '1.0.1' ],
3546 silly audit   stackframe: [ '1.3.4' ],
3546 silly audit   encodeurl: [ '1.0.2', '2.0.0' ],
3546 silly audit   'escape-html': [ '1.0.3' ],
3546 silly audit   'on-finished': [ '2.3.0', '2.4.1' ],
3546 silly audit   statuses: [ '1.5.0', '2.0.2' ],
3546 silly audit   unpipe: [ '1.0.0' ],
3546 silly audit   'hermes-estree': [ '0.32.0', '0.29.1' ],
3546 silly audit   queue: [ '6.0.2' ],
3546 silly audit   '@types/node': [ '26.2.0' ],
3546 silly audit   'jest-util': [ '29.7.0' ],
3546 silly audit   'merge-stream': [ '2.0.0' ],
3546 silly audit   'undici-types': [ '8.3.0' ],
3546 silly audit   '@jest/types': [ '29.6.3' ],
3546 silly audit   picomatch: [ '2.3.2', '4.0.5' ],
3546 silly audit   '@jest/schemas': [ '29.6.3' ],
3546 silly audit   '@types/istanbul-lib-coverage': [ '2.0.6' ],
3546 silly audit   '@types/istanbul-reports': [ '3.0.4' ],
3546 silly audit   '@types/yargs': [ '17.0.35' ],
3546 silly audit   '@sinclair/typebox': [ '0.27.12' ],
3546 silly audit   '@types/istanbul-lib-report': [ '3.0.3' ],
3546 silly audit   '@types/yargs-parser': [ '21.0.3' ],
3546 silly audit   yallist: [ '3.1.1', '5.0.0' ],
3546 silly audit   'exponential-backoff': [ '3.1.3' ],
3546 silly audit   'https-proxy-agent': [ '7.0.6' ],
3546 silly audit   'agent-base': [ '7.1.4' ],
3546 silly audit   'jest-validate': [ '29.7.0' ],
3546 silly audit   yaml: [ '2.9.0' ],
3546 silly audit   camelcase: [ '6.3.0', '5.3.1' ],
3546 silly audit   'jest-get-type': [ '29.6.3' ],
3546 silly audit   leven: [ '3.1.0' ],
3546 silly audit   'fb-watchman': [ '2.0.2' ],
3546 silly audit   micromatch: [ '4.0.8' ],
3546 silly audit   walker: [ '1.0.8' ],
3546 silly audit   bser: [ '2.1.1' ],
3546 silly audit   'node-int64': [ '0.4.0' ],
3546 silly audit   terser: [ '5.49.2' ],
3546 silly audit   ob1: [ '0.83.3' ],
3546 silly audit   vlq: [ '1.0.1' ],
3546 silly audit   braces: [ '3.0.3' ],
3546 silly audit   'fill-range': [ '7.1.1' ],
3546 silly audit   'to-regex-range': [ '5.0.1' ],
3546 silly audit   'mime-db': [ '1.52.0' ],
3546 silly audit   'brace-expansion': [ '5.0.9', '1.1.18', '2.1.4' ],
3546 silly audit   'balanced-match': [ '4.0.4', '1.0.2' ],
3546 silly audit   'ee-first': [ '1.1.1' ],
3546 silly audit   'yocto-queue': [ '0.1.0' ],
3546 silly audit   'decode-uri-component': [ '0.2.2' ],
3546 silly audit   'filter-obj': [ '1.1.0' ],
3546 silly audit   'split-on-first': [ '1.1.0' ],
3546 silly audit   'strict-uri-encode': [ '2.0.0' ],
3546 silly audit   inherits: [ '2.0.4' ],
3546 silly audit   'html-parse-stringify': [ '3.1.0' ],
3546 silly audit   'void-elements': [ '3.1.0' ],
3546 silly audit   '@jest/create-cache-key-function': [ '29.7.0' ],
3546 silly audit   '@react-native/assets-registry': [ '0.81.5' ],
3546 silly audit   '@react-native/codegen': [ '0.81.5' ],
3546 silly audit   '@react-native/community-cli-plugin': [ '0.81.5' ],
3546 silly audit   '@react-native/gradle-plugin': [ '0.81.5' ],
3546 silly audit   '@react-native/js-polyfills': [ '0.81.5' ],
3546 silly audit   '@react-native/normalize-colors': [ '0.81.5' ],
3546 silly audit   '@react-native/virtualized-lists': [ '0.81.5' ],
3546 silly audit   'abort-controller': [ '3.0.0' ],
3546 silly audit   anser: [ '1.4.10' ],
3546 silly audit   'ansi-regex': [ '5.0.1', '4.1.1' ],
3546 silly audit   'babel-jest': [ '29.7.0' ],
3546 silly audit   'babel-plugin-syntax-hermes-parser': [ '0.29.1' ],
3546 silly audit   'jest-environment-node': [ '29.7.0' ],
3546 silly audit   'memoize-one': [ '5.2.1' ],
3546 silly audit   promise: [ '8.3.0' ],
3546 silly audit   'react-devtools-core': [ '6.1.5' ],
3546 silly audit   'regenerator-runtime': [ '0.13.11' ],
3546 silly audit   scheduler: [ '0.26.0' ],
3546 silly audit   'stacktrace-parser': [ '0.1.11' ],
3546 silly audit   'whatwg-fetch': [ '3.6.20' ],
3546 silly audit   '@react-native/dev-middleware': [ '0.81.5' ],
3546 silly audit   '@isaacs/ttlcache': [ '1.4.1' ],
3546 silly audit   '@react-native/debugger-frontend': [ '0.81.5' ],
3546 silly audit   'chrome-launcher': [ '0.15.2' ],
3546 silly audit   'chromium-edge-launcher': [ '0.2.0' ],
3546 silly audit   open: [ '7.4.2', '8.4.2' ],
3546 silly audit   'serve-static': [ '1.16.3' ],
3546 silly audit   'event-target-shim': [ '5.0.1' ],
3546 silly audit   '@jest/transform': [ '29.7.0' ],
3546 silly audit   '@types/babel__core': [ '7.20.5' ],
3546 silly audit   'babel-plugin-istanbul': [ '6.1.1' ],
3546 silly audit   'babel-preset-jest': [ '29.6.3' ],
3546 silly audit   'fast-json-stable-stringify': [ '2.1.0' ],
3546 silly audit   'jest-haste-map': [ '29.7.0' ],
3546 silly audit   'jest-regex-util': [ '29.6.3' ],
3546 silly audit   pirates: [ '4.0.7' ],
3546 silly audit   'write-file-atomic': [ '4.0.2' ],
3546 silly audit   '@types/babel__generator': [ '7.27.0' ],
3546 silly audit   '@types/babel__template': [ '7.4.4' ],
3546 silly audit   '@types/babel__traverse': [ '7.28.0' ],
3546 silly audit   '@babel/helper-plugin-utils': [ '7.29.7' ],
3546 silly audit   '@istanbuljs/load-nyc-config': [ '1.1.0' ],
3546 silly audit   '@istanbuljs/schema': [ '0.1.6' ],
3546 silly audit   'istanbul-lib-instrument': [ '5.2.1' ],
3546 silly audit   'test-exclude': [ '6.0.0' ],
3546 silly audit   'find-up': [ '4.1.0' ],
3546 silly audit   'get-package-type': [ '0.1.0' ],
3546 silly audit   'js-yaml': [ '3.15.1', '4.3.1' ],
3546 silly audit   'babel-plugin-jest-hoist': [ '29.6.3' ],
3546 silly audit   'babel-preset-current-node-syntax': [ '1.2.0' ],
3546 silly audit   '@babel/plugin-syntax-async-generators': [ '7.8.4' ],
3546 silly audit   '@babel/plugin-syntax-bigint': [ '7.8.3' ],
3546 silly audit   '@babel/plugin-syntax-class-properties': [ '7.12.13' ],
3546 silly audit   '@babel/plugin-syntax-class-static-block': [ '7.14.5' ],
3546 silly audit   '@babel/plugin-syntax-import-attributes': [ '7.29.7' ],
3546 silly audit   '@babel/plugin-syntax-import-meta': [ '7.10.4' ],
3546 silly audit   '@babel/plugin-syntax-json-strings': [ '7.8.3' ],
3546 silly audit   '@babel/plugin-syntax-logical-assignment-operators': [ '7.10.4' ],
3546 silly audit   '@babel/plugin-syntax-nullish-coalescing-operator': [ '7.8.3' ],
3546 silly audit   '@babel/plugin-syntax-numeric-separator': [ '7.10.4' ],
3546 silly audit   '@babel/plugin-syntax-object-rest-spread': [ '7.8.3' ],
3546 silly audit   '@babel/plugin-syntax-optional-catch-binding': [ '7.8.3' ],
3546 silly audit   '@babel/plugin-syntax-optional-chaining': [ '7.8.3' ],
3546 silly audit   '@babel/plugin-syntax-private-property-in-object': [ '7.14.5' ],
3546 silly audit   '@babel/plugin-syntax-top-level-await': [ '7.14.5' ],
3546 silly audit   'is-wsl': [ '2.2.0' ],
3546 silly audit   'lighthouse-logger': [ '1.4.2' ],
3546 silly audit   mkdirp: [ '1.0.4' ],
3546 silly audit   rimraf: [ '3.0.2' ],
3546 silly audit   'locate-path': [ '5.0.0' ],
3546 silly audit   'path-exists': [ '4.0.0' ],
3546 silly audit   'is-docker': [ '2.2.1' ],
3546 silly audit   'istanbul-lib-coverage': [ '3.2.2' ],
3546 silly audit   '@jest/environment': [ '29.7.0' ],
3546 silly audit   '@jest/fake-timers': [ '29.7.0' ],
3546 silly audit   'jest-mock': [ '29.7.0' ],
3546 silly audit   '@sinonjs/fake-timers': [ '10.3.0' ],
3546 silly audit   'jest-message-util': [ '29.7.0' ],
3546 silly audit   '@sinonjs/commons': [ '3.0.1' ],
3546 silly audit   'type-detect': [ '4.0.8' ],
3546 silly audit   '@types/graceful-fs': [ '4.1.9' ],
3546 silly audit   anymatch: [ '3.1.3' ],
3546 silly audit   fsevents: [ '2.3.3' ],
3546 silly audit   'normalize-path': [ '3.0.0' ],
3546 silly audit   '@types/stack-utils': [ '2.0.3' ],
3546 silly audit   'stack-utils': [ '2.0.6' ],
3546 silly audit   argparse: [ '1.0.10', '2.0.1' ],
3546 silly audit   esprima: [ '4.0.1' ],
3546 silly audit   'sprintf-js': [ '1.0.3' ],
3546 silly audit   marky: [ '1.3.0' ],
3546 silly audit   'p-locate': [ '4.1.0' ],
3546 silly audit   asap: [ '2.0.6' ],
3546 silly audit   'shell-quote': [ '1.10.0' ],
3546 silly audit   'react-freeze': [ '1.0.4' ],
3546 silly audit   send: [ '0.19.2' ],
3546 silly audit   depd: [ '2.0.0' ],
3546 silly audit   destroy: [ '1.2.0' ],
3546 silly audit   etag: [ '1.8.1' ],
3546 silly audit   fresh: [ '0.5.2' ],
3546 silly audit   'http-errors': [ '2.0.1' ],
3546 silly audit   mime: [ '1.6.0' ],
3546 silly audit   'range-parser': [ '1.2.1' ],
3546 silly audit   setprototypeof: [ '1.2.0' ],
3546 silly audit   toidentifier: [ '1.0.1' ],
3546 silly audit   'shebang-regex': [ '3.0.0' ],
3546 silly audit   'is-arrayish': [ '0.3.4' ],
3546 silly audit   'type-fest': [ '0.7.1', '0.21.3' ],
3546 silly audit   'lines-and-columns': [ '1.2.4' ],
3546 silly audit   mz: [ '2.7.0' ],
3546 silly audit   tinyglobby: [ '0.2.17' ],
3546 silly audit   'ts-interface-checker': [ '0.1.13' ],
3546 silly audit   'any-promise': [ '1.3.0' ],
3546 silly audit   'object-assign': [ '4.1.1' ],
3546 silly audit   'thenify-all': [ '1.6.0' ],
3546 silly audit   'has-flag': [ '3.0.0', '4.0.0' ],
3546 silly audit   '@jridgewell/source-map': [ '0.3.11' ],
3546 silly audit   acorn: [ '8.18.0' ],
3546 silly audit   'source-map-support': [ '0.5.21' ],
3546 silly audit   'buffer-from': [ '1.1.2' ],
3546 silly audit   thenify: [ '3.3.1' ],
3546 silly audit   fdir: [ '6.5.0' ],
3546 silly audit   'is-number': [ '7.0.0' ],
3546 silly audit   escalade: [ '3.2.0' ],
3546 silly audit   makeerror: [ '1.0.12' ],
3546 silly audit   tmpl: [ '1.0.5' ],
3546 silly audit   buffer: [ '5.7.1' ],
3546 silly audit   punycode: [ '2.3.1' ],
3546 silly audit   'webidl-conversions': [ '5.0.0' ],
3546 silly audit   ieee754: [ '1.2.1' ],
3546 silly audit   isexe: [ '2.0.0' ],
3546 silly audit   imurmurhash: [ '0.1.4' ],
3546 silly audit   'signal-exit': [ '3.0.7' ],
3546 silly audit   'simple-plist': [ '1.3.1' ],
3546 silly audit   uuid: [ '7.0.3' ],
3546 silly audit   'bplist-creator': [ '0.1.0' ],
3546 silly audit   'bplist-parser': [ '0.3.1' ],
3546 silly audit   plist: [ '3.1.1' ],
3546 silly audit   'stream-buffers': [ '2.2.0' ],
3546 silly audit   'big-integer': [ '1.6.52' ],
3546 silly audit   sax: [ '1.6.1' ],
3546 silly audit   cliui: [ '8.0.1' ],
3546 silly audit   'get-caller-file': [ '2.0.5' ],
3546 silly audit   'require-directory': [ '2.1.1' ],
3546 silly audit   'string-width': [ '4.2.3' ],
3546 silly audit   y18n: [ '5.0.8' ],
3546 silly audit   'yargs-parser': [ '21.1.1' ],
3546 silly audit   'strip-ansi': [ '6.0.1', '5.2.0' ],
3546 silly audit   'wrap-ansi': [ '7.0.0' ],
3546 silly audit   'emoji-regex': [ '8.0.0' ],
3546 silly audit   'is-fullwidth-code-point': [ '3.0.0' ],
3546 silly audit   'fs.realpath': [ '1.0.0' ],
3546 silly audit   inflight: [ '1.0.6' ],
3546 silly audit   once: [ '1.4.0' ],
3546 silly audit   'path-is-absolute': [ '1.0.1' ],
3546 silly audit   wrappy: [ '1.0.2' ],
3546 silly audit   'concat-map': [ '0.0.1' ],
3546 silly audit   'async-limiter': [ '1.0.1' ],
3546 silly audit   '@0no-co/graphql.web': [ '1.3.3' ],
3546 silly audit   '@expo/code-signing-certificates': [ '0.0.6' ],
3546 silly audit   '@expo/devcert': [ '1.2.1' ],
3546 silly audit   '@expo/env': [ '2.0.12' ],
3546 silly audit   '@expo/image-utils': [ '0.8.15' ],
3546 silly audit   '@expo/osascript': [ '2.7.1' ],
3546 silly audit   '@expo/package-manager': [ '1.13.1' ],
3546 silly audit   '@expo/prebuild-config': [ '54.0.9' ],
3546 silly audit   '@expo/schema-utils': [ '0.1.9' ],
3546 silly audit   '@expo/ws-tunnel': [ '1.0.6' ],
3546 silly audit   '@expo/xcpretty': [ '4.4.4' ],
3546 silly audit   '@urql/core': [ '5.2.0' ],
3546 silly audit   '@urql/exchange-retry': [ '1.3.2' ],
3546 silly audit   'better-opn': [ '3.0.2' ],
3546 silly audit   compression: [ '1.8.1' ],
3546 silly audit   'env-editor': [ '0.4.2' ],
3546 silly audit   'expo-server': [ '1.0.7' ],
3546 silly audit   'freeport-async': [ '2.0.0' ],
3546 silly audit   'lan-network': [ '0.2.1' ],
3546 silly audit   'node-forge': [ '1.4.0' ],
3546 silly audit   'npm-package-arg': [ '11.0.3' ],
3546 silly audit   ora: [ '3.4.0' ],
3546 silly audit   'pretty-bytes': [ '5.6.0' ],
3546 silly audit   progress: [ '2.0.3' ],
3546 silly audit   prompts: [ '2.4.2' ],
3546 silly audit   'qrcode-terminal': [ '0.11.0' ],
3546 silly audit   requireg: [ '0.2.2' ],
3546 silly audit   resolve: [ '1.22.12', '1.7.1' ],
3546 silly audit   'resolve.exports': [ '2.0.3' ],
3546 silly audit   'structured-headers': [ '0.4.1' ],
3546 silly audit   tar: [ '7.5.22' ],
3546 silly audit   'terminal-link': [ '2.1.1' ],
3546 silly audit   undici: [ '6.28.0' ],
3546 silly audit   '@expo/sudo-prompt': [ '9.3.2' ],
3546 silly audit   dotenv: [ '16.4.7' ],
3546 silly audit   'dotenv-expand': [ '11.0.7' ],
3546 silly audit   '@expo/require-utils': [ '55.0.6' ],
3546 silly audit   'jimp-compact': [ '0.16.1' ],
3546 silly audit   'parse-png': [ '2.1.0' ],
3546 silly audit   '@babel/plugin-transform-modules-commonjs': [ '7.29.7' ],
3546 silly audit   wonka: [ '6.3.6' ],
3546 silly audit   bytes: [ '3.1.2' ],
3546 silly audit   compressible: [ '2.0.18' ],
3546 silly audit   'on-headers': [ '1.1.0' ],
3546 silly audit   'safe-buffer': [ '5.2.1' ],
3546 silly audit   vary: [ '1.1.2' ],
3546 silly audit   'hosted-git-info': [ '7.0.2' ],
3546 silly audit   'proc-log': [ '4.2.0' ],
3546 silly audit   'validate-npm-package-name': [ '5.0.1' ],
3546 silly audit   'cli-cursor': [ '2.1.0' ],
3546 silly audit   'cli-spinners': [ '2.9.2' ],
3546 silly audit   'log-symbols': [ '2.2.0' ],
3546 silly audit   wcwidth: [ '1.0.1' ],
3546 silly audit   'restore-cursor': [ '2.0.0' ],
3546 silly audit   pngjs: [ '3.4.0' ],
3546 silly audit   kleur: [ '3.0.3' ],
3546 silly audit   sisteransi: [ '1.0.5' ],
3546 silly audit   'nested-error-stacks': [ '2.0.1' ],
3546 silly audit   rc: [ '1.2.8' ],
3546 silly audit   'deep-extend': [ '0.6.0' ],
3546 silly audit   ini: [ '1.3.8' ],
3546 silly audit   minimist: [ '1.2.8' ],
3546 silly audit   'strip-json-comments': [ '2.0.1' ],
3546 silly audit   'es-errors': [ '1.3.0' ],
3546 silly audit   'is-core-module': [ '2.16.2' ],
3546 silly audit   'path-parse': [ '1.0.7' ],
3546 silly audit   'supports-preserve-symlinks-flag': [ '1.0.0' ],
3546 silly audit   hasown: [ '2.0.4' ],
3546 silly audit   'function-bind': [ '1.1.2' ],
3546 silly audit   onetime: [ '2.0.1' ],
3546 silly audit   'mimic-fn': [ '1.2.0' ],
3546 silly audit   '@isaacs/fs-minipass': [ '4.0.1' ],
3546 silly audit   chownr: [ '3.0.0' ],
3546 silly audit   minizlib: [ '3.1.0' ],
3546 silly audit   'ansi-escapes': [ '4.3.2' ],
3546 silly audit   'supports-hyperlinks': [ '2.3.0' ],
3546 silly audit   defaults: [ '1.0.4' ],
3546 silly audit   clone: [ '1.0.4' ],
3546 silly audit   'define-lazy-prop': [ '2.0.0' ],
3546 silly audit   lightningcss: [ '1.33.0' ],
3546 silly audit   postcss: [ '8.4.49' ],
3546 silly audit   'detect-libc': [ '2.1.2' ],
3546 silly audit   'lightningcss-android-arm64': [ '1.33.0' ],
3546 silly audit   'lightningcss-darwin-arm64': [ '1.33.0' ],
3546 silly audit   'lightningcss-darwin-x64': [ '1.33.0' ],
3546 silly audit   'lightningcss-freebsd-x64': [ '1.33.0' ],
3546 silly audit   'lightningcss-linux-arm-gnueabihf': [ '1.33.0' ],
3546 silly audit   'lightningcss-linux-arm64-gnu': [ '1.33.0' ],
3546 silly audit   'lightningcss-linux-arm64-musl': [ '1.33.0' ],
3546 silly audit   'lightningcss-linux-x64-gnu': [ '1.33.0' ],
3546 silly audit   'lightningcss-linux-x64-musl': [ '1.33.0' ],
3546 silly audit   'lightningcss-win32-arm64-msvc': [ '1.33.0' ],
3546 silly audit   'lightningcss-win32-x64-msvc': [ '1.33.0' ],
3546 silly audit   'source-map-js': [ '1.2.1' ],
3546 silly audit   '@babel/plugin-proposal-decorators': [ '7.29.7' ],
3546 silly audit   '@babel/plugin-proposal-export-default-from': [ '7.29.7' ],
3546 silly audit   '@babel/plugin-syntax-export-default-from': [ '7.29.7' ],
3546 silly audit   '@babel/plugin-transform-class-static-block': [ '7.29.7' ],
3546 silly audit   '@babel/plugin-transform-export-namespace-from': [ '7.29.7' ],
3546 silly audit   '@babel/plugin-transform-flow-strip-types': [ '7.29.7' ],
3546 silly audit   '@babel/plugin-transform-object-rest-spread': [ '7.29.7' ],
3546 silly audit   '@babel/plugin-transform-parameters': [ '7.29.7' ],
3546 silly audit   '@babel/plugin-transform-private-methods': [ '7.29.7' ],
3546 silly audit   '@babel/plugin-transform-private-property-in-object': [ '7.29.7' ],
3546 silly audit   '@babel/plugin-transform-runtime': [ '7.29.7' ],
3546 silly audit   '@babel/preset-react': [ '7.29.7' ],
3546 silly audit   '@babel/preset-typescript': [ '7.29.7' ],
3546 silly audit   '@react-native/babel-preset': [ '0.81.5' ],
3546 silly audit   'babel-plugin-react-compiler': [ '1.0.0' ],
3546 silly audit   'babel-plugin-react-native-web': [ '0.21.2' ],
3546 silly audit   'babel-plugin-transform-flow-enums': [ '0.0.2' ],
3546 silly audit   '@babel/helper-create-class-features-plugin': [ '7.29.7' ],
3546 silly audit   '@babel/plugin-syntax-decorators': [ '7.29.7' ],
3546 silly audit   '@babel/helper-annotate-as-pure': [ '7.29.7' ],
3546 silly audit   '@babel/helper-member-expression-to-functions': [ '7.29.7' ],
3546 silly audit   '@babel/helper-optimise-call-expression': [ '7.29.7' ],
3546 silly audit   '@babel/helper-replace-supers': [ '7.29.7' ],
3546 silly audit   '@babel/helper-skip-transparent-expression-wrappers': [ '7.29.7' ],
3546 silly audit   '@babel/plugin-syntax-flow': [ '7.29.7' ],
3546 silly audit   '@babel/plugin-transform-destructuring': [ '7.29.7' ],
3546 silly audit   'babel-plugin-polyfill-corejs2': [ '0.4.17' ],
3546 silly audit   'babel-plugin-polyfill-corejs3': [ '0.13.0' ],
3546 silly audit   'babel-plugin-polyfill-regenerator': [ '0.6.8' ],
3546 silly audit   '@babel/plugin-transform-react-display-name': [ '7.29.7' ],
3546 silly audit   '@babel/plugin-transform-react-jsx': [ '7.29.7' ],
3546 silly audit   '@babel/plugin-transform-react-jsx-development': [ '7.29.7' ],
3546 silly audit   '@babel/plugin-transform-react-pure-annotations': [ '7.29.7' ],
3546 silly audit   '@babel/plugin-syntax-jsx': [ '7.29.7' ],
3546 silly audit   '@babel/plugin-transform-typescript': [ '7.29.7' ],
3546 silly audit   '@babel/plugin-syntax-typescript': [ '7.29.7' ],
3546 silly audit   '@babel/plugin-syntax-dynamic-import': [ '7.8.3' ],
3546 silly audit   '@babel/plugin-transform-arrow-functions': [ '7.29.7' ],
3546 silly audit   '@babel/plugin-transform-async-generator-functions': [ '7.29.7' ],
3546 silly audit   '@babel/plugin-transform-async-to-generator': [ '7.29.7' ],
3546 silly audit   '@babel/plugin-transform-block-scoping': [ '7.29.7' ],
3546 silly audit   '@babel/plugin-transform-class-properties': [ '7.29.7' ],
3546 silly audit   '@babel/plugin-transform-classes': [ '7.29.7' ],
3546 silly audit   '@babel/plugin-transform-computed-properties': [ '7.29.7' ],
3546 silly audit   '@babel/plugin-transform-for-of': [ '7.29.7' ],
3546 silly audit   '@babel/plugin-transform-function-name': [ '7.29.7' ],
3546 silly audit   '@babel/plugin-transform-literals': [ '7.29.7' ],
3546 silly audit   '@babel/plugin-transform-logical-assignment-operators': [ '7.29.7' ],
3546 silly audit   '@babel/plugin-transform-named-capturing-groups-regex': [ '7.29.7' ],
3546 silly audit   '@babel/plugin-transform-nullish-coalescing-operator': [ '7.29.7' ],
3546 silly audit   '@babel/plugin-transform-numeric-separator': [ '7.29.7' ],
3546 silly audit   '@babel/plugin-transform-optional-catch-binding': [ '7.29.7' ],
3546 silly audit   '@babel/plugin-transform-optional-chaining': [ '7.29.7' ],
3546 silly audit   '@babel/plugin-transform-react-jsx-self': [ '7.29.7' ],
3546 silly audit   '@babel/plugin-transform-react-jsx-source': [ '7.29.7' ],
3546 silly audit   '@babel/plugin-transform-regenerator': [ '7.29.8' ],
3546 silly audit   '@babel/plugin-transform-shorthand-properties': [ '7.29.7' ],
3546 silly audit   '@babel/plugin-transform-spread': [ '7.29.8' ],
3546 silly audit   '@babel/plugin-transform-sticky-regex': [ '7.29.7' ],
3546 silly audit   '@babel/plugin-transform-unicode-regex': [ '7.29.7' ],
3546 silly audit   '@react-native/babel-plugin-codegen': [ '0.81.5' ],
3546 silly audit   '@babel/helper-remap-async-to-generator': [ '7.29.7' ],
3546 silly audit   '@babel/helper-wrap-function': [ '7.29.7' ],
3546 silly audit   '@babel/helper-create-regexp-features-plugin': [ '7.29.7' ],
3546 silly audit   'regexpu-core': [ '6.4.0' ],
3546 silly audit   '@babel/helper-define-polyfill-provider': [ '0.6.8' ],
3546 silly audit   'lodash.debounce': [ '4.0.8' ],
3546 silly audit   'core-js-compat': [ '3.50.0' ],
3546 silly audit   regenerate: [ '1.4.2' ],
3546 silly audit   'regenerate-unicode-properties': [ '10.2.2' ],
3546 silly audit   regjsgen: [ '0.8.0' ],
3546 silly audit   regjsparser: [ '0.13.2' ],
3546 silly audit   'unicode-match-property-ecmascript': [ '2.0.0' ],
3546 silly audit   'unicode-match-property-value-ecmascript': [ '2.2.1' ],
3546 silly audit   'unicode-canonical-property-names-ecmascript': [ '2.0.1' ],
3546 silly audit   'unicode-property-aliases-ecmascript': [ '2.2.0' ],
3546 silly audit   'p-try': [ '2.2.0' ]
3546 silly audit }
3547 http cache p-try@https://registry.npmjs.org/p-try/-/p-try-2.2.0.tgz 0ms (cache hit)
3548 http cache unicode-property-aliases-ecmascript@https://registry.npmjs.org/unicode-property-aliases-ecmascript/-/unicode-property-aliases-ecmascript-2.2.0.tgz 0ms (cache hit)
3549 http cache unicode-canonical-property-names-ecmascript@https://registry.npmjs.org/unicode-canonical-property-names-ecmascript/-/unicode-canonical-property-names-ecmascript-2.0.1.tgz 0ms (cache hit)
3550 http cache unicode-match-property-ecmascript@https://registry.npmjs.org/unicode-match-property-ecmascript/-/unicode-match-property-ecmascript-2.0.0.tgz 0ms (cache hit)
3551 http cache regjsparser@https://registry.npmjs.org/regjsparser/-/regjsparser-0.13.2.tgz 0ms (cache hit)
3552 http cache regjsgen@https://registry.npmjs.org/regjsgen/-/regjsgen-0.8.0.tgz 0ms (cache hit)
3553 http cache unicode-match-property-value-ecmascript@https://registry.npmjs.org/unicode-match-property-value-ecmascript/-/unicode-match-property-value-ecmascript-2.2.1.tgz 0ms (cache hit)
3554 http cache regenerate-unicode-properties@https://registry.npmjs.org/regenerate-unicode-properties/-/regenerate-unicode-properties-10.2.2.tgz 0ms (cache hit)
3555 http cache core-js-compat@https://registry.npmjs.org/core-js-compat/-/core-js-compat-3.50.0.tgz 0ms (cache hit)
3556 http cache regenerate@https://registry.npmjs.org/regenerate/-/regenerate-1.4.2.tgz 0ms (cache hit)
3557 http cache @babel/helper-define-polyfill-provider@https://registry.npmjs.org/@babel/helper-define-polyfill-provider/-/helper-define-polyfill-provider-0.6.8.tgz 0ms (cache hit)
3558 http cache @babel/helper-wrap-function@https://registry.npmjs.org/@babel/helper-wrap-function/-/helper-wrap-function-7.29.7.tgz 0ms (cache hit)
3559 http cache regexpu-core@https://registry.npmjs.org/regexpu-core/-/regexpu-core-6.4.0.tgz 0ms (cache hit)
3560 http cache @babel/helper-create-regexp-features-plugin@https://registry.npmjs.org/@babel/helper-create-regexp-features-plugin/-/helper-create-regexp-features-plugin-7.29.7.tgz 0ms (cache hit)
3561 http cache @babel/helper-remap-async-to-generator@https://registry.npmjs.org/@babel/helper-remap-async-to-generator/-/helper-remap-async-to-generator-7.29.7.tgz 0ms (cache hit)
3562 http cache lodash.debounce@https://registry.npmjs.org/lodash.debounce/-/lodash.debounce-4.0.8.tgz 0ms (cache hit)
3563 http cache @react-native/babel-plugin-codegen@https://registry.npmjs.org/@react-native/babel-plugin-codegen/-/babel-plugin-codegen-0.81.5.tgz 0ms (cache hit)
3564 http cache @babel/plugin-transform-unicode-regex@https://registry.npmjs.org/@babel/plugin-transform-unicode-regex/-/plugin-transform-unicode-regex-7.29.7.tgz 0ms (cache hit)
3565 http cache @babel/plugin-transform-sticky-regex@https://registry.npmjs.org/@babel/plugin-transform-sticky-regex/-/plugin-transform-sticky-regex-7.29.7.tgz 0ms (cache hit)
3566 http cache @babel/plugin-transform-regenerator@https://registry.npmjs.org/@babel/plugin-transform-regenerator/-/plugin-transform-regenerator-7.29.8.tgz 0ms (cache hit)
3567 http cache @babel/plugin-transform-shorthand-properties@https://registry.npmjs.org/@babel/plugin-transform-shorthand-properties/-/plugin-transform-shorthand-properties-7.29.7.tgz 0ms (cache hit)
3568 http cache @babel/plugin-transform-spread@https://registry.npmjs.org/@babel/plugin-transform-spread/-/plugin-transform-spread-7.29.8.tgz 0ms (cache hit)
3569 http cache @babel/plugin-transform-react-jsx-source@https://registry.npmjs.org/@babel/plugin-transform-react-jsx-source/-/plugin-transform-react-jsx-source-7.29.7.tgz 0ms (cache hit)
3570 http cache @babel/plugin-transform-optional-catch-binding@https://registry.npmjs.org/@babel/plugin-transform-optional-catch-binding/-/plugin-transform-optional-catch-binding-7.29.7.tgz 0ms (cache hit)
3571 http cache @babel/plugin-transform-nullish-coalescing-operator@https://registry.npmjs.org/@babel/plugin-transform-nullish-coalescing-operator/-/plugin-transform-nullish-coalescing-operator-7.29.7.tgz 0ms (cache hit)
3572 http cache @babel/plugin-transform-numeric-separator@https://registry.npmjs.org/@babel/plugin-transform-numeric-separator/-/plugin-transform-numeric-separator-7.29.7.tgz 0ms (cache hit)
3573 http cache @babel/plugin-transform-named-capturing-groups-regex@https://registry.npmjs.org/@babel/plugin-transform-named-capturing-groups-regex/-/plugin-transform-named-capturing-groups-regex-7.29.7.tgz 0ms (cache hit)
3574 http cache @babel/plugin-transform-optional-chaining@https://registry.npmjs.org/@babel/plugin-transform-optional-chaining/-/plugin-transform-optional-chaining-7.29.7.tgz 0ms (cache hit)
3575 http cache @babel/plugin-transform-literals@https://registry.npmjs.org/@babel/plugin-transform-literals/-/plugin-transform-literals-7.29.7.tgz 0ms (cache hit)
3576 http cache @babel/plugin-transform-function-name@https://registry.npmjs.org/@babel/plugin-transform-function-name/-/plugin-transform-function-name-7.29.7.tgz 0ms (cache hit)
3577 http cache @babel/plugin-transform-computed-properties@https://registry.npmjs.org/@babel/plugin-transform-computed-properties/-/plugin-transform-computed-properties-7.29.7.tgz 0ms (cache hit)
3578 http cache @babel/plugin-transform-logical-assignment-operators@https://registry.npmjs.org/@babel/plugin-transform-logical-assignment-operators/-/plugin-transform-logical-assignment-operators-7.29.7.tgz 0ms (cache hit)
3579 http cache @babel/plugin-transform-classes@https://registry.npmjs.org/@babel/plugin-transform-classes/-/plugin-transform-classes-7.29.7.tgz 0ms (cache hit)
3580 http cache @babel/plugin-transform-async-generator-functions@https://registry.npmjs.org/@babel/plugin-transform-async-generator-functions/-/plugin-transform-async-generator-functions-7.29.7.tgz 0ms (cache hit)
3581 http cache @babel/plugin-transform-class-properties@https://registry.npmjs.org/@babel/plugin-transform-class-properties/-/plugin-transform-class-properties-7.29.7.tgz 0ms (cache hit)
3582 http cache @babel/plugin-transform-for-of@https://registry.npmjs.org/@babel/plugin-transform-for-of/-/plugin-transform-for-of-7.29.7.tgz 0ms (cache hit)
3583 http cache @babel/plugin-transform-block-scoping@https://registry.npmjs.org/@babel/plugin-transform-block-scoping/-/plugin-transform-block-scoping-7.29.7.tgz 0ms (cache hit)
3584 http cache @babel/plugin-syntax-dynamic-import@https://registry.npmjs.org/@babel/plugin-syntax-dynamic-import/-/plugin-syntax-dynamic-import-7.8.3.tgz 0ms (cache hit)
3585 http cache @babel/plugin-transform-react-jsx-self@https://registry.npmjs.org/@babel/plugin-transform-react-jsx-self/-/plugin-transform-react-jsx-self-7.29.7.tgz 0ms (cache hit)
3586 http cache @babel/plugin-syntax-typescript@https://registry.npmjs.org/@babel/plugin-syntax-typescript/-/plugin-syntax-typescript-7.29.7.tgz 0ms (cache hit)
3587 http cache @babel/plugin-transform-typescript@https://registry.npmjs.org/@babel/plugin-transform-typescript/-/plugin-transform-typescript-7.29.7.tgz 0ms (cache hit)
3588 http cache @babel/plugin-transform-react-jsx-development@https://registry.npmjs.org/@babel/plugin-transform-react-jsx-development/-/plugin-transform-react-jsx-development-7.29.7.tgz 0ms (cache hit)
3589 http cache @babel/plugin-transform-react-pure-annotations@https://registry.npmjs.org/@babel/plugin-transform-react-pure-annotations/-/plugin-transform-react-pure-annotations-7.29.7.tgz 0ms (cache hit)
3590 http cache @babel/plugin-transform-arrow-functions@https://registry.npmjs.org/@babel/plugin-transform-arrow-functions/-/plugin-transform-arrow-functions-7.29.7.tgz 0ms (cache hit)
3591 http cache @babel/plugin-transform-react-jsx@https://registry.npmjs.org/@babel/plugin-transform-react-jsx/-/plugin-transform-react-jsx-7.29.7.tgz 0ms (cache hit)
3592 http cache @babel/plugin-syntax-jsx@https://registry.npmjs.org/@babel/plugin-syntax-jsx/-/plugin-syntax-jsx-7.29.7.tgz 0ms (cache hit)
3593 http cache babel-plugin-polyfill-regenerator@https://registry.npmjs.org/babel-plugin-polyfill-regenerator/-/babel-plugin-polyfill-regenerator-0.6.8.tgz 0ms (cache hit)
3594 http cache babel-plugin-polyfill-corejs3@https://registry.npmjs.org/babel-plugin-polyfill-corejs3/-/babel-plugin-polyfill-corejs3-0.13.0.tgz 0ms (cache hit)
3595 http cache @babel/plugin-transform-destructuring@https://registry.npmjs.org/@babel/plugin-transform-destructuring/-/plugin-transform-destructuring-7.29.7.tgz 0ms (cache hit)
3596 http cache babel-plugin-polyfill-corejs2@https://registry.npmjs.org/babel-plugin-polyfill-corejs2/-/babel-plugin-polyfill-corejs2-0.4.17.tgz 0ms (cache hit)
3597 http cache @babel/helper-skip-transparent-expression-wrappers@https://registry.npmjs.org/@babel/helper-skip-transparent-expression-wrappers/-/helper-skip-transparent-expression-wrappers-7.29.7.tgz 0ms (cache hit)
3598 http cache @babel/plugin-transform-react-display-name@https://registry.npmjs.org/@babel/plugin-transform-react-display-name/-/plugin-transform-react-display-name-7.29.7.tgz 0ms (cache hit)
3599 http cache @babel/helper-optimise-call-expression@https://registry.npmjs.org/@babel/helper-optimise-call-expression/-/helper-optimise-call-expression-7.29.7.tgz 0ms (cache hit)
3600 http cache @babel/helper-annotate-as-pure@https://registry.npmjs.org/@babel/helper-annotate-as-pure/-/helper-annotate-as-pure-7.29.7.tgz 0ms (cache hit)
3601 http cache @babel/plugin-syntax-decorators@https://registry.npmjs.org/@babel/plugin-syntax-decorators/-/plugin-syntax-decorators-7.29.7.tgz 0ms (cache hit)
3602 http cache @babel/plugin-syntax-flow@https://registry.npmjs.org/@babel/plugin-syntax-flow/-/plugin-syntax-flow-7.29.7.tgz 0ms (cache hit)
3603 http cache @babel/helper-create-class-features-plugin@https://registry.npmjs.org/@babel/helper-create-class-features-plugin/-/helper-create-class-features-plugin-7.29.7.tgz 0ms (cache hit)
3604 http cache babel-plugin-transform-flow-enums@https://registry.npmjs.org/babel-plugin-transform-flow-enums/-/babel-plugin-transform-flow-enums-0.0.2.tgz 0ms (cache hit)
3605 http cache @babel/plugin-transform-async-to-generator@https://registry.npmjs.org/@babel/plugin-transform-async-to-generator/-/plugin-transform-async-to-generator-7.29.7.tgz 0ms (cache hit)
3606 http cache babel-plugin-react-native-web@https://registry.npmjs.org/babel-plugin-react-native-web/-/babel-plugin-react-native-web-0.21.2.tgz 0ms (cache hit)
3607 http cache @babel/helper-member-expression-to-functions@https://registry.npmjs.org/@babel/helper-member-expression-to-functions/-/helper-member-expression-to-functions-7.29.7.tgz 0ms (cache hit)
3608 http cache babel-plugin-react-compiler@https://registry.npmjs.org/babel-plugin-react-compiler/-/babel-plugin-react-compiler-1.0.0.tgz 0ms (cache hit)
3609 http cache @react-native/babel-preset@https://registry.npmjs.org/@react-native/babel-preset/-/babel-preset-0.81.5.tgz 0ms (cache hit)
3610 http cache @babel/preset-react@https://registry.npmjs.org/@babel/preset-react/-/preset-react-7.29.7.tgz 0ms (cache hit)
3611 http cache @babel/plugin-transform-runtime@https://registry.npmjs.org/@babel/plugin-transform-runtime/-/plugin-transform-runtime-7.29.7.tgz 0ms (cache hit)
3612 http cache @babel/plugin-transform-parameters@https://registry.npmjs.org/@babel/plugin-transform-parameters/-/plugin-transform-parameters-7.29.7.tgz 0ms (cache hit)
3613 http cache @babel/plugin-transform-private-methods@https://registry.npmjs.org/@babel/plugin-transform-private-methods/-/plugin-transform-private-methods-7.29.7.tgz 0ms (cache hit)
3614 http cache @babel/helper-replace-supers@https://registry.npmjs.org/@babel/helper-replace-supers/-/helper-replace-supers-7.29.7.tgz 0ms (cache hit)
3615 http cache @babel/plugin-transform-private-property-in-object@https://registry.npmjs.org/@babel/plugin-transform-private-property-in-object/-/plugin-transform-private-property-in-object-7.29.7.tgz 0ms (cache hit)
3616 http cache @babel/plugin-transform-object-rest-spread@https://registry.npmjs.org/@babel/plugin-transform-object-rest-spread/-/plugin-transform-object-rest-spread-7.29.7.tgz 0ms (cache hit)
3617 http cache @babel/plugin-syntax-export-default-from@https://registry.npmjs.org/@babel/plugin-syntax-export-default-from/-/plugin-syntax-export-default-from-7.29.7.tgz 0ms (cache hit)
3618 http cache @babel/plugin-transform-export-namespace-from@https://registry.npmjs.org/@babel/plugin-transform-export-namespace-from/-/plugin-transform-export-namespace-from-7.29.7.tgz 0ms (cache hit)
3619 http cache @babel/plugin-transform-class-static-block@https://registry.npmjs.org/@babel/plugin-transform-class-static-block/-/plugin-transform-class-static-block-7.29.7.tgz 0ms (cache hit)
3620 http cache @babel/plugin-proposal-export-default-from@https://registry.npmjs.org/@babel/plugin-proposal-export-default-from/-/plugin-proposal-export-default-from-7.29.7.tgz 0ms (cache hit)
3621 http cache @babel/preset-typescript@https://registry.npmjs.org/@babel/preset-typescript/-/preset-typescript-7.29.7.tgz 0ms (cache hit)
3622 http cache detect-libc@https://registry.npmjs.org/detect-libc/-/detect-libc-2.1.2.tgz 0ms (cache hit)
3623 http cache source-map-js@https://registry.npmjs.org/source-map-js/-/source-map-js-1.2.1.tgz 0ms (cache hit)
3624 http cache postcss@https://registry.npmjs.org/postcss/-/postcss-8.4.49.tgz 0ms (cache hit)
3625 http cache @babel/plugin-proposal-decorators@https://registry.npmjs.org/@babel/plugin-proposal-decorators/-/plugin-proposal-decorators-7.29.7.tgz 0ms (cache hit)
3626 http cache define-lazy-prop@https://registry.npmjs.org/define-lazy-prop/-/define-lazy-prop-2.0.0.tgz 0ms (cache hit)
3627 http cache @babel/plugin-transform-flow-strip-types@https://registry.npmjs.org/@babel/plugin-transform-flow-strip-types/-/plugin-transform-flow-strip-types-7.29.7.tgz 0ms (cache hit)
3628 http cache lightningcss-darwin-arm64@https://registry.npmjs.org/lightningcss-darwin-arm64/-/lightningcss-darwin-arm64-1.33.0.tgz 0ms (cache hit)
3629 http cache defaults@https://registry.npmjs.org/defaults/-/defaults-1.0.4.tgz 0ms (cache hit)
3630 http cache lightningcss@https://registry.npmjs.org/lightningcss/-/lightningcss-1.33.0.tgz 0ms (cache hit)
3631 http cache clone@https://registry.npmjs.org/clone/-/clone-1.0.4.tgz 0ms (cache hit)
3632 http cache ansi-escapes@https://registry.npmjs.org/ansi-escapes/-/ansi-escapes-4.3.2.tgz 0ms (cache hit)
3633 http cache mimic-fn@https://registry.npmjs.org/mimic-fn/-/mimic-fn-1.2.0.tgz 0ms (cache hit)
3634 http cache chownr@https://registry.npmjs.org/chownr/-/chownr-3.0.0.tgz 0ms (cache hit)
3635 http cache supports-hyperlinks@https://registry.npmjs.org/supports-hyperlinks/-/supports-hyperlinks-2.3.0.tgz 0ms (cache hit)
3636 http cache onetime@https://registry.npmjs.org/onetime/-/onetime-2.0.1.tgz 0ms (cache hit)
3637 http cache function-bind@https://registry.npmjs.org/function-bind/-/function-bind-1.1.2.tgz 0ms (cache hit)
3638 http cache hasown@https://registry.npmjs.org/hasown/-/hasown-2.0.4.tgz 0ms (cache hit)
3639 http cache supports-preserve-symlinks-flag@https://registry.npmjs.org/supports-preserve-symlinks-flag/-/supports-preserve-symlinks-flag-1.0.0.tgz 0ms (cache hit)
3640 http cache es-errors@https://registry.npmjs.org/es-errors/-/es-errors-1.3.0.tgz 0ms (cache hit)
3641 http cache minizlib@https://registry.npmjs.org/minizlib/-/minizlib-3.1.0.tgz 0ms (cache hit)
3642 http cache is-core-module@https://registry.npmjs.org/is-core-module/-/is-core-module-2.16.2.tgz 0ms (cache hit)
3643 http cache path-parse@https://registry.npmjs.org/path-parse/-/path-parse-1.0.7.tgz 0ms (cache hit)
3644 http cache minimist@https://registry.npmjs.org/minimist/-/minimist-1.2.8.tgz 0ms (cache hit)
3645 http cache @isaacs/fs-minipass@https://registry.npmjs.org/@isaacs/fs-minipass/-/fs-minipass-4.0.1.tgz 0ms (cache hit)
3646 http cache ini@https://registry.npmjs.org/ini/-/ini-1.3.8.tgz 0ms (cache hit)
3647 http cache nested-error-stacks@https://registry.npmjs.org/nested-error-stacks/-/nested-error-stacks-2.0.1.tgz 0ms (cache hit)
3648 http cache strip-json-comments@https://registry.npmjs.org/strip-json-comments/-/strip-json-comments-2.0.1.tgz 0ms (cache hit)
3649 http cache sisteransi@https://registry.npmjs.org/sisteransi/-/sisteransi-1.0.5.tgz 0ms (cache hit)
3650 http cache deep-extend@https://registry.npmjs.org/deep-extend/-/deep-extend-0.6.0.tgz 0ms (cache hit)
3651 http cache kleur@https://registry.npmjs.org/kleur/-/kleur-3.0.3.tgz 0ms (cache hit)
3652 http cache pngjs@https://registry.npmjs.org/pngjs/-/pngjs-3.4.0.tgz 0ms (cache hit)
3653 http cache log-symbols@https://registry.npmjs.org/log-symbols/-/log-symbols-2.2.0.tgz 0ms (cache hit)
3654 http cache restore-cursor@https://registry.npmjs.org/restore-cursor/-/restore-cursor-2.0.0.tgz 0ms (cache hit)
3655 http cache wcwidth@https://registry.npmjs.org/wcwidth/-/wcwidth-1.0.1.tgz 0ms (cache hit)
3656 http cache cli-spinners@https://registry.npmjs.org/cli-spinners/-/cli-spinners-2.9.2.tgz 0ms (cache hit)
3657 http cache validate-npm-package-name@https://registry.npmjs.org/validate-npm-package-name/-/validate-npm-package-name-5.0.1.tgz 0ms (cache hit)
3658 http cache rc@https://registry.npmjs.org/rc/-/rc-1.2.8.tgz 0ms (cache hit)
3659 http cache hosted-git-info@https://registry.npmjs.org/hosted-git-info/-/hosted-git-info-7.0.2.tgz 0ms (cache hit)
3660 http cache vary@https://registry.npmjs.org/vary/-/vary-1.1.2.tgz 0ms (cache hit)
3661 http cache proc-log@https://registry.npmjs.org/proc-log/-/proc-log-4.2.0.tgz 0ms (cache hit)
3662 http cache on-headers@https://registry.npmjs.org/on-headers/-/on-headers-1.1.0.tgz 0ms (cache hit)
3663 http cache cli-cursor@https://registry.npmjs.org/cli-cursor/-/cli-cursor-2.1.0.tgz 0ms (cache hit)
3664 http cache safe-buffer@https://registry.npmjs.org/safe-buffer/-/safe-buffer-5.2.1.tgz 0ms (cache hit)
3665 http cache compressible@https://registry.npmjs.org/compressible/-/compressible-2.0.18.tgz 0ms (cache hit)
3666 http cache @babel/plugin-transform-modules-commonjs@https://registry.npmjs.org/@babel/plugin-transform-modules-commonjs/-/plugin-transform-modules-commonjs-7.29.7.tgz 0ms (cache hit)
3667 http cache jimp-compact@https://registry.npmjs.org/jimp-compact/-/jimp-compact-0.16.1.tgz 0ms (cache hit)
3668 http cache @expo/require-utils@https://registry.npmjs.org/@expo/require-utils/-/require-utils-55.0.6.tgz 0ms (cache hit)
3669 http cache wonka@https://registry.npmjs.org/wonka/-/wonka-6.3.6.tgz 0ms (cache hit)
3670 http cache @expo/sudo-prompt@https://registry.npmjs.org/@expo/sudo-prompt/-/sudo-prompt-9.3.2.tgz 0ms (cache hit)
3671 http cache dotenv-expand@https://registry.npmjs.org/dotenv-expand/-/dotenv-expand-11.0.7.tgz 0ms (cache hit)
3672 http cache dotenv@https://registry.npmjs.org/dotenv/-/dotenv-16.4.7.tgz 0ms (cache hit)
3673 http cache parse-png@https://registry.npmjs.org/parse-png/-/parse-png-2.1.0.tgz 0ms (cache hit)
3674 http cache tar@https://registry.npmjs.org/tar/-/tar-7.5.22.tgz 0ms (cache hit)
3675 http cache undici@https://registry.npmjs.org/undici/-/undici-6.28.0.tgz 0ms (cache hit)
3676 http cache resolve.exports@https://registry.npmjs.org/resolve.exports/-/resolve.exports-2.0.3.tgz 0ms (cache hit)
3677 http cache structured-headers@https://registry.npmjs.org/structured-headers/-/structured-headers-0.4.1.tgz 0ms (cache hit)
3678 http cache bytes@https://registry.npmjs.org/bytes/-/bytes-3.1.2.tgz 0ms (cache hit)
3679 http cache qrcode-terminal@https://registry.npmjs.org/qrcode-terminal/-/qrcode-terminal-0.11.0.tgz 0ms (cache hit)
3680 http cache requireg@https://registry.npmjs.org/requireg/-/requireg-0.2.2.tgz 0ms (cache hit)
3681 http cache prompts@https://registry.npmjs.org/prompts/-/prompts-2.4.2.tgz 0ms (cache hit)
3682 http cache terminal-link@https://registry.npmjs.org/terminal-link/-/terminal-link-2.1.1.tgz 0ms (cache hit)
3683 http cache pretty-bytes@https://registry.npmjs.org/pretty-bytes/-/pretty-bytes-5.6.0.tgz 0ms (cache hit)
3684 http cache resolve@https://registry.npmjs.org/resolve/-/resolve-1.22.12.tgz 0ms (cache hit)
3685 http cache progress@https://registry.npmjs.org/progress/-/progress-2.0.3.tgz 0ms (cache hit)
3686 http cache ora@https://registry.npmjs.org/ora/-/ora-3.4.0.tgz 0ms (cache hit)
3687 http cache env-editor@https://registry.npmjs.org/env-editor/-/env-editor-0.4.2.tgz 0ms (cache hit)
3688 http cache node-forge@https://registry.npmjs.org/node-forge/-/node-forge-1.4.0.tgz 0ms (cache hit)
3689 http cache expo-server@https://registry.npmjs.org/expo-server/-/expo-server-1.0.7.tgz 0ms (cache hit)
3690 http cache lan-network@https://registry.npmjs.org/lan-network/-/lan-network-0.2.1.tgz 0ms (cache hit)
3691 http cache npm-package-arg@https://registry.npmjs.org/npm-package-arg/-/npm-package-arg-11.0.3.tgz 0ms (cache hit)
3692 http cache compression@https://registry.npmjs.org/compression/-/compression-1.8.1.tgz 0ms (cache hit)
3693 http cache freeport-async@https://registry.npmjs.org/freeport-async/-/freeport-async-2.0.0.tgz 0ms (cache hit)
3694 http cache @expo/xcpretty@https://registry.npmjs.org/@expo/xcpretty/-/xcpretty-4.4.4.tgz 0ms (cache hit)
3695 http cache @urql/exchange-retry@https://registry.npmjs.org/@urql/exchange-retry/-/exchange-retry-1.3.2.tgz 0ms (cache hit)
3696 http cache @urql/core@https://registry.npmjs.org/@urql/core/-/core-5.2.0.tgz 0ms (cache hit)
3697 http cache better-opn@https://registry.npmjs.org/better-opn/-/better-opn-3.0.2.tgz 0ms (cache hit)
3698 http cache @expo/env@https://registry.npmjs.org/@expo/env/-/env-2.0.12.tgz 0ms (cache hit)
3699 http cache @expo/schema-utils@https://registry.npmjs.org/@expo/schema-utils/-/schema-utils-0.1.9.tgz 0ms (cache hit)
3700 http cache @expo/package-manager@https://registry.npmjs.org/@expo/package-manager/-/package-manager-1.13.1.tgz 0ms (cache hit)
3701 http cache @expo/image-utils@https://registry.npmjs.org/@expo/image-utils/-/image-utils-0.8.15.tgz 0ms (cache hit)
3702 http cache @expo/ws-tunnel@https://registry.npmjs.org/@expo/ws-tunnel/-/ws-tunnel-1.0.6.tgz 0ms (cache hit)
3703 http cache @expo/code-signing-certificates@https://registry.npmjs.org/@expo/code-signing-certificates/-/code-signing-certificates-0.0.6.tgz 0ms (cache hit)
3704 http cache @expo/devcert@https://registry.npmjs.org/@expo/devcert/-/devcert-1.2.1.tgz 0ms (cache hit)
3705 http cache concat-map@https://registry.npmjs.org/concat-map/-/concat-map-0.0.1.tgz 0ms (cache hit)
3706 http cache async-limiter@https://registry.npmjs.org/async-limiter/-/async-limiter-1.0.1.tgz 0ms (cache hit)
3707 http cache wrappy@https://registry.npmjs.org/wrappy/-/wrappy-1.0.2.tgz 0ms (cache hit)
3708 http cache path-is-absolute@https://registry.npmjs.org/path-is-absolute/-/path-is-absolute-1.0.1.tgz 0ms (cache hit)
3709 http cache inflight@https://registry.npmjs.org/inflight/-/inflight-1.0.6.tgz 0ms (cache hit)
3710 http cache fs.realpath@https://registry.npmjs.org/fs.realpath/-/fs.realpath-1.0.0.tgz 0ms (cache hit)
3711 http cache once@https://registry.npmjs.org/once/-/once-1.4.0.tgz 0ms (cache hit)
3712 http cache @expo/osascript@https://registry.npmjs.org/@expo/osascript/-/osascript-2.7.1.tgz 0ms (cache hit)
3713 http cache is-fullwidth-code-point@https://registry.npmjs.org/is-fullwidth-code-point/-/is-fullwidth-code-point-3.0.0.tgz 0ms (cache hit)
3714 http cache strip-ansi@https://registry.npmjs.org/strip-ansi/-/strip-ansi-6.0.1.tgz 0ms (cache hit)
3715 http cache @0no-co/graphql.web@https://registry.npmjs.org/@0no-co/graphql.web/-/graphql.web-1.3.3.tgz 0ms (cache hit)
3716 http cache string-width@https://registry.npmjs.org/string-width/-/string-width-4.2.3.tgz 0ms (cache hit)
3717 http cache y18n@https://registry.npmjs.org/y18n/-/y18n-5.0.8.tgz 0ms (cache hit)
3718 http cache wrap-ansi@https://registry.npmjs.org/wrap-ansi/-/wrap-ansi-7.0.0.tgz 0ms (cache hit)
3719 http cache yargs-parser@https://registry.npmjs.org/yargs-parser/-/yargs-parser-21.1.1.tgz 0ms (cache hit)
3720 http cache require-directory@https://registry.npmjs.org/require-directory/-/require-directory-2.1.1.tgz 0ms (cache hit)
3721 http cache emoji-regex@https://registry.npmjs.org/emoji-regex/-/emoji-regex-8.0.0.tgz 0ms (cache hit)
3722 http cache cliui@https://registry.npmjs.org/cliui/-/cliui-8.0.1.tgz 0ms (cache hit)
3723 http cache sax@https://registry.npmjs.org/sax/-/sax-1.6.1.tgz 1ms (cache hit)
3724 http cache get-caller-file@https://registry.npmjs.org/get-caller-file/-/get-caller-file-2.0.5.tgz 0ms (cache hit)
3725 http cache stream-buffers@https://registry.npmjs.org/stream-buffers/-/stream-buffers-2.2.0.tgz 0ms (cache hit)
3726 http cache big-integer@https://registry.npmjs.org/big-integer/-/big-integer-1.6.52.tgz 0ms (cache hit)
3727 http cache bplist-parser@https://registry.npmjs.org/bplist-parser/-/bplist-parser-0.3.1.tgz 0ms (cache hit)
3728 http cache plist@https://registry.npmjs.org/plist/-/plist-3.1.1.tgz 0ms (cache hit)
3729 http cache bplist-creator@https://registry.npmjs.org/bplist-creator/-/bplist-creator-0.1.0.tgz 0ms (cache hit)
3730 http cache simple-plist@https://registry.npmjs.org/simple-plist/-/simple-plist-1.3.1.tgz 0ms (cache hit)
3731 http cache uuid@https://registry.npmjs.org/uuid/-/uuid-7.0.3.tgz 0ms (cache hit)
3732 http cache isexe@https://registry.npmjs.org/isexe/-/isexe-2.0.0.tgz 0ms (cache hit)
3733 http cache imurmurhash@https://registry.npmjs.org/imurmurhash/-/imurmurhash-0.1.4.tgz 0ms (cache hit)
3734 http cache signal-exit@https://registry.npmjs.org/signal-exit/-/signal-exit-3.0.7.tgz 0ms (cache hit)
3735 http cache webidl-conversions@https://registry.npmjs.org/webidl-conversions/-/webidl-conversions-5.0.0.tgz 0ms (cache hit)
3736 http cache ieee754@https://registry.npmjs.org/ieee754/-/ieee754-1.2.1.tgz 0ms (cache hit)
3737 http cache punycode@https://registry.npmjs.org/punycode/-/punycode-2.3.1.tgz 0ms (cache hit)
3738 http cache buffer@https://registry.npmjs.org/buffer/-/buffer-5.7.1.tgz 0ms (cache hit)
3739 http cache makeerror@https://registry.npmjs.org/makeerror/-/makeerror-1.0.12.tgz 0ms (cache hit)
3740 http cache is-number@https://registry.npmjs.org/is-number/-/is-number-7.0.0.tgz 0ms (cache hit)
3741 http cache escalade@https://registry.npmjs.org/escalade/-/escalade-3.2.0.tgz 0ms (cache hit)
3742 http cache thenify@https://registry.npmjs.org/thenify/-/thenify-3.3.1.tgz 0ms (cache hit)
3743 http cache tmpl@https://registry.npmjs.org/tmpl/-/tmpl-1.0.5.tgz 0ms (cache hit)
3744 http cache buffer-from@https://registry.npmjs.org/buffer-from/-/buffer-from-1.1.2.tgz 0ms (cache hit)
3745 http cache source-map-support@https://registry.npmjs.org/source-map-support/-/source-map-support-0.5.21.tgz 0ms (cache hit)
3746 http cache @jridgewell/source-map@https://registry.npmjs.org/@jridgewell/source-map/-/source-map-0.3.11.tgz 0ms (cache hit)
3747 http cache acorn@https://registry.npmjs.org/acorn/-/acorn-8.18.0.tgz 0ms (cache hit)
3748 http cache thenify-all@https://registry.npmjs.org/thenify-all/-/thenify-all-1.6.0.tgz 0ms (cache hit)
3749 http cache object-assign@https://registry.npmjs.org/object-assign/-/object-assign-4.1.1.tgz 0ms (cache hit)
3750 http cache any-promise@https://registry.npmjs.org/any-promise/-/any-promise-1.3.0.tgz 0ms (cache hit)
3751 http cache tinyglobby@https://registry.npmjs.org/tinyglobby/-/tinyglobby-0.2.17.tgz 0ms (cache hit)
3752 http cache mz@https://registry.npmjs.org/mz/-/mz-2.7.0.tgz 0ms (cache hit)
3753 http cache lines-and-columns@https://registry.npmjs.org/lines-and-columns/-/lines-and-columns-1.2.4.tgz 0ms (cache hit)
3754 http cache type-fest@https://registry.npmjs.org/type-fest/-/type-fest-0.7.1.tgz 0ms (cache hit)
3755 http cache toidentifier@https://registry.npmjs.org/toidentifier/-/toidentifier-1.0.1.tgz 0ms (cache hit)
3756 http cache setprototypeof@https://registry.npmjs.org/setprototypeof/-/setprototypeof-1.2.0.tgz 0ms (cache hit)
3757 http cache has-flag@https://registry.npmjs.org/has-flag/-/has-flag-3.0.0.tgz 0ms (cache hit)
3758 http cache shebang-regex@https://registry.npmjs.org/shebang-regex/-/shebang-regex-3.0.0.tgz 0ms (cache hit)
3759 http cache range-parser@https://registry.npmjs.org/range-parser/-/range-parser-1.2.1.tgz 0ms (cache hit)
3760 http cache http-errors@https://registry.npmjs.org/http-errors/-/http-errors-2.0.1.tgz 0ms (cache hit)
3761 http cache is-arrayish@https://registry.npmjs.org/is-arrayish/-/is-arrayish-0.3.4.tgz 0ms (cache hit)
3762 http cache fresh@https://registry.npmjs.org/fresh/-/fresh-0.5.2.tgz 0ms (cache hit)
3763 http cache mime@https://registry.npmjs.org/mime/-/mime-1.6.0.tgz 0ms (cache hit)
3764 http cache ts-interface-checker@https://registry.npmjs.org/ts-interface-checker/-/ts-interface-checker-0.1.13.tgz 0ms (cache hit)
3765 http cache etag@https://registry.npmjs.org/etag/-/etag-1.8.1.tgz 0ms (cache hit)
3766 http cache destroy@https://registry.npmjs.org/destroy/-/destroy-1.2.0.tgz 0ms (cache hit)
3767 http cache send@https://registry.npmjs.org/send/-/send-0.19.2.tgz 0ms (cache hit)
3768 http cache shell-quote@https://registry.npmjs.org/shell-quote/-/shell-quote-1.10.0.tgz 0ms (cache hit)
3769 http cache react-freeze@https://registry.npmjs.org/react-freeze/-/react-freeze-1.0.4.tgz 0ms (cache hit)
3770 http cache depd@https://registry.npmjs.org/depd/-/depd-2.0.0.tgz 0ms (cache hit)
3771 http cache asap@https://registry.npmjs.org/asap/-/asap-2.0.6.tgz 0ms (cache hit)
3772 http cache marky@https://registry.npmjs.org/marky/-/marky-1.3.0.tgz 0ms (cache hit)
3773 http cache p-locate@https://registry.npmjs.org/p-locate/-/p-locate-4.1.0.tgz 0ms (cache hit)
3774 http cache esprima@https://registry.npmjs.org/esprima/-/esprima-4.0.1.tgz 0ms (cache hit)
3775 http cache sprintf-js@https://registry.npmjs.org/sprintf-js/-/sprintf-js-1.0.3.tgz 0ms (cache hit)
3776 http cache argparse@https://registry.npmjs.org/argparse/-/argparse-1.0.10.tgz 0ms (cache hit)
3777 http cache stack-utils@https://registry.npmjs.org/stack-utils/-/stack-utils-2.0.6.tgz 0ms (cache hit)
3778 http cache fsevents@https://registry.npmjs.org/fsevents/-/fsevents-2.3.3.tgz 0ms (cache hit)
3779 http cache normalize-path@https://registry.npmjs.org/normalize-path/-/normalize-path-3.0.0.tgz 0ms (cache hit)
3780 http cache @types/stack-utils@https://registry.npmjs.org/@types/stack-utils/-/stack-utils-2.0.3.tgz 0ms (cache hit)
3781 http cache anymatch@https://registry.npmjs.org/anymatch/-/anymatch-3.1.3.tgz 0ms (cache hit)
3782 http cache jest-message-util@https://registry.npmjs.org/jest-message-util/-/jest-message-util-29.7.0.tgz 0ms (cache hit)
3783 http cache @types/graceful-fs@https://registry.npmjs.org/@types/graceful-fs/-/graceful-fs-4.1.9.tgz 0ms (cache hit)
3784 http cache type-detect@https://registry.npmjs.org/type-detect/-/type-detect-4.0.8.tgz 0ms (cache hit)
3785 http cache jest-mock@https://registry.npmjs.org/jest-mock/-/jest-mock-29.7.0.tgz 0ms (cache hit)
3786 http cache @sinonjs/fake-timers@https://registry.npmjs.org/@sinonjs/fake-timers/-/fake-timers-10.3.0.tgz 0ms (cache hit)
3787 http cache @jest/environment@https://registry.npmjs.org/@jest/environment/-/environment-29.7.0.tgz 0ms (cache hit)
3788 http cache @jest/fake-timers@https://registry.npmjs.org/@jest/fake-timers/-/fake-timers-29.7.0.tgz 0ms (cache hit)
3789 http cache @sinonjs/commons@https://registry.npmjs.org/@sinonjs/commons/-/commons-3.0.1.tgz 0ms (cache hit)
3790 http cache istanbul-lib-coverage@https://registry.npmjs.org/istanbul-lib-coverage/-/istanbul-lib-coverage-3.2.2.tgz 0ms (cache hit)
3791 http cache path-exists@https://registry.npmjs.org/path-exists/-/path-exists-4.0.0.tgz 0ms (cache hit)
3792 http cache locate-path@https://registry.npmjs.org/locate-path/-/locate-path-5.0.0.tgz 0ms (cache hit)
3793 http cache is-docker@https://registry.npmjs.org/is-docker/-/is-docker-2.2.1.tgz 0ms (cache hit)
3794 http cache is-wsl@https://registry.npmjs.org/is-wsl/-/is-wsl-2.2.0.tgz 0ms (cache hit)
3795 http cache lighthouse-logger@https://registry.npmjs.org/lighthouse-logger/-/lighthouse-logger-1.4.2.tgz 0ms (cache hit)
3796 http cache @babel/plugin-syntax-top-level-await@https://registry.npmjs.org/@babel/plugin-syntax-top-level-await/-/plugin-syntax-top-level-await-7.14.5.tgz 0ms (cache hit)
3797 http cache rimraf@https://registry.npmjs.org/rimraf/-/rimraf-3.0.2.tgz 0ms (cache hit)
3798 http cache @babel/plugin-syntax-optional-catch-binding@https://registry.npmjs.org/@babel/plugin-syntax-optional-catch-binding/-/plugin-syntax-optional-catch-binding-7.8.3.tgz 0ms (cache hit)
3799 http cache mkdirp@https://registry.npmjs.org/mkdirp/-/mkdirp-1.0.4.tgz 0ms (cache hit)
3800 http cache @babel/plugin-syntax-private-property-in-object@https://registry.npmjs.org/@babel/plugin-syntax-private-property-in-object/-/plugin-syntax-private-property-in-object-7.14.5.tgz 0ms (cache hit)
3801 http cache @babel/plugin-syntax-object-rest-spread@https://registry.npmjs.org/@babel/plugin-syntax-object-rest-spread/-/plugin-syntax-object-rest-spread-7.8.3.tgz 0ms (cache hit)
3802 http cache @babel/plugin-syntax-optional-chaining@https://registry.npmjs.org/@babel/plugin-syntax-optional-chaining/-/plugin-syntax-optional-chaining-7.8.3.tgz 0ms (cache hit)
3803 http cache @babel/plugin-syntax-json-strings@https://registry.npmjs.org/@babel/plugin-syntax-json-strings/-/plugin-syntax-json-strings-7.8.3.tgz 0ms (cache hit)
3804 http cache @babel/plugin-syntax-nullish-coalescing-operator@https://registry.npmjs.org/@babel/plugin-syntax-nullish-coalescing-operator/-/plugin-syntax-nullish-coalescing-operator-7.8.3.tgz 0ms (cache hit)
3805 http cache @babel/plugin-syntax-import-meta@https://registry.npmjs.org/@babel/plugin-syntax-import-meta/-/plugin-syntax-import-meta-7.10.4.tgz 0ms (cache hit)
3806 http cache @babel/plugin-syntax-numeric-separator@https://registry.npmjs.org/@babel/plugin-syntax-numeric-separator/-/plugin-syntax-numeric-separator-7.10.4.tgz 0ms (cache hit)
3807 http cache @babel/plugin-syntax-logical-assignment-operators@https://registry.npmjs.org/@babel/plugin-syntax-logical-assignment-operators/-/plugin-syntax-logical-assignment-operators-7.10.4.tgz 0ms (cache hit)
3808 http cache @babel/plugin-syntax-class-properties@https://registry.npmjs.org/@babel/plugin-syntax-class-properties/-/plugin-syntax-class-properties-7.12.13.tgz 0ms (cache hit)
3809 http cache @babel/plugin-syntax-class-static-block@https://registry.npmjs.org/@babel/plugin-syntax-class-static-block/-/plugin-syntax-class-static-block-7.14.5.tgz 0ms (cache hit)
3810 http cache @babel/plugin-syntax-bigint@https://registry.npmjs.org/@babel/plugin-syntax-bigint/-/plugin-syntax-bigint-7.8.3.tgz 0ms (cache hit)
3811 http cache @babel/plugin-syntax-import-attributes@https://registry.npmjs.org/@babel/plugin-syntax-import-attributes/-/plugin-syntax-import-attributes-7.29.7.tgz 0ms (cache hit)
3812 http cache @babel/plugin-syntax-async-generators@https://registry.npmjs.org/@babel/plugin-syntax-async-generators/-/plugin-syntax-async-generators-7.8.4.tgz 0ms (cache hit)
3813 http cache babel-preset-current-node-syntax@https://registry.npmjs.org/babel-preset-current-node-syntax/-/babel-preset-current-node-syntax-1.2.0.tgz 0ms (cache hit)
3814 http cache js-yaml@https://registry.npmjs.org/js-yaml/-/js-yaml-3.15.1.tgz 0ms (cache hit)
3815 http cache babel-plugin-jest-hoist@https://registry.npmjs.org/babel-plugin-jest-hoist/-/babel-plugin-jest-hoist-29.6.3.tgz 0ms (cache hit)
3816 http cache get-package-type@https://registry.npmjs.org/get-package-type/-/get-package-type-0.1.0.tgz 0ms (cache hit)
3817 http cache find-up@https://registry.npmjs.org/find-up/-/find-up-4.1.0.tgz 0ms (cache hit)
3818 http cache test-exclude@https://registry.npmjs.org/test-exclude/-/test-exclude-6.0.0.tgz 0ms (cache hit)
3819 http cache @istanbuljs/schema@https://registry.npmjs.org/@istanbuljs/schema/-/schema-0.1.6.tgz 0ms (cache hit)
3820 http cache istanbul-lib-instrument@https://registry.npmjs.org/istanbul-lib-instrument/-/istanbul-lib-instrument-5.2.1.tgz 0ms (cache hit)
3821 http cache @types/babel__traverse@https://registry.npmjs.org/@types/babel__traverse/-/babel__traverse-7.28.0.tgz 0ms (cache hit)
3822 http cache @babel/helper-plugin-utils@https://registry.npmjs.org/@babel/helper-plugin-utils/-/helper-plugin-utils-7.29.7.tgz 0ms (cache hit)
3823 http cache @types/babel__template@https://registry.npmjs.org/@types/babel__template/-/babel__template-7.4.4.tgz 0ms (cache hit)
3824 http cache @types/babel__generator@https://registry.npmjs.org/@types/babel__generator/-/babel__generator-7.27.0.tgz 0ms (cache hit)
3825 http cache write-file-atomic@https://registry.npmjs.org/write-file-atomic/-/write-file-atomic-4.0.2.tgz 0ms (cache hit)
3826 http cache pirates@https://registry.npmjs.org/pirates/-/pirates-4.0.7.tgz 0ms (cache hit)
3827 http cache jest-regex-util@https://registry.npmjs.org/jest-regex-util/-/jest-regex-util-29.6.3.tgz 0ms (cache hit)
3828 http cache @istanbuljs/load-nyc-config@https://registry.npmjs.org/@istanbuljs/load-nyc-config/-/load-nyc-config-1.1.0.tgz 0ms (cache hit)
3829 http cache jest-haste-map@https://registry.npmjs.org/jest-haste-map/-/jest-haste-map-29.7.0.tgz 0ms (cache hit)
3830 http cache fast-json-stable-stringify@https://registry.npmjs.org/fast-json-stable-stringify/-/fast-json-stable-stringify-2.1.0.tgz 0ms (cache hit)
3831 http cache babel-preset-jest@https://registry.npmjs.org/babel-preset-jest/-/babel-preset-jest-29.6.3.tgz 0ms (cache hit)
3832 http cache @types/babel__core@https://registry.npmjs.org/@types/babel__core/-/babel__core-7.20.5.tgz 0ms (cache hit)
3833 http cache @jest/transform@https://registry.npmjs.org/@jest/transform/-/transform-29.7.0.tgz 0ms (cache hit)
3834 http cache babel-plugin-istanbul@https://registry.npmjs.org/babel-plugin-istanbul/-/babel-plugin-istanbul-6.1.1.tgz 0ms (cache hit)
3835 http cache serve-static@https://registry.npmjs.org/serve-static/-/serve-static-1.16.3.tgz 0ms (cache hit)
3836 http cache open@https://registry.npmjs.org/open/-/open-7.4.2.tgz 0ms (cache hit)
3837 http cache chromium-edge-launcher@https://registry.npmjs.org/chromium-edge-launcher/-/chromium-edge-launcher-0.2.0.tgz 0ms (cache hit)
3838 http cache chrome-launcher@https://registry.npmjs.org/chrome-launcher/-/chrome-launcher-0.15.2.tgz 0ms (cache hit)
3839 http cache @react-native/debugger-frontend@https://registry.npmjs.org/@react-native/debugger-frontend/-/debugger-frontend-0.81.5.tgz 0ms (cache hit)
3840 http cache @react-native/dev-middleware@https://registry.npmjs.org/@react-native/dev-middleware/-/dev-middleware-0.81.5.tgz 0ms (cache hit)
3841 http cache event-target-shim@https://registry.npmjs.org/event-target-shim/-/event-target-shim-5.0.1.tgz 0ms (cache hit)
3842 http cache whatwg-fetch@https://registry.npmjs.org/whatwg-fetch/-/whatwg-fetch-3.6.20.tgz 0ms (cache hit)
3843 http cache scheduler@https://registry.npmjs.org/scheduler/-/scheduler-0.26.0.tgz 0ms (cache hit)
3844 http cache @isaacs/ttlcache@https://registry.npmjs.org/@isaacs/ttlcache/-/ttlcache-1.4.1.tgz 0ms (cache hit)
3845 http cache regenerator-runtime@https://registry.npmjs.org/regenerator-runtime/-/regenerator-runtime-0.13.11.tgz 0ms (cache hit)
3846 http cache react-devtools-core@https://registry.npmjs.org/react-devtools-core/-/react-devtools-core-6.1.5.tgz 0ms (cache hit)
3847 http cache promise@https://registry.npmjs.org/promise/-/promise-8.3.0.tgz 0ms (cache hit)
3848 http cache stacktrace-parser@https://registry.npmjs.org/stacktrace-parser/-/stacktrace-parser-0.1.11.tgz 0ms (cache hit)
3849 http cache memoize-one@https://registry.npmjs.org/memoize-one/-/memoize-one-5.2.1.tgz 0ms (cache hit)
3850 http cache babel-plugin-syntax-hermes-parser@https://registry.npmjs.org/babel-plugin-syntax-hermes-parser/-/babel-plugin-syntax-hermes-parser-0.29.1.tgz 0ms (cache hit)
3851 http cache babel-jest@https://registry.npmjs.org/babel-jest/-/babel-jest-29.7.0.tgz 0ms (cache hit)
3852 http cache jest-environment-node@https://registry.npmjs.org/jest-environment-node/-/jest-environment-node-29.7.0.tgz 0ms (cache hit)
3853 http cache ansi-regex@https://registry.npmjs.org/ansi-regex/-/ansi-regex-5.0.1.tgz 0ms (cache hit)
3854 http cache anser@https://registry.npmjs.org/anser/-/anser-1.4.10.tgz 0ms (cache hit)
3855 http cache abort-controller@https://registry.npmjs.org/abort-controller/-/abort-controller-3.0.0.tgz 0ms (cache hit)
3856 http cache @react-native/js-polyfills@https://registry.npmjs.org/@react-native/js-polyfills/-/js-polyfills-0.81.5.tgz 0ms (cache hit)
3857 http cache @react-native/gradle-plugin@https://registry.npmjs.org/@react-native/gradle-plugin/-/gradle-plugin-0.81.5.tgz 0ms (cache hit)
3858 http cache @react-native/codegen@https://registry.npmjs.org/@react-native/codegen/-/codegen-0.81.5.tgz 0ms (cache hit)
3859 http cache @jest/create-cache-key-function@https://registry.npmjs.org/@jest/create-cache-key-function/-/create-cache-key-function-29.7.0.tgz 0ms (cache hit)
3860 http cache @react-native/assets-registry@https://registry.npmjs.org/@react-native/assets-registry/-/assets-registry-0.81.5.tgz 0ms (cache hit)
3861 http cache @react-native/community-cli-plugin@https://registry.npmjs.org/@react-native/community-cli-plugin/-/community-cli-plugin-0.81.5.tgz 0ms (cache hit)
3862 http cache @react-native/normalize-colors@https://registry.npmjs.org/@react-native/normalize-colors/-/normalize-colors-0.81.5.tgz 0ms (cache hit)
3863 http cache void-elements@https://registry.npmjs.org/void-elements/-/void-elements-3.1.0.tgz 0ms (cache hit)
3864 http cache inherits@https://registry.npmjs.org/inherits/-/inherits-2.0.4.tgz 0ms (cache hit)
3865 http cache html-parse-stringify@https://registry.npmjs.org/html-parse-stringify/-/html-parse-stringify-3.1.0.tgz 0ms (cache hit)
3866 http cache split-on-first@https://registry.npmjs.org/split-on-first/-/split-on-first-1.1.0.tgz 0ms (cache hit)
3867 http cache strict-uri-encode@https://registry.npmjs.org/strict-uri-encode/-/strict-uri-encode-2.0.0.tgz 0ms (cache hit)
3868 http cache filter-obj@https://registry.npmjs.org/filter-obj/-/filter-obj-1.1.0.tgz 0ms (cache hit)
3869 http cache yocto-queue@https://registry.npmjs.org/yocto-queue/-/yocto-queue-0.1.0.tgz 0ms (cache hit)
3870 http cache balanced-match@https://registry.npmjs.org/balanced-match/-/balanced-match-4.0.4.tgz 0ms (cache hit)
3871 http cache ee-first@https://registry.npmjs.org/ee-first/-/ee-first-1.1.1.tgz 0ms (cache hit)
3872 http cache decode-uri-component@https://registry.npmjs.org/decode-uri-component/-/decode-uri-component-0.2.2.tgz 0ms (cache hit)
3873 http cache brace-expansion@https://registry.npmjs.org/brace-expansion/-/brace-expansion-5.0.9.tgz 0ms (cache hit)
3874 http cache mime-db@https://registry.npmjs.org/mime-db/-/mime-db-1.52.0.tgz 0ms (cache hit)
3875 http cache to-regex-range@https://registry.npmjs.org/to-regex-range/-/to-regex-range-5.0.1.tgz 0ms (cache hit)
3876 http cache fill-range@https://registry.npmjs.org/fill-range/-/fill-range-7.1.1.tgz 0ms (cache hit)
3877 http cache braces@https://registry.npmjs.org/braces/-/braces-3.0.3.tgz 0ms (cache hit)
3878 http cache vlq@https://registry.npmjs.org/vlq/-/vlq-1.0.1.tgz 0ms (cache hit)
3879 http cache ob1@https://registry.npmjs.org/ob1/-/ob1-0.83.3.tgz 0ms (cache hit)
3880 http cache @babel/traverse--for-generate-function-map@https://registry.npmjs.org/@babel/traverse/-/traverse-7.29.8.tgz 0ms (cache hit)
3881 http cache terser@https://registry.npmjs.org/terser/-/terser-5.49.2.tgz 0ms (cache hit)
3882 http cache node-int64@https://registry.npmjs.org/node-int64/-/node-int64-0.4.0.tgz 0ms (cache hit)
3883 http cache walker@https://registry.npmjs.org/walker/-/walker-1.0.8.tgz 0ms (cache hit)
3884 http cache micromatch@https://registry.npmjs.org/micromatch/-/micromatch-4.0.8.tgz 0ms (cache hit)
3885 http cache bser@https://registry.npmjs.org/bser/-/bser-2.1.1.tgz 0ms (cache hit)
3886 http cache fb-watchman@https://registry.npmjs.org/fb-watchman/-/fb-watchman-2.0.2.tgz 0ms (cache hit)
3887 http cache jest-get-type@https://registry.npmjs.org/jest-get-type/-/jest-get-type-29.6.3.tgz 0ms (cache hit)
3888 http cache leven@https://registry.npmjs.org/leven/-/leven-3.1.0.tgz 0ms (cache hit)
3889 http cache camelcase@https://registry.npmjs.org/camelcase/-/camelcase-6.3.0.tgz 0ms (cache hit)
3890 http cache jest-validate@https://registry.npmjs.org/jest-validate/-/jest-validate-29.7.0.tgz 0ms (cache hit)
3891 http cache yaml@https://registry.npmjs.org/yaml/-/yaml-2.9.0.tgz 0ms (cache hit)
3892 http cache yallist@https://registry.npmjs.org/yallist/-/yallist-3.1.1.tgz 0ms (cache hit)
3893 http cache https-proxy-agent@https://registry.npmjs.org/https-proxy-agent/-/https-proxy-agent-7.0.6.tgz 0ms (cache hit)
3894 http cache exponential-backoff@https://registry.npmjs.org/exponential-backoff/-/exponential-backoff-3.1.3.tgz 0ms (cache hit)
3895 http cache @types/istanbul-lib-report@https://registry.npmjs.org/@types/istanbul-lib-report/-/istanbul-lib-report-3.0.3.tgz 0ms (cache hit)
3896 http cache @types/yargs-parser@https://registry.npmjs.org/@types/yargs-parser/-/yargs-parser-21.0.3.tgz 0ms (cache hit)
3897 http cache @sinclair/typebox@https://registry.npmjs.org/@sinclair/typebox/-/typebox-0.27.12.tgz 0ms (cache hit)
3898 http cache agent-base@https://registry.npmjs.org/agent-base/-/agent-base-7.1.4.tgz 0ms (cache hit)
3899 http cache @types/yargs@https://registry.npmjs.org/@types/yargs/-/yargs-17.0.35.tgz 0ms (cache hit)
3900 http cache @types/istanbul-reports@https://registry.npmjs.org/@types/istanbul-reports/-/istanbul-reports-3.0.4.tgz 0ms (cache hit)
3901 http cache @jest/schemas@https://registry.npmjs.org/@jest/schemas/-/schemas-29.6.3.tgz 0ms (cache hit)
3902 http cache @types/istanbul-lib-coverage@https://registry.npmjs.org/@types/istanbul-lib-coverage/-/istanbul-lib-coverage-2.0.6.tgz 0ms (cache hit)
3903 http cache undici-types@https://registry.npmjs.org/undici-types/-/undici-types-8.3.0.tgz 0ms (cache hit)
3904 http cache @jest/types@https://registry.npmjs.org/@jest/types/-/types-29.6.3.tgz 0ms (cache hit)
3905 http cache jest-util@https://registry.npmjs.org/jest-util/-/jest-util-29.7.0.tgz 0ms (cache hit)
3906 http cache merge-stream@https://registry.npmjs.org/merge-stream/-/merge-stream-2.0.0.tgz 0ms (cache hit)
3907 http cache picomatch@https://registry.npmjs.org/picomatch/-/picomatch-2.3.2.tgz 0ms (cache hit)
3908 http cache hermes-estree@https://registry.npmjs.org/hermes-estree/-/hermes-estree-0.32.0.tgz 0ms (cache hit)
3909 http cache queue@https://registry.npmjs.org/queue/-/queue-6.0.2.tgz 0ms (cache hit)
3910 http cache unpipe@https://registry.npmjs.org/unpipe/-/unpipe-1.0.0.tgz 0ms (cache hit)
3911 http cache escape-html@https://registry.npmjs.org/escape-html/-/escape-html-1.0.3.tgz 0ms (cache hit)
3912 http cache on-finished@https://registry.npmjs.org/on-finished/-/on-finished-2.3.0.tgz 0ms (cache hit)
3913 http cache statuses@https://registry.npmjs.org/statuses/-/statuses-1.5.0.tgz 0ms (cache hit)
3914 http cache encodeurl@https://registry.npmjs.org/encodeurl/-/encodeurl-1.0.2.tgz 0ms (cache hit)
3915 http cache @types/node@https://registry.npmjs.org/@types/node/-/node-26.2.0.tgz 0ms (cache hit)
3916 http cache stackframe@https://registry.npmjs.org/stackframe/-/stackframe-1.3.4.tgz 0ms (cache hit)
3917 http cache finalhandler@https://registry.npmjs.org/finalhandler/-/finalhandler-1.1.2.tgz 0ms (cache hit)
3918 http cache parseurl@https://registry.npmjs.org/parseurl/-/parseurl-1.3.3.tgz 0ms (cache hit)
3919 http cache utils-merge@https://registry.npmjs.org/utils-merge/-/utils-merge-1.0.1.tgz 0ms (cache hit)
3920 http cache update-browserslist-db@https://registry.npmjs.org/update-browserslist-db/-/update-browserslist-db-1.3.1.tgz 0ms (cache hit)
3921 http cache electron-to-chromium@https://registry.npmjs.org/electron-to-chromium/-/electron-to-chromium-1.5.404.tgz 0ms (cache hit)
3922 http cache caniuse-lite@https://registry.npmjs.org/caniuse-lite/-/caniuse-lite-1.0.30001809.tgz 0ms (cache hit)
3923 http cache node-releases@https://registry.npmjs.org/node-releases/-/node-releases-2.0.53.tgz 0ms (cache hit)
3924 http cache baseline-browser-mapping@https://registry.npmjs.org/baseline-browser-mapping/-/baseline-browser-mapping-2.11.13.tgz 0ms (cache hit)
3925 http cache negotiator@https://registry.npmjs.org/negotiator/-/negotiator-0.6.3.tgz 0ms (cache hit)
3926 http cache @jridgewell/resolve-uri@https://registry.npmjs.org/@jridgewell/resolve-uri/-/resolve-uri-3.1.2.tgz 0ms (cache hit)
3927 http cache @jridgewell/sourcemap-codec@https://registry.npmjs.org/@jridgewell/sourcemap-codec/-/sourcemap-codec-1.5.5.tgz 0ms (cache hit)
3928 http cache @babel/helper-string-parser@https://registry.npmjs.org/@babel/helper-string-parser/-/helper-string-parser-7.29.7.tgz 0ms (cache hit)
3929 http cache lru-cache@https://registry.npmjs.org/lru-cache/-/lru-cache-5.1.1.tgz 0ms (cache hit)
3930 http cache @babel/helper-globals@https://registry.npmjs.org/@babel/helper-globals/-/helper-globals-7.29.7.tgz 0ms (cache hit)
3931 http cache browserslist@https://registry.npmjs.org/browserslist/-/browserslist-4.28.8.tgz 0ms (cache hit)
3932 http cache @babel/helper-validator-option@https://registry.npmjs.org/@babel/helper-validator-option/-/helper-validator-option-7.29.7.tgz 0ms (cache hit)
3933 http cache jsesc@https://registry.npmjs.org/jsesc/-/jsesc-3.1.0.tgz 0ms (cache hit)
3934 http cache @babel/compat-data@https://registry.npmjs.org/@babel/compat-data/-/compat-data-7.29.7.tgz 0ms (cache hit)
3935 http cache gensync@https://registry.npmjs.org/gensync/-/gensync-1.0.0-beta.2.tgz 0ms (cache hit)
3936 http cache @jridgewell/trace-mapping@https://registry.npmjs.org/@jridgewell/trace-mapping/-/trace-mapping-0.3.31.tgz 0ms (cache hit)
3937 http cache convert-source-map@https://registry.npmjs.org/convert-source-map/-/convert-source-map-2.0.0.tgz 0ms (cache hit)
3938 http cache @jridgewell/gen-mapping@https://registry.npmjs.org/@jridgewell/gen-mapping/-/gen-mapping-0.3.13.tgz 0ms (cache hit)
3939 http cache @jridgewell/remapping@https://registry.npmjs.org/@jridgewell/remapping/-/remapping-2.3.5.tgz 0ms (cache hit)
3940 http cache @babel/helpers@https://registry.npmjs.org/@babel/helpers/-/helpers-7.29.7.tgz 0ms (cache hit)
3941 http cache yargs@https://registry.npmjs.org/yargs/-/yargs-17.7.3.tgz 0ms (cache hit)
3942 http cache @babel/helper-compilation-targets@https://registry.npmjs.org/@babel/helper-compilation-targets/-/helper-compilation-targets-7.29.7.tgz 0ms (cache hit)
3943 http cache ws@https://registry.npmjs.org/ws/-/ws-7.5.13.tgz 0ms (cache hit)
3944 http cache @babel/helper-module-transforms@https://registry.npmjs.org/@babel/helper-module-transforms/-/helper-module-transforms-7.29.7.tgz 0ms (cache hit)
3945 http cache serialize-error@https://registry.npmjs.org/serialize-error/-/serialize-error-2.1.0.tgz 0ms (cache hit)
3946 http cache throat@https://registry.npmjs.org/throat/-/throat-5.0.0.tgz 0ms (cache hit)
3947 http cache nullthrows@https://registry.npmjs.org/nullthrows/-/nullthrows-1.1.1.tgz 0ms (cache hit)
3948 http cache source-map@https://registry.npmjs.org/source-map/-/source-map-0.5.7.tgz 0ms (cache hit)
3949 http cache mime-types@https://registry.npmjs.org/mime-types/-/mime-types-2.1.35.tgz 0ms (cache hit)
3950 http cache lodash.throttle@https://registry.npmjs.org/lodash.throttle/-/lodash.throttle-4.1.1.tgz 0ms (cache hit)
3951 http cache jsc-safe-url@https://registry.npmjs.org/jsc-safe-url/-/jsc-safe-url-0.2.4.tgz 0ms (cache hit)
3952 http cache jest-worker@https://registry.npmjs.org/jest-worker/-/jest-worker-29.7.0.tgz 0ms (cache hit)
3953 http cache image-size@https://registry.npmjs.org/image-size/-/image-size-1.2.1.tgz 0ms (cache hit)
3954 http cache graceful-fs@https://registry.npmjs.org/graceful-fs/-/graceful-fs-4.2.11.tgz 0ms (cache hit)
3955 http cache error-stack-parser@https://registry.npmjs.org/error-stack-parser/-/error-stack-parser-2.1.4.tgz 0ms (cache hit)
3956 http cache flow-enums-runtime@https://registry.npmjs.org/flow-enums-runtime/-/flow-enums-runtime-0.0.6.tgz 0ms (cache hit)
3957 http cache connect@https://registry.npmjs.org/connect/-/connect-3.7.0.tgz 0ms (cache hit)
3958 http cache @babel/helper-module-imports@https://registry.npmjs.org/@babel/helper-module-imports/-/helper-module-imports-7.29.7.tgz 0ms (cache hit)
3959 http cache hermes-parser@https://registry.npmjs.org/hermes-parser/-/hermes-parser-0.32.0.tgz 0ms (cache hit)
3960 http cache @babel/traverse@https://registry.npmjs.org/@babel/traverse/-/traverse-7.29.8.tgz 0ms (cache hit)
3961 http cache @babel/types@https://registry.npmjs.org/@babel/types/-/types-7.29.8.tgz 0ms (cache hit)
3962 http cache @babel/template@https://registry.npmjs.org/@babel/template/-/template-7.29.7.tgz 0ms (cache hit)
3963 http cache @babel/parser@https://registry.npmjs.org/@babel/parser/-/parser-7.29.8.tgz 0ms (cache hit)
3964 http cache @babel/generator@https://registry.npmjs.org/@babel/generator/-/generator-7.29.8.tgz 0ms (cache hit)
3965 http cache @babel/core@https://registry.npmjs.org/@babel/core/-/core-7.29.7.tgz 0ms (cache hit)
3966 http cache accepts@https://registry.npmjs.org/accepts/-/accepts-1.3.8.tgz 0ms (cache hit)
3967 http cache is-plain-obj@https://registry.npmjs.org/is-plain-obj/-/is-plain-obj-2.1.0.tgz 0ms (cache hit)
3968 http cache loose-envify@https://registry.npmjs.org/loose-envify/-/loose-envify-1.4.0.tgz 0ms (cache hit)
3969 http cache path-scurry@https://registry.npmjs.org/path-scurry/-/path-scurry-2.0.2.tgz 0ms (cache hit)
3970 http cache minipass@https://registry.npmjs.org/minipass/-/minipass-7.1.3.tgz 0ms (cache hit)
3971 http cache react-native-is-edge-to-edge@https://registry.npmjs.org/react-native-is-edge-to-edge/-/react-native-is-edge-to-edge-1.3.1.tgz 0ms (cache hit)
3972 http cache invariant@https://registry.npmjs.org/invariant/-/invariant-2.2.4.tgz 0ms (cache hit)
3973 http cache commander@https://registry.npmjs.org/commander/-/commander-7.2.0.tgz 0ms (cache hit)
3974 http cache fontfaceobserver@https://registry.npmjs.org/fontfaceobserver/-/fontfaceobserver-2.3.0.tgz 0ms (cache hit)
3975 http cache ms@https://registry.npmjs.org/ms/-/ms-2.1.3.tgz 0ms (cache hit)
3976 http cache shebang-command@https://registry.npmjs.org/shebang-command/-/shebang-command-2.0.0.tgz 0ms (cache hit)
3977 http cache ci-info@https://registry.npmjs.org/ci-info/-/ci-info-2.0.0.tgz 0ms (cache hit)
3978 http cache path-key@https://registry.npmjs.org/path-key/-/path-key-3.1.1.tgz 0ms (cache hit)
3979 http cache ansi-styles@https://registry.npmjs.org/ansi-styles/-/ansi-styles-3.2.1.tgz 0ms (cache hit)
3980 http cache xmlbuilder@https://registry.npmjs.org/xmlbuilder/-/xmlbuilder-15.1.1.tgz 0ms (cache hit)
3981 http cache cross-spawn@https://registry.npmjs.org/cross-spawn/-/cross-spawn-7.0.6.tgz 0ms (cache hit)
3982 http cache which@https://registry.npmjs.org/which/-/which-2.0.2.tgz 0ms (cache hit)
3983 http cache base64-js@https://registry.npmjs.org/base64-js/-/base64-js-1.5.1.tgz 0ms (cache hit)
3984 http cache supports-color@https://registry.npmjs.org/supports-color/-/supports-color-5.5.0.tgz 0ms (cache hit)
3985 http cache @xmldom/xmldom@https://registry.npmjs.org/@xmldom/xmldom/-/xmldom-0.8.13.tgz 0ms (cache hit)
3986 http cache metro-transform-plugins@https://registry.npmjs.org/metro-transform-plugins/-/metro-transform-plugins-0.83.3.tgz 0ms (cache hit)
3987 http cache metro-transform-worker@https://registry.npmjs.org/metro-transform-worker/-/metro-transform-worker-0.83.3.tgz 0ms (cache hit)
3988 http cache metro-symbolicate@https://registry.npmjs.org/metro-symbolicate/-/metro-symbolicate-0.83.3.tgz 0ms (cache hit)
3989 http cache metro-source-map@https://registry.npmjs.org/metro-source-map/-/metro-source-map-0.83.3.tgz 0ms (cache hit)
3990 http cache metro-minify-terser@https://registry.npmjs.org/metro-minify-terser/-/metro-minify-terser-0.83.3.tgz 0ms (cache hit)
3991 http cache metro-resolver@https://registry.npmjs.org/metro-resolver/-/metro-resolver-0.83.3.tgz 0ms (cache hit)
3992 http cache metro-file-map@https://registry.npmjs.org/metro-file-map/-/metro-file-map-0.83.3.tgz 0ms (cache hit)
3993 http cache metro-core@https://registry.npmjs.org/metro-core/-/metro-core-0.83.3.tgz 0ms (cache hit)
3994 http cache metro-config@https://registry.npmjs.org/metro-config/-/metro-config-0.83.3.tgz 0ms (cache hit)
3995 http cache metro-cache-key@https://registry.npmjs.org/metro-cache-key/-/metro-cache-key-0.83.3.tgz 0ms (cache hit)
3996 http cache metro-runtime@https://registry.npmjs.org/metro-runtime/-/metro-runtime-0.83.3.tgz 0ms (cache hit)
3997 http cache metro-cache@https://registry.npmjs.org/metro-cache/-/metro-cache-0.83.3.tgz 0ms (cache hit)
3998 http cache metro-babel-transformer@https://registry.npmjs.org/metro-babel-transformer/-/metro-babel-transformer-0.83.3.tgz 0ms (cache hit)
3999 http cache metro@https://registry.npmjs.org/metro/-/metro-0.83.3.tgz 0ms (cache hit)
4000 http cache json5@https://registry.npmjs.org/json5/-/json5-2.2.3.tgz 0ms (cache hit)
4001 http cache p-limit@https://registry.npmjs.org/p-limit/-/p-limit-3.1.0.tgz 0ms (cache hit)
4002 http cache minimatch@https://registry.npmjs.org/minimatch/-/minimatch-10.2.6.tgz 0ms (cache hit)
4003 http cache ignore@https://registry.npmjs.org/ignore/-/ignore-5.3.2.tgz 0ms (cache hit)
4004 http cache xml2js@https://registry.npmjs.org/xml2js/-/xml2js-0.6.0.tgz 0ms (cache hit)
4005 http cache @expo/spawn-async@https://registry.npmjs.org/@expo/spawn-async/-/spawn-async-1.8.0.tgz 0ms (cache hit)
4006 http cache arg@https://registry.npmjs.org/arg/-/arg-5.0.2.tgz 0ms (cache hit)
4007 http cache slash@https://registry.npmjs.org/slash/-/slash-3.0.0.tgz 0ms (cache hit)
4008 http cache xcode@https://registry.npmjs.org/xcode/-/xcode-3.0.1.tgz 0ms (cache hit)
4009 http cache debug@https://registry.npmjs.org/debug/-/debug-4.4.3.tgz 0ms (cache hit)
4010 http cache @expo/sdk-runtime-versions@https://registry.npmjs.org/@expo/sdk-runtime-versions/-/sdk-runtime-versions-1.0.0.tgz 0ms (cache hit)
4011 http cache @expo/plist@https://registry.npmjs.org/@expo/plist/-/plist-0.4.9.tgz 0ms (cache hit)
4012 http cache picocolors@https://registry.npmjs.org/picocolors/-/picocolors-1.1.1.tgz 0ms (cache hit)
4013 http cache chalk@https://registry.npmjs.org/chalk/-/chalk-2.4.2.tgz 0ms (cache hit)
4014 http cache js-tokens@https://registry.npmjs.org/js-tokens/-/js-tokens-4.0.0.tgz 0ms (cache hit)
4015 http cache @babel/helper-validator-identifier@https://registry.npmjs.org/@babel/helper-validator-identifier/-/helper-validator-identifier-7.29.7.tgz 0ms (cache hit)
4016 http cache @babel/highlight@https://registry.npmjs.org/@babel/highlight/-/highlight-7.25.9.tgz 0ms (cache hit)
4017 http cache sucrase@https://registry.npmjs.org/sucrase/-/sucrase-3.35.1.tgz 0ms (cache hit)
4018 http cache slugify@https://registry.npmjs.org/slugify/-/slugify-1.6.9.tgz 0ms (cache hit)
4019 http cache semver@https://registry.npmjs.org/semver/-/semver-7.8.5.tgz 0ms (cache hit)
4020 http cache resolve-workspace-root@https://registry.npmjs.org/resolve-workspace-root/-/resolve-workspace-root-2.0.1.tgz 0ms (cache hit)
4021 http cache resolve-from@https://registry.npmjs.org/resolve-from/-/resolve-from-5.0.0.tgz 0ms (cache hit)
4022 http cache glob@https://registry.npmjs.org/glob/-/glob-13.0.6.tgz 0ms (cache hit)
4023 http cache getenv@https://registry.npmjs.org/getenv/-/getenv-2.0.0.tgz 0ms (cache hit)
4024 http cache deepmerge@https://registry.npmjs.org/deepmerge/-/deepmerge-4.3.1.tgz 0ms (cache hit)
4025 http cache require-from-string@https://registry.npmjs.org/require-from-string/-/require-from-string-2.0.2.tgz 0ms (cache hit)
4026 http cache @expo/json-file@https://registry.npmjs.org/@expo/json-file/-/json-file-10.2.0.tgz 0ms (cache hit)
4027 http cache @expo/config-types@https://registry.npmjs.org/@expo/config-types/-/config-types-54.0.10.tgz 0ms (cache hit)
4028 http cache @babel/code-frame@https://registry.npmjs.org/@babel/code-frame/-/code-frame-7.10.4.tgz 0ms (cache hit)
4029 http cache whatwg-url-without-unicode@https://registry.npmjs.org/whatwg-url-without-unicode/-/whatwg-url-without-unicode-8.0.0-3.tgz 0ms (cache hit)
4030 http cache pretty-format@https://registry.npmjs.org/pretty-format/-/pretty-format-29.7.0.tgz 0ms (cache hit)
4031 http cache react-refresh@https://registry.npmjs.org/react-refresh/-/react-refresh-0.14.2.tgz 0ms (cache hit)
4032 http cache expo-modules-core@https://registry.npmjs.org/expo-modules-core/-/expo-modules-core-3.0.30.tgz 0ms (cache hit)
4033 http cache expo-modules-autolinking@https://registry.npmjs.org/expo-modules-autolinking/-/expo-modules-autolinking-3.0.26.tgz 0ms (cache hit)
4034 http cache @ungap/structured-clone@https://registry.npmjs.org/@ungap/structured-clone/-/structured-clone-1.3.3.tgz 0ms (cache hit)
4035 http cache @expo/metro@https://registry.npmjs.org/@expo/metro/-/metro-54.2.0.tgz 0ms (cache hit)
4036 http cache @expo/fingerprint@https://registry.npmjs.org/@expo/fingerprint/-/fingerprint-0.15.5.tgz 0ms (cache hit)
4037 http cache @expo/devtools@https://registry.npmjs.org/@expo/devtools/-/devtools-0.1.8.tgz 0ms (cache hit)
4038 http cache @expo/config-plugins@https://registry.npmjs.org/@expo/config-plugins/-/config-plugins-54.0.5.tgz 0ms (cache hit)
4039 http cache @expo/config@https://registry.npmjs.org/@expo/config/-/config-12.0.14.tgz 0ms (cache hit)
4040 http cache @babel/runtime@https://registry.npmjs.org/@babel/runtime/-/runtime-7.29.7.tgz 0ms (cache hit)
4041 http cache simple-swizzle@https://registry.npmjs.org/simple-swizzle/-/simple-swizzle-0.2.4.tgz 0ms (cache hit)
4042 http cache color-string@https://registry.npmjs.org/color-string/-/color-string-1.9.1.tgz 0ms (cache hit)
4043 http cache color-name@https://registry.npmjs.org/color-name/-/color-name-1.1.4.tgz 0ms (cache hit)
4044 http cache csstype@https://registry.npmjs.org/csstype/-/csstype-3.2.3.tgz 0ms (cache hit)
4045 http cache warn-once@https://registry.npmjs.org/warn-once/-/warn-once-0.1.1.tgz 0ms (cache hit)
4046 http cache color@https://registry.npmjs.org/color/-/color-4.2.3.tgz 0ms (cache hit)
4047 http cache color-convert@https://registry.npmjs.org/color-convert/-/color-convert-2.0.1.tgz 0ms (cache hit)
4048 http cache sf-symbols-typescript@https://registry.npmjs.org/sf-symbols-typescript/-/sf-symbols-typescript-2.2.0.tgz 0ms (cache hit)
4049 http cache @react-navigation/elements@https://registry.npmjs.org/@react-navigation/elements/-/elements-2.9.38.tgz 0ms (cache hit)
4050 http cache use-sync-external-store@https://registry.npmjs.org/use-sync-external-store/-/use-sync-external-store-1.6.0.tgz 0ms (cache hit)
4051 http cache react-is@https://registry.npmjs.org/react-is/-/react-is-19.2.8.tgz 0ms (cache hit)
4052 http cache query-string@https://registry.npmjs.org/query-string/-/query-string-7.1.3.tgz 0ms (cache hit)
4053 http cache @react-navigation/routers@https://registry.npmjs.org/@react-navigation/routers/-/routers-7.6.4.tgz 0ms (cache hit)
4054 http cache use-latest-callback@https://registry.npmjs.org/use-latest-callback/-/use-latest-callback-0.2.6.tgz 0ms (cache hit)
4055 http cache standard-navigation@https://registry.npmjs.org/standard-navigation/-/standard-navigation-0.0.8.tgz 0ms (cache hit)
4056 http cache nanoid@https://registry.npmjs.org/nanoid/-/nanoid-3.3.18.tgz 0ms (cache hit)
4057 http cache fast-deep-equal@https://registry.npmjs.org/fast-deep-equal/-/fast-deep-equal-3.1.3.tgz 0ms (cache hit)
4058 http cache escape-string-regexp@https://registry.npmjs.org/escape-string-regexp/-/escape-string-regexp-4.0.0.tgz 0ms (cache hit)
4059 http cache @react-navigation/core@https://registry.npmjs.org/@react-navigation/core/-/core-7.21.12.tgz 0ms (cache hit)
4060 http cache merge-options@https://registry.npmjs.org/merge-options/-/merge-options-3.0.4.tgz 0ms (cache hit)
4061 http cache typescript@https://registry.npmjs.org/typescript/-/typescript-5.9.3.tgz 0ms (cache hit)
4062 http cache react-i18next@https://registry.npmjs.org/react-i18next/-/react-i18next-16.6.6.tgz 0ms (cache hit)
4063 http cache i18next@https://registry.npmjs.org/i18next/-/i18next-25.10.10.tgz 0ms (cache hit)
4064 http cache expo-status-bar@https://registry.npmjs.org/expo-status-bar/-/expo-status-bar-3.0.9.tgz 0ms (cache hit)
4065 http cache expo@https://registry.npmjs.org/expo/-/expo-54.0.36.tgz 0ms (cache hit)
4066 http cache expo-font@https://registry.npmjs.org/expo-font/-/expo-font-14.0.12.tgz 0ms (cache hit)
4067 http cache @types/react@https://registry.npmjs.org/@types/react/-/react-19.1.17.tgz 0ms (cache hit)
4068 http cache react-native-safe-area-context@https://registry.npmjs.org/react-native-safe-area-context/-/react-native-safe-area-context-5.6.2.tgz 0ms (cache hit)
4069 http cache react-native-screens@https://registry.npmjs.org/react-native-screens/-/react-native-screens-4.16.0.tgz 0ms (cache hit)
4070 http cache @react-navigation/native@https://registry.npmjs.org/@react-navigation/native/-/native-7.3.16.tgz 0ms (cache hit)
4071 http cache @react-navigation/native-stack@https://registry.npmjs.org/@react-navigation/native-stack/-/native-stack-7.18.8.tgz 0ms (cache hit)
4072 http cache react@https://registry.npmjs.org/react/-/react-19.1.0.tgz 0ms (cache hit)
4073 http cache react-native@https://registry.npmjs.org/react-native/-/react-native-0.81.5.tgz 0ms (cache hit)
4074 http cache @react-native-async-storage/async-storage@https://registry.npmjs.org/@react-native-async-storage/async-storage/-/async-storage-2.2.0.tgz 0ms (cache hit)
4075 http cache @expo-google-fonts/noto-sans-telugu@https://registry.npmjs.org/@expo-google-fonts/noto-sans-telugu/-/noto-sans-telugu-0.2.3.tgz 0ms (cache hit)
4076 http cache semver@https://registry.npmjs.org/semver/-/semver-6.3.1.tgz 0ms (cache hit)
4077 http cache semver@https://registry.npmjs.org/semver/-/semver-6.3.1.tgz 0ms (cache hit)
4078 http cache semver@https://registry.npmjs.org/semver/-/semver-6.3.1.tgz 0ms (cache hit)
4079 http cache semver@https://registry.npmjs.org/semver/-/semver-6.3.1.tgz 0ms (cache hit)
4080 http cache supports-color@https://registry.npmjs.org/supports-color/-/supports-color-7.2.0.tgz 0ms (cache hit)
4081 http cache type-fest@https://registry.npmjs.org/type-fest/-/type-fest-0.21.3.tgz 0ms (cache hit)
4082 http cache has-flag@https://registry.npmjs.org/has-flag/-/has-flag-4.0.0.tgz 0ms (cache hit)
4083 http cache lru-cache@https://registry.npmjs.org/lru-cache/-/lru-cache-10.4.3.tgz 0ms (cache hit)
4084 http cache yallist@https://registry.npmjs.org/yallist/-/yallist-5.0.0.tgz 0ms (cache hit)
4085 http cache resolve@https://registry.npmjs.org/resolve/-/resolve-1.7.1.tgz 0ms (cache hit)
4086 http cache strip-ansi@https://registry.npmjs.org/strip-ansi/-/strip-ansi-5.2.0.tgz 0ms (cache hit)
4087 http cache @babel/code-frame@https://registry.npmjs.org/@babel/code-frame/-/code-frame-7.29.7.tgz 0ms (cache hit)
4088 http cache ansi-regex@https://registry.npmjs.org/ansi-regex/-/ansi-regex-4.1.1.tgz 0ms (cache hit)
4089 http cache debug@https://registry.npmjs.org/debug/-/debug-2.6.9.tgz 0ms (cache hit)
4090 http cache ms@https://registry.npmjs.org/ms/-/ms-2.0.0.tgz 0ms (cache hit)
4091 http cache negotiator@https://registry.npmjs.org/negotiator/-/negotiator-0.6.4.tgz 0ms (cache hit)
4092 http cache open@https://registry.npmjs.org/open/-/open-8.4.2.tgz 0ms (cache hit)
4093 http cache has-flag@https://registry.npmjs.org/has-flag/-/has-flag-4.0.0.tgz 0ms (cache hit)
4094 http cache supports-color@https://registry.npmjs.org/supports-color/-/supports-color-7.2.0.tgz 0ms (cache hit)
4095 http cache js-yaml@https://registry.npmjs.org/js-yaml/-/js-yaml-4.3.1.tgz 0ms (cache hit)
4096 http cache ansi-styles@https://registry.npmjs.org/ansi-styles/-/ansi-styles-4.3.0.tgz 0ms (cache hit)
4097 http cache chalk@https://registry.npmjs.org/chalk/-/chalk-4.1.2.tgz 0ms (cache hit)
4098 http cache @babel/code-frame@https://registry.npmjs.org/@babel/code-frame/-/code-frame-7.29.7.tgz 0ms (cache hit)
4099 http cache ansi-styles@https://registry.npmjs.org/ansi-styles/-/ansi-styles-4.3.0.tgz 0ms (cache hit)
4100 http cache has-flag@https://registry.npmjs.org/has-flag/-/has-flag-4.0.0.tgz 0ms (cache hit)
4101 http cache supports-color@https://registry.npmjs.org/supports-color/-/supports-color-7.2.0.tgz 0ms (cache hit)
4102 http cache @babel/code-frame@https://registry.npmjs.org/@babel/code-frame/-/code-frame-7.29.7.tgz 0ms (cache hit)
4103 http cache @expo/json-file@https://registry.npmjs.org/@expo/json-file/-/json-file-11.0.1.tgz 0ms (cache hit)
4104 http cache has-flag@https://registry.npmjs.org/has-flag/-/has-flag-4.0.0.tgz 0ms (cache hit)
4105 http cache argparse@https://registry.npmjs.org/argparse/-/argparse-2.0.1.tgz 0ms (cache hit)
4106 http cache chalk@https://registry.npmjs.org/chalk/-/chalk-4.1.2.tgz 0ms (cache hit)
4107 http cache supports-color@https://registry.npmjs.org/supports-color/-/supports-color-7.2.0.tgz 0ms (cache hit)
4108 http cache ansi-styles@https://registry.npmjs.org/ansi-styles/-/ansi-styles-4.3.0.tgz 0ms (cache hit)
4109 http cache supports-color@https://registry.npmjs.org/supports-color/-/supports-color-7.2.0.tgz 0ms (cache hit)
4110 http cache has-flag@https://registry.npmjs.org/has-flag/-/has-flag-4.0.0.tgz 0ms (cache hit)
4111 http cache chalk@https://registry.npmjs.org/chalk/-/chalk-4.1.2.tgz 0ms (cache hit)
4112 http cache ansi-styles@https://registry.npmjs.org/ansi-styles/-/ansi-styles-4.3.0.tgz 0ms (cache hit)
4113 http cache debug@https://registry.npmjs.org/debug/-/debug-3.2.7.tgz 0ms (cache hit)
4114 http cache chalk@https://registry.npmjs.org/chalk/-/chalk-4.1.2.tgz 0ms (cache hit)
4115 http cache @xmldom/xmldom@https://registry.npmjs.org/@xmldom/xmldom/-/xmldom-0.9.10.tgz 0ms (cache hit)
4116 http cache picomatch@https://registry.npmjs.org/picomatch/-/picomatch-4.0.5.tgz 0ms (cache hit)
4117 http cache source-map@https://registry.npmjs.org/source-map/-/source-map-0.6.1.tgz 0ms (cache hit)
4118 http cache fdir@https://registry.npmjs.org/fdir/-/fdir-6.5.0.tgz 0ms (cache hit)
4119 http cache statuses@https://registry.npmjs.org/statuses/-/statuses-2.0.2.tgz 0ms (cache hit)
4120 http cache statuses@https://registry.npmjs.org/statuses/-/statuses-2.0.2.tgz 0ms (cache hit)
4121 http cache on-finished@https://registry.npmjs.org/on-finished/-/on-finished-2.4.1.tgz 0ms (cache hit)
4122 http cache encodeurl@https://registry.npmjs.org/encodeurl/-/encodeurl-2.0.0.tgz 0ms (cache hit)
4123 http cache debug@https://registry.npmjs.org/debug/-/debug-2.6.9.tgz 0ms (cache hit)
4124 http cache ms@https://registry.npmjs.org/ms/-/ms-2.0.0.tgz 0ms (cache hit)
4125 http cache p-limit@https://registry.npmjs.org/p-limit/-/p-limit-2.3.0.tgz 0ms (cache hit)
4126 http cache ansi-styles@https://registry.npmjs.org/ansi-styles/-/ansi-styles-4.3.0.tgz 0ms (cache hit)
4127 http cache has-flag@https://registry.npmjs.org/has-flag/-/has-flag-4.0.0.tgz 0ms (cache hit)
4128 http cache chalk@https://registry.npmjs.org/chalk/-/chalk-4.1.2.tgz 0ms (cache hit)
4129 http cache @babel/code-frame@https://registry.npmjs.org/@babel/code-frame/-/code-frame-7.29.7.tgz 0ms (cache hit)
4130 http cache supports-color@https://registry.npmjs.org/supports-color/-/supports-color-7.2.0.tgz 0ms (cache hit)
4131 http cache brace-expansion@https://registry.npmjs.org/brace-expansion/-/brace-expansion-1.1.18.tgz 0ms (cache hit)
4132 http cache glob@https://registry.npmjs.org/glob/-/glob-7.2.3.tgz 0ms (cache hit)
4133 http cache minimatch@https://registry.npmjs.org/minimatch/-/minimatch-3.1.5.tgz 0ms (cache hit)
4134 http cache ms@https://registry.npmjs.org/ms/-/ms-2.0.0.tgz 0ms (cache hit)
4135 http cache debug@https://registry.npmjs.org/debug/-/debug-2.6.9.tgz 0ms (cache hit)
4136 http cache escape-string-regexp@https://registry.npmjs.org/escape-string-regexp/-/escape-string-regexp-2.0.0.tgz 0ms (cache hit)
4137 http cache balanced-match@https://registry.npmjs.org/balanced-match/-/balanced-match-1.0.2.tgz 0ms (cache hit)
4138 http cache semver@https://registry.npmjs.org/semver/-/semver-6.3.1.tgz 0ms (cache hit)
4139 http cache camelcase@https://registry.npmjs.org/camelcase/-/camelcase-5.3.1.tgz 0ms (cache hit)
4140 http cache minimatch@https://registry.npmjs.org/minimatch/-/minimatch-3.1.5.tgz 0ms (cache hit)
4141 http cache glob@https://registry.npmjs.org/glob/-/glob-7.2.3.tgz 0ms (cache hit)
4142 http cache brace-expansion@https://registry.npmjs.org/brace-expansion/-/brace-expansion-1.1.18.tgz 0ms (cache hit)
4143 http cache has-flag@https://registry.npmjs.org/has-flag/-/has-flag-4.0.0.tgz 0ms (cache hit)
4144 http cache ansi-styles@https://registry.npmjs.org/ansi-styles/-/ansi-styles-4.3.0.tgz 0ms (cache hit)
4145 http cache supports-color@https://registry.npmjs.org/supports-color/-/supports-color-7.2.0.tgz 0ms (cache hit)
4146 http cache chalk@https://registry.npmjs.org/chalk/-/chalk-4.1.2.tgz 0ms (cache hit)
4147 http cache encodeurl@https://registry.npmjs.org/encodeurl/-/encodeurl-2.0.0.tgz 0ms (cache hit)
4148 http cache ws@https://registry.npmjs.org/ws/-/ws-6.2.6.tgz 0ms (cache hit)
4149 http cache hermes-estree@https://registry.npmjs.org/hermes-estree/-/hermes-estree-0.29.1.tgz 0ms (cache hit)
4150 http cache hermes-parser@https://registry.npmjs.org/hermes-parser/-/hermes-parser-0.29.1.tgz 0ms (cache hit)
4151 http cache has-flag@https://registry.npmjs.org/has-flag/-/has-flag-4.0.0.tgz 0ms (cache hit)
4152 http cache ansi-styles@https://registry.npmjs.org/ansi-styles/-/ansi-styles-4.3.0.tgz 0ms (cache hit)
4153 http cache supports-color@https://registry.npmjs.org/supports-color/-/supports-color-7.2.0.tgz 0ms (cache hit)
4154 http cache chalk@https://registry.npmjs.org/chalk/-/chalk-4.1.2.tgz 0ms (cache hit)
4155 http cache balanced-match@https://registry.npmjs.org/balanced-match/-/balanced-match-1.0.2.tgz 0ms (cache hit)
4156 http cache ansi-styles@https://registry.npmjs.org/ansi-styles/-/ansi-styles-4.3.0.tgz 0ms (cache hit)
4157 http cache balanced-match@https://registry.npmjs.org/balanced-match/-/balanced-match-1.0.2.tgz 0ms (cache hit)
4158 http cache hermes-parser@https://registry.npmjs.org/hermes-parser/-/hermes-parser-0.29.1.tgz 0ms (cache hit)
4159 http cache minimatch@https://registry.npmjs.org/minimatch/-/minimatch-3.1.5.tgz 0ms (cache hit)
4160 http cache glob@https://registry.npmjs.org/glob/-/glob-7.2.3.tgz 0ms (cache hit)
4161 http cache @babel/code-frame@https://registry.npmjs.org/@babel/code-frame/-/code-frame-7.29.7.tgz 0ms (cache hit)
4162 http cache hermes-estree@https://registry.npmjs.org/hermes-estree/-/hermes-estree-0.29.1.tgz 0ms (cache hit)
4163 http cache commander@https://registry.npmjs.org/commander/-/commander-2.20.3.tgz 0ms (cache hit)
4164 http cache has-flag@https://registry.npmjs.org/has-flag/-/has-flag-4.0.0.tgz 0ms (cache hit)
4165 http cache ansi-styles@https://registry.npmjs.org/ansi-styles/-/ansi-styles-4.3.0.tgz 0ms (cache hit)
4166 http cache supports-color@https://registry.npmjs.org/supports-color/-/supports-color-7.2.0.tgz 0ms (cache hit)
4167 http cache chalk@https://registry.npmjs.org/chalk/-/chalk-4.1.2.tgz 0ms (cache hit)
4168 http cache has-flag@https://registry.npmjs.org/has-flag/-/has-flag-4.0.0.tgz 0ms (cache hit)
4169 http cache ansi-styles@https://registry.npmjs.org/ansi-styles/-/ansi-styles-4.3.0.tgz 0ms (cache hit)
4170 http cache supports-color@https://registry.npmjs.org/supports-color/-/supports-color-7.2.0.tgz 0ms (cache hit)
4171 http cache chalk@https://registry.npmjs.org/chalk/-/chalk-4.1.2.tgz 0ms (cache hit)
4172 http cache supports-color@https://registry.npmjs.org/supports-color/-/supports-color-7.2.0.tgz 0ms (cache hit)
4173 http cache ansi-styles@https://registry.npmjs.org/ansi-styles/-/ansi-styles-4.3.0.tgz 0ms (cache hit)
4174 http cache has-flag@https://registry.npmjs.org/has-flag/-/has-flag-4.0.0.tgz 0ms (cache hit)
4175 http cache ci-info@https://registry.npmjs.org/ci-info/-/ci-info-3.9.0.tgz 0ms (cache hit)
4176 http cache ms@https://registry.npmjs.org/ms/-/ms-2.0.0.tgz 0ms (cache hit)
4177 http cache debug@https://registry.npmjs.org/debug/-/debug-2.6.9.tgz 0ms (cache hit)
4178 http cache chalk@https://registry.npmjs.org/chalk/-/chalk-4.1.2.tgz 0ms (cache hit)
4179 http cache semver@https://registry.npmjs.org/semver/-/semver-6.3.1.tgz 0ms (cache hit)
4180 http cache debug@https://registry.npmjs.org/debug/-/debug-2.6.9.tgz 0ms (cache hit)
4181 http cache brace-expansion@https://registry.npmjs.org/brace-expansion/-/brace-expansion-1.1.18.tgz 0ms (cache hit)
4182 http cache ms@https://registry.npmjs.org/ms/-/ms-2.0.0.tgz 0ms (cache hit)
4183 http cache has-flag@https://registry.npmjs.org/has-flag/-/has-flag-4.0.0.tgz 0ms (cache hit)
4184 http cache @babel/code-frame@https://registry.npmjs.org/@babel/code-frame/-/code-frame-7.29.7.tgz 0ms (cache hit)
4185 http cache @babel/code-frame@https://registry.npmjs.org/@babel/code-frame/-/code-frame-7.29.7.tgz 0ms (cache hit)
4186 http cache supports-color@https://registry.npmjs.org/supports-color/-/supports-color-8.1.1.tgz 0ms (cache hit)
4187 http cache @babel/code-frame@https://registry.npmjs.org/@babel/code-frame/-/code-frame-7.29.7.tgz 0ms (cache hit)
4188 http cache color-convert@https://registry.npmjs.org/color-convert/-/color-convert-1.9.3.tgz 0ms (cache hit)
4189 http cache lru-cache@https://registry.npmjs.org/lru-cache/-/lru-cache-11.5.2.tgz 0ms (cache hit)
4190 http cache semver@https://registry.npmjs.org/semver/-/semver-6.3.1.tgz 0ms (cache hit)
4191 http cache supports-color@https://registry.npmjs.org/supports-color/-/supports-color-7.2.0.tgz 0ms (cache hit)
4192 http cache color-name@https://registry.npmjs.org/color-name/-/color-name-1.1.3.tgz 0ms (cache hit)
4193 http cache ansi-styles@https://registry.npmjs.org/ansi-styles/-/ansi-styles-4.3.0.tgz 0ms (cache hit)
4194 http cache @babel/code-frame@https://registry.npmjs.org/@babel/code-frame/-/code-frame-7.29.7.tgz 0ms (cache hit)
4195 http cache chalk@https://registry.npmjs.org/chalk/-/chalk-4.1.2.tgz 0ms (cache hit)
4196 http cache escape-string-regexp@https://registry.npmjs.org/escape-string-regexp/-/escape-string-regexp-1.0.5.tgz 0ms (cache hit)
4197 http cache has-flag@https://registry.npmjs.org/has-flag/-/has-flag-4.0.0.tgz 0ms (cache hit)
4198 http cache xmlbuilder@https://registry.npmjs.org/xmlbuilder/-/xmlbuilder-11.0.1.tgz 0ms (cache hit)
4199 http cache @babel/code-frame@https://registry.npmjs.org/@babel/code-frame/-/code-frame-7.29.7.tgz 0ms (cache hit)
4200 http cache react-is@https://registry.npmjs.org/react-is/-/react-is-18.3.1.tgz 0ms (cache hit)
4201 http cache ansi-styles@https://registry.npmjs.org/ansi-styles/-/ansi-styles-5.2.0.tgz 0ms (cache hit)
4202 http cache commander@https://registry.npmjs.org/commander/-/commander-4.1.1.tgz 0ms (cache hit)
4203 http cache supports-color@https://registry.npmjs.org/supports-color/-/supports-color-7.2.0.tgz 0ms (cache hit)
4204 http cache chalk@https://registry.npmjs.org/chalk/-/chalk-4.1.2.tgz 0ms (cache hit)
4205 http cache ansi-styles@https://registry.npmjs.org/ansi-styles/-/ansi-styles-4.3.0.tgz 0ms (cache hit)
4206 http cache has-flag@https://registry.npmjs.org/has-flag/-/has-flag-4.0.0.tgz 0ms (cache hit)
4207 http cache chalk@https://registry.npmjs.org/chalk/-/chalk-4.1.2.tgz 0ms (cache hit)
4208 http cache supports-color@https://registry.npmjs.org/supports-color/-/supports-color-7.2.0.tgz 0ms (cache hit)
4209 http cache has-flag@https://registry.npmjs.org/has-flag/-/has-flag-4.0.0.tgz 0ms (cache hit)
4210 http cache ansi-styles@https://registry.npmjs.org/ansi-styles/-/ansi-styles-4.3.0.tgz 0ms (cache hit)
4211 http cache ansi-styles@https://registry.npmjs.org/ansi-styles/-/ansi-styles-4.3.0.tgz 0ms (cache hit)
4212 http cache has-flag@https://registry.npmjs.org/has-flag/-/has-flag-4.0.0.tgz 0ms (cache hit)
4213 http cache has-flag@https://registry.npmjs.org/has-flag/-/has-flag-4.0.0.tgz 0ms (cache hit)
4214 http cache supports-color@https://registry.npmjs.org/supports-color/-/supports-color-7.2.0.tgz 0ms (cache hit)
4215 http cache chalk@https://registry.npmjs.org/chalk/-/chalk-4.1.2.tgz 0ms (cache hit)
4216 http cache chalk@https://registry.npmjs.org/chalk/-/chalk-4.1.2.tgz 0ms (cache hit)
4217 http cache supports-color@https://registry.npmjs.org/supports-color/-/supports-color-7.2.0.tgz 0ms (cache hit)
4218 http cache ansi-styles@https://registry.npmjs.org/ansi-styles/-/ansi-styles-4.3.0.tgz 0ms (cache hit)
4219 http cache has-flag@https://registry.npmjs.org/has-flag/-/has-flag-4.0.0.tgz 0ms (cache hit)
4220 http cache @expo/json-file@https://registry.npmjs.org/@expo/json-file/-/json-file-10.0.16.tgz 0ms (cache hit)
4221 http cache hermes-parser@https://registry.npmjs.org/hermes-parser/-/hermes-parser-0.29.1.tgz 0ms (cache hit)
4222 http cache balanced-match@https://registry.npmjs.org/balanced-match/-/balanced-match-1.0.2.tgz 0ms (cache hit)
4223 http cache ansi-styles@https://registry.npmjs.org/ansi-styles/-/ansi-styles-4.3.0.tgz 0ms (cache hit)
4224 http cache brace-expansion@https://registry.npmjs.org/brace-expansion/-/brace-expansion-2.1.4.tgz 0ms (cache hit)
4225 http cache supports-color@https://registry.npmjs.org/supports-color/-/supports-color-7.2.0.tgz 0ms (cache hit)
4226 http cache hermes-estree@https://registry.npmjs.org/hermes-estree/-/hermes-estree-0.29.1.tgz 0ms (cache hit)
4227 http cache @expo/json-file@https://registry.npmjs.org/@expo/json-file/-/json-file-10.0.16.tgz 0ms (cache hit)
4228 http cache @babel/code-frame@https://registry.npmjs.org/@babel/code-frame/-/code-frame-7.29.7.tgz 0ms (cache hit)
4229 http cache picomatch@https://registry.npmjs.org/picomatch/-/picomatch-4.0.5.tgz 0ms (cache hit)
4230 http cache @babel/code-frame@https://registry.npmjs.org/@babel/code-frame/-/code-frame-7.10.4.tgz 0ms (cache hit)
4231 http cache minimatch@https://registry.npmjs.org/minimatch/-/minimatch-9.0.9.tgz 0ms (cache hit)
4232 http cache ws@https://registry.npmjs.org/ws/-/ws-8.21.3.tgz 0ms (cache hit)
4233 http cache chalk@https://registry.npmjs.org/chalk/-/chalk-4.1.2.tgz 0ms (cache hit)
4234 http cache ci-info@https://registry.npmjs.org/ci-info/-/ci-info-3.9.0.tgz 0ms (cache hit)
4235 http cache expo-constants@https://registry.npmjs.org/expo-constants/-/expo-constants-18.0.13.tgz 0ms (cache hit)
4236 http cache expo-keep-awake@https://registry.npmjs.org/expo-keep-awake/-/expo-keep-awake-15.0.8.tgz 0ms (cache hit)
4237 http cache expo-asset@https://registry.npmjs.org/expo-asset/-/expo-asset-12.0.13.tgz 0ms (cache hit)
4238 http cache expo-file-system@https://registry.npmjs.org/expo-file-system/-/expo-file-system-19.0.23.tgz 0ms (cache hit)
4239 http cache @expo/vector-icons@https://registry.npmjs.org/@expo/vector-icons/-/vector-icons-15.1.1.tgz 0ms (cache hit)
4240 http cache babel-preset-expo@https://registry.npmjs.org/babel-preset-expo/-/babel-preset-expo-54.0.12.tgz 0ms (cache hit)
4241 http cache @expo/prebuild-config@https://registry.npmjs.org/@expo/prebuild-config/-/prebuild-config-54.0.9.tgz 0ms (cache hit)
4242 http cache balanced-match@https://registry.npmjs.org/balanced-match/-/balanced-match-1.0.2.tgz 0ms (cache hit)
4243 http cache @expo/metro-config@https://registry.npmjs.org/@expo/metro-config/-/metro-config-54.0.17.tgz 0ms (cache hit)
4244 http cache @expo/cli@https://registry.npmjs.org/@expo/cli/-/cli-54.0.26.tgz 0ms (cache hit)
4245 http cache brace-expansion@https://registry.npmjs.org/brace-expansion/-/brace-expansion-1.1.18.tgz 0ms (cache hit)
4246 http cache ws@https://registry.npmjs.org/ws/-/ws-6.2.6.tgz 0ms (cache hit)
4247 http cache minimatch@https://registry.npmjs.org/minimatch/-/minimatch-3.1.5.tgz 0ms (cache hit)
4248 http cache glob@https://registry.npmjs.org/glob/-/glob-7.2.3.tgz 0ms (cache hit)
4249 silly tarball no local data for p-try@https://registry.npmjs.org/p-try/-/p-try-2.2.0.tgz. Extracting by manifest.
4250 silly tarball no local data for unicode-property-aliases-ecmascript@https://registry.npmjs.org/unicode-property-aliases-ecmascript/-/unicode-property-aliases-ecmascript-2.2.0.tgz. Extracting by manifest.
4251 silly tarball no local data for unicode-canonical-property-names-ecmascript@https://registry.npmjs.org/unicode-canonical-property-names-ecmascript/-/unicode-canonical-property-names-ecmascript-2.0.1.tgz. Extracting by manifest.
4252 silly tarball no local data for unicode-match-property-ecmascript@https://registry.npmjs.org/unicode-match-property-ecmascript/-/unicode-match-property-ecmascript-2.0.0.tgz. Extracting by manifest.
4253 silly tarball no local data for regjsparser@https://registry.npmjs.org/regjsparser/-/regjsparser-0.13.2.tgz. Extracting by manifest.
4254 silly tarball no local data for regjsgen@https://registry.npmjs.org/regjsgen/-/regjsgen-0.8.0.tgz. Extracting by manifest.
4255 http cache @react-native/virtualized-lists@https://registry.npmjs.org/@react-native/virtualized-lists/-/virtualized-lists-0.81.5.tgz 0ms (cache hit)
4256 silly tarball no local data for unicode-match-property-value-ecmascript@https://registry.npmjs.org/unicode-match-property-value-ecmascript/-/unicode-match-property-value-ecmascript-2.2.1.tgz. Extracting by manifest.
4257 silly tarball no local data for regenerate-unicode-properties@https://registry.npmjs.org/regenerate-unicode-properties/-/regenerate-unicode-properties-10.2.2.tgz. Extracting by manifest.
4258 silly tarball no local data for core-js-compat@https://registry.npmjs.org/core-js-compat/-/core-js-compat-3.50.0.tgz. Extracting by manifest.
4259 http cache commander@https://registry.npmjs.org/commander/-/commander-12.1.0.tgz 0ms (cache hit)
4260 silly tarball no local data for regenerate@https://registry.npmjs.org/regenerate/-/regenerate-1.4.2.tgz. Extracting by manifest.
4261 silly tarball no local data for @babel/helper-define-polyfill-provider@https://registry.npmjs.org/@babel/helper-define-polyfill-provider/-/helper-define-polyfill-provider-0.6.8.tgz. Extracting by manifest.
4262 silly tarball no local data for @babel/helper-wrap-function@https://registry.npmjs.org/@babel/helper-wrap-function/-/helper-wrap-function-7.29.7.tgz. Extracting by manifest.
4263 silly tarball no local data for regexpu-core@https://registry.npmjs.org/regexpu-core/-/regexpu-core-6.4.0.tgz. Extracting by manifest.
4264 silly tarball no local data for @babel/helper-create-regexp-features-plugin@https://registry.npmjs.org/@babel/helper-create-regexp-features-plugin/-/helper-create-regexp-features-plugin-7.29.7.tgz. Extracting by manifest.
4265 silly tarball no local data for @babel/helper-remap-async-to-generator@https://registry.npmjs.org/@babel/helper-remap-async-to-generator/-/helper-remap-async-to-generator-7.29.7.tgz. Extracting by manifest.
4266 silly tarball no local data for lodash.debounce@https://registry.npmjs.org/lodash.debounce/-/lodash.debounce-4.0.8.tgz. Extracting by manifest.
4267 silly tarball no local data for @react-native/babel-plugin-codegen@https://registry.npmjs.org/@react-native/babel-plugin-codegen/-/babel-plugin-codegen-0.81.5.tgz. Extracting by manifest.
4268 silly tarball no local data for @babel/plugin-transform-unicode-regex@https://registry.npmjs.org/@babel/plugin-transform-unicode-regex/-/plugin-transform-unicode-regex-7.29.7.tgz. Extracting by manifest.
4269 silly tarball no local data for @babel/plugin-transform-sticky-regex@https://registry.npmjs.org/@babel/plugin-transform-sticky-regex/-/plugin-transform-sticky-regex-7.29.7.tgz. Extracting by manifest.
4270 silly tarball no local data for @babel/plugin-transform-regenerator@https://registry.npmjs.org/@babel/plugin-transform-regenerator/-/plugin-transform-regenerator-7.29.8.tgz. Extracting by manifest.
4271 silly tarball no local data for @babel/plugin-transform-shorthand-properties@https://registry.npmjs.org/@babel/plugin-transform-shorthand-properties/-/plugin-transform-shorthand-properties-7.29.7.tgz. Extracting by manifest.
4272 silly tarball no local data for @babel/plugin-transform-spread@https://registry.npmjs.org/@babel/plugin-transform-spread/-/plugin-transform-spread-7.29.8.tgz. Extracting by manifest.
4273 silly tarball no local data for @babel/plugin-transform-react-jsx-source@https://registry.npmjs.org/@babel/plugin-transform-react-jsx-source/-/plugin-transform-react-jsx-source-7.29.7.tgz. Extracting by manifest.
4274 silly tarball no local data for @babel/plugin-transform-optional-catch-binding@https://registry.npmjs.org/@babel/plugin-transform-optional-catch-binding/-/plugin-transform-optional-catch-binding-7.29.7.tgz. Extracting by manifest.
4275 silly tarball no local data for @babel/plugin-transform-nullish-coalescing-operator@https://registry.npmjs.org/@babel/plugin-transform-nullish-coalescing-operator/-/plugin-transform-nullish-coalescing-operator-7.29.7.tgz. Extracting by manifest.
4276 silly tarball no local data for @babel/plugin-transform-numeric-separator@https://registry.npmjs.org/@babel/plugin-transform-numeric-separator/-/plugin-transform-numeric-separator-7.29.7.tgz. Extracting by manifest.
4277 silly tarball no local data for @babel/plugin-transform-named-capturing-groups-regex@https://registry.npmjs.org/@babel/plugin-transform-named-capturing-groups-regex/-/plugin-transform-named-capturing-groups-regex-7.29.7.tgz. Extracting by manifest.
4278 silly tarball no local data for @babel/plugin-transform-optional-chaining@https://registry.npmjs.org/@babel/plugin-transform-optional-chaining/-/plugin-transform-optional-chaining-7.29.7.tgz. Extracting by manifest.
4279 silly tarball no local data for @babel/plugin-transform-literals@https://registry.npmjs.org/@babel/plugin-transform-literals/-/plugin-transform-literals-7.29.7.tgz. Extracting by manifest.
4280 silly tarball no local data for @babel/plugin-transform-function-name@https://registry.npmjs.org/@babel/plugin-transform-function-name/-/plugin-transform-function-name-7.29.7.tgz. Extracting by manifest.
4281 silly tarball no local data for @babel/plugin-transform-computed-properties@https://registry.npmjs.org/@babel/plugin-transform-computed-properties/-/plugin-transform-computed-properties-7.29.7.tgz. Extracting by manifest.
4282 silly tarball no local data for @babel/plugin-transform-logical-assignment-operators@https://registry.npmjs.org/@babel/plugin-transform-logical-assignment-operators/-/plugin-transform-logical-assignment-operators-7.29.7.tgz. Extracting by manifest.
4283 silly tarball no local data for @babel/plugin-transform-classes@https://registry.npmjs.org/@babel/plugin-transform-classes/-/plugin-transform-classes-7.29.7.tgz. Extracting by manifest.
4284 silly tarball no local data for @babel/plugin-transform-async-generator-functions@https://registry.npmjs.org/@babel/plugin-transform-async-generator-functions/-/plugin-transform-async-generator-functions-7.29.7.tgz. Extracting by manifest.
4285 silly tarball no local data for @babel/plugin-transform-class-properties@https://registry.npmjs.org/@babel/plugin-transform-class-properties/-/plugin-transform-class-properties-7.29.7.tgz. Extracting by manifest.
4286 silly tarball no local data for @babel/plugin-transform-for-of@https://registry.npmjs.org/@babel/plugin-transform-for-of/-/plugin-transform-for-of-7.29.7.tgz. Extracting by manifest.
4287 silly tarball no local data for @babel/plugin-transform-block-scoping@https://registry.npmjs.org/@babel/plugin-transform-block-scoping/-/plugin-transform-block-scoping-7.29.7.tgz. Extracting by manifest.
4288 silly tarball no local data for @babel/plugin-syntax-dynamic-import@https://registry.npmjs.org/@babel/plugin-syntax-dynamic-import/-/plugin-syntax-dynamic-import-7.8.3.tgz. Extracting by manifest.
4289 silly tarball no local data for @babel/plugin-transform-react-jsx-self@https://registry.npmjs.org/@babel/plugin-transform-react-jsx-self/-/plugin-transform-react-jsx-self-7.29.7.tgz. Extracting by manifest.
4290 silly tarball no local data for @babel/plugin-syntax-typescript@https://registry.npmjs.org/@babel/plugin-syntax-typescript/-/plugin-syntax-typescript-7.29.7.tgz. Extracting by manifest.
4291 silly tarball no local data for @babel/plugin-transform-typescript@https://registry.npmjs.org/@babel/plugin-transform-typescript/-/plugin-transform-typescript-7.29.7.tgz. Extracting by manifest.
4292 silly tarball no local data for @babel/plugin-transform-react-jsx-development@https://registry.npmjs.org/@babel/plugin-transform-react-jsx-development/-/plugin-transform-react-jsx-development-7.29.7.tgz. Extracting by manifest.
4293 silly tarball no local data for @babel/plugin-transform-react-pure-annotations@https://registry.npmjs.org/@babel/plugin-transform-react-pure-annotations/-/plugin-transform-react-pure-annotations-7.29.7.tgz. Extracting by manifest.
4294 silly tarball no local data for @babel/plugin-transform-arrow-functions@https://registry.npmjs.org/@babel/plugin-transform-arrow-functions/-/plugin-transform-arrow-functions-7.29.7.tgz. Extracting by manifest.
4295 silly tarball no local data for @babel/plugin-transform-react-jsx@https://registry.npmjs.org/@babel/plugin-transform-react-jsx/-/plugin-transform-react-jsx-7.29.7.tgz. Extracting by manifest.
4296 silly tarball no local data for @babel/plugin-syntax-jsx@https://registry.npmjs.org/@babel/plugin-syntax-jsx/-/plugin-syntax-jsx-7.29.7.tgz. Extracting by manifest.
4297 silly tarball no local data for babel-plugin-polyfill-regenerator@https://registry.npmjs.org/babel-plugin-polyfill-regenerator/-/babel-plugin-polyfill-regenerator-0.6.8.tgz. Extracting by manifest.
4298 silly tarball no local data for babel-plugin-polyfill-corejs3@https://registry.npmjs.org/babel-plugin-polyfill-corejs3/-/babel-plugin-polyfill-corejs3-0.13.0.tgz. Extracting by manifest.
4299 silly tarball no local data for @babel/plugin-transform-destructuring@https://registry.npmjs.org/@babel/plugin-transform-destructuring/-/plugin-transform-destructuring-7.29.7.tgz. Extracting by manifest.
4300 silly tarball no local data for babel-plugin-polyfill-corejs2@https://registry.npmjs.org/babel-plugin-polyfill-corejs2/-/babel-plugin-polyfill-corejs2-0.4.17.tgz. Extracting by manifest.
4301 silly tarball no local data for @babel/helper-skip-transparent-expression-wrappers@https://registry.npmjs.org/@babel/helper-skip-transparent-expression-wrappers/-/helper-skip-transparent-expression-wrappers-7.29.7.tgz. Extracting by manifest.
4302 silly tarball no local data for @babel/plugin-transform-react-display-name@https://registry.npmjs.org/@babel/plugin-transform-react-display-name/-/plugin-transform-react-display-name-7.29.7.tgz. Extracting by manifest.
4303 silly tarball no local data for @babel/helper-optimise-call-expression@https://registry.npmjs.org/@babel/helper-optimise-call-expression/-/helper-optimise-call-expression-7.29.7.tgz. Extracting by manifest.
4304 silly tarball no local data for @babel/helper-annotate-as-pure@https://registry.npmjs.org/@babel/helper-annotate-as-pure/-/helper-annotate-as-pure-7.29.7.tgz. Extracting by manifest.
4305 silly tarball no local data for @babel/plugin-syntax-decorators@https://registry.npmjs.org/@babel/plugin-syntax-decorators/-/plugin-syntax-decorators-7.29.7.tgz. Extracting by manifest.
4306 silly tarball no local data for @babel/plugin-syntax-flow@https://registry.npmjs.org/@babel/plugin-syntax-flow/-/plugin-syntax-flow-7.29.7.tgz. Extracting by manifest.
4307 silly tarball no local data for @babel/helper-create-class-features-plugin@https://registry.npmjs.org/@babel/helper-create-class-features-plugin/-/helper-create-class-features-plugin-7.29.7.tgz. Extracting by manifest.
4308 silly tarball no local data for babel-plugin-transform-flow-enums@https://registry.npmjs.org/babel-plugin-transform-flow-enums/-/babel-plugin-transform-flow-enums-0.0.2.tgz. Extracting by manifest.
4309 silly tarball no local data for @babel/plugin-transform-async-to-generator@https://registry.npmjs.org/@babel/plugin-transform-async-to-generator/-/plugin-transform-async-to-generator-7.29.7.tgz. Extracting by manifest.
4310 silly tarball no local data for babel-plugin-react-native-web@https://registry.npmjs.org/babel-plugin-react-native-web/-/babel-plugin-react-native-web-0.21.2.tgz. Extracting by manifest.
4311 silly tarball no local data for @babel/helper-member-expression-to-functions@https://registry.npmjs.org/@babel/helper-member-expression-to-functions/-/helper-member-expression-to-functions-7.29.7.tgz. Extracting by manifest.
4312 silly tarball no local data for babel-plugin-react-compiler@https://registry.npmjs.org/babel-plugin-react-compiler/-/babel-plugin-react-compiler-1.0.0.tgz. Extracting by manifest.
4313 silly tarball no local data for @react-native/babel-preset@https://registry.npmjs.org/@react-native/babel-preset/-/babel-preset-0.81.5.tgz. Extracting by manifest.
4314 silly tarball no local data for @babel/preset-react@https://registry.npmjs.org/@babel/preset-react/-/preset-react-7.29.7.tgz. Extracting by manifest.
4315 silly tarball no local data for @babel/plugin-transform-runtime@https://registry.npmjs.org/@babel/plugin-transform-runtime/-/plugin-transform-runtime-7.29.7.tgz. Extracting by manifest.
4316 silly tarball no local data for @babel/plugin-transform-parameters@https://registry.npmjs.org/@babel/plugin-transform-parameters/-/plugin-transform-parameters-7.29.7.tgz. Extracting by manifest.
4317 silly tarball no local data for @babel/plugin-transform-private-methods@https://registry.npmjs.org/@babel/plugin-transform-private-methods/-/plugin-transform-private-methods-7.29.7.tgz. Extracting by manifest.
4318 silly tarball no local data for @babel/helper-replace-supers@https://registry.npmjs.org/@babel/helper-replace-supers/-/helper-replace-supers-7.29.7.tgz. Extracting by manifest.
4319 silly tarball no local data for @babel/plugin-transform-private-property-in-object@https://registry.npmjs.org/@babel/plugin-transform-private-property-in-object/-/plugin-transform-private-property-in-object-7.29.7.tgz. Extracting by manifest.
4320 silly tarball no local data for @babel/plugin-transform-object-rest-spread@https://registry.npmjs.org/@babel/plugin-transform-object-rest-spread/-/plugin-transform-object-rest-spread-7.29.7.tgz. Extracting by manifest.
4321 silly tarball no local data for @babel/plugin-syntax-export-default-from@https://registry.npmjs.org/@babel/plugin-syntax-export-default-from/-/plugin-syntax-export-default-from-7.29.7.tgz. Extracting by manifest.
4322 silly tarball no local data for @babel/plugin-transform-export-namespace-from@https://registry.npmjs.org/@babel/plugin-transform-export-namespace-from/-/plugin-transform-export-namespace-from-7.29.7.tgz. Extracting by manifest.
4323 silly tarball no local data for @babel/plugin-transform-class-static-block@https://registry.npmjs.org/@babel/plugin-transform-class-static-block/-/plugin-transform-class-static-block-7.29.7.tgz. Extracting by manifest.
4324 silly tarball no local data for @babel/plugin-proposal-export-default-from@https://registry.npmjs.org/@babel/plugin-proposal-export-default-from/-/plugin-proposal-export-default-from-7.29.7.tgz. Extracting by manifest.
4325 silly tarball no local data for @babel/preset-typescript@https://registry.npmjs.org/@babel/preset-typescript/-/preset-typescript-7.29.7.tgz. Extracting by manifest.
4326 silly tarball no local data for detect-libc@https://registry.npmjs.org/detect-libc/-/detect-libc-2.1.2.tgz. Extracting by manifest.
4327 silly tarball no local data for source-map-js@https://registry.npmjs.org/source-map-js/-/source-map-js-1.2.1.tgz. Extracting by manifest.
4328 silly tarball no local data for postcss@https://registry.npmjs.org/postcss/-/postcss-8.4.49.tgz. Extracting by manifest.
4329 silly tarball no local data for @babel/plugin-proposal-decorators@https://registry.npmjs.org/@babel/plugin-proposal-decorators/-/plugin-proposal-decorators-7.29.7.tgz. Extracting by manifest.
4330 silly tarball no local data for define-lazy-prop@https://registry.npmjs.org/define-lazy-prop/-/define-lazy-prop-2.0.0.tgz. Extracting by manifest.
4331 silly tarball no local data for @babel/plugin-transform-flow-strip-types@https://registry.npmjs.org/@babel/plugin-transform-flow-strip-types/-/plugin-transform-flow-strip-types-7.29.7.tgz. Extracting by manifest.
4332 silly tarball no local data for lightningcss-darwin-arm64@https://registry.npmjs.org/lightningcss-darwin-arm64/-/lightningcss-darwin-arm64-1.33.0.tgz. Extracting by manifest.
4333 silly tarball no local data for defaults@https://registry.npmjs.org/defaults/-/defaults-1.0.4.tgz. Extracting by manifest.
4334 silly tarball no local data for lightningcss@https://registry.npmjs.org/lightningcss/-/lightningcss-1.33.0.tgz. Extracting by manifest.
4335 silly tarball no local data for clone@https://registry.npmjs.org/clone/-/clone-1.0.4.tgz. Extracting by manifest.
4336 silly tarball no local data for ansi-escapes@https://registry.npmjs.org/ansi-escapes/-/ansi-escapes-4.3.2.tgz. Extracting by manifest.
4337 silly tarball no local data for mimic-fn@https://registry.npmjs.org/mimic-fn/-/mimic-fn-1.2.0.tgz. Extracting by manifest.
4338 silly tarball no local data for chownr@https://registry.npmjs.org/chownr/-/chownr-3.0.0.tgz. Extracting by manifest.
4339 silly tarball no local data for supports-hyperlinks@https://registry.npmjs.org/supports-hyperlinks/-/supports-hyperlinks-2.3.0.tgz. Extracting by manifest.
4340 silly tarball no local data for onetime@https://registry.npmjs.org/onetime/-/onetime-2.0.1.tgz. Extracting by manifest.
4341 silly tarball no local data for function-bind@https://registry.npmjs.org/function-bind/-/function-bind-1.1.2.tgz. Extracting by manifest.
4342 silly tarball no local data for hasown@https://registry.npmjs.org/hasown/-/hasown-2.0.4.tgz. Extracting by manifest.
4343 silly tarball no local data for supports-preserve-symlinks-flag@https://registry.npmjs.org/supports-preserve-symlinks-flag/-/supports-preserve-symlinks-flag-1.0.0.tgz. Extracting by manifest.
4344 silly tarball no local data for es-errors@https://registry.npmjs.org/es-errors/-/es-errors-1.3.0.tgz. Extracting by manifest.
4345 silly tarball no local data for minizlib@https://registry.npmjs.org/minizlib/-/minizlib-3.1.0.tgz. Extracting by manifest.
4346 silly tarball no local data for is-core-module@https://registry.npmjs.org/is-core-module/-/is-core-module-2.16.2.tgz. Extracting by manifest.
4347 silly tarball no local data for path-parse@https://registry.npmjs.org/path-parse/-/path-parse-1.0.7.tgz. Extracting by manifest.
4348 silly tarball no local data for minimist@https://registry.npmjs.org/minimist/-/minimist-1.2.8.tgz. Extracting by manifest.
4349 silly tarball no local data for @isaacs/fs-minipass@https://registry.npmjs.org/@isaacs/fs-minipass/-/fs-minipass-4.0.1.tgz. Extracting by manifest.
4350 silly tarball no local data for ini@https://registry.npmjs.org/ini/-/ini-1.3.8.tgz. Extracting by manifest.
4351 silly tarball no local data for nested-error-stacks@https://registry.npmjs.org/nested-error-stacks/-/nested-error-stacks-2.0.1.tgz. Extracting by manifest.
4352 silly tarball no local data for strip-json-comments@https://registry.npmjs.org/strip-json-comments/-/strip-json-comments-2.0.1.tgz. Extracting by manifest.
4353 silly tarball no local data for sisteransi@https://registry.npmjs.org/sisteransi/-/sisteransi-1.0.5.tgz. Extracting by manifest.
4354 silly tarball no local data for kleur@https://registry.npmjs.org/kleur/-/kleur-3.0.3.tgz. Extracting by manifest.
4355 silly tarball no local data for deep-extend@https://registry.npmjs.org/deep-extend/-/deep-extend-0.6.0.tgz. Extracting by manifest.
4356 silly tarball no local data for pngjs@https://registry.npmjs.org/pngjs/-/pngjs-3.4.0.tgz. Extracting by manifest.
4357 silly tarball no local data for log-symbols@https://registry.npmjs.org/log-symbols/-/log-symbols-2.2.0.tgz. Extracting by manifest.
4358 silly tarball no local data for restore-cursor@https://registry.npmjs.org/restore-cursor/-/restore-cursor-2.0.0.tgz. Extracting by manifest.
4359 silly tarball no local data for wcwidth@https://registry.npmjs.org/wcwidth/-/wcwidth-1.0.1.tgz. Extracting by manifest.
4360 silly tarball no local data for cli-spinners@https://registry.npmjs.org/cli-spinners/-/cli-spinners-2.9.2.tgz. Extracting by manifest.
4361 silly tarball no local data for validate-npm-package-name@https://registry.npmjs.org/validate-npm-package-name/-/validate-npm-package-name-5.0.1.tgz. Extracting by manifest.
4362 silly tarball no local data for rc@https://registry.npmjs.org/rc/-/rc-1.2.8.tgz. Extracting by manifest.
4363 silly tarball no local data for hosted-git-info@https://registry.npmjs.org/hosted-git-info/-/hosted-git-info-7.0.2.tgz. Extracting by manifest.
4364 silly tarball no local data for vary@https://registry.npmjs.org/vary/-/vary-1.1.2.tgz. Extracting by manifest.
4365 silly tarball no local data for proc-log@https://registry.npmjs.org/proc-log/-/proc-log-4.2.0.tgz. Extracting by manifest.
4366 silly tarball no local data for on-headers@https://registry.npmjs.org/on-headers/-/on-headers-1.1.0.tgz. Extracting by manifest.
4367 silly tarball no local data for cli-cursor@https://registry.npmjs.org/cli-cursor/-/cli-cursor-2.1.0.tgz. Extracting by manifest.
4368 silly tarball no local data for safe-buffer@https://registry.npmjs.org/safe-buffer/-/safe-buffer-5.2.1.tgz. Extracting by manifest.
4369 silly tarball no local data for compressible@https://registry.npmjs.org/compressible/-/compressible-2.0.18.tgz. Extracting by manifest.
4370 silly tarball no local data for @babel/plugin-transform-modules-commonjs@https://registry.npmjs.org/@babel/plugin-transform-modules-commonjs/-/plugin-transform-modules-commonjs-7.29.7.tgz. Extracting by manifest.
4371 silly tarball no local data for jimp-compact@https://registry.npmjs.org/jimp-compact/-/jimp-compact-0.16.1.tgz. Extracting by manifest.
4372 silly tarball no local data for @expo/require-utils@https://registry.npmjs.org/@expo/require-utils/-/require-utils-55.0.6.tgz. Extracting by manifest.
4373 silly tarball no local data for wonka@https://registry.npmjs.org/wonka/-/wonka-6.3.6.tgz. Extracting by manifest.
4374 silly tarball no local data for @expo/sudo-prompt@https://registry.npmjs.org/@expo/sudo-prompt/-/sudo-prompt-9.3.2.tgz. Extracting by manifest.
4375 silly tarball no local data for dotenv-expand@https://registry.npmjs.org/dotenv-expand/-/dotenv-expand-11.0.7.tgz. Extracting by manifest.
4376 silly tarball no local data for dotenv@https://registry.npmjs.org/dotenv/-/dotenv-16.4.7.tgz. Extracting by manifest.
4377 silly tarball no local data for parse-png@https://registry.npmjs.org/parse-png/-/parse-png-2.1.0.tgz. Extracting by manifest.
4378 silly tarball no local data for tar@https://registry.npmjs.org/tar/-/tar-7.5.22.tgz. Extracting by manifest.
4379 silly tarball no local data for undici@https://registry.npmjs.org/undici/-/undici-6.28.0.tgz. Extracting by manifest.
4380 silly tarball no local data for resolve.exports@https://registry.npmjs.org/resolve.exports/-/resolve.exports-2.0.3.tgz. Extracting by manifest.
4381 silly tarball no local data for structured-headers@https://registry.npmjs.org/structured-headers/-/structured-headers-0.4.1.tgz. Extracting by manifest.
4382 silly tarball no local data for bytes@https://registry.npmjs.org/bytes/-/bytes-3.1.2.tgz. Extracting by manifest.
4383 silly tarball no local data for qrcode-terminal@https://registry.npmjs.org/qrcode-terminal/-/qrcode-terminal-0.11.0.tgz. Extracting by manifest.
4384 silly tarball no local data for requireg@https://registry.npmjs.org/requireg/-/requireg-0.2.2.tgz. Extracting by manifest.
4385 silly tarball no local data for prompts@https://registry.npmjs.org/prompts/-/prompts-2.4.2.tgz. Extracting by manifest.
4386 silly tarball no local data for terminal-link@https://registry.npmjs.org/terminal-link/-/terminal-link-2.1.1.tgz. Extracting by manifest.
4387 silly tarball no local data for pretty-bytes@https://registry.npmjs.org/pretty-bytes/-/pretty-bytes-5.6.0.tgz. Extracting by manifest.
4388 silly tarball no local data for resolve@https://registry.npmjs.org/resolve/-/resolve-1.22.12.tgz. Extracting by manifest.
4389 silly tarball no local data for progress@https://registry.npmjs.org/progress/-/progress-2.0.3.tgz. Extracting by manifest.
4390 silly tarball no local data for ora@https://registry.npmjs.org/ora/-/ora-3.4.0.tgz. Extracting by manifest.
4391 silly tarball no local data for env-editor@https://registry.npmjs.org/env-editor/-/env-editor-0.4.2.tgz. Extracting by manifest.
4392 silly tarball no local data for node-forge@https://registry.npmjs.org/node-forge/-/node-forge-1.4.0.tgz. Extracting by manifest.
4393 silly tarball no local data for expo-server@https://registry.npmjs.org/expo-server/-/expo-server-1.0.7.tgz. Extracting by manifest.
4394 silly tarball no local data for lan-network@https://registry.npmjs.org/lan-network/-/lan-network-0.2.1.tgz. Extracting by manifest.
4395 silly tarball no local data for npm-package-arg@https://registry.npmjs.org/npm-package-arg/-/npm-package-arg-11.0.3.tgz. Extracting by manifest.
4396 silly tarball no local data for compression@https://registry.npmjs.org/compression/-/compression-1.8.1.tgz. Extracting by manifest.
4397 silly tarball no local data for freeport-async@https://registry.npmjs.org/freeport-async/-/freeport-async-2.0.0.tgz. Extracting by manifest.
4398 silly tarball no local data for @expo/xcpretty@https://registry.npmjs.org/@expo/xcpretty/-/xcpretty-4.4.4.tgz. Extracting by manifest.
4399 silly tarball no local data for @urql/exchange-retry@https://registry.npmjs.org/@urql/exchange-retry/-/exchange-retry-1.3.2.tgz. Extracting by manifest.
4400 silly tarball no local data for @urql/core@https://registry.npmjs.org/@urql/core/-/core-5.2.0.tgz. Extracting by manifest.
4401 silly tarball no local data for better-opn@https://registry.npmjs.org/better-opn/-/better-opn-3.0.2.tgz. Extracting by manifest.
4402 silly tarball no local data for @expo/env@https://registry.npmjs.org/@expo/env/-/env-2.0.12.tgz. Extracting by manifest.
4403 silly tarball no local data for @expo/schema-utils@https://registry.npmjs.org/@expo/schema-utils/-/schema-utils-0.1.9.tgz. Extracting by manifest.
4404 silly tarball no local data for @expo/package-manager@https://registry.npmjs.org/@expo/package-manager/-/package-manager-1.13.1.tgz. Extracting by manifest.
4405 silly tarball no local data for @expo/image-utils@https://registry.npmjs.org/@expo/image-utils/-/image-utils-0.8.15.tgz. Extracting by manifest.
4406 silly tarball no local data for @expo/ws-tunnel@https://registry.npmjs.org/@expo/ws-tunnel/-/ws-tunnel-1.0.6.tgz. Extracting by manifest.
4407 silly tarball no local data for @expo/code-signing-certificates@https://registry.npmjs.org/@expo/code-signing-certificates/-/code-signing-certificates-0.0.6.tgz. Extracting by manifest.
4408 silly tarball no local data for @expo/devcert@https://registry.npmjs.org/@expo/devcert/-/devcert-1.2.1.tgz. Extracting by manifest.
4409 silly tarball no local data for concat-map@https://registry.npmjs.org/concat-map/-/concat-map-0.0.1.tgz. Extracting by manifest.
4410 silly tarball no local data for async-limiter@https://registry.npmjs.org/async-limiter/-/async-limiter-1.0.1.tgz. Extracting by manifest.
4411 silly tarball no local data for wrappy@https://registry.npmjs.org/wrappy/-/wrappy-1.0.2.tgz. Extracting by manifest.
4412 silly tarball no local data for path-is-absolute@https://registry.npmjs.org/path-is-absolute/-/path-is-absolute-1.0.1.tgz. Extracting by manifest.
4413 silly tarball no local data for inflight@https://registry.npmjs.org/inflight/-/inflight-1.0.6.tgz. Extracting by manifest.
4414 silly tarball no local data for fs.realpath@https://registry.npmjs.org/fs.realpath/-/fs.realpath-1.0.0.tgz. Extracting by manifest.
4415 silly tarball no local data for once@https://registry.npmjs.org/once/-/once-1.4.0.tgz. Extracting by manifest.
4416 silly tarball no local data for @expo/osascript@https://registry.npmjs.org/@expo/osascript/-/osascript-2.7.1.tgz. Extracting by manifest.
4417 silly tarball no local data for is-fullwidth-code-point@https://registry.npmjs.org/is-fullwidth-code-point/-/is-fullwidth-code-point-3.0.0.tgz. Extracting by manifest.
4418 silly tarball no local data for strip-ansi@https://registry.npmjs.org/strip-ansi/-/strip-ansi-6.0.1.tgz. Extracting by manifest.
4419 silly tarball no local data for @0no-co/graphql.web@https://registry.npmjs.org/@0no-co/graphql.web/-/graphql.web-1.3.3.tgz. Extracting by manifest.
4420 silly tarball no local data for string-width@https://registry.npmjs.org/string-width/-/string-width-4.2.3.tgz. Extracting by manifest.
4421 silly tarball no local data for y18n@https://registry.npmjs.org/y18n/-/y18n-5.0.8.tgz. Extracting by manifest.
4422 silly tarball no local data for wrap-ansi@https://registry.npmjs.org/wrap-ansi/-/wrap-ansi-7.0.0.tgz. Extracting by manifest.
4423 silly tarball no local data for yargs-parser@https://registry.npmjs.org/yargs-parser/-/yargs-parser-21.1.1.tgz. Extracting by manifest.
4424 silly tarball no local data for require-directory@https://registry.npmjs.org/require-directory/-/require-directory-2.1.1.tgz. Extracting by manifest.
4425 silly tarball no local data for emoji-regex@https://registry.npmjs.org/emoji-regex/-/emoji-regex-8.0.0.tgz. Extracting by manifest.
4426 silly tarball no local data for sax@https://registry.npmjs.org/sax/-/sax-1.6.1.tgz. Extracting by manifest.
4427 silly tarball no local data for get-caller-file@https://registry.npmjs.org/get-caller-file/-/get-caller-file-2.0.5.tgz. Extracting by manifest.
4428 silly tarball no local data for stream-buffers@https://registry.npmjs.org/stream-buffers/-/stream-buffers-2.2.0.tgz. Extracting by manifest.
4429 silly tarball no local data for big-integer@https://registry.npmjs.org/big-integer/-/big-integer-1.6.52.tgz. Extracting by manifest.
4430 silly tarball no local data for cliui@https://registry.npmjs.org/cliui/-/cliui-8.0.1.tgz. Extracting by manifest.
4431 silly tarball no local data for bplist-parser@https://registry.npmjs.org/bplist-parser/-/bplist-parser-0.3.1.tgz. Extracting by manifest.
4432 silly tarball no local data for plist@https://registry.npmjs.org/plist/-/plist-3.1.1.tgz. Extracting by manifest.
4433 silly tarball no local data for bplist-creator@https://registry.npmjs.org/bplist-creator/-/bplist-creator-0.1.0.tgz. Extracting by manifest.
4434 silly tarball no local data for simple-plist@https://registry.npmjs.org/simple-plist/-/simple-plist-1.3.1.tgz. Extracting by manifest.
4435 silly tarball no local data for uuid@https://registry.npmjs.org/uuid/-/uuid-7.0.3.tgz. Extracting by manifest.
4436 silly tarball no local data for isexe@https://registry.npmjs.org/isexe/-/isexe-2.0.0.tgz. Extracting by manifest.
4437 silly tarball no local data for imurmurhash@https://registry.npmjs.org/imurmurhash/-/imurmurhash-0.1.4.tgz. Extracting by manifest.
4438 silly tarball no local data for signal-exit@https://registry.npmjs.org/signal-exit/-/signal-exit-3.0.7.tgz. Extracting by manifest.
4439 silly tarball no local data for webidl-conversions@https://registry.npmjs.org/webidl-conversions/-/webidl-conversions-5.0.0.tgz. Extracting by manifest.
4440 silly tarball no local data for ieee754@https://registry.npmjs.org/ieee754/-/ieee754-1.2.1.tgz. Extracting by manifest.
4441 silly tarball no local data for punycode@https://registry.npmjs.org/punycode/-/punycode-2.3.1.tgz. Extracting by manifest.
4442 silly tarball no local data for buffer@https://registry.npmjs.org/buffer/-/buffer-5.7.1.tgz. Extracting by manifest.
4443 silly tarball no local data for makeerror@https://registry.npmjs.org/makeerror/-/makeerror-1.0.12.tgz. Extracting by manifest.
4444 silly tarball no local data for is-number@https://registry.npmjs.org/is-number/-/is-number-7.0.0.tgz. Extracting by manifest.
4445 silly tarball no local data for escalade@https://registry.npmjs.org/escalade/-/escalade-3.2.0.tgz. Extracting by manifest.
4446 silly tarball no local data for thenify@https://registry.npmjs.org/thenify/-/thenify-3.3.1.tgz. Extracting by manifest.
4447 silly tarball no local data for tmpl@https://registry.npmjs.org/tmpl/-/tmpl-1.0.5.tgz. Extracting by manifest.
4448 silly tarball no local data for buffer-from@https://registry.npmjs.org/buffer-from/-/buffer-from-1.1.2.tgz. Extracting by manifest.
4449 silly tarball no local data for source-map-support@https://registry.npmjs.org/source-map-support/-/source-map-support-0.5.21.tgz. Extracting by manifest.
4450 silly tarball no local data for @jridgewell/source-map@https://registry.npmjs.org/@jridgewell/source-map/-/source-map-0.3.11.tgz. Extracting by manifest.
4451 silly tarball no local data for acorn@https://registry.npmjs.org/acorn/-/acorn-8.18.0.tgz. Extracting by manifest.
4452 silly tarball no local data for thenify-all@https://registry.npmjs.org/thenify-all/-/thenify-all-1.6.0.tgz. Extracting by manifest.
4453 silly tarball no local data for object-assign@https://registry.npmjs.org/object-assign/-/object-assign-4.1.1.tgz. Extracting by manifest.
4454 silly tarball no local data for any-promise@https://registry.npmjs.org/any-promise/-/any-promise-1.3.0.tgz. Extracting by manifest.
4455 silly tarball no local data for tinyglobby@https://registry.npmjs.org/tinyglobby/-/tinyglobby-0.2.17.tgz. Extracting by manifest.
4456 silly tarball no local data for mz@https://registry.npmjs.org/mz/-/mz-2.7.0.tgz. Extracting by manifest.
4457 silly tarball no local data for lines-and-columns@https://registry.npmjs.org/lines-and-columns/-/lines-and-columns-1.2.4.tgz. Extracting by manifest.
4458 silly tarball no local data for type-fest@https://registry.npmjs.org/type-fest/-/type-fest-0.7.1.tgz. Extracting by manifest.
4459 silly tarball no local data for toidentifier@https://registry.npmjs.org/toidentifier/-/toidentifier-1.0.1.tgz. Extracting by manifest.
4460 silly tarball no local data for setprototypeof@https://registry.npmjs.org/setprototypeof/-/setprototypeof-1.2.0.tgz. Extracting by manifest.
4461 silly tarball no local data for has-flag@https://registry.npmjs.org/has-flag/-/has-flag-3.0.0.tgz. Extracting by manifest.
4462 silly tarball no local data for shebang-regex@https://registry.npmjs.org/shebang-regex/-/shebang-regex-3.0.0.tgz. Extracting by manifest.
4463 silly tarball no local data for range-parser@https://registry.npmjs.org/range-parser/-/range-parser-1.2.1.tgz. Extracting by manifest.
4464 silly tarball no local data for http-errors@https://registry.npmjs.org/http-errors/-/http-errors-2.0.1.tgz. Extracting by manifest.
4465 silly tarball no local data for is-arrayish@https://registry.npmjs.org/is-arrayish/-/is-arrayish-0.3.4.tgz. Extracting by manifest.
4466 silly tarball no local data for fresh@https://registry.npmjs.org/fresh/-/fresh-0.5.2.tgz. Extracting by manifest.
4467 silly tarball no local data for mime@https://registry.npmjs.org/mime/-/mime-1.6.0.tgz. Extracting by manifest.
4468 silly tarball no local data for ts-interface-checker@https://registry.npmjs.org/ts-interface-checker/-/ts-interface-checker-0.1.13.tgz. Extracting by manifest.
4469 silly tarball no local data for etag@https://registry.npmjs.org/etag/-/etag-1.8.1.tgz. Extracting by manifest.
4470 silly tarball no local data for destroy@https://registry.npmjs.org/destroy/-/destroy-1.2.0.tgz. Extracting by manifest.
4471 silly tarball no local data for send@https://registry.npmjs.org/send/-/send-0.19.2.tgz. Extracting by manifest.
4472 silly tarball no local data for shell-quote@https://registry.npmjs.org/shell-quote/-/shell-quote-1.10.0.tgz. Extracting by manifest.
4473 silly tarball no local data for react-freeze@https://registry.npmjs.org/react-freeze/-/react-freeze-1.0.4.tgz. Extracting by manifest.
4474 silly tarball no local data for depd@https://registry.npmjs.org/depd/-/depd-2.0.0.tgz. Extracting by manifest.
4475 silly tarball no local data for asap@https://registry.npmjs.org/asap/-/asap-2.0.6.tgz. Extracting by manifest.
4476 silly tarball no local data for marky@https://registry.npmjs.org/marky/-/marky-1.3.0.tgz. Extracting by manifest.
4477 silly tarball no local data for p-locate@https://registry.npmjs.org/p-locate/-/p-locate-4.1.0.tgz. Extracting by manifest.
4478 silly tarball no local data for esprima@https://registry.npmjs.org/esprima/-/esprima-4.0.1.tgz. Extracting by manifest.
4479 silly tarball no local data for sprintf-js@https://registry.npmjs.org/sprintf-js/-/sprintf-js-1.0.3.tgz. Extracting by manifest.
4480 silly tarball no local data for argparse@https://registry.npmjs.org/argparse/-/argparse-1.0.10.tgz. Extracting by manifest.
4481 silly tarball no local data for stack-utils@https://registry.npmjs.org/stack-utils/-/stack-utils-2.0.6.tgz. Extracting by manifest.
4482 silly tarball no local data for fsevents@https://registry.npmjs.org/fsevents/-/fsevents-2.3.3.tgz. Extracting by manifest.
4483 silly tarball no local data for normalize-path@https://registry.npmjs.org/normalize-path/-/normalize-path-3.0.0.tgz. Extracting by manifest.
4484 silly tarball no local data for @types/stack-utils@https://registry.npmjs.org/@types/stack-utils/-/stack-utils-2.0.3.tgz. Extracting by manifest.
4485 silly tarball no local data for anymatch@https://registry.npmjs.org/anymatch/-/anymatch-3.1.3.tgz. Extracting by manifest.
4486 silly tarball no local data for jest-message-util@https://registry.npmjs.org/jest-message-util/-/jest-message-util-29.7.0.tgz. Extracting by manifest.
4487 silly tarball no local data for @types/graceful-fs@https://registry.npmjs.org/@types/graceful-fs/-/graceful-fs-4.1.9.tgz. Extracting by manifest.
4488 silly tarball no local data for type-detect@https://registry.npmjs.org/type-detect/-/type-detect-4.0.8.tgz. Extracting by manifest.
4489 silly tarball no local data for jest-mock@https://registry.npmjs.org/jest-mock/-/jest-mock-29.7.0.tgz. Extracting by manifest.
4490 silly tarball no local data for @sinonjs/fake-timers@https://registry.npmjs.org/@sinonjs/fake-timers/-/fake-timers-10.3.0.tgz. Extracting by manifest.
4491 silly tarball no local data for @jest/environment@https://registry.npmjs.org/@jest/environment/-/environment-29.7.0.tgz. Extracting by manifest.
4492 silly tarball no local data for @jest/fake-timers@https://registry.npmjs.org/@jest/fake-timers/-/fake-timers-29.7.0.tgz. Extracting by manifest.
4493 silly tarball no local data for @sinonjs/commons@https://registry.npmjs.org/@sinonjs/commons/-/commons-3.0.1.tgz. Extracting by manifest.
4494 silly tarball no local data for istanbul-lib-coverage@https://registry.npmjs.org/istanbul-lib-coverage/-/istanbul-lib-coverage-3.2.2.tgz. Extracting by manifest.
4495 silly tarball no local data for path-exists@https://registry.npmjs.org/path-exists/-/path-exists-4.0.0.tgz. Extracting by manifest.
4496 silly tarball no local data for locate-path@https://registry.npmjs.org/locate-path/-/locate-path-5.0.0.tgz. Extracting by manifest.
4497 silly tarball no local data for is-docker@https://registry.npmjs.org/is-docker/-/is-docker-2.2.1.tgz. Extracting by manifest.
4498 silly tarball no local data for is-wsl@https://registry.npmjs.org/is-wsl/-/is-wsl-2.2.0.tgz. Extracting by manifest.
4499 silly tarball no local data for lighthouse-logger@https://registry.npmjs.org/lighthouse-logger/-/lighthouse-logger-1.4.2.tgz. Extracting by manifest.
4500 silly tarball no local data for @babel/plugin-syntax-top-level-await@https://registry.npmjs.org/@babel/plugin-syntax-top-level-await/-/plugin-syntax-top-level-await-7.14.5.tgz. Extracting by manifest.
4501 silly tarball no local data for rimraf@https://registry.npmjs.org/rimraf/-/rimraf-3.0.2.tgz. Extracting by manifest.
4502 silly tarball no local data for @babel/plugin-syntax-optional-catch-binding@https://registry.npmjs.org/@babel/plugin-syntax-optional-catch-binding/-/plugin-syntax-optional-catch-binding-7.8.3.tgz. Extracting by manifest.
4503 silly tarball no local data for mkdirp@https://registry.npmjs.org/mkdirp/-/mkdirp-1.0.4.tgz. Extracting by manifest.
4504 silly tarball no local data for @babel/plugin-syntax-private-property-in-object@https://registry.npmjs.org/@babel/plugin-syntax-private-property-in-object/-/plugin-syntax-private-property-in-object-7.14.5.tgz. Extracting by manifest.
4505 silly tarball no local data for @babel/plugin-syntax-object-rest-spread@https://registry.npmjs.org/@babel/plugin-syntax-object-rest-spread/-/plugin-syntax-object-rest-spread-7.8.3.tgz. Extracting by manifest.
4506 silly tarball no local data for @babel/plugin-syntax-optional-chaining@https://registry.npmjs.org/@babel/plugin-syntax-optional-chaining/-/plugin-syntax-optional-chaining-7.8.3.tgz. Extracting by manifest.
4507 silly tarball no local data for @babel/plugin-syntax-json-strings@https://registry.npmjs.org/@babel/plugin-syntax-json-strings/-/plugin-syntax-json-strings-7.8.3.tgz. Extracting by manifest.
4508 silly tarball no local data for @babel/plugin-syntax-nullish-coalescing-operator@https://registry.npmjs.org/@babel/plugin-syntax-nullish-coalescing-operator/-/plugin-syntax-nullish-coalescing-operator-7.8.3.tgz. Extracting by manifest.
4509 silly tarball no local data for @babel/plugin-syntax-import-meta@https://registry.npmjs.org/@babel/plugin-syntax-import-meta/-/plugin-syntax-import-meta-7.10.4.tgz. Extracting by manifest.
4510 silly tarball no local data for @babel/plugin-syntax-numeric-separator@https://registry.npmjs.org/@babel/plugin-syntax-numeric-separator/-/plugin-syntax-numeric-separator-7.10.4.tgz. Extracting by manifest.
4511 silly tarball no local data for @babel/plugin-syntax-logical-assignment-operators@https://registry.npmjs.org/@babel/plugin-syntax-logical-assignment-operators/-/plugin-syntax-logical-assignment-operators-7.10.4.tgz. Extracting by manifest.
4512 silly tarball no local data for @babel/plugin-syntax-class-properties@https://registry.npmjs.org/@babel/plugin-syntax-class-properties/-/plugin-syntax-class-properties-7.12.13.tgz. Extracting by manifest.
4513 silly tarball no local data for @babel/plugin-syntax-class-static-block@https://registry.npmjs.org/@babel/plugin-syntax-class-static-block/-/plugin-syntax-class-static-block-7.14.5.tgz. Extracting by manifest.
4514 silly tarball no local data for @babel/plugin-syntax-bigint@https://registry.npmjs.org/@babel/plugin-syntax-bigint/-/plugin-syntax-bigint-7.8.3.tgz. Extracting by manifest.
4515 silly tarball no local data for @babel/plugin-syntax-import-attributes@https://registry.npmjs.org/@babel/plugin-syntax-import-attributes/-/plugin-syntax-import-attributes-7.29.7.tgz. Extracting by manifest.
4516 silly tarball no local data for @babel/plugin-syntax-async-generators@https://registry.npmjs.org/@babel/plugin-syntax-async-generators/-/plugin-syntax-async-generators-7.8.4.tgz. Extracting by manifest.
4517 silly tarball no local data for babel-preset-current-node-syntax@https://registry.npmjs.org/babel-preset-current-node-syntax/-/babel-preset-current-node-syntax-1.2.0.tgz. Extracting by manifest.
4518 silly tarball no local data for js-yaml@https://registry.npmjs.org/js-yaml/-/js-yaml-3.15.1.tgz. Extracting by manifest.
4519 silly tarball no local data for babel-plugin-jest-hoist@https://registry.npmjs.org/babel-plugin-jest-hoist/-/babel-plugin-jest-hoist-29.6.3.tgz. Extracting by manifest.
4520 silly tarball no local data for get-package-type@https://registry.npmjs.org/get-package-type/-/get-package-type-0.1.0.tgz. Extracting by manifest.
4521 silly tarball no local data for find-up@https://registry.npmjs.org/find-up/-/find-up-4.1.0.tgz. Extracting by manifest.
4522 silly tarball no local data for test-exclude@https://registry.npmjs.org/test-exclude/-/test-exclude-6.0.0.tgz. Extracting by manifest.
4523 silly tarball no local data for @istanbuljs/schema@https://registry.npmjs.org/@istanbuljs/schema/-/schema-0.1.6.tgz. Extracting by manifest.
4524 silly tarball no local data for istanbul-lib-instrument@https://registry.npmjs.org/istanbul-lib-instrument/-/istanbul-lib-instrument-5.2.1.tgz. Extracting by manifest.
4525 silly tarball no local data for @types/babel__traverse@https://registry.npmjs.org/@types/babel__traverse/-/babel__traverse-7.28.0.tgz. Extracting by manifest.
4526 silly tarball no local data for @babel/helper-plugin-utils@https://registry.npmjs.org/@babel/helper-plugin-utils/-/helper-plugin-utils-7.29.7.tgz. Extracting by manifest.
4527 silly tarball no local data for @types/babel__template@https://registry.npmjs.org/@types/babel__template/-/babel__template-7.4.4.tgz. Extracting by manifest.
4528 silly tarball no local data for @types/babel__generator@https://registry.npmjs.org/@types/babel__generator/-/babel__generator-7.27.0.tgz. Extracting by manifest.
4529 silly tarball no local data for write-file-atomic@https://registry.npmjs.org/write-file-atomic/-/write-file-atomic-4.0.2.tgz. Extracting by manifest.
4530 silly tarball no local data for pirates@https://registry.npmjs.org/pirates/-/pirates-4.0.7.tgz. Extracting by manifest.
4531 silly tarball no local data for jest-regex-util@https://registry.npmjs.org/jest-regex-util/-/jest-regex-util-29.6.3.tgz. Extracting by manifest.
4532 silly tarball no local data for @istanbuljs/load-nyc-config@https://registry.npmjs.org/@istanbuljs/load-nyc-config/-/load-nyc-config-1.1.0.tgz. Extracting by manifest.
4533 silly tarball no local data for jest-haste-map@https://registry.npmjs.org/jest-haste-map/-/jest-haste-map-29.7.0.tgz. Extracting by manifest.
4534 silly tarball no local data for fast-json-stable-stringify@https://registry.npmjs.org/fast-json-stable-stringify/-/fast-json-stable-stringify-2.1.0.tgz. Extracting by manifest.
4535 silly tarball no local data for babel-preset-jest@https://registry.npmjs.org/babel-preset-jest/-/babel-preset-jest-29.6.3.tgz. Extracting by manifest.
4536 silly tarball no local data for @types/babel__core@https://registry.npmjs.org/@types/babel__core/-/babel__core-7.20.5.tgz. Extracting by manifest.
4537 silly tarball no local data for @jest/transform@https://registry.npmjs.org/@jest/transform/-/transform-29.7.0.tgz. Extracting by manifest.
4538 silly tarball no local data for babel-plugin-istanbul@https://registry.npmjs.org/babel-plugin-istanbul/-/babel-plugin-istanbul-6.1.1.tgz. Extracting by manifest.
4539 silly tarball no local data for serve-static@https://registry.npmjs.org/serve-static/-/serve-static-1.16.3.tgz. Extracting by manifest.
4540 silly tarball no local data for open@https://registry.npmjs.org/open/-/open-7.4.2.tgz. Extracting by manifest.
4541 silly tarball no local data for chromium-edge-launcher@https://registry.npmjs.org/chromium-edge-launcher/-/chromium-edge-launcher-0.2.0.tgz. Extracting by manifest.
4542 silly tarball no local data for chrome-launcher@https://registry.npmjs.org/chrome-launcher/-/chrome-launcher-0.15.2.tgz. Extracting by manifest.
4543 silly tarball no local data for @react-native/debugger-frontend@https://registry.npmjs.org/@react-native/debugger-frontend/-/debugger-frontend-0.81.5.tgz. Extracting by manifest.
4544 silly tarball no local data for @react-native/dev-middleware@https://registry.npmjs.org/@react-native/dev-middleware/-/dev-middleware-0.81.5.tgz. Extracting by manifest.
4545 silly tarball no local data for event-target-shim@https://registry.npmjs.org/event-target-shim/-/event-target-shim-5.0.1.tgz. Extracting by manifest.
4546 silly tarball no local data for whatwg-fetch@https://registry.npmjs.org/whatwg-fetch/-/whatwg-fetch-3.6.20.tgz. Extracting by manifest.
4547 silly tarball no local data for scheduler@https://registry.npmjs.org/scheduler/-/scheduler-0.26.0.tgz. Extracting by manifest.
4548 silly tarball no local data for @isaacs/ttlcache@https://registry.npmjs.org/@isaacs/ttlcache/-/ttlcache-1.4.1.tgz. Extracting by manifest.
4549 silly tarball no local data for regenerator-runtime@https://registry.npmjs.org/regenerator-runtime/-/regenerator-runtime-0.13.11.tgz. Extracting by manifest.
4550 silly tarball no local data for react-devtools-core@https://registry.npmjs.org/react-devtools-core/-/react-devtools-core-6.1.5.tgz. Extracting by manifest.
4551 silly tarball no local data for promise@https://registry.npmjs.org/promise/-/promise-8.3.0.tgz. Extracting by manifest.
4552 silly tarball no local data for stacktrace-parser@https://registry.npmjs.org/stacktrace-parser/-/stacktrace-parser-0.1.11.tgz. Extracting by manifest.
4553 silly tarball no local data for memoize-one@https://registry.npmjs.org/memoize-one/-/memoize-one-5.2.1.tgz. Extracting by manifest.
4554 silly tarball no local data for babel-plugin-syntax-hermes-parser@https://registry.npmjs.org/babel-plugin-syntax-hermes-parser/-/babel-plugin-syntax-hermes-parser-0.29.1.tgz. Extracting by manifest.
4555 silly tarball no local data for babel-jest@https://registry.npmjs.org/babel-jest/-/babel-jest-29.7.0.tgz. Extracting by manifest.
4556 silly tarball no local data for jest-environment-node@https://registry.npmjs.org/jest-environment-node/-/jest-environment-node-29.7.0.tgz. Extracting by manifest.
4557 silly tarball no local data for ansi-regex@https://registry.npmjs.org/ansi-regex/-/ansi-regex-5.0.1.tgz. Extracting by manifest.
4558 silly tarball no local data for abort-controller@https://registry.npmjs.org/abort-controller/-/abort-controller-3.0.0.tgz. Extracting by manifest.
4559 silly tarball no local data for anser@https://registry.npmjs.org/anser/-/anser-1.4.10.tgz. Extracting by manifest.
4560 silly tarball no local data for @react-native/js-polyfills@https://registry.npmjs.org/@react-native/js-polyfills/-/js-polyfills-0.81.5.tgz. Extracting by manifest.
4561 silly tarball no local data for @react-native/gradle-plugin@https://registry.npmjs.org/@react-native/gradle-plugin/-/gradle-plugin-0.81.5.tgz. Extracting by manifest.
4562 silly tarball no local data for @react-native/codegen@https://registry.npmjs.org/@react-native/codegen/-/codegen-0.81.5.tgz. Extracting by manifest.
4563 silly tarball no local data for @jest/create-cache-key-function@https://registry.npmjs.org/@jest/create-cache-key-function/-/create-cache-key-function-29.7.0.tgz. Extracting by manifest.
4564 silly tarball no local data for @react-native/assets-registry@https://registry.npmjs.org/@react-native/assets-registry/-/assets-registry-0.81.5.tgz. Extracting by manifest.
4565 silly tarball no local data for @react-native/community-cli-plugin@https://registry.npmjs.org/@react-native/community-cli-plugin/-/community-cli-plugin-0.81.5.tgz. Extracting by manifest.
4566 silly tarball no local data for @react-native/normalize-colors@https://registry.npmjs.org/@react-native/normalize-colors/-/normalize-colors-0.81.5.tgz. Extracting by manifest.
4567 silly tarball no local data for void-elements@https://registry.npmjs.org/void-elements/-/void-elements-3.1.0.tgz. Extracting by manifest.
4568 silly tarball no local data for inherits@https://registry.npmjs.org/inherits/-/inherits-2.0.4.tgz. Extracting by manifest.
4569 silly tarball no local data for html-parse-stringify@https://registry.npmjs.org/html-parse-stringify/-/html-parse-stringify-3.1.0.tgz. Extracting by manifest.
4570 silly tarball no local data for split-on-first@https://registry.npmjs.org/split-on-first/-/split-on-first-1.1.0.tgz. Extracting by manifest.
4571 silly tarball no local data for strict-uri-encode@https://registry.npmjs.org/strict-uri-encode/-/strict-uri-encode-2.0.0.tgz. Extracting by manifest.
4572 silly tarball no local data for filter-obj@https://registry.npmjs.org/filter-obj/-/filter-obj-1.1.0.tgz. Extracting by manifest.
4573 silly tarball no local data for yocto-queue@https://registry.npmjs.org/yocto-queue/-/yocto-queue-0.1.0.tgz. Extracting by manifest.
4574 silly tarball no local data for balanced-match@https://registry.npmjs.org/balanced-match/-/balanced-match-4.0.4.tgz. Extracting by manifest.
4575 silly tarball no local data for ee-first@https://registry.npmjs.org/ee-first/-/ee-first-1.1.1.tgz. Extracting by manifest.
4576 silly tarball no local data for decode-uri-component@https://registry.npmjs.org/decode-uri-component/-/decode-uri-component-0.2.2.tgz. Extracting by manifest.
4577 silly tarball no local data for brace-expansion@https://registry.npmjs.org/brace-expansion/-/brace-expansion-5.0.9.tgz. Extracting by manifest.
4578 silly tarball no local data for mime-db@https://registry.npmjs.org/mime-db/-/mime-db-1.52.0.tgz. Extracting by manifest.
4579 silly tarball no local data for to-regex-range@https://registry.npmjs.org/to-regex-range/-/to-regex-range-5.0.1.tgz. Extracting by manifest.
4580 silly tarball no local data for fill-range@https://registry.npmjs.org/fill-range/-/fill-range-7.1.1.tgz. Extracting by manifest.
4581 silly tarball no local data for braces@https://registry.npmjs.org/braces/-/braces-3.0.3.tgz. Extracting by manifest.
4582 silly tarball no local data for vlq@https://registry.npmjs.org/vlq/-/vlq-1.0.1.tgz. Extracting by manifest.
4583 silly tarball no local data for ob1@https://registry.npmjs.org/ob1/-/ob1-0.83.3.tgz. Extracting by manifest.
4584 silly tarball no local data for @babel/traverse--for-generate-function-map@https://registry.npmjs.org/@babel/traverse/-/traverse-7.29.8.tgz. Extracting by manifest.
4585 silly tarball no local data for terser@https://registry.npmjs.org/terser/-/terser-5.49.2.tgz. Extracting by manifest.
4586 silly tarball no local data for node-int64@https://registry.npmjs.org/node-int64/-/node-int64-0.4.0.tgz. Extracting by manifest.
4587 silly tarball no local data for walker@https://registry.npmjs.org/walker/-/walker-1.0.8.tgz. Extracting by manifest.
4588 silly tarball no local data for micromatch@https://registry.npmjs.org/micromatch/-/micromatch-4.0.8.tgz. Extracting by manifest.
4589 silly tarball no local data for bser@https://registry.npmjs.org/bser/-/bser-2.1.1.tgz. Extracting by manifest.
4590 silly tarball no local data for fb-watchman@https://registry.npmjs.org/fb-watchman/-/fb-watchman-2.0.2.tgz. Extracting by manifest.
4591 silly tarball no local data for jest-get-type@https://registry.npmjs.org/jest-get-type/-/jest-get-type-29.6.3.tgz. Extracting by manifest.
4592 silly tarball no local data for leven@https://registry.npmjs.org/leven/-/leven-3.1.0.tgz. Extracting by manifest.
4593 silly tarball no local data for camelcase@https://registry.npmjs.org/camelcase/-/camelcase-6.3.0.tgz. Extracting by manifest.
4594 silly tarball no local data for jest-validate@https://registry.npmjs.org/jest-validate/-/jest-validate-29.7.0.tgz. Extracting by manifest.
4595 silly tarball no local data for yaml@https://registry.npmjs.org/yaml/-/yaml-2.9.0.tgz. Extracting by manifest.
4596 silly tarball no local data for yallist@https://registry.npmjs.org/yallist/-/yallist-3.1.1.tgz. Extracting by manifest.
4597 silly tarball no local data for https-proxy-agent@https://registry.npmjs.org/https-proxy-agent/-/https-proxy-agent-7.0.6.tgz. Extracting by manifest.
4598 silly tarball no local data for exponential-backoff@https://registry.npmjs.org/exponential-backoff/-/exponential-backoff-3.1.3.tgz. Extracting by manifest.
4599 silly tarball no local data for @types/istanbul-lib-report@https://registry.npmjs.org/@types/istanbul-lib-report/-/istanbul-lib-report-3.0.3.tgz. Extracting by manifest.
4600 silly tarball no local data for @types/yargs-parser@https://registry.npmjs.org/@types/yargs-parser/-/yargs-parser-21.0.3.tgz. Extracting by manifest.
4601 silly tarball no local data for @sinclair/typebox@https://registry.npmjs.org/@sinclair/typebox/-/typebox-0.27.12.tgz. Extracting by manifest.
4602 silly tarball no local data for agent-base@https://registry.npmjs.org/agent-base/-/agent-base-7.1.4.tgz. Extracting by manifest.
4603 silly tarball no local data for @types/yargs@https://registry.npmjs.org/@types/yargs/-/yargs-17.0.35.tgz. Extracting by manifest.
4604 silly tarball no local data for @types/istanbul-reports@https://registry.npmjs.org/@types/istanbul-reports/-/istanbul-reports-3.0.4.tgz. Extracting by manifest.
4605 silly tarball no local data for @jest/schemas@https://registry.npmjs.org/@jest/schemas/-/schemas-29.6.3.tgz. Extracting by manifest.
4606 silly tarball no local data for @types/istanbul-lib-coverage@https://registry.npmjs.org/@types/istanbul-lib-coverage/-/istanbul-lib-coverage-2.0.6.tgz. Extracting by manifest.
4607 silly tarball no local data for undici-types@https://registry.npmjs.org/undici-types/-/undici-types-8.3.0.tgz. Extracting by manifest.
4608 silly tarball no local data for @jest/types@https://registry.npmjs.org/@jest/types/-/types-29.6.3.tgz. Extracting by manifest.
4609 silly tarball no local data for jest-util@https://registry.npmjs.org/jest-util/-/jest-util-29.7.0.tgz. Extracting by manifest.
4610 silly tarball no local data for merge-stream@https://registry.npmjs.org/merge-stream/-/merge-stream-2.0.0.tgz. Extracting by manifest.
4611 silly tarball no local data for picomatch@https://registry.npmjs.org/picomatch/-/picomatch-2.3.2.tgz. Extracting by manifest.
4612 silly tarball no local data for hermes-estree@https://registry.npmjs.org/hermes-estree/-/hermes-estree-0.32.0.tgz. Extracting by manifest.
4613 silly tarball no local data for queue@https://registry.npmjs.org/queue/-/queue-6.0.2.tgz. Extracting by manifest.
4614 silly tarball no local data for unpipe@https://registry.npmjs.org/unpipe/-/unpipe-1.0.0.tgz. Extracting by manifest.
4615 silly tarball no local data for escape-html@https://registry.npmjs.org/escape-html/-/escape-html-1.0.3.tgz. Extracting by manifest.
4616 silly tarball no local data for on-finished@https://registry.npmjs.org/on-finished/-/on-finished-2.3.0.tgz. Extracting by manifest.
4617 silly tarball no local data for statuses@https://registry.npmjs.org/statuses/-/statuses-1.5.0.tgz. Extracting by manifest.
4618 silly tarball no local data for encodeurl@https://registry.npmjs.org/encodeurl/-/encodeurl-1.0.2.tgz. Extracting by manifest.
4619 silly tarball no local data for @types/node@https://registry.npmjs.org/@types/node/-/node-26.2.0.tgz. Extracting by manifest.
4620 silly tarball no local data for stackframe@https://registry.npmjs.org/stackframe/-/stackframe-1.3.4.tgz. Extracting by manifest.
4621 silly tarball no local data for finalhandler@https://registry.npmjs.org/finalhandler/-/finalhandler-1.1.2.tgz. Extracting by manifest.
4622 silly tarball no local data for parseurl@https://registry.npmjs.org/parseurl/-/parseurl-1.3.3.tgz. Extracting by manifest.
4623 silly tarball no local data for utils-merge@https://registry.npmjs.org/utils-merge/-/utils-merge-1.0.1.tgz. Extracting by manifest.
4624 silly tarball no local data for update-browserslist-db@https://registry.npmjs.org/update-browserslist-db/-/update-browserslist-db-1.3.1.tgz. Extracting by manifest.
4625 silly tarball no local data for electron-to-chromium@https://registry.npmjs.org/electron-to-chromium/-/electron-to-chromium-1.5.404.tgz. Extracting by manifest.
4626 silly tarball no local data for caniuse-lite@https://registry.npmjs.org/caniuse-lite/-/caniuse-lite-1.0.30001809.tgz. Extracting by manifest.
4627 silly tarball no local data for node-releases@https://registry.npmjs.org/node-releases/-/node-releases-2.0.53.tgz. Extracting by manifest.
4628 silly tarball no local data for baseline-browser-mapping@https://registry.npmjs.org/baseline-browser-mapping/-/baseline-browser-mapping-2.11.13.tgz. Extracting by manifest.
4629 silly tarball no local data for negotiator@https://registry.npmjs.org/negotiator/-/negotiator-0.6.3.tgz. Extracting by manifest.
4630 silly tarball no local data for @jridgewell/resolve-uri@https://registry.npmjs.org/@jridgewell/resolve-uri/-/resolve-uri-3.1.2.tgz. Extracting by manifest.
4631 silly tarball no local data for @jridgewell/sourcemap-codec@https://registry.npmjs.org/@jridgewell/sourcemap-codec/-/sourcemap-codec-1.5.5.tgz. Extracting by manifest.
4632 silly tarball no local data for @babel/helper-string-parser@https://registry.npmjs.org/@babel/helper-string-parser/-/helper-string-parser-7.29.7.tgz. Extracting by manifest.
4633 silly tarball no local data for lru-cache@https://registry.npmjs.org/lru-cache/-/lru-cache-5.1.1.tgz. Extracting by manifest.
4634 silly tarball no local data for @babel/helper-globals@https://registry.npmjs.org/@babel/helper-globals/-/helper-globals-7.29.7.tgz. Extracting by manifest.
4635 silly tarball no local data for browserslist@https://registry.npmjs.org/browserslist/-/browserslist-4.28.8.tgz. Extracting by manifest.
4636 silly tarball no local data for @babel/helper-validator-option@https://registry.npmjs.org/@babel/helper-validator-option/-/helper-validator-option-7.29.7.tgz. Extracting by manifest.
4637 silly tarball no local data for jsesc@https://registry.npmjs.org/jsesc/-/jsesc-3.1.0.tgz. Extracting by manifest.
4638 silly tarball no local data for @babel/compat-data@https://registry.npmjs.org/@babel/compat-data/-/compat-data-7.29.7.tgz. Extracting by manifest.
4639 silly tarball no local data for gensync@https://registry.npmjs.org/gensync/-/gensync-1.0.0-beta.2.tgz. Extracting by manifest.
4640 silly tarball no local data for @jridgewell/trace-mapping@https://registry.npmjs.org/@jridgewell/trace-mapping/-/trace-mapping-0.3.31.tgz. Extracting by manifest.
4641 silly tarball no local data for convert-source-map@https://registry.npmjs.org/convert-source-map/-/convert-source-map-2.0.0.tgz. Extracting by manifest.
4642 silly tarball no local data for @jridgewell/gen-mapping@https://registry.npmjs.org/@jridgewell/gen-mapping/-/gen-mapping-0.3.13.tgz. Extracting by manifest.
4643 silly tarball no local data for @jridgewell/remapping@https://registry.npmjs.org/@jridgewell/remapping/-/remapping-2.3.5.tgz. Extracting by manifest.
4644 silly tarball no local data for @babel/helpers@https://registry.npmjs.org/@babel/helpers/-/helpers-7.29.7.tgz. Extracting by manifest.
4645 silly tarball no local data for yargs@https://registry.npmjs.org/yargs/-/yargs-17.7.3.tgz. Extracting by manifest.
4646 silly tarball no local data for @babel/helper-compilation-targets@https://registry.npmjs.org/@babel/helper-compilation-targets/-/helper-compilation-targets-7.29.7.tgz. Extracting by manifest.
4647 silly tarball no local data for ws@https://registry.npmjs.org/ws/-/ws-7.5.13.tgz. Extracting by manifest.
4648 silly tarball no local data for @babel/helper-module-transforms@https://registry.npmjs.org/@babel/helper-module-transforms/-/helper-module-transforms-7.29.7.tgz. Extracting by manifest.
4649 silly tarball no local data for throat@https://registry.npmjs.org/throat/-/throat-5.0.0.tgz. Extracting by manifest.
4650 silly tarball no local data for serialize-error@https://registry.npmjs.org/serialize-error/-/serialize-error-2.1.0.tgz. Extracting by manifest.
4651 silly tarball no local data for nullthrows@https://registry.npmjs.org/nullthrows/-/nullthrows-1.1.1.tgz. Extracting by manifest.
4652 silly tarball no local data for source-map@https://registry.npmjs.org/source-map/-/source-map-0.5.7.tgz. Extracting by manifest.
4653 silly tarball no local data for mime-types@https://registry.npmjs.org/mime-types/-/mime-types-2.1.35.tgz. Extracting by manifest.
4654 silly tarball no local data for lodash.throttle@https://registry.npmjs.org/lodash.throttle/-/lodash.throttle-4.1.1.tgz. Extracting by manifest.
4655 silly tarball no local data for jsc-safe-url@https://registry.npmjs.org/jsc-safe-url/-/jsc-safe-url-0.2.4.tgz. Extracting by manifest.
4656 silly tarball no local data for jest-worker@https://registry.npmjs.org/jest-worker/-/jest-worker-29.7.0.tgz. Extracting by manifest.
4657 silly tarball no local data for image-size@https://registry.npmjs.org/image-size/-/image-size-1.2.1.tgz. Extracting by manifest.
4658 silly tarball no local data for graceful-fs@https://registry.npmjs.org/graceful-fs/-/graceful-fs-4.2.11.tgz. Extracting by manifest.
4659 silly tarball no local data for error-stack-parser@https://registry.npmjs.org/error-stack-parser/-/error-stack-parser-2.1.4.tgz. Extracting by manifest.
4660 silly tarball no local data for flow-enums-runtime@https://registry.npmjs.org/flow-enums-runtime/-/flow-enums-runtime-0.0.6.tgz. Extracting by manifest.
4661 silly tarball no local data for connect@https://registry.npmjs.org/connect/-/connect-3.7.0.tgz. Extracting by manifest.
4662 silly tarball no local data for @babel/helper-module-imports@https://registry.npmjs.org/@babel/helper-module-imports/-/helper-module-imports-7.29.7.tgz. Extracting by manifest.
4663 silly tarball no local data for hermes-parser@https://registry.npmjs.org/hermes-parser/-/hermes-parser-0.32.0.tgz. Extracting by manifest.
4664 silly tarball no local data for @babel/traverse@https://registry.npmjs.org/@babel/traverse/-/traverse-7.29.8.tgz. Extracting by manifest.
4665 silly tarball no local data for @babel/types@https://registry.npmjs.org/@babel/types/-/types-7.29.8.tgz. Extracting by manifest.
4666 silly tarball no local data for @babel/template@https://registry.npmjs.org/@babel/template/-/template-7.29.7.tgz. Extracting by manifest.
4667 silly tarball no local data for @babel/parser@https://registry.npmjs.org/@babel/parser/-/parser-7.29.8.tgz. Extracting by manifest.
4668 silly tarball no local data for @babel/generator@https://registry.npmjs.org/@babel/generator/-/generator-7.29.8.tgz. Extracting by manifest.
4669 silly tarball no local data for @babel/core@https://registry.npmjs.org/@babel/core/-/core-7.29.7.tgz. Extracting by manifest.
4670 silly tarball no local data for accepts@https://registry.npmjs.org/accepts/-/accepts-1.3.8.tgz. Extracting by manifest.
4671 silly tarball no local data for is-plain-obj@https://registry.npmjs.org/is-plain-obj/-/is-plain-obj-2.1.0.tgz. Extracting by manifest.
4672 silly tarball no local data for loose-envify@https://registry.npmjs.org/loose-envify/-/loose-envify-1.4.0.tgz. Extracting by manifest.
4673 silly tarball no local data for path-scurry@https://registry.npmjs.org/path-scurry/-/path-scurry-2.0.2.tgz. Extracting by manifest.
4674 silly tarball no local data for minipass@https://registry.npmjs.org/minipass/-/minipass-7.1.3.tgz. Extracting by manifest.
4675 silly tarball no local data for react-native-is-edge-to-edge@https://registry.npmjs.org/react-native-is-edge-to-edge/-/react-native-is-edge-to-edge-1.3.1.tgz. Extracting by manifest.
4676 silly tarball no local data for invariant@https://registry.npmjs.org/invariant/-/invariant-2.2.4.tgz. Extracting by manifest.
4677 silly tarball no local data for commander@https://registry.npmjs.org/commander/-/commander-7.2.0.tgz. Extracting by manifest.
4678 silly tarball no local data for fontfaceobserver@https://registry.npmjs.org/fontfaceobserver/-/fontfaceobserver-2.3.0.tgz. Extracting by manifest.
4679 silly tarball no local data for ms@https://registry.npmjs.org/ms/-/ms-2.1.3.tgz. Extracting by manifest.
4680 silly tarball no local data for shebang-command@https://registry.npmjs.org/shebang-command/-/shebang-command-2.0.0.tgz. Extracting by manifest.
4681 silly tarball no local data for ci-info@https://registry.npmjs.org/ci-info/-/ci-info-2.0.0.tgz. Extracting by manifest.
4682 silly tarball no local data for path-key@https://registry.npmjs.org/path-key/-/path-key-3.1.1.tgz. Extracting by manifest.
4683 silly tarball no local data for ansi-styles@https://registry.npmjs.org/ansi-styles/-/ansi-styles-3.2.1.tgz. Extracting by manifest.
4684 silly tarball no local data for xmlbuilder@https://registry.npmjs.org/xmlbuilder/-/xmlbuilder-15.1.1.tgz. Extracting by manifest.
4685 silly tarball no local data for cross-spawn@https://registry.npmjs.org/cross-spawn/-/cross-spawn-7.0.6.tgz. Extracting by manifest.
4686 silly tarball no local data for which@https://registry.npmjs.org/which/-/which-2.0.2.tgz. Extracting by manifest.
4687 silly tarball no local data for base64-js@https://registry.npmjs.org/base64-js/-/base64-js-1.5.1.tgz. Extracting by manifest.
4688 silly tarball no local data for supports-color@https://registry.npmjs.org/supports-color/-/supports-color-5.5.0.tgz. Extracting by manifest.
4689 silly tarball no local data for @xmldom/xmldom@https://registry.npmjs.org/@xmldom/xmldom/-/xmldom-0.8.13.tgz. Extracting by manifest.
4690 silly tarball no local data for metro-transform-plugins@https://registry.npmjs.org/metro-transform-plugins/-/metro-transform-plugins-0.83.3.tgz. Extracting by manifest.
4691 silly tarball no local data for metro-transform-worker@https://registry.npmjs.org/metro-transform-worker/-/metro-transform-worker-0.83.3.tgz. Extracting by manifest.
4692 silly tarball no local data for metro-symbolicate@https://registry.npmjs.org/metro-symbolicate/-/metro-symbolicate-0.83.3.tgz. Extracting by manifest.
4693 silly tarball no local data for metro-source-map@https://registry.npmjs.org/metro-source-map/-/metro-source-map-0.83.3.tgz. Extracting by manifest.
4694 silly tarball no local data for metro-minify-terser@https://registry.npmjs.org/metro-minify-terser/-/metro-minify-terser-0.83.3.tgz. Extracting by manifest.
4695 silly tarball no local data for metro-resolver@https://registry.npmjs.org/metro-resolver/-/metro-resolver-0.83.3.tgz. Extracting by manifest.
4696 silly tarball no local data for metro-file-map@https://registry.npmjs.org/metro-file-map/-/metro-file-map-0.83.3.tgz. Extracting by manifest.
4697 silly tarball no local data for metro-core@https://registry.npmjs.org/metro-core/-/metro-core-0.83.3.tgz. Extracting by manifest.
4698 silly tarball no local data for metro-config@https://registry.npmjs.org/metro-config/-/metro-config-0.83.3.tgz. Extracting by manifest.
4699 silly tarball no local data for metro-cache-key@https://registry.npmjs.org/metro-cache-key/-/metro-cache-key-0.83.3.tgz. Extracting by manifest.
4700 silly tarball no local data for metro-runtime@https://registry.npmjs.org/metro-runtime/-/metro-runtime-0.83.3.tgz. Extracting by manifest.
4701 silly tarball no local data for metro-cache@https://registry.npmjs.org/metro-cache/-/metro-cache-0.83.3.tgz. Extracting by manifest.
4702 silly tarball no local data for metro-babel-transformer@https://registry.npmjs.org/metro-babel-transformer/-/metro-babel-transformer-0.83.3.tgz. Extracting by manifest.
4703 silly tarball no local data for metro@https://registry.npmjs.org/metro/-/metro-0.83.3.tgz. Extracting by manifest.
4704 silly tarball no local data for json5@https://registry.npmjs.org/json5/-/json5-2.2.3.tgz. Extracting by manifest.
4705 silly tarball no local data for p-limit@https://registry.npmjs.org/p-limit/-/p-limit-3.1.0.tgz. Extracting by manifest.
4706 silly tarball no local data for minimatch@https://registry.npmjs.org/minimatch/-/minimatch-10.2.6.tgz. Extracting by manifest.
4707 silly tarball no local data for ignore@https://registry.npmjs.org/ignore/-/ignore-5.3.2.tgz. Extracting by manifest.
4708 silly tarball no local data for xml2js@https://registry.npmjs.org/xml2js/-/xml2js-0.6.0.tgz. Extracting by manifest.
4709 silly tarball no local data for @expo/spawn-async@https://registry.npmjs.org/@expo/spawn-async/-/spawn-async-1.8.0.tgz. Extracting by manifest.
4710 silly tarball no local data for arg@https://registry.npmjs.org/arg/-/arg-5.0.2.tgz. Extracting by manifest.
4711 silly tarball no local data for slash@https://registry.npmjs.org/slash/-/slash-3.0.0.tgz. Extracting by manifest.
4712 silly tarball no local data for xcode@https://registry.npmjs.org/xcode/-/xcode-3.0.1.tgz. Extracting by manifest.
4713 silly tarball no local data for debug@https://registry.npmjs.org/debug/-/debug-4.4.3.tgz. Extracting by manifest.
4714 silly tarball no local data for @expo/sdk-runtime-versions@https://registry.npmjs.org/@expo/sdk-runtime-versions/-/sdk-runtime-versions-1.0.0.tgz. Extracting by manifest.
4715 silly tarball no local data for @expo/plist@https://registry.npmjs.org/@expo/plist/-/plist-0.4.9.tgz. Extracting by manifest.
4716 silly tarball no local data for picocolors@https://registry.npmjs.org/picocolors/-/picocolors-1.1.1.tgz. Extracting by manifest.
4717 silly tarball no local data for chalk@https://registry.npmjs.org/chalk/-/chalk-2.4.2.tgz. Extracting by manifest.
4718 silly tarball no local data for js-tokens@https://registry.npmjs.org/js-tokens/-/js-tokens-4.0.0.tgz. Extracting by manifest.
4719 silly tarball no local data for @babel/helper-validator-identifier@https://registry.npmjs.org/@babel/helper-validator-identifier/-/helper-validator-identifier-7.29.7.tgz. Extracting by manifest.
4720 silly tarball no local data for @babel/highlight@https://registry.npmjs.org/@babel/highlight/-/highlight-7.25.9.tgz. Extracting by manifest.
4721 silly tarball no local data for sucrase@https://registry.npmjs.org/sucrase/-/sucrase-3.35.1.tgz. Extracting by manifest.
4722 silly tarball no local data for slugify@https://registry.npmjs.org/slugify/-/slugify-1.6.9.tgz. Extracting by manifest.
4723 silly tarball no local data for semver@https://registry.npmjs.org/semver/-/semver-7.8.5.tgz. Extracting by manifest.
4724 silly tarball no local data for resolve-workspace-root@https://registry.npmjs.org/resolve-workspace-root/-/resolve-workspace-root-2.0.1.tgz. Extracting by manifest.
4725 silly tarball no local data for resolve-from@https://registry.npmjs.org/resolve-from/-/resolve-from-5.0.0.tgz. Extracting by manifest.
4726 silly tarball no local data for glob@https://registry.npmjs.org/glob/-/glob-13.0.6.tgz. Extracting by manifest.
4727 silly tarball no local data for getenv@https://registry.npmjs.org/getenv/-/getenv-2.0.0.tgz. Extracting by manifest.
4728 silly tarball no local data for deepmerge@https://registry.npmjs.org/deepmerge/-/deepmerge-4.3.1.tgz. Extracting by manifest.
4729 silly tarball no local data for require-from-string@https://registry.npmjs.org/require-from-string/-/require-from-string-2.0.2.tgz. Extracting by manifest.
4730 silly tarball no local data for @expo/json-file@https://registry.npmjs.org/@expo/json-file/-/json-file-10.2.0.tgz. Extracting by manifest.
4731 silly tarball no local data for @expo/config-types@https://registry.npmjs.org/@expo/config-types/-/config-types-54.0.10.tgz. Extracting by manifest.
4732 silly tarball no local data for @babel/code-frame@https://registry.npmjs.org/@babel/code-frame/-/code-frame-7.10.4.tgz. Extracting by manifest.
4733 silly tarball no local data for whatwg-url-without-unicode@https://registry.npmjs.org/whatwg-url-without-unicode/-/whatwg-url-without-unicode-8.0.0-3.tgz. Extracting by manifest.
4734 silly tarball no local data for pretty-format@https://registry.npmjs.org/pretty-format/-/pretty-format-29.7.0.tgz. Extracting by manifest.
4735 silly tarball no local data for react-refresh@https://registry.npmjs.org/react-refresh/-/react-refresh-0.14.2.tgz. Extracting by manifest.
4736 silly tarball no local data for expo-modules-core@https://registry.npmjs.org/expo-modules-core/-/expo-modules-core-3.0.30.tgz. Extracting by manifest.
4737 silly tarball no local data for expo-modules-autolinking@https://registry.npmjs.org/expo-modules-autolinking/-/expo-modules-autolinking-3.0.26.tgz. Extracting by manifest.
4738 silly tarball no local data for @ungap/structured-clone@https://registry.npmjs.org/@ungap/structured-clone/-/structured-clone-1.3.3.tgz. Extracting by manifest.
4739 silly tarball no local data for @expo/metro@https://registry.npmjs.org/@expo/metro/-/metro-54.2.0.tgz. Extracting by manifest.
4740 silly tarball no local data for @expo/fingerprint@https://registry.npmjs.org/@expo/fingerprint/-/fingerprint-0.15.5.tgz. Extracting by manifest.
4741 silly tarball no local data for @expo/devtools@https://registry.npmjs.org/@expo/devtools/-/devtools-0.1.8.tgz. Extracting by manifest.
4742 silly tarball no local data for @expo/config-plugins@https://registry.npmjs.org/@expo/config-plugins/-/config-plugins-54.0.5.tgz. Extracting by manifest.
4743 silly tarball no local data for @expo/config@https://registry.npmjs.org/@expo/config/-/config-12.0.14.tgz. Extracting by manifest.
4744 silly tarball no local data for @babel/runtime@https://registry.npmjs.org/@babel/runtime/-/runtime-7.29.7.tgz. Extracting by manifest.
4745 silly tarball no local data for simple-swizzle@https://registry.npmjs.org/simple-swizzle/-/simple-swizzle-0.2.4.tgz. Extracting by manifest.
4746 silly tarball no local data for color-string@https://registry.npmjs.org/color-string/-/color-string-1.9.1.tgz. Extracting by manifest.
4747 silly tarball no local data for color-name@https://registry.npmjs.org/color-name/-/color-name-1.1.4.tgz. Extracting by manifest.
4748 silly tarball no local data for csstype@https://registry.npmjs.org/csstype/-/csstype-3.2.3.tgz. Extracting by manifest.
4749 silly tarball no local data for warn-once@https://registry.npmjs.org/warn-once/-/warn-once-0.1.1.tgz. Extracting by manifest.
4750 silly tarball no local data for color@https://registry.npmjs.org/color/-/color-4.2.3.tgz. Extracting by manifest.
4751 silly tarball no local data for color-convert@https://registry.npmjs.org/color-convert/-/color-convert-2.0.1.tgz. Extracting by manifest.
4752 silly tarball no local data for sf-symbols-typescript@https://registry.npmjs.org/sf-symbols-typescript/-/sf-symbols-typescript-2.2.0.tgz. Extracting by manifest.
4753 silly tarball no local data for @react-navigation/elements@https://registry.npmjs.org/@react-navigation/elements/-/elements-2.9.38.tgz. Extracting by manifest.
4754 silly tarball no local data for use-sync-external-store@https://registry.npmjs.org/use-sync-external-store/-/use-sync-external-store-1.6.0.tgz. Extracting by manifest.
4755 silly tarball no local data for react-is@https://registry.npmjs.org/react-is/-/react-is-19.2.8.tgz. Extracting by manifest.
4756 silly tarball no local data for query-string@https://registry.npmjs.org/query-string/-/query-string-7.1.3.tgz. Extracting by manifest.
4757 silly tarball no local data for @react-navigation/routers@https://registry.npmjs.org/@react-navigation/routers/-/routers-7.6.4.tgz. Extracting by manifest.
4758 silly tarball no local data for use-latest-callback@https://registry.npmjs.org/use-latest-callback/-/use-latest-callback-0.2.6.tgz. Extracting by manifest.
4759 silly tarball no local data for standard-navigation@https://registry.npmjs.org/standard-navigation/-/standard-navigation-0.0.8.tgz. Extracting by manifest.
4760 silly tarball no local data for nanoid@https://registry.npmjs.org/nanoid/-/nanoid-3.3.18.tgz. Extracting by manifest.
4761 silly tarball no local data for fast-deep-equal@https://registry.npmjs.org/fast-deep-equal/-/fast-deep-equal-3.1.3.tgz. Extracting by manifest.
4762 silly tarball no local data for escape-string-regexp@https://registry.npmjs.org/escape-string-regexp/-/escape-string-regexp-4.0.0.tgz. Extracting by manifest.
4763 silly tarball no local data for @react-navigation/core@https://registry.npmjs.org/@react-navigation/core/-/core-7.21.12.tgz. Extracting by manifest.
4764 silly tarball no local data for merge-options@https://registry.npmjs.org/merge-options/-/merge-options-3.0.4.tgz. Extracting by manifest.
4765 silly tarball no local data for typescript@https://registry.npmjs.org/typescript/-/typescript-5.9.3.tgz. Extracting by manifest.
4766 silly tarball no local data for react-i18next@https://registry.npmjs.org/react-i18next/-/react-i18next-16.6.6.tgz. Extracting by manifest.
4767 silly tarball no local data for i18next@https://registry.npmjs.org/i18next/-/i18next-25.10.10.tgz. Extracting by manifest.
4768 silly tarball no local data for expo-status-bar@https://registry.npmjs.org/expo-status-bar/-/expo-status-bar-3.0.9.tgz. Extracting by manifest.
4769 silly tarball no local data for expo@https://registry.npmjs.org/expo/-/expo-54.0.36.tgz. Extracting by manifest.
4770 silly tarball no local data for expo-font@https://registry.npmjs.org/expo-font/-/expo-font-14.0.12.tgz. Extracting by manifest.
4771 silly tarball no local data for @types/react@https://registry.npmjs.org/@types/react/-/react-19.1.17.tgz. Extracting by manifest.
4772 silly tarball no local data for react-native-safe-area-context@https://registry.npmjs.org/react-native-safe-area-context/-/react-native-safe-area-context-5.6.2.tgz. Extracting by manifest.
4773 silly tarball no local data for react-native-screens@https://registry.npmjs.org/react-native-screens/-/react-native-screens-4.16.0.tgz. Extracting by manifest.
4774 silly tarball no local data for @react-navigation/native@https://registry.npmjs.org/@react-navigation/native/-/native-7.3.16.tgz. Extracting by manifest.
4775 silly tarball no local data for @react-navigation/native-stack@https://registry.npmjs.org/@react-navigation/native-stack/-/native-stack-7.18.8.tgz. Extracting by manifest.
4776 silly tarball no local data for react@https://registry.npmjs.org/react/-/react-19.1.0.tgz. Extracting by manifest.
4777 silly tarball no local data for react-native@https://registry.npmjs.org/react-native/-/react-native-0.81.5.tgz. Extracting by manifest.
4778 silly tarball no local data for @react-native-async-storage/async-storage@https://registry.npmjs.org/@react-native-async-storage/async-storage/-/async-storage-2.2.0.tgz. Extracting by manifest.
4779 silly tarball no local data for @expo-google-fonts/noto-sans-telugu@https://registry.npmjs.org/@expo-google-fonts/noto-sans-telugu/-/noto-sans-telugu-0.2.3.tgz. Extracting by manifest.
4780 silly tarball no local data for semver@https://registry.npmjs.org/semver/-/semver-6.3.1.tgz. Extracting by manifest.
4781 silly tarball no local data for semver@https://registry.npmjs.org/semver/-/semver-6.3.1.tgz. Extracting by manifest.
4782 silly tarball no local data for semver@https://registry.npmjs.org/semver/-/semver-6.3.1.tgz. Extracting by manifest.
4783 silly tarball no local data for semver@https://registry.npmjs.org/semver/-/semver-6.3.1.tgz. Extracting by manifest.
4784 silly tarball no local data for supports-color@https://registry.npmjs.org/supports-color/-/supports-color-7.2.0.tgz. Extracting by manifest.
4785 silly tarball no local data for type-fest@https://registry.npmjs.org/type-fest/-/type-fest-0.21.3.tgz. Extracting by manifest.
4786 silly tarball no local data for has-flag@https://registry.npmjs.org/has-flag/-/has-flag-4.0.0.tgz. Extracting by manifest.
4787 silly tarball no local data for lru-cache@https://registry.npmjs.org/lru-cache/-/lru-cache-10.4.3.tgz. Extracting by manifest.
4788 silly tarball no local data for yallist@https://registry.npmjs.org/yallist/-/yallist-5.0.0.tgz. Extracting by manifest.
4789 silly tarball no local data for resolve@https://registry.npmjs.org/resolve/-/resolve-1.7.1.tgz. Extracting by manifest.
4790 silly tarball no local data for strip-ansi@https://registry.npmjs.org/strip-ansi/-/strip-ansi-5.2.0.tgz. Extracting by manifest.
4791 silly tarball no local data for @babel/code-frame@https://registry.npmjs.org/@babel/code-frame/-/code-frame-7.29.7.tgz. Extracting by manifest.
4792 silly tarball no local data for ansi-regex@https://registry.npmjs.org/ansi-regex/-/ansi-regex-4.1.1.tgz. Extracting by manifest.
4793 silly tarball no local data for debug@https://registry.npmjs.org/debug/-/debug-2.6.9.tgz. Extracting by manifest.
4794 silly tarball no local data for ms@https://registry.npmjs.org/ms/-/ms-2.0.0.tgz. Extracting by manifest.
4795 silly tarball no local data for negotiator@https://registry.npmjs.org/negotiator/-/negotiator-0.6.4.tgz. Extracting by manifest.
4796 silly tarball no local data for open@https://registry.npmjs.org/open/-/open-8.4.2.tgz. Extracting by manifest.
4797 silly tarball no local data for has-flag@https://registry.npmjs.org/has-flag/-/has-flag-4.0.0.tgz. Extracting by manifest.
4798 silly tarball no local data for supports-color@https://registry.npmjs.org/supports-color/-/supports-color-7.2.0.tgz. Extracting by manifest.
4799 silly tarball no local data for js-yaml@https://registry.npmjs.org/js-yaml/-/js-yaml-4.3.1.tgz. Extracting by manifest.
4800 silly tarball no local data for ansi-styles@https://registry.npmjs.org/ansi-styles/-/ansi-styles-4.3.0.tgz. Extracting by manifest.
4801 silly tarball no local data for chalk@https://registry.npmjs.org/chalk/-/chalk-4.1.2.tgz. Extracting by manifest.
4802 silly tarball no local data for @babel/code-frame@https://registry.npmjs.org/@babel/code-frame/-/code-frame-7.29.7.tgz. Extracting by manifest.
4803 silly tarball no local data for ansi-styles@https://registry.npmjs.org/ansi-styles/-/ansi-styles-4.3.0.tgz. Extracting by manifest.
4804 silly tarball no local data for has-flag@https://registry.npmjs.org/has-flag/-/has-flag-4.0.0.tgz. Extracting by manifest.
4805 silly tarball no local data for supports-color@https://registry.npmjs.org/supports-color/-/supports-color-7.2.0.tgz. Extracting by manifest.
4806 silly tarball no local data for @babel/code-frame@https://registry.npmjs.org/@babel/code-frame/-/code-frame-7.29.7.tgz. Extracting by manifest.
4807 silly tarball no local data for @expo/json-file@https://registry.npmjs.org/@expo/json-file/-/json-file-11.0.1.tgz. Extracting by manifest.
4808 silly tarball no local data for has-flag@https://registry.npmjs.org/has-flag/-/has-flag-4.0.0.tgz. Extracting by manifest.
4809 silly tarball no local data for argparse@https://registry.npmjs.org/argparse/-/argparse-2.0.1.tgz. Extracting by manifest.
4810 silly tarball no local data for chalk@https://registry.npmjs.org/chalk/-/chalk-4.1.2.tgz. Extracting by manifest.
4811 silly tarball no local data for supports-color@https://registry.npmjs.org/supports-color/-/supports-color-7.2.0.tgz. Extracting by manifest.
4812 silly tarball no local data for ansi-styles@https://registry.npmjs.org/ansi-styles/-/ansi-styles-4.3.0.tgz. Extracting by manifest.
4813 silly tarball no local data for supports-color@https://registry.npmjs.org/supports-color/-/supports-color-7.2.0.tgz. Extracting by manifest.
4814 silly tarball no local data for has-flag@https://registry.npmjs.org/has-flag/-/has-flag-4.0.0.tgz. Extracting by manifest.
4815 silly tarball no local data for chalk@https://registry.npmjs.org/chalk/-/chalk-4.1.2.tgz. Extracting by manifest.
4816 silly tarball no local data for ansi-styles@https://registry.npmjs.org/ansi-styles/-/ansi-styles-4.3.0.tgz. Extracting by manifest.
4817 silly tarball no local data for debug@https://registry.npmjs.org/debug/-/debug-3.2.7.tgz. Extracting by manifest.
4818 silly tarball no local data for chalk@https://registry.npmjs.org/chalk/-/chalk-4.1.2.tgz. Extracting by manifest.
4819 silly tarball no local data for @xmldom/xmldom@https://registry.npmjs.org/@xmldom/xmldom/-/xmldom-0.9.10.tgz. Extracting by manifest.
4820 silly tarball no local data for picomatch@https://registry.npmjs.org/picomatch/-/picomatch-4.0.5.tgz. Extracting by manifest.
4821 silly tarball no local data for source-map@https://registry.npmjs.org/source-map/-/source-map-0.6.1.tgz. Extracting by manifest.
4822 silly tarball no local data for fdir@https://registry.npmjs.org/fdir/-/fdir-6.5.0.tgz. Extracting by manifest.
4823 silly tarball no local data for statuses@https://registry.npmjs.org/statuses/-/statuses-2.0.2.tgz. Extracting by manifest.
4824 silly tarball no local data for statuses@https://registry.npmjs.org/statuses/-/statuses-2.0.2.tgz. Extracting by manifest.
4825 silly tarball no local data for on-finished@https://registry.npmjs.org/on-finished/-/on-finished-2.4.1.tgz. Extracting by manifest.
4826 silly tarball no local data for encodeurl@https://registry.npmjs.org/encodeurl/-/encodeurl-2.0.0.tgz. Extracting by manifest.
4827 silly tarball no local data for debug@https://registry.npmjs.org/debug/-/debug-2.6.9.tgz. Extracting by manifest.
4828 silly tarball no local data for ms@https://registry.npmjs.org/ms/-/ms-2.0.0.tgz. Extracting by manifest.
4829 silly tarball no local data for p-limit@https://registry.npmjs.org/p-limit/-/p-limit-2.3.0.tgz. Extracting by manifest.
4830 silly tarball no local data for ansi-styles@https://registry.npmjs.org/ansi-styles/-/ansi-styles-4.3.0.tgz. Extracting by manifest.
4831 silly tarball no local data for has-flag@https://registry.npmjs.org/has-flag/-/has-flag-4.0.0.tgz. Extracting by manifest.
4832 silly tarball no local data for chalk@https://registry.npmjs.org/chalk/-/chalk-4.1.2.tgz. Extracting by manifest.
4833 silly tarball no local data for @babel/code-frame@https://registry.npmjs.org/@babel/code-frame/-/code-frame-7.29.7.tgz. Extracting by manifest.
4834 silly tarball no local data for supports-color@https://registry.npmjs.org/supports-color/-/supports-color-7.2.0.tgz. Extracting by manifest.
4835 silly tarball no local data for brace-expansion@https://registry.npmjs.org/brace-expansion/-/brace-expansion-1.1.18.tgz. Extracting by manifest.
4836 silly tarball no local data for glob@https://registry.npmjs.org/glob/-/glob-7.2.3.tgz. Extracting by manifest.
4837 silly tarball no local data for minimatch@https://registry.npmjs.org/minimatch/-/minimatch-3.1.5.tgz. Extracting by manifest.
4838 silly tarball no local data for ms@https://registry.npmjs.org/ms/-/ms-2.0.0.tgz. Extracting by manifest.
4839 silly tarball no local data for debug@https://registry.npmjs.org/debug/-/debug-2.6.9.tgz. Extracting by manifest.
4840 silly tarball no local data for escape-string-regexp@https://registry.npmjs.org/escape-string-regexp/-/escape-string-regexp-2.0.0.tgz. Extracting by manifest.
4841 silly tarball no local data for balanced-match@https://registry.npmjs.org/balanced-match/-/balanced-match-1.0.2.tgz. Extracting by manifest.
4842 silly tarball no local data for semver@https://registry.npmjs.org/semver/-/semver-6.3.1.tgz. Extracting by manifest.
4843 silly tarball no local data for camelcase@https://registry.npmjs.org/camelcase/-/camelcase-5.3.1.tgz. Extracting by manifest.
4844 silly tarball no local data for minimatch@https://registry.npmjs.org/minimatch/-/minimatch-3.1.5.tgz. Extracting by manifest.
4845 silly tarball no local data for glob@https://registry.npmjs.org/glob/-/glob-7.2.3.tgz. Extracting by manifest.
4846 silly tarball no local data for brace-expansion@https://registry.npmjs.org/brace-expansion/-/brace-expansion-1.1.18.tgz. Extracting by manifest.
4847 silly tarball no local data for has-flag@https://registry.npmjs.org/has-flag/-/has-flag-4.0.0.tgz. Extracting by manifest.
4848 silly tarball no local data for ansi-styles@https://registry.npmjs.org/ansi-styles/-/ansi-styles-4.3.0.tgz. Extracting by manifest.
4849 silly tarball no local data for supports-color@https://registry.npmjs.org/supports-color/-/supports-color-7.2.0.tgz. Extracting by manifest.
4850 silly tarball no local data for chalk@https://registry.npmjs.org/chalk/-/chalk-4.1.2.tgz. Extracting by manifest.
4851 silly tarball no local data for encodeurl@https://registry.npmjs.org/encodeurl/-/encodeurl-2.0.0.tgz. Extracting by manifest.
4852 silly tarball no local data for ws@https://registry.npmjs.org/ws/-/ws-6.2.6.tgz. Extracting by manifest.
4853 silly tarball no local data for hermes-estree@https://registry.npmjs.org/hermes-estree/-/hermes-estree-0.29.1.tgz. Extracting by manifest.
4854 silly tarball no local data for hermes-parser@https://registry.npmjs.org/hermes-parser/-/hermes-parser-0.29.1.tgz. Extracting by manifest.
4855 silly tarball no local data for has-flag@https://registry.npmjs.org/has-flag/-/has-flag-4.0.0.tgz. Extracting by manifest.
4856 silly tarball no local data for ansi-styles@https://registry.npmjs.org/ansi-styles/-/ansi-styles-4.3.0.tgz. Extracting by manifest.
4857 silly tarball no local data for supports-color@https://registry.npmjs.org/supports-color/-/supports-color-7.2.0.tgz. Extracting by manifest.
4858 silly tarball no local data for chalk@https://registry.npmjs.org/chalk/-/chalk-4.1.2.tgz. Extracting by manifest.
4859 silly tarball no local data for balanced-match@https://registry.npmjs.org/balanced-match/-/balanced-match-1.0.2.tgz. Extracting by manifest.
4860 silly tarball no local data for ansi-styles@https://registry.npmjs.org/ansi-styles/-/ansi-styles-4.3.0.tgz. Extracting by manifest.
4861 silly tarball no local data for balanced-match@https://registry.npmjs.org/balanced-match/-/balanced-match-1.0.2.tgz. Extracting by manifest.
4862 silly tarball no local data for hermes-parser@https://registry.npmjs.org/hermes-parser/-/hermes-parser-0.29.1.tgz. Extracting by manifest.
4863 silly tarball no local data for minimatch@https://registry.npmjs.org/minimatch/-/minimatch-3.1.5.tgz. Extracting by manifest.
4864 silly tarball no local data for glob@https://registry.npmjs.org/glob/-/glob-7.2.3.tgz. Extracting by manifest.
4865 silly tarball no local data for @babel/code-frame@https://registry.npmjs.org/@babel/code-frame/-/code-frame-7.29.7.tgz. Extracting by manifest.
4866 silly tarball no local data for hermes-estree@https://registry.npmjs.org/hermes-estree/-/hermes-estree-0.29.1.tgz. Extracting by manifest.
4867 silly tarball no local data for commander@https://registry.npmjs.org/commander/-/commander-2.20.3.tgz. Extracting by manifest.
4868 silly tarball no local data for has-flag@https://registry.npmjs.org/has-flag/-/has-flag-4.0.0.tgz. Extracting by manifest.
4869 silly tarball no local data for ansi-styles@https://registry.npmjs.org/ansi-styles/-/ansi-styles-4.3.0.tgz. Extracting by manifest.
4870 silly tarball no local data for supports-color@https://registry.npmjs.org/supports-color/-/supports-color-7.2.0.tgz. Extracting by manifest.
4871 silly tarball no local data for chalk@https://registry.npmjs.org/chalk/-/chalk-4.1.2.tgz. Extracting by manifest.
4872 silly tarball no local data for has-flag@https://registry.npmjs.org/has-flag/-/has-flag-4.0.0.tgz. Extracting by manifest.
4873 silly tarball no local data for ansi-styles@https://registry.npmjs.org/ansi-styles/-/ansi-styles-4.3.0.tgz. Extracting by manifest.
4874 silly tarball no local data for supports-color@https://registry.npmjs.org/supports-color/-/supports-color-7.2.0.tgz. Extracting by manifest.
4875 silly tarball no local data for chalk@https://registry.npmjs.org/chalk/-/chalk-4.1.2.tgz. Extracting by manifest.
4876 silly tarball no local data for supports-color@https://registry.npmjs.org/supports-color/-/supports-color-7.2.0.tgz. Extracting by manifest.
4877 silly tarball no local data for ansi-styles@https://registry.npmjs.org/ansi-styles/-/ansi-styles-4.3.0.tgz. Extracting by manifest.
4878 silly tarball no local data for has-flag@https://registry.npmjs.org/has-flag/-/has-flag-4.0.0.tgz. Extracting by manifest.
4879 silly tarball no local data for ci-info@https://registry.npmjs.org/ci-info/-/ci-info-3.9.0.tgz. Extracting by manifest.
4880 silly tarball no local data for ms@https://registry.npmjs.org/ms/-/ms-2.0.0.tgz. Extracting by manifest.
4881 silly tarball no local data for debug@https://registry.npmjs.org/debug/-/debug-2.6.9.tgz. Extracting by manifest.
4882 silly tarball no local data for chalk@https://registry.npmjs.org/chalk/-/chalk-4.1.2.tgz. Extracting by manifest.
4883 silly tarball no local data for semver@https://registry.npmjs.org/semver/-/semver-6.3.1.tgz. Extracting by manifest.
4884 silly tarball no local data for debug@https://registry.npmjs.org/debug/-/debug-2.6.9.tgz. Extracting by manifest.
4885 silly tarball no local data for brace-expansion@https://registry.npmjs.org/brace-expansion/-/brace-expansion-1.1.18.tgz. Extracting by manifest.
4886 silly tarball no local data for ms@https://registry.npmjs.org/ms/-/ms-2.0.0.tgz. Extracting by manifest.
4887 silly tarball no local data for has-flag@https://registry.npmjs.org/has-flag/-/has-flag-4.0.0.tgz. Extracting by manifest.
4888 silly tarball no local data for @babel/code-frame@https://registry.npmjs.org/@babel/code-frame/-/code-frame-7.29.7.tgz. Extracting by manifest.
4889 silly tarball no local data for @babel/code-frame@https://registry.npmjs.org/@babel/code-frame/-/code-frame-7.29.7.tgz. Extracting by manifest.
4890 silly tarball no local data for supports-color@https://registry.npmjs.org/supports-color/-/supports-color-8.1.1.tgz. Extracting by manifest.
4891 silly tarball no local data for @babel/code-frame@https://registry.npmjs.org/@babel/code-frame/-/code-frame-7.29.7.tgz. Extracting by manifest.
4892 silly tarball no local data for color-convert@https://registry.npmjs.org/color-convert/-/color-convert-1.9.3.tgz. Extracting by manifest.
4893 silly tarball no local data for lru-cache@https://registry.npmjs.org/lru-cache/-/lru-cache-11.5.2.tgz. Extracting by manifest.
4894 silly tarball no local data for semver@https://registry.npmjs.org/semver/-/semver-6.3.1.tgz. Extracting by manifest.
4895 silly tarball no local data for supports-color@https://registry.npmjs.org/supports-color/-/supports-color-7.2.0.tgz. Extracting by manifest.
4896 silly tarball no local data for color-name@https://registry.npmjs.org/color-name/-/color-name-1.1.3.tgz. Extracting by manifest.
4897 silly tarball no local data for ansi-styles@https://registry.npmjs.org/ansi-styles/-/ansi-styles-4.3.0.tgz. Extracting by manifest.
4898 silly tarball no local data for @babel/code-frame@https://registry.npmjs.org/@babel/code-frame/-/code-frame-7.29.7.tgz. Extracting by manifest.
4899 silly tarball no local data for chalk@https://registry.npmjs.org/chalk/-/chalk-4.1.2.tgz. Extracting by manifest.
4900 silly tarball no local data for escape-string-regexp@https://registry.npmjs.org/escape-string-regexp/-/escape-string-regexp-1.0.5.tgz. Extracting by manifest.
4901 silly tarball no local data for has-flag@https://registry.npmjs.org/has-flag/-/has-flag-4.0.0.tgz. Extracting by manifest.
4902 silly tarball no local data for xmlbuilder@https://registry.npmjs.org/xmlbuilder/-/xmlbuilder-11.0.1.tgz. Extracting by manifest.
4903 silly tarball no local data for @babel/code-frame@https://registry.npmjs.org/@babel/code-frame/-/code-frame-7.29.7.tgz. Extracting by manifest.
4904 silly tarball no local data for react-is@https://registry.npmjs.org/react-is/-/react-is-18.3.1.tgz. Extracting by manifest.
4905 silly tarball no local data for ansi-styles@https://registry.npmjs.org/ansi-styles/-/ansi-styles-5.2.0.tgz. Extracting by manifest.
4906 silly tarball no local data for commander@https://registry.npmjs.org/commander/-/commander-4.1.1.tgz. Extracting by manifest.
4907 silly tarball no local data for supports-color@https://registry.npmjs.org/supports-color/-/supports-color-7.2.0.tgz. Extracting by manifest.
4908 silly tarball no local data for chalk@https://registry.npmjs.org/chalk/-/chalk-4.1.2.tgz. Extracting by manifest.
4909 silly tarball no local data for ansi-styles@https://registry.npmjs.org/ansi-styles/-/ansi-styles-4.3.0.tgz. Extracting by manifest.
4910 silly tarball no local data for has-flag@https://registry.npmjs.org/has-flag/-/has-flag-4.0.0.tgz. Extracting by manifest.
4911 silly tarball no local data for chalk@https://registry.npmjs.org/chalk/-/chalk-4.1.2.tgz. Extracting by manifest.
4912 silly tarball no local data for supports-color@https://registry.npmjs.org/supports-color/-/supports-color-7.2.0.tgz. Extracting by manifest.
4913 silly tarball no local data for has-flag@https://registry.npmjs.org/has-flag/-/has-flag-4.0.0.tgz. Extracting by manifest.
4914 silly tarball no local data for ansi-styles@https://registry.npmjs.org/ansi-styles/-/ansi-styles-4.3.0.tgz. Extracting by manifest.
4915 silly tarball no local data for ansi-styles@https://registry.npmjs.org/ansi-styles/-/ansi-styles-4.3.0.tgz. Extracting by manifest.
4916 silly tarball no local data for has-flag@https://registry.npmjs.org/has-flag/-/has-flag-4.0.0.tgz. Extracting by manifest.
4917 silly tarball no local data for has-flag@https://registry.npmjs.org/has-flag/-/has-flag-4.0.0.tgz. Extracting by manifest.
4918 silly tarball no local data for supports-color@https://registry.npmjs.org/supports-color/-/supports-color-7.2.0.tgz. Extracting by manifest.
4919 silly tarball no local data for chalk@https://registry.npmjs.org/chalk/-/chalk-4.1.2.tgz. Extracting by manifest.
4920 silly tarball no local data for chalk@https://registry.npmjs.org/chalk/-/chalk-4.1.2.tgz. Extracting by manifest.
4921 silly tarball no local data for supports-color@https://registry.npmjs.org/supports-color/-/supports-color-7.2.0.tgz. Extracting by manifest.
4922 silly tarball no local data for ansi-styles@https://registry.npmjs.org/ansi-styles/-/ansi-styles-4.3.0.tgz. Extracting by manifest.
4923 silly tarball no local data for has-flag@https://registry.npmjs.org/has-flag/-/has-flag-4.0.0.tgz. Extracting by manifest.
4924 silly tarball no local data for @expo/json-file@https://registry.npmjs.org/@expo/json-file/-/json-file-10.0.16.tgz. Extracting by manifest.
4925 silly tarball no local data for hermes-parser@https://registry.npmjs.org/hermes-parser/-/hermes-parser-0.29.1.tgz. Extracting by manifest.
4926 silly tarball no local data for balanced-match@https://registry.npmjs.org/balanced-match/-/balanced-match-1.0.2.tgz. Extracting by manifest.
4927 silly tarball no local data for ansi-styles@https://registry.npmjs.org/ansi-styles/-/ansi-styles-4.3.0.tgz. Extracting by manifest.
4928 silly tarball no local data for brace-expansion@https://registry.npmjs.org/brace-expansion/-/brace-expansion-2.1.4.tgz. Extracting by manifest.
4929 silly tarball no local data for supports-color@https://registry.npmjs.org/supports-color/-/supports-color-7.2.0.tgz. Extracting by manifest.
4930 silly tarball no local data for hermes-estree@https://registry.npmjs.org/hermes-estree/-/hermes-estree-0.29.1.tgz. Extracting by manifest.
4931 silly tarball no local data for @expo/json-file@https://registry.npmjs.org/@expo/json-file/-/json-file-10.0.16.tgz. Extracting by manifest.
4932 silly tarball no local data for @babel/code-frame@https://registry.npmjs.org/@babel/code-frame/-/code-frame-7.29.7.tgz. Extracting by manifest.
4933 silly tarball no local data for picomatch@https://registry.npmjs.org/picomatch/-/picomatch-4.0.5.tgz. Extracting by manifest.
4934 silly tarball no local data for @babel/code-frame@https://registry.npmjs.org/@babel/code-frame/-/code-frame-7.10.4.tgz. Extracting by manifest.
4935 silly tarball no local data for minimatch@https://registry.npmjs.org/minimatch/-/minimatch-9.0.9.tgz. Extracting by manifest.
4936 silly tarball no local data for ws@https://registry.npmjs.org/ws/-/ws-8.21.3.tgz. Extracting by manifest.
4937 silly tarball no local data for chalk@https://registry.npmjs.org/chalk/-/chalk-4.1.2.tgz. Extracting by manifest.
4938 silly tarball no local data for ci-info@https://registry.npmjs.org/ci-info/-/ci-info-3.9.0.tgz. Extracting by manifest.
4939 silly tarball no local data for expo-constants@https://registry.npmjs.org/expo-constants/-/expo-constants-18.0.13.tgz. Extracting by manifest.
4940 silly tarball no local data for expo-keep-awake@https://registry.npmjs.org/expo-keep-awake/-/expo-keep-awake-15.0.8.tgz. Extracting by manifest.
4941 silly tarball no local data for expo-asset@https://registry.npmjs.org/expo-asset/-/expo-asset-12.0.13.tgz. Extracting by manifest.
4942 silly tarball no local data for expo-file-system@https://registry.npmjs.org/expo-file-system/-/expo-file-system-19.0.23.tgz. Extracting by manifest.
4943 silly tarball no local data for @expo/vector-icons@https://registry.npmjs.org/@expo/vector-icons/-/vector-icons-15.1.1.tgz. Extracting by manifest.
4944 silly tarball no local data for babel-preset-expo@https://registry.npmjs.org/babel-preset-expo/-/babel-preset-expo-54.0.12.tgz. Extracting by manifest.
4945 silly tarball no local data for @expo/prebuild-config@https://registry.npmjs.org/@expo/prebuild-config/-/prebuild-config-54.0.9.tgz. Extracting by manifest.
4946 silly tarball no local data for balanced-match@https://registry.npmjs.org/balanced-match/-/balanced-match-1.0.2.tgz. Extracting by manifest.
4947 silly tarball no local data for @expo/metro-config@https://registry.npmjs.org/@expo/metro-config/-/metro-config-54.0.17.tgz. Extracting by manifest.
4948 silly tarball no local data for @expo/cli@https://registry.npmjs.org/@expo/cli/-/cli-54.0.26.tgz. Extracting by manifest.
4949 silly tarball no local data for brace-expansion@https://registry.npmjs.org/brace-expansion/-/brace-expansion-1.1.18.tgz. Extracting by manifest.
4950 silly tarball no local data for ws@https://registry.npmjs.org/ws/-/ws-6.2.6.tgz. Extracting by manifest.
4951 silly tarball no local data for minimatch@https://registry.npmjs.org/minimatch/-/minimatch-3.1.5.tgz. Extracting by manifest.
4952 silly tarball no local data for glob@https://registry.npmjs.org/glob/-/glob-7.2.3.tgz. Extracting by manifest.
4953 silly tarball no local data for @react-native/virtualized-lists@https://registry.npmjs.org/@react-native/virtualized-lists/-/virtualized-lists-0.81.5.tgz. Extracting by manifest.
4954 silly tarball no local data for commander@https://registry.npmjs.org/commander/-/commander-12.1.0.tgz. Extracting by manifest.
4955 http fetch POST 200 https://registry.npmjs.org/-/npm/v1/security/advisories/bulk 358ms
4956 silly audit report {
4956 silly audit report   'image-size': [
4956 silly audit report     {
4956 silly audit report       id: 1138808,
4956 silly audit report       url: 'https://github.com/advisories/GHSA-w3rx-r6r6-pgpr',
4956 silly audit report       title: 'image-size: ICNS parser allows denial of service through an infinite loop',
4956 silly audit report       severity: 'high',
4956 silly audit report       vulnerable_versions: '<=2.0.2',
4956 silly audit report       cwe: [Array],
4956 silly audit report       cvss: [Object]
4956 silly audit report     },
4956 silly audit report     {
4956 silly audit report       id: 1138809,
4956 silly audit report       url: 'https://github.com/advisories/GHSA-5p2g-fcmc-qvqq',
4956 silly audit report       title: 'image-size: JXL and HEIF parsers allow denial of service through infinite loops',
4956 silly audit report       severity: 'high',
4956 silly audit report       vulnerable_versions: '<=2.0.2',
4956 silly audit report       cwe: [Array],
4956 silly audit report       cvss: [Object]
4956 silly audit report     }
4956 silly audit report   ],
4956 silly audit report   uuid: [
4956 silly audit report     {
4956 silly audit report       id: 1119441,
4956 silly audit report       url: 'https://github.com/advisories/GHSA-w5hq-g745-h8pq',
4956 silly audit report       title: 'uuid: Missing buffer bounds check in v3/v5/v6 when buf is provided',
4956 silly audit report       severity: 'moderate',
4956 silly audit report       vulnerable_versions: '<11.1.1',
4956 silly audit report       cwe: [Array],
4956 silly audit report       cvss: [Object]
4956 silly audit report     }
4956 silly audit report   ],
4956 silly audit report   postcss: [
4956 silly audit report     {
4956 silly audit report       id: 1130709,
4956 silly audit report       url: 'https://github.com/advisories/GHSA-fxqj-rqcc-2cmp',
4956 silly audit report       title: 'PostCSS: incomplete fix of GHSA-6g55-p6wh-862q — attacker-controlled sourceMappingURL reads arbitrary .map files when `from` is unset',
4956 silly audit report       severity: 'moderate',
4956 silly audit report       vulnerable_versions: '<=8.5.22',
4956 silly audit report       cwe: [Array],
4956 silly audit report       cvss: [Object]
4956 silly audit report     },
4956 silly audit report     {
4956 silly audit report       id: 1117015,
4956 silly audit report       url: 'https://github.com/advisories/GHSA-qx2v-qp2m-jg93',
4956 silly audit report       title: 'PostCSS has XSS via Unescaped </style> in its CSS Stringify Output',
4956 silly audit report       severity: 'moderate',
4956 silly audit report       vulnerable_versions: '<8.5.10',
4956 silly audit report       cwe: [Array],
4956 silly audit report       cvss: [Object]
4956 silly audit report     },
4956 silly audit report     {
4956 silly audit report       id: 1124252,
4956 silly audit report       url: 'https://github.com/advisories/GHSA-6g55-p6wh-862q',
4956 silly audit report       title: 'PostCSS: Arbitrary file read and information disclosure via attacker-controlled sourceMappingURL in CSS comments',
4956 silly audit report       severity: 'high',
4956 silly audit report       vulnerable_versions: '<=8.5.11',
4956 silly audit report       cwe: [Array],
4956 silly audit report       cvss: [Object]
4956 silly audit report     },
4956 silly audit report     {
4956 silly audit report       id: 1124288,
4956 silly audit report       url: 'https://github.com/advisories/GHSA-r28c-9q8g-f849',
4956 silly audit report       title: 'PostCSS: Path Traversal in Previous Source Map Auto-Loading (sourceMappingURL) leads to Arbitrary .map File Disclosure',
4956 silly audit report       severity: 'high',
4956 silly audit report       vulnerable_versions: '<=8.5.17',
4956 silly audit report       cwe: [Array],
4956 silly audit report       cvss: [Object]
4956 silly audit report     }
4956 silly audit report   ]
4956 silly audit report }
4957 silly packumentCache corgi:https://registry.npmjs.org/image-size cache-miss
4958 silly packumentCache corgi:https://registry.npmjs.org/uuid cache-miss
4959 silly packumentCache corgi:https://registry.npmjs.org/postcss cache-miss
4960 http fetch GET 200 https://registry.npmjs.org/p-try/-/p-try-2.2.0.tgz 213ms (cache miss)
4961 http fetch GET 200 https://registry.npmjs.org/unicode-match-property-ecmascript/-/unicode-match-property-ecmascript-2.0.0.tgz 212ms (cache miss)
4962 http fetch GET 200 https://registry.npmjs.org/unicode-canonical-property-names-ecmascript/-/unicode-canonical-property-names-ecmascript-2.0.1.tgz 213ms (cache miss)
4963 http fetch GET 200 https://registry.npmjs.org/unicode-property-aliases-ecmascript/-/unicode-property-aliases-ecmascript-2.2.0.tgz 213ms (cache miss)
4964 http fetch GET 200 https://registry.npmjs.org/regjsgen/-/regjsgen-0.8.0.tgz 213ms (cache miss)
4965 http fetch GET 200 https://registry.npmjs.org/regjsparser/-/regjsparser-0.13.2.tgz 215ms (cache miss)
4966 http fetch GET 200 https://registry.npmjs.org/@babel/helper-remap-async-to-generator/-/helper-remap-async-to-generator-7.29.7.tgz 253ms (cache miss)
4967 http fetch GET 200 https://registry.npmjs.org/lodash.debounce/-/lodash.debounce-4.0.8.tgz 253ms (cache miss)
4968 http fetch GET 200 https://registry.npmjs.org/@babel/plugin-transform-sticky-regex/-/plugin-transform-sticky-regex-7.29.7.tgz 255ms (cache miss)
4969 http fetch GET 200 https://registry.npmjs.org/@babel/plugin-transform-shorthand-properties/-/plugin-transform-shorthand-properties-7.29.7.tgz 264ms (cache miss)
4970 http fetch GET 200 https://registry.npmjs.org/@react-native/babel-plugin-codegen/-/babel-plugin-codegen-0.81.5.tgz 273ms (cache miss)
4971 http fetch GET 200 https://registry.npmjs.org/@babel/plugin-transform-unicode-regex/-/plugin-transform-unicode-regex-7.29.7.tgz 279ms (cache miss)
4972 http fetch GET 200 https://registry.npmjs.org/@babel/plugin-transform-react-jsx-source/-/plugin-transform-react-jsx-source-7.29.7.tgz 303ms (cache miss)
4973 http fetch GET 200 https://registry.npmjs.org/@babel/plugin-transform-spread/-/plugin-transform-spread-7.29.8.tgz 308ms (cache miss)
4974 http fetch GET 200 https://registry.npmjs.org/@babel/plugin-transform-regenerator/-/plugin-transform-regenerator-7.29.8.tgz 311ms (cache miss)
4975 http fetch GET 200 https://registry.npmjs.org/unicode-match-property-value-ecmascript/-/unicode-match-property-value-ecmascript-2.2.1.tgz 314ms (cache miss)
4976 http fetch GET 200 https://registry.npmjs.org/@babel/plugin-transform-nullish-coalescing-operator/-/plugin-transform-nullish-coalescing-operator-7.29.7.tgz 329ms (cache miss)
4977 http fetch GET 200 https://registry.npmjs.org/regexpu-core/-/regexpu-core-6.4.0.tgz 337ms (cache miss)
4978 http fetch GET 200 https://registry.npmjs.org/regenerate/-/regenerate-1.4.2.tgz 372ms (cache miss)
4979 http fetch GET 200 https://registry.npmjs.org/@babel/helper-create-regexp-features-plugin/-/helper-create-regexp-features-plugin-7.29.7.tgz 391ms (cache miss)
4980 http fetch GET 200 https://registry.npmjs.org/@babel/plugin-transform-numeric-separator/-/plugin-transform-numeric-separator-7.29.7.tgz 405ms (cache miss)
4981 http fetch GET 200 https://registry.npmjs.org/@babel/helper-define-polyfill-provider/-/helper-define-polyfill-provider-0.6.8.tgz 426ms (cache miss)
4982 http fetch GET 200 https://registry.npmjs.org/@babel/plugin-transform-named-capturing-groups-regex/-/plugin-transform-named-capturing-groups-regex-7.29.7.tgz 457ms (cache miss)
4983 http fetch GET 200 https://registry.npmjs.org/core-js-compat/-/core-js-compat-3.50.0.tgz 464ms (cache miss)
4984 http fetch GET 200 https://registry.npmjs.org/@babel/plugin-transform-computed-properties/-/plugin-transform-computed-properties-7.29.7.tgz 465ms (cache miss)
4985 http fetch GET 200 https://registry.npmjs.org/@babel/plugin-transform-literals/-/plugin-transform-literals-7.29.7.tgz 469ms (cache miss)
4986 http fetch GET 200 https://registry.npmjs.org/regenerate-unicode-properties/-/regenerate-unicode-properties-10.2.2.tgz 490ms (cache miss)
4987 http fetch GET 200 https://registry.npmjs.org/@babel/plugin-transform-classes/-/plugin-transform-classes-7.29.7.tgz 495ms (cache miss)
4988 http fetch GET 200 https://registry.npmjs.org/@babel/plugin-transform-class-properties/-/plugin-transform-class-properties-7.29.7.tgz 517ms (cache miss)
4989 http fetch GET 200 https://registry.npmjs.org/@babel/plugin-transform-async-generator-functions/-/plugin-transform-async-generator-functions-7.29.7.tgz 517ms (cache miss)
4990 http fetch GET 200 https://registry.npmjs.org/@babel/plugin-transform-optional-catch-binding/-/plugin-transform-optional-catch-binding-7.29.7.tgz 528ms (cache miss)
4991 http fetch GET 200 https://registry.npmjs.org/@babel/plugin-transform-react-jsx-self/-/plugin-transform-react-jsx-self-7.29.7.tgz 534ms (cache miss)
4992 http fetch GET 200 https://registry.npmjs.org/@babel/plugin-transform-for-of/-/plugin-transform-for-of-7.29.7.tgz 534ms (cache miss)
4993 http fetch GET 200 https://registry.npmjs.org/@babel/plugin-syntax-dynamic-import/-/plugin-syntax-dynamic-import-7.8.3.tgz 545ms (cache miss)
4994 http fetch GET 200 https://registry.npmjs.org/@babel/plugin-syntax-typescript/-/plugin-syntax-typescript-7.29.7.tgz 544ms (cache miss)
4995 http fetch GET 200 https://registry.npmjs.org/@babel/helper-wrap-function/-/helper-wrap-function-7.29.7.tgz 550ms (cache miss)
4996 http fetch GET 200 https://registry.npmjs.org/@babel/plugin-transform-react-pure-annotations/-/plugin-transform-react-pure-annotations-7.29.7.tgz 547ms (cache miss)
4997 http fetch GET 200 https://registry.npmjs.org/@babel/plugin-transform-function-name/-/plugin-transform-function-name-7.29.7.tgz 566ms (cache miss)
4998 http fetch GET 200 https://registry.npmjs.org/@babel/plugin-transform-optional-chaining/-/plugin-transform-optional-chaining-7.29.7.tgz 572ms (cache miss)
4999 http fetch GET 200 https://registry.npmjs.org/@babel/plugin-transform-arrow-functions/-/plugin-transform-arrow-functions-7.29.7.tgz 571ms (cache miss)
5000 http fetch GET 200 https://registry.npmjs.org/@babel/plugin-transform-typescript/-/plugin-transform-typescript-7.29.7.tgz 571ms (cache miss)
5001 http fetch GET 200 https://registry.npmjs.org/babel-plugin-polyfill-regenerator/-/babel-plugin-polyfill-regenerator-0.6.8.tgz 578ms (cache miss)
5002 http fetch GET 200 https://registry.npmjs.org/@babel/plugin-syntax-jsx/-/plugin-syntax-jsx-7.29.7.tgz 581ms (cache miss)
5003 http fetch GET 200 https://registry.npmjs.org/@babel/plugin-transform-react-jsx/-/plugin-transform-react-jsx-7.29.7.tgz 582ms (cache miss)
5004 http fetch GET 200 https://registry.npmjs.org/babel-plugin-polyfill-corejs2/-/babel-plugin-polyfill-corejs2-0.4.17.tgz 597ms (cache miss)
5005 http fetch GET 200 https://registry.npmjs.org/@babel/plugin-transform-react-display-name/-/plugin-transform-react-display-name-7.29.7.tgz 605ms (cache miss)
5006 http fetch GET 200 https://registry.npmjs.org/@babel/plugin-transform-logical-assignment-operators/-/plugin-transform-logical-assignment-operators-7.29.7.tgz 616ms (cache miss)
5007 http fetch GET 200 https://registry.npmjs.org/@babel/helper-skip-transparent-expression-wrappers/-/helper-skip-transparent-expression-wrappers-7.29.7.tgz 617ms (cache miss)
5008 http fetch GET 200 https://registry.npmjs.org/@babel/plugin-syntax-flow/-/plugin-syntax-flow-7.29.7.tgz 641ms (cache miss)
5009 http fetch GET 200 https://registry.npmjs.org/@babel/helper-optimise-call-expression/-/helper-optimise-call-expression-7.29.7.tgz 643ms (cache miss)
5010 http fetch GET 200 https://registry.npmjs.org/@babel/helper-annotate-as-pure/-/helper-annotate-as-pure-7.29.7.tgz 642ms (cache miss)
5011 http fetch GET 200 https://registry.npmjs.org/@babel/plugin-syntax-decorators/-/plugin-syntax-decorators-7.29.7.tgz 642ms (cache miss)
5012 http fetch GET 200 https://registry.npmjs.org/@babel/plugin-transform-async-to-generator/-/plugin-transform-async-to-generator-7.29.7.tgz 658ms (cache miss)
5013 http fetch GET 200 https://registry.npmjs.org/babel-plugin-transform-flow-enums/-/babel-plugin-transform-flow-enums-0.0.2.tgz 664ms (cache miss)
5014 http fetch GET 200 https://registry.npmjs.org/babel-plugin-react-native-web/-/babel-plugin-react-native-web-0.21.2.tgz 685ms (cache miss)
5015 http fetch GET 200 https://registry.npmjs.org/@babel/helper-member-expression-to-functions/-/helper-member-expression-to-functions-7.29.7.tgz 691ms (cache miss)
5016 http fetch GET 200 https://registry.npmjs.org/@babel/helper-create-class-features-plugin/-/helper-create-class-features-plugin-7.29.7.tgz 754ms (cache miss)
5017 http fetch GET 200 https://registry.npmjs.org/babel-plugin-polyfill-corejs3/-/babel-plugin-polyfill-corejs3-0.13.0.tgz 755ms (cache miss)
5018 http fetch GET 200 https://registry.npmjs.org/@babel/preset-react/-/preset-react-7.29.7.tgz 760ms (cache miss)
5019 http fetch GET 200 https://registry.npmjs.org/@babel/plugin-transform-block-scoping/-/plugin-transform-block-scoping-7.29.7.tgz 768ms (cache miss)
5020 http fetch GET 200 https://registry.npmjs.org/@babel/plugin-transform-private-methods/-/plugin-transform-private-methods-7.29.7.tgz 768ms (cache miss)
5021 http fetch GET 200 https://registry.npmjs.org/@babel/plugin-transform-runtime/-/plugin-transform-runtime-7.29.7.tgz 773ms (cache miss)
5022 http fetch GET 200 https://registry.npmjs.org/@babel/helper-replace-supers/-/helper-replace-supers-7.29.7.tgz 798ms (cache miss)
5023 http fetch GET 200 https://registry.npmjs.org/@babel/plugin-transform-react-jsx-development/-/plugin-transform-react-jsx-development-7.29.7.tgz 809ms (cache miss)
5024 http fetch GET 200 https://registry.npmjs.org/@babel/plugin-transform-destructuring/-/plugin-transform-destructuring-7.29.7.tgz 813ms (cache miss)
5025 http fetch GET 200 https://registry.npmjs.org/@babel/plugin-syntax-export-default-from/-/plugin-syntax-export-default-from-7.29.7.tgz 811ms (cache miss)
5026 http fetch GET 200 https://registry.npmjs.org/@babel/plugin-transform-parameters/-/plugin-transform-parameters-7.29.7.tgz 815ms (cache miss)
5027 http fetch GET 200 https://registry.npmjs.org/@babel/plugin-transform-object-rest-spread/-/plugin-transform-object-rest-spread-7.29.7.tgz 817ms (cache miss)
5028 http fetch GET 200 https://registry.npmjs.org/@babel/plugin-transform-export-namespace-from/-/plugin-transform-export-namespace-from-7.29.7.tgz 836ms (cache miss)
5029 http fetch GET 200 https://registry.npmjs.org/@babel/plugin-proposal-export-default-from/-/plugin-proposal-export-default-from-7.29.7.tgz 844ms (cache miss)
5030 http fetch GET 200 https://registry.npmjs.org/detect-libc/-/detect-libc-2.1.2.tgz 844ms (cache miss)
5031 http fetch GET 200 https://registry.npmjs.org/@babel/plugin-transform-class-static-block/-/plugin-transform-class-static-block-7.29.7.tgz 857ms (cache miss)
5032 http fetch GET 200 https://registry.npmjs.org/@react-native/babel-preset/-/babel-preset-0.81.5.tgz 867ms (cache miss)
5033 http fetch GET 200 https://registry.npmjs.org/define-lazy-prop/-/define-lazy-prop-2.0.0.tgz 873ms (cache miss)
5034 http fetch GET 200 https://registry.npmjs.org/@babel/plugin-proposal-decorators/-/plugin-proposal-decorators-7.29.7.tgz 877ms (cache miss)
5035 http fetch GET 200 https://registry.npmjs.org/@babel/plugin-transform-flow-strip-types/-/plugin-transform-flow-strip-types-7.29.7.tgz 910ms (cache miss)
5036 http fetch GET 200 https://registry.npmjs.org/source-map-js/-/source-map-js-1.2.1.tgz 935ms (cache miss)
5037 http fetch GET 200 https://registry.npmjs.org/defaults/-/defaults-1.0.4.tgz 957ms (cache miss)
5038 http fetch GET 200 https://registry.npmjs.org/clone/-/clone-1.0.4.tgz 1004ms (cache miss)
5039 http fetch GET 200 https://registry.npmjs.org/ansi-escapes/-/ansi-escapes-4.3.2.tgz 1008ms (cache miss)
5040 http fetch GET 200 https://registry.npmjs.org/lightningcss/-/lightningcss-1.33.0.tgz 1009ms (cache miss)
5041 http fetch GET 200 https://registry.npmjs.org/@babel/plugin-transform-private-property-in-object/-/plugin-transform-private-property-in-object-7.29.7.tgz 1015ms (cache miss)
5042 http fetch GET 200 https://registry.npmjs.org/onetime/-/onetime-2.0.1.tgz 1065ms (cache miss)
5043 http fetch GET 200 https://registry.npmjs.org/mimic-fn/-/mimic-fn-1.2.0.tgz 1066ms (cache miss)
5044 http fetch GET 200 https://registry.npmjs.org/supports-hyperlinks/-/supports-hyperlinks-2.3.0.tgz 1070ms (cache miss)
5045 http fetch GET 200 https://registry.npmjs.org/postcss/-/postcss-8.4.49.tgz 1073ms (cache miss)
5046 http fetch GET 200 https://registry.npmjs.org/chownr/-/chownr-3.0.0.tgz 1072ms (cache miss)
5047 http fetch GET 200 https://registry.npmjs.org/@babel/preset-typescript/-/preset-typescript-7.29.7.tgz 1079ms (cache miss)
5048 http fetch GET 200 https://registry.npmjs.org/function-bind/-/function-bind-1.1.2.tgz 1099ms (cache miss)
5049 http fetch GET 200 https://registry.npmjs.org/hasown/-/hasown-2.0.4.tgz 1131ms (cache miss)
5050 http fetch GET 200 https://registry.npmjs.org/supports-preserve-symlinks-flag/-/supports-preserve-symlinks-flag-1.0.0.tgz 1148ms (cache miss)
5051 http fetch GET 200 https://registry.npmjs.org/is-core-module/-/is-core-module-2.16.2.tgz 1170ms (cache miss)
5052 http fetch GET 200 https://registry.npmjs.org/es-errors/-/es-errors-1.3.0.tgz 1171ms (cache miss)
5053 http fetch GET 200 https://registry.npmjs.org/minizlib/-/minizlib-3.1.0.tgz 1173ms (cache miss)
5054 http fetch GET 200 https://registry.npmjs.org/path-parse/-/path-parse-1.0.7.tgz 1173ms (cache miss)
5055 http fetch GET 200 https://registry.npmjs.org/strip-json-comments/-/strip-json-comments-2.0.1.tgz 1211ms (cache miss)
5056 http fetch GET 200 https://registry.npmjs.org/nested-error-stacks/-/nested-error-stacks-2.0.1.tgz 1215ms (cache miss)
5057 http fetch GET 200 https://registry.npmjs.org/ini/-/ini-1.3.8.tgz 1216ms (cache miss)
5058 http fetch GET 200 https://registry.npmjs.org/@isaacs/fs-minipass/-/fs-minipass-4.0.1.tgz 1228ms (cache miss)
5059 http fetch GET 200 https://registry.npmjs.org/sisteransi/-/sisteransi-1.0.5.tgz 1230ms (cache miss)
5060 http fetch GET 200 https://registry.npmjs.org/minimist/-/minimist-1.2.8.tgz 1245ms (cache miss)
5061 http fetch GET 200 https://registry.npmjs.org/kleur/-/kleur-3.0.3.tgz 1247ms (cache miss)
5062 http fetch GET 200 https://registry.npmjs.org/deep-extend/-/deep-extend-0.6.0.tgz 1292ms (cache miss)
5063 http fetch GET 200 https://registry.npmjs.org/log-symbols/-/log-symbols-2.2.0.tgz 1319ms (cache miss)
5064 http fetch GET 200 https://registry.npmjs.org/wcwidth/-/wcwidth-1.0.1.tgz 1323ms (cache miss)
5065 http fetch GET 200 https://registry.npmjs.org/restore-cursor/-/restore-cursor-2.0.0.tgz 1326ms (cache miss)
5066 http fetch GET 200 https://registry.npmjs.org/cli-spinners/-/cli-spinners-2.9.2.tgz 1326ms (cache miss)
5067 http fetch GET 200 https://registry.npmjs.org/validate-npm-package-name/-/validate-npm-package-name-5.0.1.tgz 1369ms (cache miss)
5068 http fetch GET 200 https://registry.npmjs.org/vary/-/vary-1.1.2.tgz 1369ms (cache miss)
5069 http fetch GET 200 https://registry.npmjs.org/proc-log/-/proc-log-4.2.0.tgz 1383ms (cache miss)
5070 http fetch GET 200 https://registry.npmjs.org/rc/-/rc-1.2.8.tgz 1385ms (cache miss)
5071 http fetch GET 200 https://registry.npmjs.org/cli-cursor/-/cli-cursor-2.1.0.tgz 1388ms (cache miss)
5072 http fetch GET 200 https://registry.npmjs.org/hosted-git-info/-/hosted-git-info-7.0.2.tgz 1402ms (cache miss)
5073 http fetch GET 200 https://registry.npmjs.org/on-headers/-/on-headers-1.1.0.tgz 1406ms (cache miss)
5074 http fetch GET 200 https://registry.npmjs.org/safe-buffer/-/safe-buffer-5.2.1.tgz 1431ms (cache miss)
5075 http fetch GET 200 https://registry.npmjs.org/compressible/-/compressible-2.0.18.tgz 1465ms (cache miss)
5076 http fetch GET 200 https://registry.npmjs.org/@babel/plugin-transform-modules-commonjs/-/plugin-transform-modules-commonjs-7.29.7.tgz 1473ms (cache miss)
5077 http fetch GET 200 https://registry.npmjs.org/wonka/-/wonka-6.3.6.tgz 1544ms (cache miss)
5078 http fetch GET 200 https://registry.npmjs.org/parse-png/-/parse-png-2.1.0.tgz 1547ms (cache miss)
5079 http fetch GET 200 https://registry.npmjs.org/dotenv-expand/-/dotenv-expand-11.0.7.tgz 1552ms (cache miss)
5080 http fetch GET 200 https://registry.npmjs.org/dotenv/-/dotenv-16.4.7.tgz 1620ms (cache miss)
5081 http fetch GET 200 https://registry.npmjs.org/resolve.exports/-/resolve.exports-2.0.3.tgz 1627ms (cache miss)
5082 http fetch GET 200 https://registry.npmjs.org/structured-headers/-/structured-headers-0.4.1.tgz 1664ms (cache miss)
5083 http fetch GET 200 https://registry.npmjs.org/bytes/-/bytes-3.1.2.tgz 1666ms (cache miss)
5084 http fetch GET 200 https://registry.npmjs.org/requireg/-/requireg-0.2.2.tgz 1756ms (cache miss)
5085 http fetch GET 200 https://registry.npmjs.org/qrcode-terminal/-/qrcode-terminal-0.11.0.tgz 1779ms (cache miss)
5086 http fetch GET 200 https://registry.npmjs.org/prompts/-/prompts-2.4.2.tgz 1783ms (cache miss)
5087 http fetch GET 200 https://registry.npmjs.org/@expo/require-utils/-/require-utils-55.0.6.tgz 1802ms (cache miss)
5088 http fetch GET 200 https://registry.npmjs.org/@expo/sudo-prompt/-/sudo-prompt-9.3.2.tgz 1833ms (cache miss)
5089 http fetch GET 200 https://registry.npmjs.org/pretty-bytes/-/pretty-bytes-5.6.0.tgz 1885ms (cache miss)
5090 http fetch GET 200 https://registry.npmjs.org/terminal-link/-/terminal-link-2.1.1.tgz 1885ms (cache miss)
5091 http fetch GET 200 https://registry.npmjs.org/progress/-/progress-2.0.3.tgz 1926ms (cache miss)
5092 http fetch GET 200 https://registry.npmjs.org/jimp-compact/-/jimp-compact-0.16.1.tgz 1945ms (cache miss)
5093 http fetch GET 200 https://registry.npmjs.org/resolve/-/resolve-1.22.12.tgz 1946ms (cache miss)
5094 http fetch GET 200 https://registry.npmjs.org/ora/-/ora-3.4.0.tgz 2303ms (cache miss)
5095 http fetch GET 200 https://registry.npmjs.org/env-editor/-/env-editor-0.4.2.tgz 2344ms (cache miss)
5096 http fetch GET 200 https://registry.npmjs.org/expo-server/-/expo-server-1.0.7.tgz 2460ms (cache miss)
5097 http fetch GET 200 https://registry.npmjs.org/lan-network/-/lan-network-0.2.1.tgz 2494ms (cache miss)
5098 http fetch GET 200 https://registry.npmjs.org/npm-package-arg/-/npm-package-arg-11.0.3.tgz 2519ms (cache miss)
5099 http fetch GET 200 https://registry.npmjs.org/compression/-/compression-1.8.1.tgz 2519ms (cache miss)
5100 http fetch GET 200 https://registry.npmjs.org/freeport-async/-/freeport-async-2.0.0.tgz 2557ms (cache miss)
5101 http fetch GET 200 https://registry.npmjs.org/@expo/xcpretty/-/xcpretty-4.4.4.tgz 2625ms (cache miss)
5102 http fetch GET 200 https://registry.npmjs.org/@urql/exchange-retry/-/exchange-retry-1.3.2.tgz 2644ms (cache miss)
5103 http fetch GET 200 https://registry.npmjs.org/@expo/env/-/env-2.0.12.tgz 2755ms (cache miss)
5104 http fetch GET 200 https://registry.npmjs.org/@expo/schema-utils/-/schema-utils-0.1.9.tgz 2854ms (cache miss)
5105 http fetch GET 200 https://registry.npmjs.org/@expo/package-manager/-/package-manager-1.13.1.tgz 2856ms (cache miss)
5106 http fetch GET 200 https://registry.npmjs.org/@expo/ws-tunnel/-/ws-tunnel-1.0.6.tgz 2871ms (cache miss)
5107 http fetch GET 200 https://registry.npmjs.org/better-opn/-/better-opn-3.0.2.tgz 2946ms (cache miss)
5108 http fetch GET 200 https://registry.npmjs.org/concat-map/-/concat-map-0.0.1.tgz 3005ms (cache miss)
5109 http fetch GET 200 https://registry.npmjs.org/@expo/code-signing-certificates/-/code-signing-certificates-0.0.6.tgz 3028ms (cache miss)
5110 http fetch GET 200 https://registry.npmjs.org/wrappy/-/wrappy-1.0.2.tgz 3150ms (cache miss)
5111 http fetch GET 200 https://registry.npmjs.org/async-limiter/-/async-limiter-1.0.1.tgz 3161ms (cache miss)
5112 http fetch GET 200 https://registry.npmjs.org/path-is-absolute/-/path-is-absolute-1.0.1.tgz 3192ms (cache miss)
5113 http fetch GET 200 https://registry.npmjs.org/@expo/devcert/-/devcert-1.2.1.tgz 3229ms (cache miss)
5114 http fetch GET 200 https://registry.npmjs.org/inflight/-/inflight-1.0.6.tgz 3268ms (cache miss)
5115 warn deprecated inflight@1.0.6: This module is not supported, and leaks memory. Do not use it. Check out lru-cache if you want a good and tested way to coalesce async requests by a key value, which is much more comprehensive and powerful.
5116 http fetch GET 200 https://registry.npmjs.org/@expo/image-utils/-/image-utils-0.8.15.tgz 3306ms (cache miss)
5117 http fetch GET 200 https://registry.npmjs.org/fs.realpath/-/fs.realpath-1.0.0.tgz 3353ms (cache miss)
5118 http fetch GET 200 https://registry.npmjs.org/babel-plugin-react-compiler/-/babel-plugin-react-compiler-1.0.0.tgz 3377ms (cache miss)
5119 http fetch GET 200 https://registry.npmjs.org/once/-/once-1.4.0.tgz 3356ms (cache miss)
5120 http fetch GET 200 https://registry.npmjs.org/is-fullwidth-code-point/-/is-fullwidth-code-point-3.0.0.tgz 3446ms (cache miss)
5121 http fetch GET 200 https://registry.npmjs.org/@expo/osascript/-/osascript-2.7.1.tgz 3451ms (cache miss)
5122 http fetch GET 200 https://registry.npmjs.org/strip-ansi/-/strip-ansi-6.0.1.tgz 3461ms (cache miss)
5123 http fetch GET 200 https://registry.npmjs.org/@0no-co/graphql.web/-/graphql.web-1.3.3.tgz 3519ms (cache miss)
5124 http fetch GET 200 https://registry.npmjs.org/string-width/-/string-width-4.2.3.tgz 3522ms (cache miss)
5125 http fetch GET 200 https://registry.npmjs.org/y18n/-/y18n-5.0.8.tgz 3545ms (cache miss)
5126 http fetch GET 200 https://registry.npmjs.org/tar/-/tar-7.5.22.tgz 3563ms (cache miss)
5127 http fetch GET 200 https://registry.npmjs.org/wrap-ansi/-/wrap-ansi-7.0.0.tgz 3561ms (cache miss)
5128 http fetch GET 200 https://registry.npmjs.org/require-directory/-/require-directory-2.1.1.tgz 3565ms (cache miss)
5129 http fetch GET 200 https://registry.npmjs.org/yargs-parser/-/yargs-parser-21.1.1.tgz 3589ms (cache miss)
5130 http fetch GET 200 https://registry.npmjs.org/undici/-/undici-6.28.0.tgz 3626ms (cache miss)
5131 http fetch GET 200 https://registry.npmjs.org/emoji-regex/-/emoji-regex-8.0.0.tgz 3619ms (cache miss)
5132 http fetch GET 200 https://registry.npmjs.org/get-caller-file/-/get-caller-file-2.0.5.tgz 3623ms (cache miss)
5133 http fetch GET 200 https://registry.npmjs.org/pngjs/-/pngjs-3.4.0.tgz 3641ms (cache miss)
5134 http fetch GET 200 https://registry.npmjs.org/sax/-/sax-1.6.1.tgz 3648ms (cache miss)
5135 http fetch GET 200 https://registry.npmjs.org/big-integer/-/big-integer-1.6.52.tgz 3715ms (cache miss)
5136 http fetch GET 200 https://registry.npmjs.org/stream-buffers/-/stream-buffers-2.2.0.tgz 3744ms (cache miss)
5137 http fetch GET 200 https://registry.npmjs.org/bplist-parser/-/bplist-parser-0.3.1.tgz 3750ms (cache miss)
5138 http fetch GET 200 https://registry.npmjs.org/cliui/-/cliui-8.0.1.tgz 3750ms (cache miss)
5139 http fetch GET 200 https://registry.npmjs.org/bplist-creator/-/bplist-creator-0.1.0.tgz 3767ms (cache miss)
5140 http fetch GET 200 https://registry.npmjs.org/simple-plist/-/simple-plist-1.3.1.tgz 3810ms (cache miss)
5141 http fetch GET 200 https://registry.npmjs.org/signal-exit/-/signal-exit-3.0.7.tgz 3817ms (cache miss)
5142 http fetch GET 200 https://registry.npmjs.org/isexe/-/isexe-2.0.0.tgz 3822ms (cache miss)
5143 http fetch GET 200 https://registry.npmjs.org/imurmurhash/-/imurmurhash-0.1.4.tgz 3851ms (cache miss)
5144 http fetch GET 200 https://registry.npmjs.org/webidl-conversions/-/webidl-conversions-5.0.0.tgz 3855ms (cache miss)
5145 http fetch GET 200 https://registry.npmjs.org/node-forge/-/node-forge-1.4.0.tgz 3875ms (cache miss)
5146 http fetch GET 200 https://registry.npmjs.org/uuid/-/uuid-7.0.3.tgz 3869ms (cache miss)
5147 warn deprecated uuid@7.0.3: uuid@10 and below is no longer supported.  For ESM codebases, update to uuid@latest.  For CommonJS codebases, use uuid@11 (but be aware this version will likely be deprecated in 2028).
5148 http fetch GET 200 https://registry.npmjs.org/ieee754/-/ieee754-1.2.1.tgz 3892ms (cache miss)
5149 http fetch GET 200 https://registry.npmjs.org/punycode/-/punycode-2.3.1.tgz 3918ms (cache miss)
5150 http fetch GET 200 https://registry.npmjs.org/makeerror/-/makeerror-1.0.12.tgz 3924ms (cache miss)
5151 http fetch GET 200 https://registry.npmjs.org/is-number/-/is-number-7.0.0.tgz 3941ms (cache miss)
5152 http fetch GET 200 https://registry.npmjs.org/buffer/-/buffer-5.7.1.tgz 3962ms (cache miss)
5153 http fetch GET 200 https://registry.npmjs.org/escalade/-/escalade-3.2.0.tgz 3982ms (cache miss)
5154 http fetch GET 200 https://registry.npmjs.org/thenify/-/thenify-3.3.1.tgz 3995ms (cache miss)
5155 http fetch GET 200 https://registry.npmjs.org/tmpl/-/tmpl-1.0.5.tgz 4015ms (cache miss)
5156 http fetch GET 200 https://registry.npmjs.org/buffer-from/-/buffer-from-1.1.2.tgz 4058ms (cache miss)
5157 http fetch GET 200 https://registry.npmjs.org/@jridgewell/source-map/-/source-map-0.3.11.tgz 4077ms (cache miss)
5158 http fetch GET 200 https://registry.npmjs.org/object-assign/-/object-assign-4.1.1.tgz 4077ms (cache miss)
5159 http fetch GET 200 https://registry.npmjs.org/source-map-support/-/source-map-support-0.5.21.tgz 4086ms (cache miss)
5160 http fetch GET 200 https://registry.npmjs.org/plist/-/plist-3.1.1.tgz 4115ms (cache miss)
5161 http fetch GET 200 https://registry.npmjs.org/thenify-all/-/thenify-all-1.6.0.tgz 4119ms (cache miss)
5162 http fetch GET 200 https://registry.npmjs.org/any-promise/-/any-promise-1.3.0.tgz 4119ms (cache miss)
5163 http fetch GET 200 https://registry.npmjs.org/tinyglobby/-/tinyglobby-0.2.17.tgz 4127ms (cache miss)
5164 http fetch GET 200 https://registry.npmjs.org/mz/-/mz-2.7.0.tgz 4147ms (cache miss)
5165 http fetch GET 200 https://registry.npmjs.org/type-fest/-/type-fest-0.7.1.tgz 4160ms (cache miss)
5166 http fetch GET 200 https://registry.npmjs.org/lines-and-columns/-/lines-and-columns-1.2.4.tgz 4163ms (cache miss)
5167 http fetch GET 200 https://registry.npmjs.org/toidentifier/-/toidentifier-1.0.1.tgz 4176ms (cache miss)
5168 http fetch GET 200 https://registry.npmjs.org/setprototypeof/-/setprototypeof-1.2.0.tgz 4200ms (cache miss)
5169 http fetch GET 200 https://registry.npmjs.org/has-flag/-/has-flag-3.0.0.tgz 4211ms (cache miss)
5170 http fetch GET 200 https://registry.npmjs.org/shebang-regex/-/shebang-regex-3.0.0.tgz 4219ms (cache miss)
5171 http fetch GET 200 https://registry.npmjs.org/range-parser/-/range-parser-1.2.1.tgz 4219ms (cache miss)
5172 http fetch GET 200 https://registry.npmjs.org/http-errors/-/http-errors-2.0.1.tgz 4232ms (cache miss)
5173 http fetch GET 200 https://registry.npmjs.org/is-arrayish/-/is-arrayish-0.3.4.tgz 4232ms (cache miss)
5174 http fetch GET 200 https://registry.npmjs.org/fresh/-/fresh-0.5.2.tgz 4244ms (cache miss)
5175 http fetch GET 200 https://registry.npmjs.org/mime/-/mime-1.6.0.tgz 4252ms (cache miss)
5176 http fetch GET 200 https://registry.npmjs.org/etag/-/etag-1.8.1.tgz 4274ms (cache miss)
5177 http fetch GET 200 https://registry.npmjs.org/destroy/-/destroy-1.2.0.tgz 4285ms (cache miss)
5178 http fetch GET 200 https://registry.npmjs.org/ts-interface-checker/-/ts-interface-checker-0.1.13.tgz 4292ms (cache miss)
5179 http fetch GET 200 https://registry.npmjs.org/send/-/send-0.19.2.tgz 4314ms (cache miss)
5180 http fetch GET 200 https://registry.npmjs.org/react-freeze/-/react-freeze-1.0.4.tgz 4331ms (cache miss)
5181 http fetch GET 200 https://registry.npmjs.org/marky/-/marky-1.3.0.tgz 4366ms (cache miss)
5182 http fetch GET 200 https://registry.npmjs.org/p-locate/-/p-locate-4.1.0.tgz 4366ms (cache miss)
5183 http fetch GET 200 https://registry.npmjs.org/asap/-/asap-2.0.6.tgz 4369ms (cache miss)
5184 http fetch GET 200 https://registry.npmjs.org/depd/-/depd-2.0.0.tgz 4376ms (cache miss)
5185 http fetch GET 200 https://registry.npmjs.org/sprintf-js/-/sprintf-js-1.0.3.tgz 4383ms (cache miss)
5186 http fetch GET 200 https://registry.npmjs.org/acorn/-/acorn-8.18.0.tgz 4426ms (cache miss)
5187 http fetch GET 200 https://registry.npmjs.org/stack-utils/-/stack-utils-2.0.6.tgz 4442ms (cache miss)
5188 http fetch GET 200 https://registry.npmjs.org/argparse/-/argparse-1.0.10.tgz 4445ms (cache miss)
5189 http fetch GET 200 https://registry.npmjs.org/normalize-path/-/normalize-path-3.0.0.tgz 4451ms (cache miss)
5190 http fetch GET 200 https://registry.npmjs.org/shell-quote/-/shell-quote-1.10.0.tgz 4464ms (cache miss)
5191 http fetch GET 200 https://registry.npmjs.org/@types/stack-utils/-/stack-utils-2.0.3.tgz 4468ms (cache miss)
5192 http fetch GET 200 https://registry.npmjs.org/esprima/-/esprima-4.0.1.tgz 4490ms (cache miss)
5193 http fetch GET 200 https://registry.npmjs.org/@types/graceful-fs/-/graceful-fs-4.1.9.tgz 4495ms (cache miss)
5194 http fetch GET 200 https://registry.npmjs.org/fsevents/-/fsevents-2.3.3.tgz 4497ms (cache miss)
5195 http fetch GET 200 https://registry.npmjs.org/anymatch/-/anymatch-3.1.3.tgz 4502ms (cache miss)
5196 http fetch GET 200 https://registry.npmjs.org/jest-message-util/-/jest-message-util-29.7.0.tgz 4503ms (cache miss)
5197 http fetch GET 200 https://registry.npmjs.org/jest-mock/-/jest-mock-29.7.0.tgz 4518ms (cache miss)
5198 http fetch GET 200 https://registry.npmjs.org/type-detect/-/type-detect-4.0.8.tgz 4528ms (cache miss)
5199 http fetch GET 200 https://registry.npmjs.org/@jest/environment/-/environment-29.7.0.tgz 4557ms (cache miss)
5200 http fetch GET 200 https://registry.npmjs.org/@jest/fake-timers/-/fake-timers-29.7.0.tgz 4567ms (cache miss)
5201 http fetch GET 200 https://registry.npmjs.org/path-exists/-/path-exists-4.0.0.tgz 4569ms (cache miss)
5202 http fetch GET 200 https://registry.npmjs.org/@sinonjs/fake-timers/-/fake-timers-10.3.0.tgz 4578ms (cache miss)
5203 http fetch GET 200 https://registry.npmjs.org/is-wsl/-/is-wsl-2.2.0.tgz 4590ms (cache miss)
5204 http fetch GET 200 https://registry.npmjs.org/locate-path/-/locate-path-5.0.0.tgz 4591ms (cache miss)
5205 http fetch GET 200 https://registry.npmjs.org/lighthouse-logger/-/lighthouse-logger-1.4.2.tgz 4590ms (cache miss)
5206 http fetch GET 200 https://registry.npmjs.org/@babel/plugin-syntax-top-level-await/-/plugin-syntax-top-level-await-7.14.5.tgz 4590ms (cache miss)
5207 http fetch GET 200 https://registry.npmjs.org/is-docker/-/is-docker-2.2.1.tgz 4593ms (cache miss)
5208 http fetch GET 200 https://registry.npmjs.org/rimraf/-/rimraf-3.0.2.tgz 4614ms (cache miss)
5209 warn deprecated rimraf@3.0.2: Rimraf versions prior to v4 are no longer supported
5210 http fetch GET 200 https://registry.npmjs.org/@babel/plugin-syntax-optional-catch-binding/-/plugin-syntax-optional-catch-binding-7.8.3.tgz 4616ms (cache miss)
5211 http fetch GET 200 https://registry.npmjs.org/istanbul-lib-coverage/-/istanbul-lib-coverage-3.2.2.tgz 4622ms (cache miss)
5212 http fetch GET 200 https://registry.npmjs.org/mkdirp/-/mkdirp-1.0.4.tgz 4626ms (cache miss)
5213 http fetch GET 200 https://registry.npmjs.org/@babel/plugin-syntax-private-property-in-object/-/plugin-syntax-private-property-in-object-7.14.5.tgz 4650ms (cache miss)
5214 http fetch GET 200 https://registry.npmjs.org/@babel/plugin-syntax-json-strings/-/plugin-syntax-json-strings-7.8.3.tgz 4653ms (cache miss)
5215 http fetch GET 200 https://registry.npmjs.org/@babel/plugin-syntax-nullish-coalescing-operator/-/plugin-syntax-nullish-coalescing-operator-7.8.3.tgz 4654ms (cache miss)
5216 http fetch GET 200 https://registry.npmjs.org/@babel/plugin-syntax-logical-assignment-operators/-/plugin-syntax-logical-assignment-operators-7.10.4.tgz 4656ms (cache miss)
5217 http fetch GET 200 https://registry.npmjs.org/@babel/plugin-syntax-optional-chaining/-/plugin-syntax-optional-chaining-7.8.3.tgz 4658ms (cache miss)
5218 http fetch GET 200 https://registry.npmjs.org/@babel/plugin-syntax-import-meta/-/plugin-syntax-import-meta-7.10.4.tgz 4658ms (cache miss)
5219 http fetch GET 200 https://registry.npmjs.org/@babel/plugin-syntax-class-properties/-/plugin-syntax-class-properties-7.12.13.tgz 4665ms (cache miss)
5220 http fetch GET 200 https://registry.npmjs.org/@babel/plugin-syntax-numeric-separator/-/plugin-syntax-numeric-separator-7.10.4.tgz 4668ms (cache miss)
5221 http fetch GET 200 https://registry.npmjs.org/@babel/plugin-syntax-import-attributes/-/plugin-syntax-import-attributes-7.29.7.tgz 4674ms (cache miss)
5222 http fetch GET 200 https://registry.npmjs.org/@babel/plugin-syntax-class-static-block/-/plugin-syntax-class-static-block-7.14.5.tgz 4687ms (cache miss)
5223 http fetch GET 200 https://registry.npmjs.org/@babel/plugin-syntax-bigint/-/plugin-syntax-bigint-7.8.3.tgz 4709ms (cache miss)
5224 http fetch GET 200 https://registry.npmjs.org/babel-preset-current-node-syntax/-/babel-preset-current-node-syntax-1.2.0.tgz 4734ms (cache miss)
5225 http fetch GET 200 https://registry.npmjs.org/get-package-type/-/get-package-type-0.1.0.tgz 4753ms (cache miss)
5226 http fetch GET 200 https://registry.npmjs.org/istanbul-lib-instrument/-/istanbul-lib-instrument-5.2.1.tgz 4753ms (cache miss)
5227 http fetch GET 200 https://registry.npmjs.org/test-exclude/-/test-exclude-6.0.0.tgz 4755ms (cache miss)
5228 http fetch GET 200 https://registry.npmjs.org/find-up/-/find-up-4.1.0.tgz 4755ms (cache miss)
5229 http fetch GET 200 https://registry.npmjs.org/babel-plugin-jest-hoist/-/babel-plugin-jest-hoist-29.6.3.tgz 4773ms (cache miss)
5230 http fetch GET 200 https://registry.npmjs.org/@sinonjs/commons/-/commons-3.0.1.tgz 4780ms (cache miss)
5231 http fetch GET 200 https://registry.npmjs.org/@istanbuljs/schema/-/schema-0.1.6.tgz 4792ms (cache miss)
5232 http fetch GET 200 https://registry.npmjs.org/@babel/plugin-syntax-object-rest-spread/-/plugin-syntax-object-rest-spread-7.8.3.tgz 4818ms (cache miss)
5233 http fetch GET 200 https://registry.npmjs.org/@types/babel__template/-/babel__template-7.4.4.tgz 4825ms (cache miss)
5234 http fetch GET 200 https://registry.npmjs.org/@types/babel__traverse/-/babel__traverse-7.28.0.tgz 4827ms (cache miss)
5235 http fetch GET 200 https://registry.npmjs.org/@babel/helper-plugin-utils/-/helper-plugin-utils-7.29.7.tgz 4830ms (cache miss)
5236 http fetch GET 200 https://registry.npmjs.org/write-file-atomic/-/write-file-atomic-4.0.2.tgz 4831ms (cache miss)
5237 http fetch GET 200 https://registry.npmjs.org/pirates/-/pirates-4.0.7.tgz 4835ms (cache miss)
5238 http fetch GET 200 https://registry.npmjs.org/jest-regex-util/-/jest-regex-util-29.6.3.tgz 4834ms (cache miss)
5239 http fetch GET 200 https://registry.npmjs.org/@types/babel__generator/-/babel__generator-7.27.0.tgz 4836ms (cache miss)
5240 http fetch GET 200 https://registry.npmjs.org/@istanbuljs/load-nyc-config/-/load-nyc-config-1.1.0.tgz 4859ms (cache miss)
5241 http fetch GET 200 https://registry.npmjs.org/@babel/plugin-syntax-async-generators/-/plugin-syntax-async-generators-7.8.4.tgz 4892ms (cache miss)
5242 http fetch GET 200 https://registry.npmjs.org/fast-json-stable-stringify/-/fast-json-stable-stringify-2.1.0.tgz 4896ms (cache miss)
5243 http fetch GET 200 https://registry.npmjs.org/babel-preset-jest/-/babel-preset-jest-29.6.3.tgz 4897ms (cache miss)
5244 http fetch GET 200 https://registry.npmjs.org/serve-static/-/serve-static-1.16.3.tgz 4920ms (cache miss)
5245 http fetch GET 200 https://registry.npmjs.org/js-yaml/-/js-yaml-3.15.1.tgz 4938ms (cache miss)
5246 http fetch GET 200 https://registry.npmjs.org/open/-/open-7.4.2.tgz 4951ms (cache miss)
5247 http fetch GET 200 https://registry.npmjs.org/@types/babel__core/-/babel__core-7.20.5.tgz 4961ms (cache miss)
5248 http fetch GET 200 https://registry.npmjs.org/chromium-edge-launcher/-/chromium-edge-launcher-0.2.0.tgz 4987ms (cache miss)
5249 http fetch GET 200 https://registry.npmjs.org/jest-haste-map/-/jest-haste-map-29.7.0.tgz 4996ms (cache miss)
5250 http fetch GET 200 https://registry.npmjs.org/@jest/transform/-/transform-29.7.0.tgz 5025ms (cache miss)
5251 http fetch GET 200 https://registry.npmjs.org/chrome-launcher/-/chrome-launcher-0.15.2.tgz 5037ms (cache miss)
5252 http fetch GET 200 https://registry.npmjs.org/babel-plugin-istanbul/-/babel-plugin-istanbul-6.1.1.tgz 5055ms (cache miss)
5253 http fetch GET 200 https://registry.npmjs.org/whatwg-fetch/-/whatwg-fetch-3.6.20.tgz 5064ms (cache miss)
5254 http fetch GET 200 https://registry.npmjs.org/scheduler/-/scheduler-0.26.0.tgz 5100ms (cache miss)
5255 http fetch GET 200 https://registry.npmjs.org/@urql/core/-/core-5.2.0.tgz 5174ms (cache miss)
5256 http fetch GET 200 https://registry.npmjs.org/@isaacs/ttlcache/-/ttlcache-1.4.1.tgz 5147ms (cache miss)
5257 http fetch GET 200 https://registry.npmjs.org/regenerator-runtime/-/regenerator-runtime-0.13.11.tgz 5153ms (cache miss)
5258 http fetch GET 200 https://registry.npmjs.org/event-target-shim/-/event-target-shim-5.0.1.tgz 5200ms (cache miss)
5259 http fetch GET 200 https://registry.npmjs.org/promise/-/promise-8.3.0.tgz 5200ms (cache miss)
5260 http fetch GET 200 https://registry.npmjs.org/stacktrace-parser/-/stacktrace-parser-0.1.11.tgz 5220ms (cache miss)
5261 http fetch GET 200 https://registry.npmjs.org/babel-plugin-syntax-hermes-parser/-/babel-plugin-syntax-hermes-parser-0.29.1.tgz 5430ms (cache miss)
5262 http fetch GET 200 https://registry.npmjs.org/memoize-one/-/memoize-one-5.2.1.tgz 5498ms (cache miss)
5263 http fetch GET 200 https://registry.npmjs.org/jest-environment-node/-/jest-environment-node-29.7.0.tgz 5515ms (cache miss)
5264 http fetch GET 200 https://registry.npmjs.org/babel-jest/-/babel-jest-29.7.0.tgz 5558ms (cache miss)
5265 http fetch GET 200 https://registry.npmjs.org/ansi-regex/-/ansi-regex-5.0.1.tgz 5720ms (cache miss)
5266 http fetch GET 200 https://registry.npmjs.org/@react-native/dev-middleware/-/dev-middleware-0.81.5.tgz 5730ms (cache miss)
5267 http fetch GET 200 https://registry.npmjs.org/anser/-/anser-1.4.10.tgz 5778ms (cache miss)
5268 http fetch GET 200 https://registry.npmjs.org/@jest/create-cache-key-function/-/create-cache-key-function-29.7.0.tgz 5885ms (cache miss)
5269 http fetch GET 200 https://registry.npmjs.org/@react-native/js-polyfills/-/js-polyfills-0.81.5.tgz 5899ms (cache miss)
5270 http fetch GET 200 https://registry.npmjs.org/@react-native/assets-registry/-/assets-registry-0.81.5.tgz 5939ms (cache miss)
5271 http fetch GET 200 https://registry.npmjs.org/inherits/-/inherits-2.0.4.tgz 6002ms (cache miss)
5272 http fetch GET 200 https://registry.npmjs.org/html-parse-stringify/-/html-parse-stringify-3.1.0.tgz 6002ms (cache miss)
5273 http fetch GET 200 https://registry.npmjs.org/split-on-first/-/split-on-first-1.1.0.tgz 6051ms (cache miss)
5274 http fetch GET 200 https://registry.npmjs.org/strict-uri-encode/-/strict-uri-encode-2.0.0.tgz 6118ms (cache miss)
5275 http fetch GET 200 https://registry.npmjs.org/filter-obj/-/filter-obj-1.1.0.tgz 6118ms (cache miss)
5276 http fetch GET 200 https://registry.npmjs.org/yocto-queue/-/yocto-queue-0.1.0.tgz 6149ms (cache miss)
5277 http fetch GET 200 https://registry.npmjs.org/@react-native/community-cli-plugin/-/community-cli-plugin-0.81.5.tgz 6166ms (cache miss)
5278 http fetch GET 200 https://registry.npmjs.org/balanced-match/-/balanced-match-4.0.4.tgz 6199ms (cache miss)
5279 http fetch GET 200 https://registry.npmjs.org/ee-first/-/ee-first-1.1.1.tgz 6201ms (cache miss)
5280 http fetch GET 200 https://registry.npmjs.org/abort-controller/-/abort-controller-3.0.0.tgz 6230ms (cache miss)
5281 http fetch GET 200 https://registry.npmjs.org/decode-uri-component/-/decode-uri-component-0.2.2.tgz 6282ms (cache miss)
5282 http fetch GET 200 https://registry.npmjs.org/brace-expansion/-/brace-expansion-5.0.9.tgz 6294ms (cache miss)
5283 http fetch GET 200 https://registry.npmjs.org/@react-native/gradle-plugin/-/gradle-plugin-0.81.5.tgz 6310ms (cache miss)
5284 http fetch GET 200 https://registry.npmjs.org/to-regex-range/-/to-regex-range-5.0.1.tgz 6365ms (cache miss)
5285 http fetch GET 200 https://registry.npmjs.org/mime-db/-/mime-db-1.52.0.tgz 6404ms (cache miss)
5286 http fetch GET 200 https://registry.npmjs.org/vlq/-/vlq-1.0.1.tgz 6422ms (cache miss)
5287 http fetch GET 200 https://registry.npmjs.org/braces/-/braces-3.0.3.tgz 6422ms (cache miss)
5288 http fetch GET 200 https://registry.npmjs.org/ob1/-/ob1-0.83.3.tgz 6459ms (cache miss)
5289 http fetch GET 200 https://registry.npmjs.org/node-int64/-/node-int64-0.4.0.tgz 6551ms (cache miss)
5290 http fetch GET 200 https://registry.npmjs.org/@react-native/normalize-colors/-/normalize-colors-0.81.5.tgz 6635ms (cache miss)
5291 http fetch GET 200 https://registry.npmjs.org/walker/-/walker-1.0.8.tgz 6660ms (cache miss)
5292 http fetch GET 200 https://registry.npmjs.org/fb-watchman/-/fb-watchman-2.0.2.tgz 6700ms (cache miss)
5293 http fetch GET 200 https://registry.npmjs.org/bser/-/bser-2.1.1.tgz 6710ms (cache miss)
5294 http fetch GET 200 https://registry.npmjs.org/micromatch/-/micromatch-4.0.8.tgz 6733ms (cache miss)
5295 http fetch GET 200 https://registry.npmjs.org/jest-get-type/-/jest-get-type-29.6.3.tgz 6765ms (cache miss)
5296 http fetch GET 200 https://registry.npmjs.org/leven/-/leven-3.1.0.tgz 6864ms (cache miss)
5297 http fetch GET 200 https://registry.npmjs.org/@react-native/codegen/-/codegen-0.81.5.tgz 6883ms (cache miss)
5298 http fetch GET 200 https://registry.npmjs.org/void-elements/-/void-elements-3.1.0.tgz 6904ms (cache miss)
5299 http fetch GET 200 https://registry.npmjs.org/camelcase/-/camelcase-6.3.0.tgz 6929ms (cache miss)
5300 http fetch GET 200 https://registry.npmjs.org/jest-validate/-/jest-validate-29.7.0.tgz 6982ms (cache miss)
5301 http fetch GET 200 https://registry.npmjs.org/yallist/-/yallist-3.1.1.tgz 7022ms (cache miss)
5302 http fetch GET 200 https://registry.npmjs.org/https-proxy-agent/-/https-proxy-agent-7.0.6.tgz 7068ms (cache miss)
5303 http fetch GET 200 https://registry.npmjs.org/@babel/traverse/-/traverse-7.29.8.tgz 7128ms (cache miss)
5304 http fetch GET 200 https://registry.npmjs.org/@types/istanbul-lib-report/-/istanbul-lib-report-3.0.3.tgz 7161ms (cache miss)
5305 http fetch GET 200 https://registry.npmjs.org/@types/yargs-parser/-/yargs-parser-21.0.3.tgz 7284ms (cache miss)
5306 http fetch GET 200 https://registry.npmjs.org/fill-range/-/fill-range-7.1.1.tgz 7533ms (cache miss)
5307 http fetch GET 200 https://registry.npmjs.org/@types/istanbul-reports/-/istanbul-reports-3.0.4.tgz 7654ms (cache miss)
5308 http fetch GET 200 https://registry.npmjs.org/@jest/schemas/-/schemas-29.6.3.tgz 7755ms (cache miss)
5309 http fetch GET 200 https://registry.npmjs.org/@types/yargs/-/yargs-17.0.35.tgz 7837ms (cache miss)
5310 http fetch GET 200 https://registry.npmjs.org/picomatch/-/picomatch-2.3.2.tgz 7942ms (cache miss)
5311 http fetch GET 200 https://registry.npmjs.org/queue/-/queue-6.0.2.tgz 8123ms (cache miss)
5312 http fetch GET 200 https://registry.npmjs.org/@types/istanbul-lib-coverage/-/istanbul-lib-coverage-2.0.6.tgz 8144ms (cache miss)
5313 http fetch GET 200 https://registry.npmjs.org/escape-html/-/escape-html-1.0.3.tgz 8350ms (cache miss)
5314 http fetch GET 200 https://registry.npmjs.org/agent-base/-/agent-base-7.1.4.tgz 8448ms (cache miss)
5315 http fetch GET 200 https://registry.npmjs.org/yaml/-/yaml-2.9.0.tgz 8856ms (cache miss)
5316 http fetch GET 200 https://registry.npmjs.org/@jest/types/-/types-29.6.3.tgz 8865ms (cache miss)
5317 http fetch GET 200 https://registry.npmjs.org/exponential-backoff/-/exponential-backoff-3.1.3.tgz 8883ms (cache miss)
5318 http fetch GET 200 https://registry.npmjs.org/encodeurl/-/encodeurl-1.0.2.tgz 9001ms (cache miss)
5319 http fetch GET 200 https://registry.npmjs.org/unpipe/-/unpipe-1.0.0.tgz 9109ms (cache miss)
5320 http fetch GET 200 https://registry.npmjs.org/finalhandler/-/finalhandler-1.1.2.tgz 9209ms (cache miss)
5321 http fetch GET 200 https://registry.npmjs.org/stackframe/-/stackframe-1.3.4.tgz 9256ms (cache miss)
5322 http fetch GET 200 https://registry.npmjs.org/utils-merge/-/utils-merge-1.0.1.tgz 9340ms (cache miss)
5323 http fetch GET 200 https://registry.npmjs.org/statuses/-/statuses-1.5.0.tgz 9413ms (cache miss)
5324 http fetch GET 200 https://registry.npmjs.org/electron-to-chromium/-/electron-to-chromium-1.5.404.tgz 9493ms (cache miss)
5325 http fetch GET 200 https://registry.npmjs.org/node-releases/-/node-releases-2.0.53.tgz 9693ms (cache miss)
5326 http fetch GET 200 https://registry.npmjs.org/update-browserslist-db/-/update-browserslist-db-1.3.1.tgz 9741ms (cache miss)
5327 http fetch GET 200 https://registry.npmjs.org/baseline-browser-mapping/-/baseline-browser-mapping-2.11.13.tgz 9944ms (cache miss)
5328 http fetch GET 200 https://registry.npmjs.org/parseurl/-/parseurl-1.3.3.tgz 9946ms (cache miss)
5329 http fetch GET 200 https://registry.npmjs.org/merge-stream/-/merge-stream-2.0.0.tgz 10070ms (cache miss)
5330 http fetch GET 200 https://registry.npmjs.org/@jridgewell/resolve-uri/-/resolve-uri-3.1.2.tgz 10145ms (cache miss)
5331 http fetch GET 200 https://registry.npmjs.org/terser/-/terser-5.49.2.tgz 10153ms (cache miss)
5332 http fetch GET 200 https://registry.npmjs.org/on-finished/-/on-finished-2.3.0.tgz 10149ms (cache miss)
5333 http fetch GET 200 https://registry.npmjs.org/negotiator/-/negotiator-0.6.3.tgz 10153ms (cache miss)
5334 http fetch GET 200 https://registry.npmjs.org/caniuse-lite/-/caniuse-lite-1.0.30001809.tgz 10210ms (cache miss)
5335 http fetch GET 200 https://registry.npmjs.org/lru-cache/-/lru-cache-5.1.1.tgz 10242ms (cache miss)
5336 http fetch GET 200 https://registry.npmjs.org/@babel/helper-globals/-/helper-globals-7.29.7.tgz 10248ms (cache miss)
5337 http fetch GET 200 https://registry.npmjs.org/@babel/compat-data/-/compat-data-7.29.7.tgz 10370ms (cache miss)
5338 http fetch GET 200 https://registry.npmjs.org/gensync/-/gensync-1.0.0-beta.2.tgz 10378ms (cache miss)
5339 http fetch GET 200 https://registry.npmjs.org/jsesc/-/jsesc-3.1.0.tgz 10386ms (cache miss)
5340 http fetch GET 200 https://registry.npmjs.org/browserslist/-/browserslist-4.28.8.tgz 10392ms (cache miss)
5341 http fetch GET 200 https://registry.npmjs.org/convert-source-map/-/convert-source-map-2.0.0.tgz 10486ms (cache miss)
5342 http fetch GET 200 https://registry.npmjs.org/jest-util/-/jest-util-29.7.0.tgz 10491ms (cache miss)
5343 http fetch GET 200 https://registry.npmjs.org/@babel/helper-validator-option/-/helper-validator-option-7.29.7.tgz 10488ms (cache miss)
5344 http fetch GET 200 https://registry.npmjs.org/@jridgewell/trace-mapping/-/trace-mapping-0.3.31.tgz 10495ms (cache miss)
5345 http fetch GET 200 https://registry.npmjs.org/hermes-estree/-/hermes-estree-0.32.0.tgz 10501ms (cache miss)
5346 http fetch GET 200 https://registry.npmjs.org/@jridgewell/gen-mapping/-/gen-mapping-0.3.13.tgz 10497ms (cache miss)
5347 http fetch GET 200 https://registry.npmjs.org/@babel/helper-compilation-targets/-/helper-compilation-targets-7.29.7.tgz 10610ms (cache miss)
5348 http fetch GET 200 https://registry.npmjs.org/serialize-error/-/serialize-error-2.1.0.tgz 10718ms (cache miss)
5349 http fetch GET 200 https://registry.npmjs.org/throat/-/throat-5.0.0.tgz 10819ms (cache miss)
5350 http fetch GET 200 https://registry.npmjs.org/nullthrows/-/nullthrows-1.1.1.tgz 10820ms (cache miss)
5351 http fetch GET 200 https://registry.npmjs.org/undici-types/-/undici-types-8.3.0.tgz 10999ms (cache miss)
5352 http fetch GET 200 https://registry.npmjs.org/@jridgewell/remapping/-/remapping-2.3.5.tgz 11071ms (cache miss)
5353 http fetch GET 200 https://registry.npmjs.org/yargs/-/yargs-17.7.3.tgz 11089ms (cache miss)
5354 http fetch GET 200 https://registry.npmjs.org/lodash.throttle/-/lodash.throttle-4.1.1.tgz 11093ms (cache miss)
5355 http fetch GET 200 https://registry.npmjs.org/image-size/-/image-size-1.2.1.tgz 11257ms (cache miss)
5356 http fetch GET 200 https://registry.npmjs.org/graceful-fs/-/graceful-fs-4.2.11.tgz 11400ms (cache miss)
5357 http fetch GET 200 https://registry.npmjs.org/mime-types/-/mime-types-2.1.35.tgz 11417ms (cache miss)
5358 http fetch GET 200 https://registry.npmjs.org/jest-worker/-/jest-worker-29.7.0.tgz 11430ms (cache miss)
5359 http fetch GET 200 https://registry.npmjs.org/lightningcss-darwin-arm64/-/lightningcss-darwin-arm64-1.33.0.tgz 11573ms (cache miss)
5360 http fetch GET 200 https://registry.npmjs.org/error-stack-parser/-/error-stack-parser-2.1.4.tgz 11579ms (cache miss)
5361 http fetch GET 200 https://registry.npmjs.org/@babel/helper-string-parser/-/helper-string-parser-7.29.7.tgz 11896ms (cache miss)
5362 http fetch GET 200 https://registry.npmjs.org/@jridgewell/sourcemap-codec/-/sourcemap-codec-1.5.5.tgz 11903ms (cache miss)
5363 http fetch GET 200 https://registry.npmjs.org/@babel/helper-module-imports/-/helper-module-imports-7.29.7.tgz 11972ms (cache miss)
5364 http fetch GET 200 https://registry.npmjs.org/jsc-safe-url/-/jsc-safe-url-0.2.4.tgz 11980ms (cache miss)
5365 http fetch GET 200 https://registry.npmjs.org/connect/-/connect-3.7.0.tgz 12128ms (cache miss)
5366 http fetch GET 200 https://registry.npmjs.org/@babel/helper-module-transforms/-/helper-module-transforms-7.29.7.tgz 12303ms (cache miss)
5367 http fetch GET 200 https://registry.npmjs.org/@babel/generator/-/generator-7.29.8.tgz 12829ms (cache miss)
5368 http fetch GET 200 https://registry.npmjs.org/accepts/-/accepts-1.3.8.tgz 12901ms (cache miss)
5369 http fetch GET 200 https://registry.npmjs.org/hermes-parser/-/hermes-parser-0.32.0.tgz 12937ms (cache miss)
5370 http fetch GET 200 https://registry.npmjs.org/@babel/helpers/-/helpers-7.29.7.tgz 12941ms (cache miss)
5371 http fetch GET 200 https://registry.npmjs.org/is-plain-obj/-/is-plain-obj-2.1.0.tgz 12941ms (cache miss)
5372 http fetch GET 200 https://registry.npmjs.org/loose-envify/-/loose-envify-1.4.0.tgz 13012ms (cache miss)
5373 http fetch GET 200 https://registry.npmjs.org/flow-enums-runtime/-/flow-enums-runtime-0.0.6.tgz 13038ms (cache miss)
5374 http fetch GET 200 https://registry.npmjs.org/react-native-is-edge-to-edge/-/react-native-is-edge-to-edge-1.3.1.tgz 13111ms (cache miss)
5375 http fetch GET 200 https://registry.npmjs.org/path-scurry/-/path-scurry-2.0.2.tgz 13129ms (cache miss)
5376 http fetch GET 200 https://registry.npmjs.org/invariant/-/invariant-2.2.4.tgz 13164ms (cache miss)
5377 http fetch GET 200 https://registry.npmjs.org/fontfaceobserver/-/fontfaceobserver-2.3.0.tgz 13181ms (cache miss)
5378 http fetch GET 200 https://registry.npmjs.org/commander/-/commander-7.2.0.tgz 13205ms (cache miss)
5379 http fetch GET 200 https://registry.npmjs.org/shebang-command/-/shebang-command-2.0.0.tgz 13242ms (cache miss)
5380 http fetch GET 200 https://registry.npmjs.org/ws/-/ws-7.5.13.tgz 13319ms (cache miss)
5381 http fetch GET 200 https://registry.npmjs.org/path-key/-/path-key-3.1.1.tgz 13336ms (cache miss)
5382 http fetch GET 200 https://registry.npmjs.org/minipass/-/minipass-7.1.3.tgz 13384ms (cache miss)
5383 http fetch GET 200 https://registry.npmjs.org/@types/node/-/node-26.2.0.tgz 13422ms (cache miss)
5384 http fetch GET 200 https://registry.npmjs.org/cross-spawn/-/cross-spawn-7.0.6.tgz 13508ms (cache miss)
5385 http fetch GET 200 https://registry.npmjs.org/ci-info/-/ci-info-2.0.0.tgz 13510ms (cache miss)
5386 http fetch GET 200 https://registry.npmjs.org/xmlbuilder/-/xmlbuilder-15.1.1.tgz 13513ms (cache miss)
5387 http fetch GET 200 https://registry.npmjs.org/which/-/which-2.0.2.tgz 13525ms (cache miss)
5388 http fetch GET 200 https://registry.npmjs.org/@babel/template/-/template-7.29.7.tgz 13723ms (cache miss)
5389 http fetch GET 200 https://registry.npmjs.org/metro-transform-plugins/-/metro-transform-plugins-0.83.3.tgz 13752ms (cache miss)
5390 http fetch GET 200 https://registry.npmjs.org/metro-transform-worker/-/metro-transform-worker-0.83.3.tgz 13784ms (cache miss)
5391 http fetch GET 200 https://registry.npmjs.org/base64-js/-/base64-js-1.5.1.tgz 13801ms (cache miss)
5392 http fetch GET 200 https://registry.npmjs.org/supports-color/-/supports-color-5.5.0.tgz 13809ms (cache miss)
5393 http fetch GET 200 https://registry.npmjs.org/@xmldom/xmldom/-/xmldom-0.8.13.tgz 13823ms (cache miss)
5394 http fetch GET 200 https://registry.npmjs.org/metro-minify-terser/-/metro-minify-terser-0.83.3.tgz 13891ms (cache miss)
5395 http fetch GET 200 https://registry.npmjs.org/ms/-/ms-2.1.3.tgz 13961ms (cache miss)
5396 http fetch GET 200 https://registry.npmjs.org/metro-core/-/metro-core-0.83.3.tgz 13965ms (cache miss)
5397 http fetch GET 200 https://registry.npmjs.org/metro-symbolicate/-/metro-symbolicate-0.83.3.tgz 14018ms (cache miss)
5398 http fetch GET 200 https://registry.npmjs.org/metro-cache-key/-/metro-cache-key-0.83.3.tgz 14026ms (cache miss)
5399 http fetch GET 200 https://registry.npmjs.org/metro-source-map/-/metro-source-map-0.83.3.tgz 14065ms (cache miss)
5400 http fetch GET 200 https://registry.npmjs.org/metro-resolver/-/metro-resolver-0.83.3.tgz 14071ms (cache miss)
5401 http fetch GET 200 https://registry.npmjs.org/metro-cache/-/metro-cache-0.83.3.tgz 14084ms (cache miss)
5402 http fetch GET 200 https://registry.npmjs.org/metro-babel-transformer/-/metro-babel-transformer-0.83.3.tgz 14087ms (cache miss)
5403 http fetch GET 200 https://registry.npmjs.org/ansi-styles/-/ansi-styles-3.2.1.tgz 14098ms (cache miss)
5404 http fetch GET 200 https://registry.npmjs.org/p-limit/-/p-limit-3.1.0.tgz 14186ms (cache miss)
5405 http fetch GET 200 https://registry.npmjs.org/metro-runtime/-/metro-runtime-0.83.3.tgz 14242ms (cache miss)
5406 http fetch GET 200 https://registry.npmjs.org/ignore/-/ignore-5.3.2.tgz 14308ms (cache miss)
5407 http fetch GET 200 https://registry.npmjs.org/metro-file-map/-/metro-file-map-0.83.3.tgz 14369ms (cache miss)
5408 http fetch GET 200 https://registry.npmjs.org/xml2js/-/xml2js-0.6.0.tgz 14415ms (cache miss)
5409 http fetch GET 200 https://registry.npmjs.org/@expo/spawn-async/-/spawn-async-1.8.0.tgz 14435ms (cache miss)
5410 http fetch GET 200 https://registry.npmjs.org/json5/-/json5-2.2.3.tgz 14473ms (cache miss)
5411 http fetch GET 200 https://registry.npmjs.org/debug/-/debug-4.4.3.tgz 14570ms (cache miss)
5412 http fetch GET 200 https://registry.npmjs.org/metro-config/-/metro-config-0.83.3.tgz 14594ms (cache miss)
5413 http fetch GET 200 https://registry.npmjs.org/xcode/-/xcode-3.0.1.tgz 14597ms (cache miss)
5414 http fetch GET 200 https://registry.npmjs.org/arg/-/arg-5.0.2.tgz 14620ms (cache miss)
5415 http fetch GET 200 https://registry.npmjs.org/@expo/sdk-runtime-versions/-/sdk-runtime-versions-1.0.0.tgz 14634ms (cache miss)
5416 http fetch GET 200 https://registry.npmjs.org/picocolors/-/picocolors-1.1.1.tgz 14671ms (cache miss)
5417 http fetch GET 200 https://registry.npmjs.org/slash/-/slash-3.0.0.tgz 14681ms (cache miss)
5418 http fetch GET 200 https://registry.npmjs.org/js-tokens/-/js-tokens-4.0.0.tgz 14682ms (cache miss)
5419 http fetch GET 200 https://registry.npmjs.org/chalk/-/chalk-2.4.2.tgz 14682ms (cache miss)
5420 http fetch GET 200 https://registry.npmjs.org/slugify/-/slugify-1.6.9.tgz 14777ms (cache miss)
5421 http fetch GET 200 https://registry.npmjs.org/@babel/helper-validator-identifier/-/helper-validator-identifier-7.29.7.tgz 14781ms (cache miss)
5422 http fetch GET 200 https://registry.npmjs.org/@babel/highlight/-/highlight-7.25.9.tgz 15029ms (cache miss)
5423 http fetch GET 200 https://registry.npmjs.org/@expo/plist/-/plist-0.4.9.tgz 15237ms (cache miss)
5424 http fetch GET 200 https://registry.npmjs.org/metro/-/metro-0.83.3.tgz 15300ms (cache miss)
5425 http fetch GET 200 https://registry.npmjs.org/semver/-/semver-7.8.5.tgz 15329ms (cache miss)
5426 http fetch GET 200 https://registry.npmjs.org/sucrase/-/sucrase-3.35.1.tgz 15360ms (cache miss)
5427 http fetch GET 200 https://registry.npmjs.org/resolve-workspace-root/-/resolve-workspace-root-2.0.1.tgz 15372ms (cache miss)
5428 http fetch GET 200 https://registry.npmjs.org/require-from-string/-/require-from-string-2.0.2.tgz 15442ms (cache miss)
5429 http fetch GET 200 https://registry.npmjs.org/resolve-from/-/resolve-from-5.0.0.tgz 15574ms (cache miss)
5430 http fetch GET 200 https://registry.npmjs.org/deepmerge/-/deepmerge-4.3.1.tgz 15590ms (cache miss)
5431 http fetch GET 200 https://registry.npmjs.org/source-map/-/source-map-0.5.7.tgz 15732ms (cache miss)
5432 http fetch GET 200 https://registry.npmjs.org/@expo/config-types/-/config-types-54.0.10.tgz 15778ms (cache miss)
5433 http fetch GET 200 https://registry.npmjs.org/getenv/-/getenv-2.0.0.tgz 15977ms (cache miss)
5434 http fetch GET 200 https://registry.npmjs.org/@expo/json-file/-/json-file-10.2.0.tgz 15983ms (cache miss)
5435 http fetch GET 200 https://registry.npmjs.org/@babel/core/-/core-7.29.7.tgz 16096ms (cache miss)
5436 http fetch GET 200 https://registry.npmjs.org/react-refresh/-/react-refresh-0.14.2.tgz 16136ms (cache miss)
5437 http fetch GET 200 https://registry.npmjs.org/@babel/code-frame/-/code-frame-7.10.4.tgz 16180ms (cache miss)
5438 http fetch GET 200 https://registry.npmjs.org/@ungap/structured-clone/-/structured-clone-1.3.3.tgz 16293ms (cache miss)
5439 http fetch GET 200 https://registry.npmjs.org/whatwg-url-without-unicode/-/whatwg-url-without-unicode-8.0.0-3.tgz 16375ms (cache miss)
5440 http fetch GET 200 https://registry.npmjs.org/pretty-format/-/pretty-format-29.7.0.tgz 16441ms (cache miss)
5441 http fetch GET 200 https://registry.npmjs.org/expo-modules-autolinking/-/expo-modules-autolinking-3.0.26.tgz 16550ms (cache miss)
5442 http fetch GET 200 https://registry.npmjs.org/@sinclair/typebox/-/typebox-0.27.12.tgz 16653ms (cache miss)
5443 http fetch GET 200 https://registry.npmjs.org/@expo/devtools/-/devtools-0.1.8.tgz 16745ms (cache miss)
5444 http fetch GET 200 https://registry.npmjs.org/@expo/fingerprint/-/fingerprint-0.15.5.tgz 16845ms (cache miss)
5445 http fetch GET 200 https://registry.npmjs.org/minimatch/-/minimatch-10.2.6.tgz 16850ms (cache miss)
5446 http fetch GET 200 https://registry.npmjs.org/@babel/runtime/-/runtime-7.29.7.tgz 16855ms (cache miss)
5447 http fetch GET 200 https://registry.npmjs.org/color-string/-/color-string-1.9.1.tgz 16869ms (cache miss)
5448 http fetch GET 200 https://registry.npmjs.org/color-name/-/color-name-1.1.4.tgz 16941ms (cache miss)
5449 http fetch GET 200 https://registry.npmjs.org/warn-once/-/warn-once-0.1.1.tgz 16966ms (cache miss)
5450 http fetch GET 200 https://registry.npmjs.org/@expo/config-plugins/-/config-plugins-54.0.5.tgz 16991ms (cache miss)
5451 http fetch GET 200 https://registry.npmjs.org/color/-/color-4.2.3.tgz 17002ms (cache miss)
5452 http fetch GET 200 https://registry.npmjs.org/color-convert/-/color-convert-2.0.1.tgz 17025ms (cache miss)
5453 http fetch GET 200 https://registry.npmjs.org/react-is/-/react-is-19.2.8.tgz 17099ms (cache miss)
5454 http fetch GET 200 https://registry.npmjs.org/use-sync-external-store/-/use-sync-external-store-1.6.0.tgz 17108ms (cache miss)
5455 http fetch GET 200 https://registry.npmjs.org/@expo/metro/-/metro-54.2.0.tgz 17165ms (cache miss)
5456 http fetch GET 200 https://registry.npmjs.org/@expo/config/-/config-12.0.14.tgz 17215ms (cache miss)
5457 http fetch GET 200 https://registry.npmjs.org/query-string/-/query-string-7.1.3.tgz 17229ms (cache miss)
5458 http fetch GET 200 https://registry.npmjs.org/simple-swizzle/-/simple-swizzle-0.2.4.tgz 17235ms (cache miss)
5459 http fetch GET 200 https://registry.npmjs.org/@react-navigation/elements/-/elements-2.9.38.tgz 17247ms (cache miss)
5460 http fetch GET 200 https://registry.npmjs.org/@babel/parser/-/parser-7.29.8.tgz 17298ms (cache miss)
5461 http fetch GET 200 https://registry.npmjs.org/use-latest-callback/-/use-latest-callback-0.2.6.tgz 17292ms (cache miss)
5462 http fetch GET 200 https://registry.npmjs.org/nanoid/-/nanoid-3.3.18.tgz 17332ms (cache miss)
5463 http fetch GET 200 https://registry.npmjs.org/standard-navigation/-/standard-navigation-0.0.8.tgz 17337ms (cache miss)
5464 http fetch GET 200 https://registry.npmjs.org/escape-string-regexp/-/escape-string-regexp-4.0.0.tgz 17337ms (cache miss)
5465 http fetch GET 200 https://registry.npmjs.org/merge-options/-/merge-options-3.0.4.tgz 17437ms (cache miss)
5466 http fetch GET 200 https://registry.npmjs.org/@react-navigation/routers/-/routers-7.6.4.tgz 17600ms (cache miss)
5467 http fetch GET 200 https://registry.npmjs.org/expo-status-bar/-/expo-status-bar-3.0.9.tgz 17686ms (cache miss)
5468 http fetch GET 200 https://registry.npmjs.org/sf-symbols-typescript/-/sf-symbols-typescript-2.2.0.tgz 17802ms (cache miss)
5469 http fetch GET 200 https://registry.npmjs.org/i18next/-/i18next-25.10.10.tgz 17813ms (cache miss)
5470 http fetch GET 200 https://registry.npmjs.org/expo-modules-core/-/expo-modules-core-3.0.30.tgz 17936ms (cache miss)
5471 http fetch GET 200 https://registry.npmjs.org/fast-deep-equal/-/fast-deep-equal-3.1.3.tgz 18056ms (cache miss)
5472 http fetch GET 200 https://registry.npmjs.org/react-native-safe-area-context/-/react-native-safe-area-context-5.6.2.tgz 18067ms (cache miss)
5473 http fetch GET 200 https://registry.npmjs.org/csstype/-/csstype-3.2.3.tgz 18230ms (cache miss)
5474 http fetch GET 200 https://registry.npmjs.org/@react-navigation/native-stack/-/native-stack-7.18.8.tgz 18345ms (cache miss)
5475 http fetch GET 200 https://registry.npmjs.org/@react-navigation/core/-/core-7.21.12.tgz 18502ms (cache miss)
5476 http fetch GET 200 https://registry.npmjs.org/react/-/react-19.1.0.tgz 18560ms (cache miss)
5477 http fetch GET 200 https://registry.npmjs.org/expo-font/-/expo-font-14.0.12.tgz 18766ms (cache miss)
5478 http fetch GET 200 https://registry.npmjs.org/@react-native-async-storage/async-storage/-/async-storage-2.2.0.tgz 19052ms (cache miss)
5479 http fetch GET 200 https://registry.npmjs.org/@types/react/-/react-19.1.17.tgz 19163ms (cache miss)
5480 http fetch GET 200 https://registry.npmjs.org/semver/-/semver-6.3.1.tgz 19166ms (cache miss)
5481 http fetch GET 200 https://registry.npmjs.org/semver/-/semver-6.3.1.tgz 19326ms (cache miss)
5482 http fetch GET 200 https://registry.npmjs.org/supports-color/-/supports-color-7.2.0.tgz 19523ms (cache miss)
5483 http fetch GET 200 https://registry.npmjs.org/semver/-/semver-6.3.1.tgz 19536ms (cache miss)
5484 http fetch GET 200 https://registry.npmjs.org/semver/-/semver-6.3.1.tgz 19660ms (cache miss)
5485 http fetch GET 200 https://registry.npmjs.org/has-flag/-/has-flag-4.0.0.tgz 19758ms (cache miss)
5486 http fetch GET 200 https://registry.npmjs.org/type-fest/-/type-fest-0.21.3.tgz 19938ms (cache miss)
5487 http fetch GET 200 https://registry.npmjs.org/@babel/traverse/-/traverse-7.29.8.tgz 19999ms (cache miss)
5488 http fetch GET 200 https://registry.npmjs.org/@react-native/debugger-frontend/-/debugger-frontend-0.81.5.tgz 20031ms (cache miss)
5489 http fetch GET 200 https://registry.npmjs.org/react-native-screens/-/react-native-screens-4.16.0.tgz 20030ms (cache miss)
5490 http fetch GET 200 https://registry.npmjs.org/yallist/-/yallist-5.0.0.tgz 20062ms (cache miss)
5491 http fetch GET 200 https://registry.npmjs.org/resolve/-/resolve-1.7.1.tgz 20171ms (cache miss)
5492 http fetch GET 200 https://registry.npmjs.org/@babel/code-frame/-/code-frame-7.29.7.tgz 20179ms (cache miss)
5493 http fetch GET 200 https://registry.npmjs.org/ansi-regex/-/ansi-regex-4.1.1.tgz 20184ms (cache miss)
5494 http fetch GET 200 https://registry.npmjs.org/strip-ansi/-/strip-ansi-5.2.0.tgz 20242ms (cache miss)
5495 http fetch GET 200 https://registry.npmjs.org/ms/-/ms-2.0.0.tgz 20354ms (cache miss)
5496 http fetch GET 200 https://registry.npmjs.org/negotiator/-/negotiator-0.6.4.tgz 20354ms (cache miss)
5497 http fetch GET 200 https://registry.npmjs.org/debug/-/debug-2.6.9.tgz 20397ms (cache miss)
5498 http fetch GET 200 https://registry.npmjs.org/open/-/open-8.4.2.tgz 20401ms (cache miss)
5499 http fetch GET 200 https://registry.npmjs.org/glob/-/glob-13.0.6.tgz 20453ms (cache miss)
5500 http fetch GET 200 https://registry.npmjs.org/has-flag/-/has-flag-4.0.0.tgz 20472ms (cache miss)
5501 http fetch GET 200 https://registry.npmjs.org/react-i18next/-/react-i18next-16.6.6.tgz 20502ms (cache miss)
5502 http fetch GET 200 https://registry.npmjs.org/supports-color/-/supports-color-7.2.0.tgz 20516ms (cache miss)
5503 http fetch GET 200 https://registry.npmjs.org/chalk/-/chalk-4.1.2.tgz 20695ms (cache miss)
5504 http fetch GET 200 https://registry.npmjs.org/ansi-styles/-/ansi-styles-4.3.0.tgz 20725ms (cache miss)
5505 http fetch GET 200 https://registry.npmjs.org/has-flag/-/has-flag-4.0.0.tgz 20870ms (cache miss)
5506 http fetch GET 200 https://registry.npmjs.org/supports-color/-/supports-color-7.2.0.tgz 20870ms (cache miss)
5507 http fetch GET 200 https://registry.npmjs.org/@babel/code-frame/-/code-frame-7.29.7.tgz 21209ms (cache miss)
5508 http fetch GET 200 https://registry.npmjs.org/chalk/-/chalk-4.1.2.tgz 21432ms (cache miss)
5509 http fetch GET 200 https://registry.npmjs.org/ansi-styles/-/ansi-styles-4.3.0.tgz 21492ms (cache miss)
5510 http fetch GET 200 https://registry.npmjs.org/argparse/-/argparse-2.0.1.tgz 21506ms (cache miss)
5511 http fetch GET 200 https://registry.npmjs.org/supports-color/-/supports-color-7.2.0.tgz 21553ms (cache miss)
5512 http fetch GET 200 https://registry.npmjs.org/@babel/code-frame/-/code-frame-7.29.7.tgz 21673ms (cache miss)
5513 http fetch GET 200 https://registry.npmjs.org/supports-color/-/supports-color-7.2.0.tgz 21682ms (cache miss)
5514 http fetch GET 200 https://registry.npmjs.org/has-flag/-/has-flag-4.0.0.tgz 21721ms (cache miss)
5515 http fetch GET 200 https://registry.npmjs.org/@expo/json-file/-/json-file-11.0.1.tgz 21753ms (cache miss)
5516 http fetch GET 200 https://registry.npmjs.org/ansi-styles/-/ansi-styles-4.3.0.tgz 21834ms (cache miss)
5517 http fetch GET 200 https://registry.npmjs.org/ansi-styles/-/ansi-styles-4.3.0.tgz 21899ms (cache miss)
5518 http fetch GET 200 https://registry.npmjs.org/debug/-/debug-3.2.7.tgz 21900ms (cache miss)
5519 http fetch GET 200 https://registry.npmjs.org/has-flag/-/has-flag-4.0.0.tgz 22122ms (cache miss)
5520 http fetch GET 200 https://registry.npmjs.org/chalk/-/chalk-4.1.2.tgz 22133ms (cache miss)
5521 http fetch GET 200 https://registry.npmjs.org/js-yaml/-/js-yaml-4.3.1.tgz 22377ms (cache miss)
5522 http fetch GET 200 https://registry.npmjs.org/statuses/-/statuses-2.0.2.tgz 22466ms (cache miss)
5523 http fetch GET 200 https://registry.npmjs.org/chalk/-/chalk-4.1.2.tgz 22467ms (cache miss)
5524 http fetch GET 200 https://registry.npmjs.org/statuses/-/statuses-2.0.2.tgz 22490ms (cache miss)
5525 http fetch GET 200 https://registry.npmjs.org/fdir/-/fdir-6.5.0.tgz 22619ms (cache miss)
5526 http fetch GET 200 https://registry.npmjs.org/ms/-/ms-2.0.0.tgz 22728ms (cache miss)
5527 http fetch GET 200 https://registry.npmjs.org/on-finished/-/on-finished-2.4.1.tgz 22766ms (cache miss)
5528 http fetch GET 200 https://registry.npmjs.org/@xmldom/xmldom/-/xmldom-0.9.10.tgz 22813ms (cache miss)
5529 http fetch GET 200 https://registry.npmjs.org/p-limit/-/p-limit-2.3.0.tgz 22875ms (cache miss)
5530 http fetch GET 200 https://registry.npmjs.org/has-flag/-/has-flag-4.0.0.tgz 22952ms (cache miss)
5531 http fetch GET 200 https://registry.npmjs.org/source-map/-/source-map-0.6.1.tgz 22995ms (cache miss)
5532 http fetch GET 200 https://registry.npmjs.org/ansi-styles/-/ansi-styles-4.3.0.tgz 22997ms (cache miss)
5533 http fetch GET 200 https://registry.npmjs.org/lru-cache/-/lru-cache-10.4.3.tgz 23015ms (cache miss)
5534 http fetch GET 200 https://registry.npmjs.org/picomatch/-/picomatch-4.0.5.tgz 23012ms (cache miss)
5535 http fetch GET 200 https://registry.npmjs.org/expo/-/expo-54.0.36.tgz 23031ms (cache miss)
5536 http fetch GET 200 https://registry.npmjs.org/chalk/-/chalk-4.1.2.tgz 23050ms (cache miss)
5537 http fetch GET 200 https://registry.npmjs.org/supports-color/-/supports-color-7.2.0.tgz 23062ms (cache miss)
5538 http fetch GET 200 https://registry.npmjs.org/@babel/code-frame/-/code-frame-7.29.7.tgz 23064ms (cache miss)
5539 http fetch GET 200 https://registry.npmjs.org/ms/-/ms-2.0.0.tgz 23100ms (cache miss)
5540 http fetch GET 200 https://registry.npmjs.org/escape-string-regexp/-/escape-string-regexp-2.0.0.tgz 23194ms (cache miss)
5541 http fetch GET 200 https://registry.npmjs.org/balanced-match/-/balanced-match-1.0.2.tgz 23204ms (cache miss)
5542 http fetch GET 200 https://registry.npmjs.org/camelcase/-/camelcase-5.3.1.tgz 23327ms (cache miss)
5543 http fetch GET 200 https://registry.npmjs.org/brace-expansion/-/brace-expansion-1.1.18.tgz 23348ms (cache miss)
5544 http fetch GET 200 https://registry.npmjs.org/minimatch/-/minimatch-3.1.5.tgz 23400ms (cache miss)
5545 http fetch GET 200 https://registry.npmjs.org/minimatch/-/minimatch-3.1.5.tgz 23401ms (cache miss)
5546 http fetch GET 200 https://registry.npmjs.org/semver/-/semver-6.3.1.tgz 23477ms (cache miss)
5547 http fetch GET 200 https://registry.npmjs.org/glob/-/glob-7.2.3.tgz 23481ms (cache miss)
5548 warn deprecated glob@7.2.3: Old versions of glob are not supported, and contain widely publicized security vulnerabilities, which have been fixed in the current version. Please update. Support for old versions may be purchased (at exorbitant rates) by contacting i@izs.me
5549 http fetch GET 200 https://registry.npmjs.org/glob/-/glob-7.2.3.tgz 23530ms (cache miss)
5550 warn deprecated glob@7.2.3: Old versions of glob are not supported, and contain widely publicized security vulnerabilities, which have been fixed in the current version. Please update. Support for old versions may be purchased (at exorbitant rates) by contacting i@izs.me
5551 http fetch GET 200 https://registry.npmjs.org/has-flag/-/has-flag-4.0.0.tgz 23543ms (cache miss)
5552 http fetch GET 200 https://registry.npmjs.org/supports-color/-/supports-color-7.2.0.tgz 23564ms (cache miss)
5553 http fetch GET 200 https://registry.npmjs.org/debug/-/debug-2.6.9.tgz 23600ms (cache miss)
5554 http fetch GET 200 https://registry.npmjs.org/brace-expansion/-/brace-expansion-1.1.18.tgz 23599ms (cache miss)
5555 http fetch GET 200 https://registry.npmjs.org/encodeurl/-/encodeurl-2.0.0.tgz 23611ms (cache miss)
5556 http fetch GET 200 https://registry.npmjs.org/encodeurl/-/encodeurl-2.0.0.tgz 23636ms (cache miss)
5557 http fetch GET 200 https://registry.npmjs.org/ansi-styles/-/ansi-styles-4.3.0.tgz 23635ms (cache miss)
5558 http fetch GET 200 https://registry.npmjs.org/ansi-styles/-/ansi-styles-4.3.0.tgz 23692ms (cache miss)
5559 http fetch GET 200 https://registry.npmjs.org/supports-color/-/supports-color-7.2.0.tgz 23717ms (cache miss)
5560 http fetch GET 200 https://registry.npmjs.org/has-flag/-/has-flag-4.0.0.tgz 23763ms (cache miss)
5561 http fetch GET 200 https://registry.npmjs.org/chalk/-/chalk-4.1.2.tgz 23787ms (cache miss)
5562 http fetch GET 200 https://registry.npmjs.org/debug/-/debug-2.6.9.tgz 23941ms (cache miss)
5563 http fetch GET 200 https://registry.npmjs.org/chalk/-/chalk-4.1.2.tgz 23964ms (cache miss)
5564 http fetch GET 200 https://registry.npmjs.org/balanced-match/-/balanced-match-1.0.2.tgz 24070ms (cache miss)
5565 http fetch GET 200 https://registry.npmjs.org/ws/-/ws-6.2.6.tgz 24072ms (cache miss)
5566 http fetch GET 200 https://registry.npmjs.org/ansi-styles/-/ansi-styles-4.3.0.tgz 24099ms (cache miss)
5567 http fetch GET 200 https://registry.npmjs.org/hermes-estree/-/hermes-estree-0.29.1.tgz 24127ms (cache miss)
5568 http fetch GET 200 https://registry.npmjs.org/balanced-match/-/balanced-match-1.0.2.tgz 24220ms (cache miss)
5569 http fetch GET 200 https://registry.npmjs.org/has-flag/-/has-flag-4.0.0.tgz 24227ms (cache miss)
5570 http fetch GET 200 https://registry.npmjs.org/glob/-/glob-7.2.3.tgz 24273ms (cache miss)
5571 warn deprecated glob@7.2.3: Old versions of glob are not supported, and contain widely publicized security vulnerabilities, which have been fixed in the current version. Please update. Support for old versions may be purchased (at exorbitant rates) by contacting i@izs.me
5572 http fetch GET 200 https://registry.npmjs.org/minimatch/-/minimatch-3.1.5.tgz 24286ms (cache miss)
5573 http fetch GET 200 https://registry.npmjs.org/chalk/-/chalk-4.1.2.tgz 24543ms (cache miss)
5574 http fetch GET 200 https://registry.npmjs.org/has-flag/-/has-flag-4.0.0.tgz 24676ms (cache miss)
5575 http fetch GET 200 https://registry.npmjs.org/supports-color/-/supports-color-7.2.0.tgz 24802ms (cache miss)
5576 http fetch GET 200 https://registry.npmjs.org/ansi-styles/-/ansi-styles-4.3.0.tgz 24812ms (cache miss)
5577 http fetch GET 200 https://registry.npmjs.org/@babel/code-frame/-/code-frame-7.29.7.tgz 24813ms (cache miss)
5578 http fetch GET 200 https://registry.npmjs.org/supports-color/-/supports-color-7.2.0.tgz 24837ms (cache miss)
5579 http fetch GET 200 https://registry.npmjs.org/commander/-/commander-2.20.3.tgz 24881ms (cache miss)
5580 http fetch GET 200 https://registry.npmjs.org/ansi-styles/-/ansi-styles-4.3.0.tgz 24923ms (cache miss)
5581 http fetch GET 200 https://registry.npmjs.org/has-flag/-/has-flag-4.0.0.tgz 25021ms (cache miss)
5582 http fetch GET 200 https://registry.npmjs.org/ms/-/ms-2.0.0.tgz 25081ms (cache miss)
5583 http fetch GET 200 https://registry.npmjs.org/supports-color/-/supports-color-7.2.0.tgz 25254ms (cache miss)
5584 http fetch GET 200 https://registry.npmjs.org/ci-info/-/ci-info-3.9.0.tgz 25289ms (cache miss)
5585 http fetch GET 200 https://registry.npmjs.org/hermes-estree/-/hermes-estree-0.29.1.tgz 25347ms (cache miss)
5586 http fetch GET 200 https://registry.npmjs.org/chalk/-/chalk-4.1.2.tgz 25471ms (cache miss)
5587 http fetch GET 200 https://registry.npmjs.org/chalk/-/chalk-4.1.2.tgz 25506ms (cache miss)
5588 http fetch GET 200 https://registry.npmjs.org/ansi-styles/-/ansi-styles-4.3.0.tgz 25506ms (cache miss)
5589 http fetch GET 200 https://registry.npmjs.org/brace-expansion/-/brace-expansion-1.1.18.tgz 25585ms (cache miss)
5590 http fetch GET 200 https://registry.npmjs.org/@babel/types/-/types-7.29.8.tgz 25748ms (cache miss)
5591 http fetch GET 200 https://registry.npmjs.org/has-flag/-/has-flag-4.0.0.tgz 25758ms (cache miss)
5592 http fetch GET 200 https://registry.npmjs.org/hermes-parser/-/hermes-parser-0.29.1.tgz 25796ms (cache miss)
5593 http fetch GET 200 https://registry.npmjs.org/debug/-/debug-2.6.9.tgz 25794ms (cache miss)
5594 http fetch GET 200 https://registry.npmjs.org/@babel/code-frame/-/code-frame-7.29.7.tgz 25796ms (cache miss)
5595 http fetch GET 200 https://registry.npmjs.org/@babel/code-frame/-/code-frame-7.29.7.tgz 25958ms (cache miss)
5596 http fetch GET 200 https://registry.npmjs.org/supports-color/-/supports-color-8.1.1.tgz 25959ms (cache miss)
5597 http fetch GET 200 https://registry.npmjs.org/debug/-/debug-2.6.9.tgz 26009ms (cache miss)
5598 http fetch GET 200 https://registry.npmjs.org/ms/-/ms-2.0.0.tgz 26019ms (cache miss)
5599 http fetch GET 200 https://registry.npmjs.org/@babel/code-frame/-/code-frame-7.29.7.tgz 26042ms (cache miss)
5600 http fetch GET 200 https://registry.npmjs.org/supports-color/-/supports-color-7.2.0.tgz 26078ms (cache miss)
5601 http fetch GET 200 https://registry.npmjs.org/color-convert/-/color-convert-1.9.3.tgz 26095ms (cache miss)
5602 http fetch GET 200 https://registry.npmjs.org/semver/-/semver-6.3.1.tgz 26183ms (cache miss)
5603 http fetch GET 200 https://registry.npmjs.org/color-name/-/color-name-1.1.3.tgz 26184ms (cache miss)
5604 http fetch GET 200 https://registry.npmjs.org/has-flag/-/has-flag-4.0.0.tgz 26207ms (cache miss)
5605 http fetch GET 200 https://registry.npmjs.org/ansi-styles/-/ansi-styles-4.3.0.tgz 26343ms (cache miss)
5606 http fetch GET 200 https://registry.npmjs.org/react-is/-/react-is-18.3.1.tgz 26404ms (cache miss)
5607 http fetch GET 200 https://registry.npmjs.org/semver/-/semver-6.3.1.tgz 26498ms (cache miss)
5608 http fetch GET 200 https://registry.npmjs.org/escape-string-regexp/-/escape-string-regexp-1.0.5.tgz 26549ms (cache miss)
5609 http fetch GET 200 https://registry.npmjs.org/commander/-/commander-4.1.1.tgz 26579ms (cache miss)
5610 http fetch GET 200 https://registry.npmjs.org/chalk/-/chalk-4.1.2.tgz 26590ms (cache miss)
5611 http fetch GET 200 https://registry.npmjs.org/@babel/code-frame/-/code-frame-7.29.7.tgz 26591ms (cache miss)
5612 http fetch GET 200 https://registry.npmjs.org/ansi-styles/-/ansi-styles-5.2.0.tgz 26618ms (cache miss)
5613 http fetch GET 200 https://registry.npmjs.org/xmlbuilder/-/xmlbuilder-11.0.1.tgz 26644ms (cache miss)
5614 http fetch GET 200 https://registry.npmjs.org/@babel/code-frame/-/code-frame-7.29.7.tgz 26774ms (cache miss)
5615 http fetch GET 200 https://registry.npmjs.org/ansi-styles/-/ansi-styles-4.3.0.tgz 26775ms (cache miss)
5616 http fetch GET 200 https://registry.npmjs.org/supports-color/-/supports-color-7.2.0.tgz 26810ms (cache miss)
5617 http fetch GET 200 https://registry.npmjs.org/has-flag/-/has-flag-4.0.0.tgz 26810ms (cache miss)
5618 http fetch GET 200 https://registry.npmjs.org/has-flag/-/has-flag-4.0.0.tgz 26836ms (cache miss)
5619 http fetch GET 200 https://registry.npmjs.org/supports-color/-/supports-color-7.2.0.tgz 26836ms (cache miss)
5620 http fetch GET 200 https://registry.npmjs.org/ansi-styles/-/ansi-styles-4.3.0.tgz 26920ms (cache miss)
5621 http fetch GET 200 https://registry.npmjs.org/supports-color/-/supports-color-7.2.0.tgz 26987ms (cache miss)
5622 http fetch GET 200 https://registry.npmjs.org/has-flag/-/has-flag-4.0.0.tgz 26987ms (cache miss)
5623 http fetch GET 200 https://registry.npmjs.org/ansi-styles/-/ansi-styles-4.3.0.tgz 27002ms (cache miss)
5624 http fetch GET 200 https://registry.npmjs.org/has-flag/-/has-flag-4.0.0.tgz 27063ms (cache miss)
5625 http fetch GET 200 https://registry.npmjs.org/chalk/-/chalk-4.1.2.tgz 27122ms (cache miss)
5626 http fetch GET 200 https://registry.npmjs.org/chalk/-/chalk-4.1.2.tgz 27246ms (cache miss)
5627 http fetch GET 200 https://registry.npmjs.org/has-flag/-/has-flag-4.0.0.tgz 27249ms (cache miss)
5628 http fetch GET 200 https://registry.npmjs.org/ansi-styles/-/ansi-styles-4.3.0.tgz 27265ms (cache miss)
5629 http fetch GET 200 https://registry.npmjs.org/supports-color/-/supports-color-7.2.0.tgz 27303ms (cache miss)
5630 http fetch GET 200 https://registry.npmjs.org/chalk/-/chalk-4.1.2.tgz 27305ms (cache miss)
5631 http fetch GET 200 https://registry.npmjs.org/chalk/-/chalk-4.1.2.tgz 27307ms (cache miss)
5632 http fetch GET 200 https://registry.npmjs.org/balanced-match/-/balanced-match-1.0.2.tgz 27398ms (cache miss)
5633 http fetch GET 200 https://registry.npmjs.org/supports-color/-/supports-color-7.2.0.tgz 27431ms (cache miss)
5634 http fetch GET 200 https://registry.npmjs.org/ansi-styles/-/ansi-styles-4.3.0.tgz 27505ms (cache miss)
5635 http fetch GET 200 https://registry.npmjs.org/@expo/json-file/-/json-file-10.0.16.tgz 27509ms (cache miss)
5636 http fetch GET 200 https://registry.npmjs.org/brace-expansion/-/brace-expansion-2.1.4.tgz 27529ms (cache miss)
5637 http fetch GET 200 https://registry.npmjs.org/@babel/code-frame/-/code-frame-7.29.7.tgz 27711ms (cache miss)
5638 http fetch GET 200 https://registry.npmjs.org/@babel/code-frame/-/code-frame-7.10.4.tgz 27719ms (cache miss)
5639 http fetch GET 200 https://registry.npmjs.org/@expo/json-file/-/json-file-10.0.16.tgz 27867ms (cache miss)
5640 http fetch GET 200 https://registry.npmjs.org/picomatch/-/picomatch-4.0.5.tgz 27875ms (cache miss)
5641 http fetch GET 200 https://registry.npmjs.org/ci-info/-/ci-info-3.9.0.tgz 27981ms (cache miss)
5642 http fetch GET 200 https://registry.npmjs.org/hermes-estree/-/hermes-estree-0.29.1.tgz 28320ms (cache miss)
5643 http fetch GET 200 https://registry.npmjs.org/chalk/-/chalk-4.1.2.tgz 28385ms (cache miss)
5644 http fetch GET 200 https://registry.npmjs.org/ws/-/ws-8.21.3.tgz 28497ms (cache miss)
5645 http fetch GET 200 https://registry.npmjs.org/expo-keep-awake/-/expo-keep-awake-15.0.8.tgz 28510ms (cache miss)
5646 http fetch GET 200 https://registry.npmjs.org/@expo-google-fonts/noto-sans-telugu/-/noto-sans-telugu-0.2.3.tgz 29118ms (cache miss)
5647 http fetch GET 200 https://registry.npmjs.org/babel-preset-expo/-/babel-preset-expo-54.0.12.tgz 29100ms (cache miss)
5648 http fetch GET 200 https://registry.npmjs.org/balanced-match/-/balanced-match-1.0.2.tgz 29232ms (cache miss)
5649 http fetch GET 200 https://registry.npmjs.org/expo-constants/-/expo-constants-18.0.13.tgz 29991ms (cache miss)
5650 http fetch GET 200 https://registry.npmjs.org/brace-expansion/-/brace-expansion-1.1.18.tgz 30381ms (cache miss)
5651 http fetch GET 200 https://registry.npmjs.org/expo-asset/-/expo-asset-12.0.13.tgz 30385ms (cache miss)
5652 http fetch GET 200 https://registry.npmjs.org/minimatch/-/minimatch-9.0.9.tgz 30477ms (cache miss)
5653 http fetch GET 200 https://registry.npmjs.org/@expo/metro-config/-/metro-config-54.0.17.tgz 30479ms (cache miss)
5654 http fetch GET 200 https://registry.npmjs.org/hermes-parser/-/hermes-parser-0.29.1.tgz 30660ms (cache miss)
5655 http fetch GET 200 https://registry.npmjs.org/glob/-/glob-7.2.3.tgz 30668ms (cache miss)
5656 warn deprecated glob@7.2.3: Old versions of glob are not supported, and contain widely publicized security vulnerabilities, which have been fixed in the current version. Please update. Support for old versions may be purchased (at exorbitant rates) by contacting i@izs.me
5657 http fetch GET 200 https://registry.npmjs.org/minimatch/-/minimatch-3.1.5.tgz 30861ms (cache miss)
5658 http fetch GET 200 https://registry.npmjs.org/@expo/prebuild-config/-/prebuild-config-54.0.9.tgz 30872ms (cache miss)
5659 http fetch GET 200 https://registry.npmjs.org/ws/-/ws-6.2.6.tgz 30980ms (cache miss)
5660 http fetch GET 200 https://registry.npmjs.org/image-size 30910ms (cache miss)
5661 silly packumentCache corgi:https://registry.npmjs.org/image-size set size:undefined disposed:false
5662 http fetch GET 200 https://registry.npmjs.org/commander/-/commander-12.1.0.tgz 31199ms (cache miss)
5663 http fetch GET 200 https://registry.npmjs.org/react-devtools-core/-/react-devtools-core-6.1.5.tgz 31418ms (cache miss)
5664 http fetch GET 200 https://registry.npmjs.org/@react-native/virtualized-lists/-/virtualized-lists-0.81.5.tgz 31392ms (cache miss)
5665 http fetch GET 200 https://registry.npmjs.org/uuid 31705ms (cache miss)
5666 silly packumentCache corgi:https://registry.npmjs.org/uuid set size:undefined disposed:false
5667 http fetch GET 200 https://registry.npmjs.org/expo-file-system/-/expo-file-system-19.0.23.tgz 31828ms (cache miss)
5668 http fetch GET 200 https://registry.npmjs.org/postcss 33150ms (cache miss)
5669 silly packumentCache corgi:https://registry.npmjs.org/postcss set size:undefined disposed:false
5670 silly packumentCache corgi:https://registry.npmjs.org/metro cache-miss
5671 http cache https://registry.npmjs.org/metro 8ms (cache hit)
5672 silly packumentCache corgi:https://registry.npmjs.org/metro set size:542209 disposed:false
5673 http fetch GET 200 https://registry.npmjs.org/@react-navigation/native/-/native-7.3.16.tgz 33313ms (cache miss)
5674 silly packumentCache corgi:https://registry.npmjs.org/xcode cache-miss
5675 http fetch GET 200 https://registry.npmjs.org/hermes-parser/-/hermes-parser-0.29.1.tgz 33553ms (cache miss)
5676 http fetch GET 200 https://registry.npmjs.org/typescript/-/typescript-5.9.3.tgz 33886ms (cache miss)
5677 http fetch GET 200 https://registry.npmjs.org/lru-cache/-/lru-cache-11.5.2.tgz 35497ms (cache miss)
5678 warn tar TAR_ENTRY_ERROR ENOENT: no such file or directory, lstat '/Users/kedarbnikhil/Documents/Codex/2026-08-11/stage-1-of-4-foundation-i18n/outputs/ride-demo/node_modules/expo/node_modules/@expo/vector-icons/build'
5679 silly tar TAR_ENTRY_ERROR ENOENT: no such file or directory, lstat '/Users/kedarbnikhil/Documents/Codex/2026-08-11/stage-1-of-4-foundation-i18n/outputs/ride-demo/node_modules/expo/node_modules/@expo/vector-icons/build' [Error: ENOENT: no such file or directory, lstat '/Users/kedarbnikhil/Documents/Codex/2026-08-11/stage-1-of-4-foundation-i18n/outputs/ride-demo/node_modules/expo/node_modules/@expo/vector-icons/build'] {
5679 silly tar   errno: -2,
5679 silly tar   code: 'ENOENT',
5679 silly tar   syscall: 'lstat',
5679 silly tar   path: '/Users/kedarbnikhil/Documents/Codex/2026-08-11/stage-1-of-4-foundation-i18n/outputs/ride-demo/node_modules/expo/node_modules/@expo/vector-icons/build',
5679 silly tar   entry: Is {
5679 silly tar     _events: [Object: null prototype] { end: [Function (anonymous)] },
5679 silly tar     _eventsCount: 1,
5679 silly tar     _maxListeners: undefined,
5679 silly tar     writable: false,
5679 silly tar     readable: true,
5679 silly tar     extended: undefined,
5679 silly tar     globalExtended: undefined,
5679 silly tar     header: Ls {
5679 silly tar       cksumValid: true,
5679 silly tar       needPax: false,
5679 silly tar       nullBlock: false,
5679 silly tar       block: undefined,
5679 silly tar       path: 'package/build/vendor/react-native-vector-icons/Fonts/EvilIcons.ttf',
5679 silly tar       mode: 420,
5679 silly tar       uid: undefined,
5679 silly tar       gid: undefined,
5679 silly tar       size: 13456,
5679 silly tar       cksum: 9449,
5679 silly tar       linkpath: '',
5679 silly tar       uname: '',
5679 silly tar       gname: '',
5679 silly tar       devmaj: 0,
5679 silly tar       devmin: 0,
5679 silly tar       atime: undefined,
5679 silly tar       ctime: undefined,
5679 silly tar       mtime: 1985-10-26T08:15:00.000Z,
5679 silly tar       charset: undefined,
5679 silly tar       comment: undefined
5679 silly tar     },
5679 silly tar     startBlockSize: 13824,
5679 silly tar     blockRemain: 0,
5679 silly tar     remain: 0,
5679 silly tar     type: 'File',
5679 silly tar     meta: false,
5679 silly tar     ignore: false,
5679 silly tar     path: 'build/vendor/react-native-vector-icons/Fonts/EvilIcons.ttf',
5679 silly tar     mode: 438,
5679 silly tar     uid: undefined,
5679 silly tar     gid: undefined,
5679 silly tar     uname: '',
5679 silly tar     gname: '',
5679 silly tar     size: 13456,
5679 silly tar     mtime: 1985-10-26T08:15:00.000Z,
5679 silly tar     atime: undefined,
5679 silly tar     ctime: undefined,
5679 silly tar     linkpath: undefined,
5679 silly tar     dev: undefined,
5679 silly tar     ino: undefined,
5679 silly tar     nlink: undefined,
5679 silly tar     invalid: false,
5679 silly tar     absolute: '/Users/kedarbnikhil/Documents/Codex/2026-08-11/stage-1-of-4-foundation-i18n/outputs/ride-demo/node_modules/expo/node_modules/@expo/vector-icons/build/vendor/react-native-vector-icons/Fonts/EvilIcons.ttf',
5679 silly tar     unsupported: false,
5679 silly tar     Symbol(shapeMode): false,
5679 silly tar     Symbol(kCapture): false,
5679 silly tar     Symbol(flowing): false,
5679 silly tar     Symbol(paused): true,
5679 silly tar     Symbol(pipes): [],
5679 silly tar     Symbol(buffer): [
5679 silly tar       <Buffer 00 01 00 00 00 0d 00 80 00 03 00 50 46 46 54 4d 85 d9 19 3a 00 00 34 74 00 00 00 1c 4f 53 2f 32 4f b9 5d 2b 00 00 01 58 00 00 00 60 63 6d 61 70 e2 39 ... 4530 more bytes>,
5679 silly tar       <Buffer 53 4f 2c 27 36 2a 2a 36 27 2c 4f 53 01 16 13 21 14 26 47 4c 4c 47 26 1e 2a 0e 0d 0c 0d 0d 0c 0d 0e 00 00 00 00 06 00 51 00 3a 01 af 01 46 00 0f 00 1b ... 8826 more bytes>
5679 silly tar     ],
5679 silly tar     Symbol(objectMode): false,
5679 silly tar     Symbol(encoding): null,
5679 silly tar     Symbol(async): false,
5679 silly tar     Symbol(decoder): null,
5679 silly tar     Symbol(EOF): true,
5679 silly tar     Symbol(emittedEnd): false,
5679 silly tar     Symbol(emittingEnd): false,
5679 silly tar     Symbol(closed): false,
5679 silly tar     Symbol(emittedError): null,
5679 silly tar     Symbol(bufferLength): 13456,
5679 silly tar     Symbol(destroyed): false,
5679 silly tar     Symbol(signal): undefined,
5679 silly tar     Symbol(aborted): false,
5679 silly tar     Symbol(dataListeners): 0,
5679 silly tar     Symbol(discarded): false
5679 silly tar   },
5679 silly tar   cwd: '/Users/kedarbnikhil/Documents/Codex/2026-08-11/stage-1-of-4-foundation-i18n/outputs/ride-demo/node_modules/expo/node_modules/@expo/vector-icons',
5679 silly tar   tarCode: 'TAR_ENTRY_ERROR'
5679 silly tar }
5680 warn tar TAR_ENTRY_ERROR ENOENT: no such file or directory, lstat '/Users/kedarbnikhil/Documents/Codex/2026-08-11/stage-1-of-4-foundation-i18n/outputs/ride-demo/node_modules/expo/node_modules/@expo/vector-icons/build'
5681 silly tar TAR_ENTRY_ERROR ENOENT: no such file or directory, lstat '/Users/kedarbnikhil/Documents/Codex/2026-08-11/stage-1-of-4-foundation-i18n/outputs/ride-demo/node_modules/expo/node_modules/@expo/vector-icons/build' [Error: ENOENT: no such file or directory, lstat '/Users/kedarbnikhil/Documents/Codex/2026-08-11/stage-1-of-4-foundation-i18n/outputs/ride-demo/node_modules/expo/node_modules/@expo/vector-icons/build'] {
5681 silly tar   errno: -2,
5681 silly tar   code: 'ENOENT',
5681 silly tar   syscall: 'lstat',
5681 silly tar   path: '/Users/kedarbnikhil/Documents/Codex/2026-08-11/stage-1-of-4-foundation-i18n/outputs/ride-demo/node_modules/expo/node_modules/@expo/vector-icons/build',
5681 silly tar   entry: Is {
5681 silly tar     _events: [Object: null prototype] {
5681 silly tar       end: [Function (anonymous)],
5681 silly tar       drain: [Function]
5681 silly tar     },
5681 silly tar     _eventsCount: 2,
5681 silly tar     _maxListeners: undefined,
5681 silly tar     writable: true,
5681 silly tar     readable: true,
5681 silly tar     extended: undefined,
5681 silly tar     globalExtended: undefined,
5681 silly tar     header: Ls {
5681 silly tar       cksumValid: true,
5681 silly tar       needPax: false,
5681 silly tar       nullBlock: false,
5681 silly tar       block: undefined,
5681 silly tar       path: 'package/build/vendor/react-native-vector-icons/Fonts/Feather.ttf',
5681 silly tar       mode: 420,
5681 silly tar       uid: undefined,
5681 silly tar       gid: undefined,
5681 silly tar       size: 55596,
5681 silly tar       cksum: 9258,
5681 silly tar       linkpath: '',
5681 silly tar       uname: '',
5681 silly tar       gname: '',
5681 silly tar       devmaj: 0,
5681 silly tar       devmin: 0,
5681 silly tar       atime: undefined,
5681 silly tar       ctime: undefined,
5681 silly tar       mtime: 1985-10-26T08:15:00.000Z,
5681 silly tar       charset: undefined,
5681 silly tar       comment: undefined
5681 silly tar     },
5681 silly tar     startBlockSize: 55808,
5681 silly tar     blockRemain: 52319,
5681 silly tar     remain: 52107,
5681 silly tar     type: 'File',
5681 silly tar     meta: false,
5681 silly tar     ignore: false,
5681 silly tar     path: 'build/vendor/react-native-vector-icons/Fonts/Feather.ttf',
5681 silly tar     mode: 438,
5681 silly tar     uid: undefined,
5681 silly tar     gid: undefined,
5681 silly tar     uname: '',
5681 silly tar     gname: '',
5681 silly tar     size: 55596,
5681 silly tar     mtime: 1985-10-26T08:15:00.000Z,
5681 silly tar     atime: undefined,
5681 silly tar     ctime: undefined,
5681 silly tar     linkpath: undefined,
5681 silly tar     dev: undefined,
5681 silly tar     ino: undefined,
5681 silly tar     nlink: undefined,
5681 silly tar     invalid: false,
5681 silly tar     absolute: '/Users/kedarbnikhil/Documents/Codex/2026-08-11/stage-1-of-4-foundation-i18n/outputs/ride-demo/node_modules/expo/node_modules/@expo/vector-icons/build/vendor/react-native-vector-icons/Fonts/Feather.ttf',
5681 silly tar     unsupported: false,
5681 silly tar     Symbol(shapeMode): false,
5681 silly tar     Symbol(kCapture): false,
5681 silly tar     Symbol(flowing): false,
5681 silly tar     Symbol(paused): true,
5681 silly tar     Symbol(pipes): [],
5681 silly tar     Symbol(buffer): [
5681 silly tar       <Buffer 00 01 00 00 00 0d 00 80 00 03 00 50 46 46 54 4d a6 b4 da 5e 00 00 d9 10 00 00 00 1c 4f 53 2f 32 4f fb 5e 45 00 00 01 58 00 00 00 60 63 6d 61 70 3b d1 ... 3439 more bytes>
5681 silly tar     ],
5681 silly tar     Symbol(objectMode): false,
5681 silly tar     Symbol(encoding): null,
5681 silly tar     Symbol(async): false,
5681 silly tar     Symbol(decoder): null,
5681 silly tar     Symbol(EOF): false,
5681 silly tar     Symbol(emittedEnd): false,
5681 silly tar     Symbol(emittingEnd): false,
5681 silly tar     Symbol(closed): false,
5681 silly tar     Symbol(emittedError): null,
5681 silly tar     Symbol(bufferLength): 3489,
5681 silly tar     Symbol(destroyed): false,
5681 silly tar     Symbol(signal): undefined,
5681 silly tar     Symbol(aborted): false,
5681 silly tar     Symbol(dataListeners): 0,
5681 silly tar     Symbol(discarded): false
5681 silly tar   },
5681 silly tar   cwd: '/Users/kedarbnikhil/Documents/Codex/2026-08-11/stage-1-of-4-foundation-i18n/outputs/ride-demo/node_modules/expo/node_modules/@expo/vector-icons',
5681 silly tar   tarCode: 'TAR_ENTRY_ERROR'
5681 silly tar }
5682 warn tar TAR_ENTRY_ERROR ENOENT: no such file or directory, lstat '/Users/kedarbnikhil/Documents/Codex/2026-08-11/stage-1-of-4-foundation-i18n/outputs/ride-demo/node_modules/expo/node_modules/@expo/vector-icons/build'
5683 silly tar TAR_ENTRY_ERROR ENOENT: no such file or directory, lstat '/Users/kedarbnikhil/Documents/Codex/2026-08-11/stage-1-of-4-foundation-i18n/outputs/ride-demo/node_modules/expo/node_modules/@expo/vector-icons/build' [Error: ENOENT: no such file or directory, lstat '/Users/kedarbnikhil/Documents/Codex/2026-08-11/stage-1-of-4-foundation-i18n/outputs/ride-demo/node_modules/expo/node_modules/@expo/vector-icons/build'] {
5683 silly tar   errno: -2,
5683 silly tar   code: 'ENOENT',
5683 silly tar   syscall: 'lstat',
5683 silly tar   path: '/Users/kedarbnikhil/Documents/Codex/2026-08-11/stage-1-of-4-foundation-i18n/outputs/ride-demo/node_modules/expo/node_modules/@expo/vector-icons/build',
5683 silly tar   entry: Is {
5683 silly tar     _events: [Object: null prototype] {
5683 silly tar       end: [Function (anonymous)],
5683 silly tar       drain: [Function]
5683 silly tar     },
5683 silly tar     _eventsCount: 2,
5683 silly tar     _maxListeners: undefined,
5683 silly tar     writable: true,
5683 silly tar     readable: true,
5683 silly tar     extended: undefined,
5683 silly tar     globalExtended: undefined,
5683 silly tar     header: Ls {
5683 silly tar       cksumValid: true,
5683 silly tar       needPax: false,
5683 silly tar       nullBlock: false,
5683 silly tar       block: undefined,
5683 silly tar       path: 'package/build/vendor/react-native-vector-icons/Fonts/FontAwesome.ttf',
5683 silly tar       mode: 420,
5683 silly tar       uid: undefined,
5683 silly tar       gid: undefined,
5683 silly tar       size: 165548,
5683 silly tar       cksum: 9679,
5683 silly tar       linkpath: '',
5683 silly tar       uname: '',
5683 silly tar       gname: '',
5683 silly tar       devmaj: 0,
5683 silly tar       devmin: 0,
5683 silly tar       atime: undefined,
5683 silly tar       ctime: undefined,
5683 silly tar       mtime: 1985-10-26T08:15:00.000Z,
5683 silly tar       charset: undefined,
5683 silly tar       comment: undefined
5683 silly tar     },
5683 silly tar     startBlockSize: 165888,
5683 silly tar     blockRemain: 145585,
5683 silly tar     remain: 145245,
5683 silly tar     type: 'File',
5683 silly tar     meta: false,
5683 silly tar     ignore: false,
5683 silly tar     path: 'build/vendor/react-native-vector-icons/Fonts/FontAwesome.ttf',
5683 silly tar     mode: 438,
5683 silly tar     uid: undefined,
5683 silly tar     gid: undefined,
5683 silly tar     uname: '',
5683 silly tar     gname: '',
5683 silly tar     size: 165548,
5683 silly tar     mtime: 1985-10-26T08:15:00.000Z,
5683 silly tar     atime: undefined,
5683 silly tar     ctime: undefined,
5683 silly tar     linkpath: undefined,
5683 silly tar     dev: undefined,
5683 silly tar     ino: undefined,
5683 silly tar     nlink: undefined,
5683 silly tar     invalid: false,
5683 silly tar     absolute: '/Users/kedarbnikhil/Documents/Codex/2026-08-11/stage-1-of-4-foundation-i18n/outputs/ride-demo/node_modules/expo/node_modules/@expo/vector-icons/build/vendor/react-native-vector-icons/Fonts/FontAwesome.ttf',
5683 silly tar     unsupported: false,
5683 silly tar     Symbol(shapeMode): false,
5683 silly tar     Symbol(kCapture): false,
5683 silly tar     Symbol(flowing): false,
5683 silly tar     Symbol(paused): true,
5683 silly tar     Symbol(pipes): [],
5683 silly tar     Symbol(buffer): [
5683 silly tar       <Buffer 00 01 00 00 00 0d 00 80 00 03 00 50 46 46 54 4d 6b be 47 b9 00 02 86 90 00 00 00 1c 47 44 45 46 02 f0 00 04 00 02 86 70 00 00 00 20 4f 53 2f 32 88 32 ... 3869 more bytes>,
5683 silly tar       <Buffer 00 00 00 00 00 00 00 00 00 00 00 00 00 00 00 00 00 00 00 00 00 00 00 00 00 00 00 00 00 00 00 00 00 00 00 00 00 00 00 00 00 00 00 00 00 00 00 00 00 00 ... 16334 more bytes>
5683 silly tar     ],
5683 silly tar     Symbol(objectMode): false,
5683 silly tar     Symbol(encoding): null,
5683 silly tar     Symbol(async): false,
5683 silly tar     Symbol(decoder): null,
5683 silly tar     Symbol(EOF): false,
5683 silly tar     Symbol(emittedEnd): false,
5683 silly tar     Symbol(emittingEnd): false,
5683 silly tar     Symbol(closed): false,
5683 silly tar     Symbol(emittedError): null,
5683 silly tar     Symbol(bufferLength): 20303,
5683 silly tar     Symbol(destroyed): false,
5683 silly tar     Symbol(signal): undefined,
5683 silly tar     Symbol(aborted): false,
5683 silly tar     Symbol(dataListeners): 0,
5683 silly tar     Symbol(discarded): false
5683 silly tar   },
5683 silly tar   cwd: '/Users/kedarbnikhil/Documents/Codex/2026-08-11/stage-1-of-4-foundation-i18n/outputs/ride-demo/node_modules/expo/node_modules/@expo/vector-icons',
5683 silly tar   tarCode: 'TAR_ENTRY_ERROR'
5683 silly tar }
5684 warn tar TAR_ENTRY_ERROR ENOENT: no such file or directory, lstat '/Users/kedarbnikhil/Documents/Codex/2026-08-11/stage-1-of-4-foundation-i18n/outputs/ride-demo/node_modules/expo/node_modules/@expo/vector-icons/build'
5685 silly tar TAR_ENTRY_ERROR ENOENT: no such file or directory, lstat '/Users/kedarbnikhil/Documents/Codex/2026-08-11/stage-1-of-4-foundation-i18n/outputs/ride-demo/node_modules/expo/node_modules/@expo/vector-icons/build' [Error: ENOENT: no such file or directory, lstat '/Users/kedarbnikhil/Documents/Codex/2026-08-11/stage-1-of-4-foundation-i18n/outputs/ride-demo/node_modules/expo/node_modules/@expo/vector-icons/build'] {
5685 silly tar   errno: -2,
5685 silly tar   code: 'ENOENT',
5685 silly tar   syscall: 'lstat',
5685 silly tar   path: '/Users/kedarbnikhil/Documents/Codex/2026-08-11/stage-1-of-4-foundation-i18n/outputs/ride-demo/node_modules/expo/node_modules/@expo/vector-icons/build',
5685 silly tar   entry: Is {
5685 silly tar     _events: [Object: null prototype] {
5685 silly tar       end: [Function (anonymous)],
5685 silly tar       drain: [Function]
5685 silly tar     },
5685 silly tar     _eventsCount: 2,
5685 silly tar     _maxListeners: undefined,
5685 silly tar     writable: true,
5685 silly tar     readable: true,
5685 silly tar     extended: undefined,
5685 silly tar     globalExtended: undefined,
5685 silly tar     header: Ls {
5685 silly tar       cksumValid: true,
5685 silly tar       needPax: false,
5685 silly tar       nullBlock: false,
5685 silly tar       block: undefined,
5685 silly tar       path: 'package/build/vendor/react-native-vector-icons/Fonts/FontAwesome5_Brands.ttf',
5685 silly tar       mode: 420,
5685 silly tar       uid: undefined,
5685 silly tar       gid: undefined,
5685 silly tar       size: 134040,
5685 silly tar       cksum: 10428,
5685 silly tar       linkpath: '',
5685 silly tar       uname: '',
5685 silly tar       gname: '',
5685 silly tar       devmaj: 0,
5685 silly tar       devmin: 0,
5685 silly tar       atime: undefined,
5685 silly tar       ctime: undefined,
5685 silly tar       mtime: 1985-10-26T08:15:00.000Z,
5685 silly tar       charset: undefined,
5685 silly tar       comment: undefined
5685 silly tar     },
5685 silly tar     startBlockSize: 134144,
5685 silly tar     blockRemain: 119462,
5685 silly tar     remain: 119358,
5685 silly tar     type: 'File',
5685 silly tar     meta: false,
5685 silly tar     ignore: false,
5685 silly tar     path: 'build/vendor/react-native-vector-icons/Fonts/FontAwesome5_Brands.ttf',
5685 silly tar     mode: 438,
5685 silly tar     uid: undefined,
5685 silly tar     gid: undefined,
5685 silly tar     uname: '',
5685 silly tar     gname: '',
5685 silly tar     size: 134040,
5685 silly tar     mtime: 1985-10-26T08:15:00.000Z,
5685 silly tar     atime: undefined,
5685 silly tar     ctime: undefined,
5685 silly tar     linkpath: undefined,
5685 silly tar     dev: undefined,
5685 silly tar     ino: undefined,
5685 silly tar     nlink: undefined,
5685 silly tar     invalid: false,
5685 silly tar     absolute: '/Users/kedarbnikhil/Documents/Codex/2026-08-11/stage-1-of-4-foundation-i18n/outputs/ride-demo/node_modules/expo/node_modules/@expo/vector-icons/build/vendor/react-native-vector-icons/Fonts/FontAwesome5_Brands.ttf',
5685 silly tar     unsupported: false,
5685 silly tar     Symbol(shapeMode): false,
5685 silly tar     Symbol(kCapture): false,
5685 silly tar     Symbol(flowing): false,
5685 silly tar     Symbol(paused): true,
5685 silly tar     Symbol(pipes): [],
5685 silly tar     Symbol(buffer): [
5685 silly tar       <Buffer 00 01 00 00 00 0d 00 80 00 03 00 50 46 46 54 4d 94 c5 5e bf 00 02 0b 7c 00 00 00 1c 47 44 45 46 00 2a 01 d2 00 02 0b 5c 00 00 00 1e 4f 53 2f 32 31 95 ... 5039 more bytes>,
5685 silly tar       <Buffer 14 61 28 01 24 26 07 24 00 00 00 00 09 00 20 ff e0 02 27 01 a0 00 07 00 0b 00 12 00 27 00 33 00 3b 00 47 00 50 00 54 00 00 12 32 16 14 06 22 26 34 17 ... 9543 more bytes>
5685 silly tar     ],
5685 silly tar     Symbol(objectMode): false,
5685 silly tar     Symbol(encoding): null,
5685 silly tar     Symbol(async): false,
5685 silly tar     Symbol(decoder): null,
5685 silly tar     Symbol(EOF): false,
5685 silly tar     Symbol(emittedEnd): false,
5685 silly tar     Symbol(emittingEnd): false,
5685 silly tar     Symbol(closed): false,
5685 silly tar     Symbol(emittedError): null,
5685 silly tar     Symbol(bufferLength): 14682,
5685 silly tar     Symbol(destroyed): false,
5685 silly tar     Symbol(signal): undefined,
5685 silly tar     Symbol(aborted): false,
5685 silly tar     Symbol(dataListeners): 0,
5685 silly tar     Symbol(discarded): false
5685 silly tar   },
5685 silly tar   cwd: '/Users/kedarbnikhil/Documents/Codex/2026-08-11/stage-1-of-4-foundation-i18n/outputs/ride-demo/node_modules/expo/node_modules/@expo/vector-icons',
5685 silly tar   tarCode: 'TAR_ENTRY_ERROR'
5685 silly tar }
5686 warn tar TAR_ENTRY_ERROR ENOENT: no such file or directory, lstat '/Users/kedarbnikhil/Documents/Codex/2026-08-11/stage-1-of-4-foundation-i18n/outputs/ride-demo/node_modules/expo/node_modules/@expo/vector-icons/build'
5687 silly tar TAR_ENTRY_ERROR ENOENT: no such file or directory, lstat '/Users/kedarbnikhil/Documents/Codex/2026-08-11/stage-1-of-4-foundation-i18n/outputs/ride-demo/node_modules/expo/node_modules/@expo/vector-icons/build' [Error: ENOENT: no such file or directory, lstat '/Users/kedarbnikhil/Documents/Codex/2026-08-11/stage-1-of-4-foundation-i18n/outputs/ride-demo/node_modules/expo/node_modules/@expo/vector-icons/build'] {
5687 silly tar   errno: -2,
5687 silly tar   code: 'ENOENT',
5687 silly tar   syscall: 'lstat',
5687 silly tar   path: '/Users/kedarbnikhil/Documents/Codex/2026-08-11/stage-1-of-4-foundation-i18n/outputs/ride-demo/node_modules/expo/node_modules/@expo/vector-icons/build',
5687 silly tar   entry: Is {
5687 silly tar     _events: [Object: null prototype] {
5687 silly tar       end: [Function (anonymous)],
5687 silly tar       drain: [Function]
5687 silly tar     },
5687 silly tar     _eventsCount: 2,
5687 silly tar     _maxListeners: undefined,
5687 silly tar     writable: true,
5687 silly tar     readable: true,
5687 silly tar     extended: undefined,
5687 silly tar     globalExtended: undefined,
5687 silly tar     header: Ls {
5687 silly tar       cksumValid: true,
5687 silly tar       needPax: false,
5687 silly tar       nullBlock: false,
5687 silly tar       block: undefined,
5687 silly tar       path: 'package/build/vendor/react-native-vector-icons/Fonts/FontAwesome5_Regular.ttf',
5687 silly tar       mode: 420,
5687 silly tar       uid: undefined,
5687 silly tar       gid: undefined,
5687 silly tar       size: 33736,
5687 silly tar       cksum: 10540,
5687 silly tar       linkpath: '',
5687 silly tar       uname: '',
5687 silly tar       gname: '',
5687 silly tar       devmaj: 0,
5687 silly tar       devmin: 0,
5687 silly tar       atime: undefined,
5687 silly tar       ctime: undefined,
5687 silly tar       mtime: 1985-10-26T08:15:00.000Z,
5687 silly tar       charset: undefined,
5687 silly tar       comment: undefined
5687 silly tar     },
5687 silly tar     startBlockSize: 33792,
5687 silly tar     blockRemain: 31492,
5687 silly tar     remain: 31436,
5687 silly tar     type: 'File',
5687 silly tar     meta: false,
5687 silly tar     ignore: false,
5687 silly tar     path: 'build/vendor/react-native-vector-icons/Fonts/FontAwesome5_Regular.ttf',
5687 silly tar     mode: 438,
5687 silly tar     uid: undefined,
5687 silly tar     gid: undefined,
5687 silly tar     uname: '',
5687 silly tar     gname: '',
5687 silly tar     size: 33736,
5687 silly tar     mtime: 1985-10-26T08:15:00.000Z,
5687 silly tar     atime: undefined,
5687 silly tar     ctime: undefined,
5687 silly tar     linkpath: undefined,
5687 silly tar     dev: undefined,
5687 silly tar     ino: undefined,
5687 silly tar     nlink: undefined,
5687 silly tar     invalid: false,
5687 silly tar     absolute: '/Users/kedarbnikhil/Documents/Codex/2026-08-11/stage-1-of-4-foundation-i18n/outputs/ride-demo/node_modules/expo/node_modules/@expo/vector-icons/build/vendor/react-native-vector-icons/Fonts/FontAwesome5_Regular.ttf',
5687 silly tar     unsupported: false,
5687 silly tar     Symbol(shapeMode): false,
5687 silly tar     Symbol(kCapture): false,
5687 silly tar     Symbol(flowing): false,
5687 silly tar     Symbol(paused): true,
5687 silly tar     Symbol(pipes): [],
5687 silly tar     Symbol(buffer): [
5687 silly tar       <Buffer 00 01 00 00 00 0d 00 80 00 03 00 50 46 46 54 4d 94 c5 5e bf 00 00 83 ac 00 00 00 1c 47 44 45 46 00 2a 00 a0 00 00 83 8c 00 00 00 1e 4f 53 2f 32 41 92 ... 2250 more bytes>
5687 silly tar     ],
5687 silly tar     Symbol(objectMode): false,
5687 silly tar     Symbol(encoding): null,
5687 silly tar     Symbol(async): false,
5687 silly tar     Symbol(decoder): null,
5687 silly tar     Symbol(EOF): false,
5687 silly tar     Symbol(emittedEnd): false,
5687 silly tar     Symbol(emittingEnd): false,
5687 silly tar     Symbol(closed): false,
5687 silly tar     Symbol(emittedError): null,
5687 silly tar     Symbol(bufferLength): 2300,
5687 silly tar     Symbol(destroyed): false,
5687 silly tar     Symbol(signal): undefined,
5687 silly tar     Symbol(aborted): false,
5687 silly tar     Symbol(dataListeners): 0,
5687 silly tar     Symbol(discarded): false
5687 silly tar   },
5687 silly tar   cwd: '/Users/kedarbnikhil/Documents/Codex/2026-08-11/stage-1-of-4-foundation-i18n/outputs/ride-demo/node_modules/expo/node_modules/@expo/vector-icons',
5687 silly tar   tarCode: 'TAR_ENTRY_ERROR'
5687 silly tar }
5688 warn tar TAR_ENTRY_ERROR ENOENT: no such file or directory, lstat '/Users/kedarbnikhil/Documents/Codex/2026-08-11/stage-1-of-4-foundation-i18n/outputs/ride-demo/node_modules/expo/node_modules/@expo/vector-icons/build'
5689 silly tar TAR_ENTRY_ERROR ENOENT: no such file or directory, lstat '/Users/kedarbnikhil/Documents/Codex/2026-08-11/stage-1-of-4-foundation-i18n/outputs/ride-demo/node_modules/expo/node_modules/@expo/vector-icons/build' [Error: ENOENT: no such file or directory, lstat '/Users/kedarbnikhil/Documents/Codex/2026-08-11/stage-1-of-4-foundation-i18n/outputs/ride-demo/node_modules/expo/node_modules/@expo/vector-icons/build'] {
5689 silly tar   errno: -2,
5689 silly tar   code: 'ENOENT',
5689 silly tar   syscall: 'lstat',
5689 silly tar   path: '/Users/kedarbnikhil/Documents/Codex/2026-08-11/stage-1-of-4-foundation-i18n/outputs/ride-demo/node_modules/expo/node_modules/@expo/vector-icons/build',
5689 silly tar   entry: Is {
5689 silly tar     _events: [Object: null prototype] {
5689 silly tar       end: [Function (anonymous)],
5689 silly tar       drain: [Function]
5689 silly tar     },
5689 silly tar     _eventsCount: 2,
5689 silly tar     _maxListeners: undefined,
5689 silly tar     writable: true,
5689 silly tar     readable: true,
5689 silly tar     extended: undefined,
5689 silly tar     globalExtended: undefined,
5689 silly tar     header: Ls {
5689 silly tar       cksumValid: true,
5689 silly tar       needPax: false,
5689 silly tar       nullBlock: false,
5689 silly tar       block: undefined,
5689 silly tar       path: 'package/build/vendor/react-native-vector-icons/Fonts/FontAwesome5_Solid.ttf',
5689 silly tar       mode: 420,
5689 silly tar       uid: undefined,
5689 silly tar       gid: undefined,
5689 silly tar       size: 202744,
5689 silly tar       cksum: 10339,
5689 silly tar       linkpath: '',
5689 silly tar       uname: '',
5689 silly tar       gname: '',
5689 silly tar       devmaj: 0,
5689 silly tar       devmin: 0,
5689 silly tar       atime: undefined,
5689 silly tar       ctime: undefined,
5689 silly tar       mtime: 1985-10-26T08:15:00.000Z,
5689 silly tar       charset: undefined,
5689 silly tar       comment: undefined
5689 silly tar     },
5689 silly tar     startBlockSize: 202752,
5689 silly tar     blockRemain: 198774,
5689 silly tar     remain: 198766,
5689 silly tar     type: 'File',
5689 silly tar     meta: false,
5689 silly tar     ignore: false,
5689 silly tar     path: 'build/vendor/react-native-vector-icons/Fonts/FontAwesome5_Solid.ttf',
5689 silly tar     mode: 438,
5689 silly tar     uid: undefined,
5689 silly tar     gid: undefined,
5689 silly tar     uname: '',
5689 silly tar     gname: '',
5689 silly tar     size: 202744,
5689 silly tar     mtime: 1985-10-26T08:15:00.000Z,
5689 silly tar     atime: undefined,
5689 silly tar     ctime: undefined,
5689 silly tar     linkpath: undefined,
5689 silly tar     dev: undefined,
5689 silly tar     ino: undefined,
5689 silly tar     nlink: undefined,
5689 silly tar     invalid: false,
5689 silly tar     absolute: '/Users/kedarbnikhil/Documents/Codex/2026-08-11/stage-1-of-4-foundation-i18n/outputs/ride-demo/node_modules/expo/node_modules/@expo/vector-icons/build/vendor/react-native-vector-icons/Fonts/FontAwesome5_Solid.ttf',
5689 silly tar     unsupported: false,
5689 silly tar     Symbol(shapeMode): false,
5689 silly tar     Symbol(kCapture): false,
5689 silly tar     Symbol(flowing): false,
5689 silly tar     Symbol(paused): true,
5689 silly tar     Symbol(pipes): [],
5689 silly tar     Symbol(buffer): [
5689 silly tar       <Buffer 00 01 00 00 00 0d 00 80 00 03 00 50 46 46 54 4d 94 c5 5e c1 00 03 17 dc 00 00 00 1c 47 44 45 46 00 2a 03 f2 00 03 17 bc 00 00 00 1e 4f 53 2f 32 33 87 ... 714 more bytes>,
5689 silly tar       <Buffer 01 c0 00 00 01 c0 00 00 01 c0 00 00 01 c0 00 00 02 00 00 00 01 c0 00 00 01 c0 00 00 02 40 00 00 02 00 00 00 01 80 00 00 02 00 00 08 01 60 00 00 02 40 ... 3164 more bytes>
5689 silly tar     ],
5689 silly tar     Symbol(objectMode): false,
5689 silly tar     Symbol(encoding): null,
5689 silly tar     Symbol(async): false,
5689 silly tar     Symbol(decoder): null,
5689 silly tar     Symbol(EOF): false,
5689 silly tar     Symbol(emittedEnd): false,
5689 silly tar     Symbol(emittingEnd): false,
5689 silly tar     Symbol(closed): false,
5689 silly tar     Symbol(emittedError): null,
5689 silly tar     Symbol(bufferLength): 3978,
5689 silly tar     Symbol(destroyed): false,
5689 silly tar     Symbol(signal): undefined,
5689 silly tar     Symbol(aborted): false,
5689 silly tar     Symbol(dataListeners): 0,
5689 silly tar     Symbol(discarded): false
5689 silly tar   },
5689 silly tar   cwd: '/Users/kedarbnikhil/Documents/Codex/2026-08-11/stage-1-of-4-foundation-i18n/outputs/ride-demo/node_modules/expo/node_modules/@expo/vector-icons',
5689 silly tar   tarCode: 'TAR_ENTRY_ERROR'
5689 silly tar }
5690 http fetch GET 200 https://registry.npmjs.org/xcode 9206ms (cache miss)
5691 silly packumentCache corgi:https://registry.npmjs.org/xcode set size:undefined disposed:false
5692 silly packumentCache corgi:https://registry.npmjs.org/@expo%2fmetro-config cache-miss
5693 http cache https://registry.npmjs.org/@expo%2fmetro-config 5ms (cache hit)
5694 silly packumentCache corgi:https://registry.npmjs.org/@expo%2fmetro-config set size:621303 disposed:false
5695 silly packumentCache corgi:https://registry.npmjs.org/@expo%2fmetro cache-miss
5696 silly packumentCache corgi:https://registry.npmjs.org/metro-config cache-miss
5697 silly packumentCache corgi:https://registry.npmjs.org/metro-transform-worker cache-miss
5698 silly packumentCache corgi:https://registry.npmjs.org/@react-native%2fcommunity-cli-plugin cache-miss
5699 http cache https://registry.npmjs.org/@expo%2fmetro 6ms (cache hit)
5700 silly packumentCache corgi:https://registry.npmjs.org/@expo%2fmetro set size:16338 disposed:false
5701 http cache https://registry.npmjs.org/metro-config 12ms (cache hit)
5702 silly packumentCache corgi:https://registry.npmjs.org/metro-config set size:194430 disposed:false
5703 http cache https://registry.npmjs.org/@react-native%2fcommunity-cli-plugin 43ms (cache hit)
5704 silly packumentCache corgi:https://registry.npmjs.org/@react-native%2fcommunity-cli-plugin set size:1306870 disposed:false
5705 http cache https://registry.npmjs.org/metro-transform-worker 89ms (cache hit)
5706 silly packumentCache corgi:https://registry.npmjs.org/metro-transform-worker set size:154090 disposed:false
5707 silly packumentCache corgi:https://registry.npmjs.org/@expo%2fconfig-plugins cache-miss
5708 http cache https://registry.npmjs.org/@expo%2fconfig-plugins 2ms (cache hit)
5709 silly packumentCache corgi:https://registry.npmjs.org/@expo%2fconfig-plugins set size:439333 disposed:false
5710 silly packumentCache corgi:https://registry.npmjs.org/expo cache-miss
5711 silly packumentCache corgi:https://registry.npmjs.org/@expo%2fcli cache-miss
5712 http cache https://registry.npmjs.org/@expo%2fcli 2ms (cache hit)
5713 silly packumentCache corgi:https://registry.npmjs.org/@expo%2fcli set size:1761085 disposed:false
5714 http cache https://registry.npmjs.org/expo 70ms (cache hit)
5715 silly packumentCache corgi:https://registry.npmjs.org/expo set size:1841220 disposed:false
5716 warn tar TAR_ENTRY_ERROR ENOENT: no such file or directory, lstat '/Users/kedarbnikhil/Documents/Codex/2026-08-11/stage-1-of-4-foundation-i18n/outputs/ride-demo/node_modules/expo/node_modules/@expo/vector-icons/build'
5717 silly tar TAR_ENTRY_ERROR ENOENT: no such file or directory, lstat '/Users/kedarbnikhil/Documents/Codex/2026-08-11/stage-1-of-4-foundation-i18n/outputs/ride-demo/node_modules/expo/node_modules/@expo/vector-icons/build' [Error: ENOENT: no such file or directory, lstat '/Users/kedarbnikhil/Documents/Codex/2026-08-11/stage-1-of-4-foundation-i18n/outputs/ride-demo/node_modules/expo/node_modules/@expo/vector-icons/build'] {
5717 silly tar   errno: -2,
5717 silly tar   code: 'ENOENT',
5717 silly tar   syscall: 'lstat',
5717 silly tar   path: '/Users/kedarbnikhil/Documents/Codex/2026-08-11/stage-1-of-4-foundation-i18n/outputs/ride-demo/node_modules/expo/node_modules/@expo/vector-icons/build',
5717 silly tar   entry: Is {
5717 silly tar     _events: [Object: null prototype] {
5717 silly tar       end: [Function (anonymous)],
5717 silly tar       drain: [Function]
5717 silly tar     },
5717 silly tar     _eventsCount: 2,
5717 silly tar     _maxListeners: undefined,
5717 silly tar     writable: true,
5717 silly tar     readable: true,
5717 silly tar     extended: undefined,
5717 silly tar     globalExtended: undefined,
5717 silly tar     header: Ls {
5717 silly tar       cksumValid: true,
5717 silly tar       needPax: false,
5717 silly tar       nullBlock: false,
5717 silly tar       block: undefined,
5717 silly tar       path: 'package/build/vendor/react-native-vector-icons/Fonts/FontAwesome6_Brands.ttf',
5717 silly tar       mode: 420,
5717 silly tar       uid: undefined,
5717 silly tar       gid: undefined,
5717 silly tar       size: 209376,
5717 silly tar       cksum: 10431,
5717 silly tar       linkpath: '',
5717 silly tar       uname: '',
5717 silly tar       gname: '',
5717 silly tar       devmaj: 0,
5717 silly tar       devmin: 0,
5717 silly tar       atime: undefined,
5717 silly tar       ctime: undefined,
5717 silly tar       mtime: 1985-10-26T08:15:00.000Z,
5717 silly tar       charset: undefined,
5717 silly tar       comment: undefined
5717 silly tar     },
5717 silly tar     startBlockSize: 209408,
5717 silly tar     blockRemain: 187206,
5717 silly tar     remain: 187174,
5717 silly tar     type: 'File',
5717 silly tar     meta: false,
5717 silly tar     ignore: false,
5717 silly tar     path: 'build/vendor/react-native-vector-icons/Fonts/FontAwesome6_Brands.ttf',
5717 silly tar     mode: 438,
5717 silly tar     uid: undefined,
5717 silly tar     gid: undefined,
5717 silly tar     uname: '',
5717 silly tar     gname: '',
5717 silly tar     size: 209376,
5717 silly tar     mtime: 1985-10-26T08:15:00.000Z,
5717 silly tar     atime: undefined,
5717 silly tar     ctime: undefined,
5717 silly tar     linkpath: undefined,
5717 silly tar     dev: undefined,
5717 silly tar     ino: undefined,
5717 silly tar     nlink: undefined,
5717 silly tar     invalid: false,
5717 silly tar     absolute: '/Users/kedarbnikhil/Documents/Codex/2026-08-11/stage-1-of-4-foundation-i18n/outputs/ride-demo/node_modules/expo/node_modules/@expo/vector-icons/build/vendor/react-native-vector-icons/Fonts/FontAwesome6_Brands.ttf',
5717 silly tar     unsupported: false,
5717 silly tar     Symbol(shapeMode): false,
5717 silly tar     Symbol(kCapture): false,
5717 silly tar     Symbol(flowing): false,
5717 silly tar     Symbol(paused): true,
5717 silly tar     Symbol(pipes): [],
5717 silly tar     Symbol(buffer): [
5717 silly tar       <Buffer 00 01 00 00 00 0a 00 80 00 03 00 20 4f 53 2f 32 5f 79 5e 76 00 00 01 28 00 00 00 60 63 6d 61 70 35 93 61 c2 00 00 09 fc 00 00 13 4e 67 6c 79 66 bf b7 ... 8933 more bytes>,
5717 silly tar       <Buffer 78 00 01 c4 cc 00 01 c6 40 00 01 c7 bc 00 01 c8 30 00 01 c9 34 00 01 cb 24 00 01 ce e8 00 01 cf e4 00 01 d0 bc 00 01 d1 ec 00 01 d2 b8 00 01 d4 30 00 ... 13169 more bytes>
5717 silly tar     ],
5717 silly tar     Symbol(objectMode): false,
5717 silly tar     Symbol(encoding): null,
5717 silly tar     Symbol(async): false,
5717 silly tar     Symbol(decoder): null,
5717 silly tar     Symbol(EOF): false,
5717 silly tar     Symbol(emittedEnd): false,
5717 silly tar     Symbol(emittingEnd): false,
5717 silly tar     Symbol(closed): false,
5717 silly tar     Symbol(emittedError): null,
5717 silly tar     Symbol(bufferLength): 22202,
5717 silly tar     Symbol(destroyed): false,
5717 silly tar     Symbol(signal): undefined,
5717 silly tar     Symbol(aborted): false,
5717 silly tar     Symbol(dataListeners): 0,
5717 silly tar     Symbol(discarded): false
5717 silly tar   },
5717 silly tar   cwd: '/Users/kedarbnikhil/Documents/Codex/2026-08-11/stage-1-of-4-foundation-i18n/outputs/ride-demo/node_modules/expo/node_modules/@expo/vector-icons',
5717 silly tar   tarCode: 'TAR_ENTRY_ERROR'
5717 silly tar }
5718 silly packumentCache corgi:https://registry.npmjs.org/react-native cache-miss
5719 warn tar TAR_ENTRY_ERROR ENOENT: no such file or directory, lstat '/Users/kedarbnikhil/Documents/Codex/2026-08-11/stage-1-of-4-foundation-i18n/outputs/ride-demo/node_modules/expo/node_modules/@expo/vector-icons/build'
5720 silly tar TAR_ENTRY_ERROR ENOENT: no such file or directory, lstat '/Users/kedarbnikhil/Documents/Codex/2026-08-11/stage-1-of-4-foundation-i18n/outputs/ride-demo/node_modules/expo/node_modules/@expo/vector-icons/build' [Error: ENOENT: no such file or directory, lstat '/Users/kedarbnikhil/Documents/Codex/2026-08-11/stage-1-of-4-foundation-i18n/outputs/ride-demo/node_modules/expo/node_modules/@expo/vector-icons/build'] {
5720 silly tar   errno: -2,
5720 silly tar   code: 'ENOENT',
5720 silly tar   syscall: 'lstat',
5720 silly tar   path: '/Users/kedarbnikhil/Documents/Codex/2026-08-11/stage-1-of-4-foundation-i18n/outputs/ride-demo/node_modules/expo/node_modules/@expo/vector-icons/build',
5720 silly tar   entry: Is {
5720 silly tar     _events: [Object: null prototype] {
5720 silly tar       end: [Function (anonymous)],
5720 silly tar       drain: [Function]
5720 silly tar     },
5720 silly tar     _eventsCount: 2,
5720 silly tar     _maxListeners: undefined,
5720 silly tar     writable: true,
5720 silly tar     readable: true,
5720 silly tar     extended: undefined,
5720 silly tar     globalExtended: undefined,
5720 silly tar     header: Ls {
5720 silly tar       cksumValid: true,
5720 silly tar       needPax: false,
5720 silly tar       nullBlock: false,
5720 silly tar       block: undefined,
5720 silly tar       path: 'package/build/vendor/react-native-vector-icons/Fonts/FontAwesome6_Regular.ttf',
5720 silly tar       mode: 420,
5720 silly tar       uid: undefined,
5720 silly tar       gid: undefined,
5720 silly tar       size: 67976,
5720 silly tar       cksum: 10544,
5720 silly tar       linkpath: '',
5720 silly tar       uname: '',
5720 silly tar       gname: '',
5720 silly tar       devmaj: 0,
5720 silly tar       devmin: 0,
5720 silly tar       atime: undefined,
5720 silly tar       ctime: undefined,
5720 silly tar       mtime: 1985-10-26T08:15:00.000Z,
5720 silly tar       charset: undefined,
5720 silly tar       comment: undefined
5720 silly tar     },
5720 silly tar     startBlockSize: 68096,
5720 silly tar     blockRemain: 59245,
5720 silly tar     remain: 59125,
5720 silly tar     type: 'File',
5720 silly tar     meta: false,
5720 silly tar     ignore: false,
5720 silly tar     path: 'build/vendor/react-native-vector-icons/Fonts/FontAwesome6_Regular.ttf',
5720 silly tar     mode: 438,
5720 silly tar     uid: undefined,
5720 silly tar     gid: undefined,
5720 silly tar     uname: '',
5720 silly tar     gname: '',
5720 silly tar     size: 67976,
5720 silly tar     mtime: 1985-10-26T08:15:00.000Z,
5720 silly tar     atime: undefined,
5720 silly tar     ctime: undefined,
5720 silly tar     linkpath: undefined,
5720 silly tar     dev: undefined,
5720 silly tar     ino: undefined,
5720 silly tar     nlink: undefined,
5720 silly tar     invalid: false,
5720 silly tar     absolute: '/Users/kedarbnikhil/Documents/Codex/2026-08-11/stage-1-of-4-foundation-i18n/outputs/ride-demo/node_modules/expo/node_modules/@expo/vector-icons/build/vendor/react-native-vector-icons/Fonts/FontAwesome6_Regular.ttf',
5720 silly tar     unsupported: false,
5720 silly tar     Symbol(shapeMode): false,
5720 silly tar     Symbol(kCapture): false,
5720 silly tar     Symbol(flowing): false,
5720 silly tar     Symbol(paused): true,
5720 silly tar     Symbol(pipes): [],
5720 silly tar     Symbol(buffer): [
5720 silly tar       <Buffer 00 01 00 00 00 0a 00 80 00 03 00 20 4f 53 2f 32 5f 6e 5e 5f 00 00 01 28 00 00 00 60 63 6d 61 70 4a a6 9d d0 00 00 04 d8 00 00 17 80 67 6c 79 66 e9 2b ... 8801 more bytes>
5720 silly tar     ],
5720 silly tar     Symbol(objectMode): false,
5720 silly tar     Symbol(encoding): null,
5720 silly tar     Symbol(async): false,
5720 silly tar     Symbol(decoder): null,
5720 silly tar     Symbol(EOF): false,
5720 silly tar     Symbol(emittedEnd): false,
5720 silly tar     Symbol(emittingEnd): false,
5720 silly tar     Symbol(closed): false,
5720 silly tar     Symbol(emittedError): null,
5720 silly tar     Symbol(bufferLength): 8851,
5720 silly tar     Symbol(destroyed): false,
5720 silly tar     Symbol(signal): undefined,
5720 silly tar     Symbol(aborted): false,
5720 silly tar     Symbol(dataListeners): 0,
5720 silly tar     Symbol(discarded): false
5720 silly tar   },
5720 silly tar   cwd: '/Users/kedarbnikhil/Documents/Codex/2026-08-11/stage-1-of-4-foundation-i18n/outputs/ride-demo/node_modules/expo/node_modules/@expo/vector-icons',
5720 silly tar   tarCode: 'TAR_ENTRY_ERROR'
5720 silly tar }
5721 warn tar TAR_ENTRY_ERROR ENOENT: no such file or directory, lstat '/Users/kedarbnikhil/Documents/Codex/2026-08-11/stage-1-of-4-foundation-i18n/outputs/ride-demo/node_modules/expo/node_modules/@expo/vector-icons/build'
5722 silly tar TAR_ENTRY_ERROR ENOENT: no such file or directory, lstat '/Users/kedarbnikhil/Documents/Codex/2026-08-11/stage-1-of-4-foundation-i18n/outputs/ride-demo/node_modules/expo/node_modules/@expo/vector-icons/build' [Error: ENOENT: no such file or directory, lstat '/Users/kedarbnikhil/Documents/Codex/2026-08-11/stage-1-of-4-foundation-i18n/outputs/ride-demo/node_modules/expo/node_modules/@expo/vector-icons/build'] {
5722 silly tar   errno: -2,
5722 silly tar   code: 'ENOENT',
5722 silly tar   syscall: 'lstat',
5722 silly tar   path: '/Users/kedarbnikhil/Documents/Codex/2026-08-11/stage-1-of-4-foundation-i18n/outputs/ride-demo/node_modules/expo/node_modules/@expo/vector-icons/build',
5722 silly tar   entry: Is {
5722 silly tar     _events: [Object: null prototype] {
5722 silly tar       end: [Function (anonymous)],
5722 silly tar       drain: [Function]
5722 silly tar     },
5722 silly tar     _eventsCount: 2,
5722 silly tar     _maxListeners: undefined,
5722 silly tar     writable: true,
5722 silly tar     readable: true,
5722 silly tar     extended: undefined,
5722 silly tar     globalExtended: undefined,
5722 silly tar     header: Ls {
5722 silly tar       cksumValid: true,
5722 silly tar       needPax: false,
5722 silly tar       nullBlock: false,
5722 silly tar       block: undefined,
5722 silly tar       path: 'package/build/vendor/react-native-vector-icons/Fonts/FontAwesome6_Solid.ttf',
5722 silly tar       mode: 420,
5722 silly tar       uid: undefined,
5722 silly tar       gid: undefined,
5722 silly tar       size: 423676,
5722 silly tar       cksum: 10345,
5722 silly tar       linkpath: '',
5722 silly tar       uname: '',
5722 silly tar       gname: '',
5722 silly tar       devmaj: 0,
5722 silly tar       devmin: 0,
5722 silly tar       atime: undefined,
5722 silly tar       ctime: undefined,
5722 silly tar       mtime: 1985-10-26T08:15:00.000Z,
5722 silly tar       charset: undefined,
5722 silly tar       comment: undefined
5722 silly tar     },
5722 silly tar     startBlockSize: 423936,
5722 silly tar     blockRemain: 402683,
5722 silly tar     remain: 402423,
5722 silly tar     type: 'File',
5722 silly tar     meta: false,
5722 silly tar     ignore: false,
5722 silly tar     path: 'build/vendor/react-native-vector-icons/Fonts/FontAwesome6_Solid.ttf',
5722 silly tar     mode: 438,
5722 silly tar     uid: undefined,
5722 silly tar     gid: undefined,
5722 silly tar     uname: '',
5722 silly tar     gname: '',
5722 silly tar     size: 423676,
5722 silly tar     mtime: 1985-10-26T08:15:00.000Z,
5722 silly tar     atime: undefined,
5722 silly tar     ctime: undefined,
5722 silly tar     linkpath: undefined,
5722 silly tar     dev: undefined,
5722 silly tar     ino: undefined,
5722 silly tar     nlink: undefined,
5722 silly tar     invalid: false,
5722 silly tar     absolute: '/Users/kedarbnikhil/Documents/Codex/2026-08-11/stage-1-of-4-foundation-i18n/outputs/ride-demo/node_modules/expo/node_modules/@expo/vector-icons/build/vendor/react-native-vector-icons/Fonts/FontAwesome6_Solid.ttf',
5722 silly tar     unsupported: false,
5722 silly tar     Symbol(shapeMode): false,
5722 silly tar     Symbol(kCapture): false,
5722 silly tar     Symbol(flowing): false,
5722 silly tar     Symbol(paused): true,
5722 silly tar     Symbol(pipes): [],
5722 silly tar     Symbol(buffer): [
5722 silly tar       <Buffer 00 01 00 00 00 0a 00 80 00 03 00 20 4f 53 2f 32 61 6b 62 53 00 00 01 28 00 00 00 60 63 6d 61 70 da 77 39 de 00 00 17 58 00 00 48 e6 67 6c 79 66 5f c0 ... 14397 more bytes>,
5722 silly tar       <Buffer 00 01 96 00 00 27 4e 00 00 27 4e 00 00 03 3d 00 00 27 53 00 00 27 53 00 00 00 14 00 00 27 54 00 00 27 54 00 00 00 14 00 00 27 55 00 00 27 55 00 00 00 ... 6756 more bytes>
5722 silly tar     ],
5722 silly tar     Symbol(objectMode): false,
5722 silly tar     Symbol(encoding): null,
5722 silly tar     Symbol(async): false,
5722 silly tar     Symbol(decoder): null,
5722 silly tar     Symbol(EOF): false,
5722 silly tar     Symbol(emittedEnd): false,
5722 silly tar     Symbol(emittingEnd): false,
5722 silly tar     Symbol(closed): false,
5722 silly tar     Symbol(emittedError): null,
5722 silly tar     Symbol(bufferLength): 21253,
5722 silly tar     Symbol(destroyed): false,
5722 silly tar     Symbol(signal): undefined,
5722 silly tar     Symbol(aborted): false,
5722 silly tar     Symbol(dataListeners): 0,
5722 silly tar     Symbol(discarded): false
5722 silly tar   },
5722 silly tar   cwd: '/Users/kedarbnikhil/Documents/Codex/2026-08-11/stage-1-of-4-foundation-i18n/outputs/ride-demo/node_modules/expo/node_modules/@expo/vector-icons',
5722 silly tar   tarCode: 'TAR_ENTRY_ERROR'
5722 silly tar }
5723 warn tar TAR_ENTRY_ERROR ENOENT: no such file or directory, lstat '/Users/kedarbnikhil/Documents/Codex/2026-08-11/stage-1-of-4-foundation-i18n/outputs/ride-demo/node_modules/expo/node_modules/@expo/vector-icons/build'
5724 silly tar TAR_ENTRY_ERROR ENOENT: no such file or directory, lstat '/Users/kedarbnikhil/Documents/Codex/2026-08-11/stage-1-of-4-foundation-i18n/outputs/ride-demo/node_modules/expo/node_modules/@expo/vector-icons/build' [Error: ENOENT: no such file or directory, lstat '/Users/kedarbnikhil/Documents/Codex/2026-08-11/stage-1-of-4-foundation-i18n/outputs/ride-demo/node_modules/expo/node_modules/@expo/vector-icons/build'] {
5724 silly tar   errno: -2,
5724 silly tar   code: 'ENOENT',
5724 silly tar   syscall: 'lstat',
5724 silly tar   path: '/Users/kedarbnikhil/Documents/Codex/2026-08-11/stage-1-of-4-foundation-i18n/outputs/ride-demo/node_modules/expo/node_modules/@expo/vector-icons/build',
5724 silly tar   entry: Is {
5724 silly tar     _events: [Object: null prototype] {
5724 silly tar       end: [Function (anonymous)],
5724 silly tar       drain: [Function]
5724 silly tar     },
5724 silly tar     _eventsCount: 2,
5724 silly tar     _maxListeners: undefined,
5724 silly tar     writable: true,
5724 silly tar     readable: true,
5724 silly tar     extended: undefined,
5724 silly tar     globalExtended: undefined,
5724 silly tar     header: Ls {
5724 silly tar       cksumValid: true,
5724 silly tar       needPax: false,
5724 silly tar       nullBlock: false,
5724 silly tar       block: undefined,
5724 silly tar       path: 'package/build/vendor/react-native-vector-icons/Fonts/Fontisto.ttf',
5724 silly tar       mode: 493,
5724 silly tar       uid: undefined,
5724 silly tar       gid: undefined,
5724 silly tar       size: 313528,
5724 silly tar       cksum: 9408,
5724 silly tar       linkpath: '',
5724 silly tar       uname: '',
5724 silly tar       gname: '',
5724 silly tar       devmaj: 0,
5724 silly tar       devmin: 0,
5724 silly tar       atime: undefined,
5724 silly tar       ctime: undefined,
5724 silly tar       mtime: 1985-10-26T08:15:00.000Z,
5724 silly tar       charset: undefined,
5724 silly tar       comment: undefined
5724 silly tar     },
5724 silly tar     startBlockSize: 313856,
5724 silly tar     blockRemain: 311449,
5724 silly tar     remain: 311121,
5724 silly tar     type: 'File',
5724 silly tar     meta: false,
5724 silly tar     ignore: false,
5724 silly tar     path: 'build/vendor/react-native-vector-icons/Fonts/Fontisto.ttf',
5724 silly tar     mode: 511,
5724 silly tar     uid: undefined,
5724 silly tar     gid: undefined,
5724 silly tar     uname: '',
5724 silly tar     gname: '',
5724 silly tar     size: 313528,
5724 silly tar     mtime: 1985-10-26T08:15:00.000Z,
5724 silly tar     atime: undefined,
5724 silly tar     ctime: undefined,
5724 silly tar     linkpath: undefined,
5724 silly tar     dev: undefined,
5724 silly tar     ino: undefined,
5724 silly tar     nlink: undefined,
5724 silly tar     invalid: false,
5724 silly tar     absolute: '/Users/kedarbnikhil/Documents/Codex/2026-08-11/stage-1-of-4-foundation-i18n/outputs/ride-demo/node_modules/expo/node_modules/@expo/vector-icons/build/vendor/react-native-vector-icons/Fonts/Fontisto.ttf',
5724 silly tar     unsupported: false,
5724 silly tar     Symbol(shapeMode): false,
5724 silly tar     Symbol(kCapture): false,
5724 silly tar     Symbol(flowing): false,
5724 silly tar     Symbol(paused): true,
5724 silly tar     Symbol(pipes): [],
5724 silly tar     Symbol(buffer): [
5724 silly tar       <Buffer 00 01 00 00 00 0b 00 80 00 03 00 30 4f 53 2f 32 0f 12 08 8d 00 00 00 bc 00 00 00 60 63 6d 61 70 17 56 d4 ee 00 00 01 1c 00 00 00 54 67 61 73 70 00 00 ... 967 more bytes>,
5724 silly tar       <Buffer ab 02 20 03 ab 00 28 00 a8 00 be 00 00 01 1e 01 17 31 1e 01 15 14 06 07 31 0e 01 07 23 0e 01 23 22 26 27 31 2e 01 27 35 2e 01 35 34 36 37 31 3e 01 33 ... 1340 more bytes>
5724 silly tar     ],
5724 silly tar     Symbol(objectMode): false,
5724 silly tar     Symbol(encoding): null,
5724 silly tar     Symbol(async): false,
5724 silly tar     Symbol(decoder): null,
5724 silly tar     Symbol(EOF): false,
5724 silly tar     Symbol(emittedEnd): false,
5724 silly tar     Symbol(emittingEnd): false,
5724 silly tar     Symbol(closed): false,
5724 silly tar     Symbol(emittedError): null,
5724 silly tar     Symbol(bufferLength): 2407,
5724 silly tar     Symbol(destroyed): false,
5724 silly tar     Symbol(signal): undefined,
5724 silly tar     Symbol(aborted): false,
5724 silly tar     Symbol(dataListeners): 0,
5724 silly tar     Symbol(discarded): false
5724 silly tar   },
5724 silly tar   cwd: '/Users/kedarbnikhil/Documents/Codex/2026-08-11/stage-1-of-4-foundation-i18n/outputs/ride-demo/node_modules/expo/node_modules/@expo/vector-icons',
5724 silly tar   tarCode: 'TAR_ENTRY_ERROR'
5724 silly tar }
5725 warn tar TAR_ENTRY_ERROR ENOENT: no such file or directory, lstat '/Users/kedarbnikhil/Documents/Codex/2026-08-11/stage-1-of-4-foundation-i18n/outputs/ride-demo/node_modules/expo/node_modules/@expo/vector-icons/build'
5726 silly tar TAR_ENTRY_ERROR ENOENT: no such file or directory, lstat '/Users/kedarbnikhil/Documents/Codex/2026-08-11/stage-1-of-4-foundation-i18n/outputs/ride-demo/node_modules/expo/node_modules/@expo/vector-icons/build' [Error: ENOENT: no such file or directory, lstat '/Users/kedarbnikhil/Documents/Codex/2026-08-11/stage-1-of-4-foundation-i18n/outputs/ride-demo/node_modules/expo/node_modules/@expo/vector-icons/build'] {
5726 silly tar   errno: -2,
5726 silly tar   code: 'ENOENT',
5726 silly tar   syscall: 'lstat',
5726 silly tar   path: '/Users/kedarbnikhil/Documents/Codex/2026-08-11/stage-1-of-4-foundation-i18n/outputs/ride-demo/node_modules/expo/node_modules/@expo/vector-icons/build',
5726 silly tar   entry: Is {
5726 silly tar     _events: [Object: null prototype] {
5726 silly tar       end: [Function (anonymous)],
5726 silly tar       drain: [Function]
5726 silly tar     },
5726 silly tar     _eventsCount: 2,
5726 silly tar     _maxListeners: undefined,
5726 silly tar     writable: true,
5726 silly tar     readable: true,
5726 silly tar     extended: undefined,
5726 silly tar     globalExtended: undefined,
5726 silly tar     header: Ls {
5726 silly tar       cksumValid: true,
5726 silly tar       needPax: false,
5726 silly tar       nullBlock: false,
5726 silly tar       block: undefined,
5726 silly tar       path: 'package/build/vendor/react-native-vector-icons/Fonts/Foundation.ttf',
5726 silly tar       mode: 420,
5726 silly tar       uid: undefined,
5726 silly tar       gid: undefined,
5726 silly tar       size: 56976,
5726 silly tar       cksum: 9596,
5726 silly tar       linkpath: '',
5726 silly tar       uname: '',
5726 silly tar       gname: '',
5726 silly tar       devmaj: 0,
5726 silly tar       devmin: 0,
5726 silly tar       atime: undefined,
5726 silly tar       ctime: undefined,
5726 silly tar       mtime: 1985-10-26T08:15:00.000Z,
5726 silly tar       charset: undefined,
5726 silly tar       comment: undefined
5726 silly tar     },
5726 silly tar     startBlockSize: 57344,
5726 silly tar     blockRemain: 36432,
5726 silly tar     remain: 36064,
5726 silly tar     type: 'File',
5726 silly tar     meta: false,
5726 silly tar     ignore: false,
5726 silly tar     path: 'build/vendor/react-native-vector-icons/Fonts/Foundation.ttf',
5726 silly tar     mode: 438,
5726 silly tar     uid: undefined,
5726 silly tar     gid: undefined,
5726 silly tar     uname: '',
5726 silly tar     gname: '',
5726 silly tar     size: 56976,
5726 silly tar     mtime: 1985-10-26T08:15:00.000Z,
5726 silly tar     atime: undefined,
5726 silly tar     ctime: undefined,
5726 silly tar     linkpath: undefined,
5726 silly tar     dev: undefined,
5726 silly tar     ino: undefined,
5726 silly tar     nlink: undefined,
5726 silly tar     invalid: false,
5726 silly tar     absolute: '/Users/kedarbnikhil/Documents/Codex/2026-08-11/stage-1-of-4-foundation-i18n/outputs/ride-demo/node_modules/expo/node_modules/@expo/vector-icons/build/vendor/react-native-vector-icons/Fonts/Foundation.ttf',
5726 silly tar     unsupported: false,
5726 silly tar     Symbol(shapeMode): false,
5726 silly tar     Symbol(kCapture): false,
5726 silly tar     Symbol(flowing): false,
5726 silly tar     Symbol(paused): true,
5726 silly tar     Symbol(pipes): [],
5726 silly tar     Symbol(buffer): [
5726 silly tar       <Buffer 00 01 00 00 00 0f 00 80 00 03 00 70 46 46 54 4d 68 b8 1d f6 00 00 00 fc 00 00 00 1c 4f 53 2f 32 41 39 5e f2 00 00 01 18 00 00 00 60 63 6d 61 70 00 0f ... 8754 more bytes>,
5726 silly tar       <Buffer 14 16 33 32 36 34 26 23 22 07 36 37 31 36 35 34 2f 01 22 34 22 14 23 06 15 14 16 17 36 35 34 26 23 22 06 14 16 33 32 37 06 07 31 06 14 17 23 17 32 31 ... 12058 more bytes>
5726 silly tar     ],
5726 silly tar     Symbol(objectMode): false,
5726 silly tar     Symbol(encoding): null,
5726 silly tar     Symbol(async): false,
5726 silly tar     Symbol(decoder): null,
5726 silly tar     Symbol(EOF): false,
5726 silly tar     Symbol(emittedEnd): false,
5726 silly tar     Symbol(emittingEnd): false,
5726 silly tar     Symbol(closed): false,
5726 silly tar     Symbol(emittedError): null,
5726 silly tar     Symbol(bufferLength): 20912,
5726 silly tar     Symbol(destroyed): false,
5726 silly tar     Symbol(signal): undefined,
5726 silly tar     Symbol(aborted): false,
5726 silly tar     Symbol(dataListeners): 0,
5726 silly tar     Symbol(discarded): false
5726 silly tar   },
5726 silly tar   cwd: '/Users/kedarbnikhil/Documents/Codex/2026-08-11/stage-1-of-4-foundation-i18n/outputs/ride-demo/node_modules/expo/node_modules/@expo/vector-icons',
5726 silly tar   tarCode: 'TAR_ENTRY_ERROR'
5726 silly tar }
5727 warn tar TAR_ENTRY_ERROR ENOENT: no such file or directory, lstat '/Users/kedarbnikhil/Documents/Codex/2026-08-11/stage-1-of-4-foundation-i18n/outputs/ride-demo/node_modules/expo/node_modules/@expo/vector-icons/build'
5728 silly tar TAR_ENTRY_ERROR ENOENT: no such file or directory, lstat '/Users/kedarbnikhil/Documents/Codex/2026-08-11/stage-1-of-4-foundation-i18n/outputs/ride-demo/node_modules/expo/node_modules/@expo/vector-icons/build' [Error: ENOENT: no such file or directory, lstat '/Users/kedarbnikhil/Documents/Codex/2026-08-11/stage-1-of-4-foundation-i18n/outputs/ride-demo/node_modules/expo/node_modules/@expo/vector-icons/build'] {
5728 silly tar   errno: -2,
5728 silly tar   code: 'ENOENT',
5728 silly tar   syscall: 'lstat',
5728 silly tar   path: '/Users/kedarbnikhil/Documents/Codex/2026-08-11/stage-1-of-4-foundation-i18n/outputs/ride-demo/node_modules/expo/node_modules/@expo/vector-icons/build',
5728 silly tar   entry: Is {
5728 silly tar     _events: [Object: null prototype] {
5728 silly tar       end: [Function (anonymous)],
5728 silly tar       drain: [Function]
5728 silly tar     },
5728 silly tar     _eventsCount: 2,
5728 silly tar     _maxListeners: undefined,
5728 silly tar     writable: true,
5728 silly tar     readable: true,
5728 silly tar     extended: undefined,
5728 silly tar     globalExtended: undefined,
5728 silly tar     header: Ls {
5728 silly tar       cksumValid: true,
5728 silly tar       needPax: false,
5728 silly tar       nullBlock: false,
5728 silly tar       block: undefined,
5728 silly tar       path: 'package/build/vendor/react-native-vector-icons/Fonts/Ionicons.ttf',
5728 silly tar       mode: 420,
5728 silly tar       uid: undefined,
5728 silly tar       gid: undefined,
5728 silly tar       size: 389724,
5728 silly tar       cksum: 9386,
5728 silly tar       linkpath: '',
5728 silly tar       uname: '',
5728 silly tar       gname: '',
5728 silly tar       devmaj: 0,
5728 silly tar       devmin: 0,
5728 silly tar       atime: undefined,
5728 silly tar       ctime: undefined,
5728 silly tar       mtime: 1985-10-26T08:15:00.000Z,
5728 silly tar       charset: undefined,
5728 silly tar       comment: undefined
5728 silly tar     },
5728 silly tar     startBlockSize: 390144,
5728 silly tar     blockRemain: 371959,
5728 silly tar     remain: 371539,
5728 silly tar     type: 'File',
5728 silly tar     meta: false,
5728 silly tar     ignore: false,
5728 silly tar     path: 'build/vendor/react-native-vector-icons/Fonts/Ionicons.ttf',
5728 silly tar     mode: 438,
5728 silly tar     uid: undefined,
5728 silly tar     gid: undefined,
5728 silly tar     uname: '',
5728 silly tar     gname: '',
5728 silly tar     size: 389724,
5728 silly tar     mtime: 1985-10-26T08:15:00.000Z,
5728 silly tar     atime: undefined,
5728 silly tar     ctime: undefined,
5728 silly tar     linkpath: undefined,
5728 silly tar     dev: undefined,
5728 silly tar     ino: undefined,
5728 silly tar     nlink: undefined,
5728 silly tar     invalid: false,
5728 silly tar     absolute: '/Users/kedarbnikhil/Documents/Codex/2026-08-11/stage-1-of-4-foundation-i18n/outputs/ride-demo/node_modules/expo/node_modules/@expo/vector-icons/build/vendor/react-native-vector-icons/Fonts/Ionicons.ttf',
5728 silly tar     unsupported: false,
5728 silly tar     Symbol(shapeMode): false,
5728 silly tar     Symbol(kCapture): false,
5728 silly tar     Symbol(flowing): false,
5728 silly tar     Symbol(paused): true,
5728 silly tar     Symbol(pipes): [],
5728 silly tar     Symbol(buffer): [
5728 silly tar       <Buffer 00 01 00 00 00 0e 00 80 00 03 00 60 46 46 54 4d a6 b4 da 5e 00 05 f2 40 00 00 00 1c 47 44 45 46 00 25 00 00 00 05 f2 28 00 00 00 18 4f 53 2f 32 4f fd ... 5649 more bytes>,
5728 silly tar       <Buffer 39 01 3a 01 3b 01 3c 01 3d 01 3e 01 3f 01 40 01 41 01 42 01 43 01 44 01 45 01 46 01 47 01 48 01 49 01 4a 01 4b 01 4c 01 4d 01 4e 01 4f 01 50 01 51 01 ... 12436 more bytes>
5728 silly tar     ],
5728 silly tar     Symbol(objectMode): false,
5728 silly tar     Symbol(encoding): null,
5728 silly tar     Symbol(async): false,
5728 silly tar     Symbol(decoder): null,
5728 silly tar     Symbol(EOF): false,
5728 silly tar     Symbol(emittedEnd): false,
5728 silly tar     Symbol(emittingEnd): false,
5728 silly tar     Symbol(closed): false,
5728 silly tar     Symbol(emittedError): null,
5728 silly tar     Symbol(bufferLength): 18185,
5728 silly tar     Symbol(destroyed): false,
5728 silly tar     Symbol(signal): undefined,
5728 silly tar     Symbol(aborted): false,
5728 silly tar     Symbol(dataListeners): 0,
5728 silly tar     Symbol(discarded): false
5728 silly tar   },
5728 silly tar   cwd: '/Users/kedarbnikhil/Documents/Codex/2026-08-11/stage-1-of-4-foundation-i18n/outputs/ride-demo/node_modules/expo/node_modules/@expo/vector-icons',
5728 silly tar   tarCode: 'TAR_ENTRY_ERROR'
5728 silly tar }
5729 warn tar TAR_ENTRY_ERROR ENOENT: no such file or directory, lstat '/Users/kedarbnikhil/Documents/Codex/2026-08-11/stage-1-of-4-foundation-i18n/outputs/ride-demo/node_modules/expo/node_modules/@expo/vector-icons/build'
5730 silly tar TAR_ENTRY_ERROR ENOENT: no such file or directory, lstat '/Users/kedarbnikhil/Documents/Codex/2026-08-11/stage-1-of-4-foundation-i18n/outputs/ride-demo/node_modules/expo/node_modules/@expo/vector-icons/build' [Error: ENOENT: no such file or directory, lstat '/Users/kedarbnikhil/Documents/Codex/2026-08-11/stage-1-of-4-foundation-i18n/outputs/ride-demo/node_modules/expo/node_modules/@expo/vector-icons/build'] {
5730 silly tar   errno: -2,
5730 silly tar   code: 'ENOENT',
5730 silly tar   syscall: 'lstat',
5730 silly tar   path: '/Users/kedarbnikhil/Documents/Codex/2026-08-11/stage-1-of-4-foundation-i18n/outputs/ride-demo/node_modules/expo/node_modules/@expo/vector-icons/build',
5730 silly tar   entry: Is {
5730 silly tar     _events: [Object: null prototype] {
5730 silly tar       end: [Function (anonymous)],
5730 silly tar       drain: [Function]
5730 silly tar     },
5730 silly tar     _eventsCount: 2,
5730 silly tar     _maxListeners: undefined,
5730 silly tar     writable: true,
5730 silly tar     readable: true,
5730 silly tar     extended: undefined,
5730 silly tar     globalExtended: undefined,
5730 silly tar     header: Ls {
5730 silly tar       cksumValid: true,
5730 silly tar       needPax: false,
5730 silly tar       nullBlock: false,
5730 silly tar       block: undefined,
5730 silly tar       path: 'package/build/vendor/react-native-vector-icons/Fonts/MaterialCommunityIcons.ttf',
5730 silly tar       mode: 420,
5730 silly tar       uid: undefined,
5730 silly tar       gid: undefined,
5730 silly tar       size: 1307660,
5730 silly tar       cksum: 10845,
5730 silly tar       linkpath: '',
5730 silly tar       uname: '',
5730 silly tar       gname: '',
5730 silly tar       devmaj: 0,
5730 silly tar       devmin: 0,
5730 silly tar       atime: undefined,
5730 silly tar       ctime: undefined,
5730 silly tar       mtime: 1985-10-26T08:15:00.000Z,
5730 silly tar       charset: undefined,
5730 silly tar       comment: undefined
5730 silly tar     },
5730 silly tar     startBlockSize: 1308160,
5730 silly tar     blockRemain: 1223411,
5730 silly tar     remain: 1222911,
5730 silly tar     type: 'File',
5730 silly tar     meta: false,
5730 silly tar     ignore: false,
5730 silly tar     path: 'build/vendor/react-native-vector-icons/Fonts/MaterialCommunityIcons.ttf',
5730 silly tar     mode: 438,
5730 silly tar     uid: undefined,
5730 silly tar     gid: undefined,
5730 silly tar     uname: '',
5730 silly tar     gname: '',
5730 silly tar     size: 1307660,
5730 silly tar     mtime: 1985-10-26T08:15:00.000Z,
5730 silly tar     atime: undefined,
5730 silly tar     ctime: undefined,
5730 silly tar     linkpath: undefined,
5730 silly tar     dev: undefined,
5730 silly tar     ino: undefined,
5730 silly tar     nlink: undefined,
5730 silly tar     invalid: false,
5730 silly tar     absolute: '/Users/kedarbnikhil/Documents/Codex/2026-08-11/stage-1-of-4-foundation-i18n/outputs/ride-demo/node_modules/expo/node_modules/@expo/vector-icons/build/vendor/react-native-vector-icons/Fonts/MaterialCommunityIcons.ttf',
5730 silly tar     unsupported: false,
5730 silly tar     Symbol(shapeMode): false,
5730 silly tar     Symbol(kCapture): false,
5730 silly tar     Symbol(flowing): false,
5730 silly tar     Symbol(paused): true,
5730 silly tar     Symbol(pipes): [],
5730 silly tar     Symbol(buffer): [
5730 silly tar       <Buffer 00 01 00 00 00 0b 00 80 00 03 00 30 47 53 55 42 20 8b 25 7a 00 00 01 38 00 00 00 54 4f 53 2f 32 4f b3 5b d3 00 00 01 8c 00 00 00 56 63 6d 61 70 78 26 ... 9835 more bytes>,
5730 silly tar       <Buffer 00 00 00 02 00 00 00 02 00 00 00 02 00 00 00 02 00 00 00 02 00 00 00 02 00 00 00 02 00 00 00 02 00 00 00 02 00 00 00 02 00 00 00 02 00 00 00 02 00 00 ... 16334 more bytes>,
5730 silly tar       <Buffer 00 00 00 02 00 00 00 02 00 00 00 02 00 00 00 02 00 00 00 02 00 00 00 02 00 00 00 02 00 00 00 02 00 00 00 02 00 00 00 02 00 00 00 02 00 00 00 02 00 00 ... 16334 more bytes>,
5730 silly tar       <Buffer f1 00 0f 03 f1 00 00 03 f0 00 0f 03 f2 00 0f 03 f2 00 00 03 f1 00 0f 03 f3 00 0f 03 f3 00 00 03 f2 00 0f 03 f4 00 0f 03 f4 00 00 03 f3 00 0f 03 f5 00 ... 16334 more bytes>,
5730 silly tar       <Buffer 46 00 00 09 3f 00 0f 09 47 00 0f 09 47 00 00 09 40 00 0f 09 48 00 0f 09 48 00 00 09 41 00 0f 09 49 00 0f 09 49 00 00 09 42 00 0f 09 4a 00 0f 09 4a 00 ... 16334 more bytes>,
5730 silly tar       <Buffer 91 00 0f 0e 9c 00 0f 0e 9c 00 00 0e 92 00 0f 0e 9d 00 0f 0e 9d 00 00 0e 93 00 0f 0e 9e 00 0f 0e 9e 00 00 0e 94 00 0f 0e 9f 00 0f 0e 9f 00 00 0e 95 00 ... 9278 more bytes>
5730 silly tar     ],
5730 silly tar     Symbol(objectMode): false,
5730 silly tar     Symbol(encoding): null,
5730 silly tar     Symbol(async): false,
5730 silly tar     Symbol(decoder): null,
5730 silly tar     Symbol(EOF): false,
5730 silly tar     Symbol(emittedEnd): false,
5730 silly tar     Symbol(emittingEnd): false,
5730 silly tar     Symbol(closed): false,
5730 silly tar     Symbol(emittedError): null,
5730 silly tar     Symbol(bufferLength): 84749,
5730 silly tar     Symbol(destroyed): false,
5730 silly tar     Symbol(signal): undefined,
5730 silly tar     Symbol(aborted): false,
5730 silly tar     Symbol(dataListeners): 0,
5730 silly tar     Symbol(discarded): false
5730 silly tar   },
5730 silly tar   cwd: '/Users/kedarbnikhil/Documents/Codex/2026-08-11/stage-1-of-4-foundation-i18n/outputs/ride-demo/node_modules/expo/node_modules/@expo/vector-icons',
5730 silly tar   tarCode: 'TAR_ENTRY_ERROR'
5730 silly tar }
5731 http fetch GET 200 https://registry.npmjs.org/@expo/cli/-/cli-54.0.26.tgz 47104ms (cache miss)
5732 warn tar TAR_ENTRY_ERROR ENOENT: no such file or directory, lstat '/Users/kedarbnikhil/Documents/Codex/2026-08-11/stage-1-of-4-foundation-i18n/outputs/ride-demo/node_modules/expo/node_modules/@expo/vector-icons/build'
5733 silly tar TAR_ENTRY_ERROR ENOENT: no such file or directory, lstat '/Users/kedarbnikhil/Documents/Codex/2026-08-11/stage-1-of-4-foundation-i18n/outputs/ride-demo/node_modules/expo/node_modules/@expo/vector-icons/build' [Error: ENOENT: no such file or directory, lstat '/Users/kedarbnikhil/Documents/Codex/2026-08-11/stage-1-of-4-foundation-i18n/outputs/ride-demo/node_modules/expo/node_modules/@expo/vector-icons/build'] {
5733 silly tar   errno: -2,
5733 silly tar   code: 'ENOENT',
5733 silly tar   syscall: 'lstat',
5733 silly tar   path: '/Users/kedarbnikhil/Documents/Codex/2026-08-11/stage-1-of-4-foundation-i18n/outputs/ride-demo/node_modules/expo/node_modules/@expo/vector-icons/build',
5733 silly tar   entry: Is {
5733 silly tar     _events: [Object: null prototype] {
5733 silly tar       end: [Function (anonymous)],
5733 silly tar       drain: [Function]
5733 silly tar     },
5733 silly tar     _eventsCount: 2,
5733 silly tar     _maxListeners: undefined,
5733 silly tar     writable: true,
5733 silly tar     readable: true,
5733 silly tar     extended: undefined,
5733 silly tar     globalExtended: undefined,
5733 silly tar     header: Ls {
5733 silly tar       cksumValid: true,
5733 silly tar       needPax: false,
5733 silly tar       nullBlock: false,
5733 silly tar       block: undefined,
5733 silly tar       path: 'package/build/vendor/react-native-vector-icons/Fonts/MaterialIcons.ttf',
5733 silly tar       mode: 420,
5733 silly tar       uid: undefined,
5733 silly tar       gid: undefined,
5733 silly tar       size: 356840,
5733 silly tar       cksum: 9877,
5733 silly tar       linkpath: '',
5733 silly tar       uname: '',
5733 silly tar       gname: '',
5733 silly tar       devmaj: 0,
5733 silly tar       devmin: 0,
5733 silly tar       atime: undefined,
5733 silly tar       ctime: undefined,
5733 silly tar       mtime: 1985-10-26T08:15:00.000Z,
5733 silly tar       charset: undefined,
5733 silly tar       comment: undefined
5733 silly tar     },
5733 silly tar     startBlockSize: 356864,
5733 silly tar     blockRemain: 351017,
5733 silly tar     remain: 350993,
5733 silly tar     type: 'File',
5733 silly tar     meta: false,
5733 silly tar     ignore: false,
5733 silly tar     path: 'build/vendor/react-native-vector-icons/Fonts/MaterialIcons.ttf',
5733 silly tar     mode: 438,
5733 silly tar     uid: undefined,
5733 silly tar     gid: undefined,
5733 silly tar     uname: '',
5733 silly tar     gname: '',
5733 silly tar     size: 356840,
5733 silly tar     mtime: 1985-10-26T08:15:00.000Z,
5733 silly tar     atime: undefined,
5733 silly tar     ctime: undefined,
5733 silly tar     linkpath: undefined,
5733 silly tar     dev: undefined,
5733 silly tar     ino: undefined,
5733 silly tar     nlink: undefined,
5733 silly tar     invalid: false,
5733 silly tar     absolute: '/Users/kedarbnikhil/Documents/Codex/2026-08-11/stage-1-of-4-foundation-i18n/outputs/ride-demo/node_modules/expo/node_modules/@expo/vector-icons/build/vendor/react-native-vector-icons/Fonts/MaterialIcons.ttf',
5733 silly tar     unsupported: false,
5733 silly tar     Symbol(shapeMode): false,
5733 silly tar     Symbol(kCapture): false,
5733 silly tar     Symbol(flowing): false,
5733 silly tar     Symbol(paused): true,
5733 silly tar     Symbol(pipes): [],
5733 silly tar     Symbol(buffer): [
5733 silly tar       <Buffer 00 01 00 00 00 0f 00 80 00 03 00 70 47 44 45 46 05 09 00 53 00 00 01 14 00 00 00 1c 47 50 4f 53 00 15 00 0a 00 00 01 08 00 00 00 0c 47 53 55 42 44 9a ... 5797 more bytes>
5733 silly tar     ],
5733 silly tar     Symbol(objectMode): false,
5733 silly tar     Symbol(encoding): null,
5733 silly tar     Symbol(async): false,
5733 silly tar     Symbol(decoder): null,
5733 silly tar     Symbol(EOF): false,
5733 silly tar     Symbol(emittedEnd): false,
5733 silly tar     Symbol(emittingEnd): false,
5733 silly tar     Symbol(closed): false,
5733 silly tar     Symbol(emittedError): null,
5733 silly tar     Symbol(bufferLength): 5847,
5733 silly tar     Symbol(destroyed): false,
5733 silly tar     Symbol(signal): undefined,
5733 silly tar     Symbol(aborted): false,
5733 silly tar     Symbol(dataListeners): 0,
5733 silly tar     Symbol(discarded): false
5733 silly tar   },
5733 silly tar   cwd: '/Users/kedarbnikhil/Documents/Codex/2026-08-11/stage-1-of-4-foundation-i18n/outputs/ride-demo/node_modules/expo/node_modules/@expo/vector-icons',
5733 silly tar   tarCode: 'TAR_ENTRY_ERROR'
5733 silly tar }
5734 warn tar TAR_ENTRY_ERROR ENOENT: no such file or directory, lstat '/Users/kedarbnikhil/Documents/Codex/2026-08-11/stage-1-of-4-foundation-i18n/outputs/ride-demo/node_modules/expo/node_modules/@expo/vector-icons/build'
5735 silly tar TAR_ENTRY_ERROR ENOENT: no such file or directory, lstat '/Users/kedarbnikhil/Documents/Codex/2026-08-11/stage-1-of-4-foundation-i18n/outputs/ride-demo/node_modules/expo/node_modules/@expo/vector-icons/build' [Error: ENOENT: no such file or directory, lstat '/Users/kedarbnikhil/Documents/Codex/2026-08-11/stage-1-of-4-foundation-i18n/outputs/ride-demo/node_modules/expo/node_modules/@expo/vector-icons/build'] {
5735 silly tar   errno: -2,
5735 silly tar   code: 'ENOENT',
5735 silly tar   syscall: 'lstat',
5735 silly tar   path: '/Users/kedarbnikhil/Documents/Codex/2026-08-11/stage-1-of-4-foundation-i18n/outputs/ride-demo/node_modules/expo/node_modules/@expo/vector-icons/build',
5735 silly tar   entry: Is {
5735 silly tar     _events: [Object: null prototype] {
5735 silly tar       end: [Function (anonymous)],
5735 silly tar       drain: [Function]
5735 silly tar     },
5735 silly tar     _eventsCount: 2,
5735 silly tar     _maxListeners: undefined,
5735 silly tar     writable: true,
5735 silly tar     readable: true,
5735 silly tar     extended: undefined,
5735 silly tar     globalExtended: undefined,
5735 silly tar     header: Ls {
5735 silly tar       cksumValid: true,
5735 silly tar       needPax: false,
5735 silly tar       nullBlock: false,
5735 silly tar       block: undefined,
5735 silly tar       path: 'package/build/vendor/react-native-vector-icons/Fonts/Octicons.ttf',
5735 silly tar       mode: 420,
5735 silly tar       uid: undefined,
5735 silly tar       gid: undefined,
5735 silly tar       size: 69436,
5735 silly tar       cksum: 9390,
5735 silly tar       linkpath: '',
5735 silly tar       uname: '',
5735 silly tar       gname: '',
5735 silly tar       devmaj: 0,
5735 silly tar       devmin: 0,
5735 silly tar       atime: undefined,
5735 silly tar       ctime: undefined,
5735 silly tar       mtime: 1985-10-26T08:15:00.000Z,
5735 silly tar       charset: undefined,
5735 silly tar       comment: undefined
5735 silly tar     },
5735 silly tar     startBlockSize: 69632,
5735 silly tar     blockRemain: 56363,
5735 silly tar     remain: 56167,
5735 silly tar     type: 'File',
5735 silly tar     meta: false,
5735 silly tar     ignore: false,
5735 silly tar     path: 'build/vendor/react-native-vector-icons/Fonts/Octicons.ttf',
5735 silly tar     mode: 438,
5735 silly tar     uid: undefined,
5735 silly tar     gid: undefined,
5735 silly tar     uname: '',
5735 silly tar     gname: '',
5735 silly tar     size: 69436,
5735 silly tar     mtime: 1985-10-26T08:15:00.000Z,
5735 silly tar     atime: undefined,
5735 silly tar     ctime: undefined,
5735 silly tar     linkpath: undefined,
5735 silly tar     dev: undefined,
5735 silly tar     ino: undefined,
5735 silly tar     nlink: undefined,
5735 silly tar     invalid: false,
5735 silly tar     absolute: '/Users/kedarbnikhil/Documents/Codex/2026-08-11/stage-1-of-4-foundation-i18n/outputs/ride-demo/node_modules/expo/node_modules/@expo/vector-icons/build/vendor/react-native-vector-icons/Fonts/Octicons.ttf',
5735 silly tar     unsupported: false,
5735 silly tar     Symbol(shapeMode): false,
5735 silly tar     Symbol(kCapture): false,
5735 silly tar     Symbol(flowing): false,
5735 silly tar     Symbol(paused): true,
5735 silly tar     Symbol(pipes): [],
5735 silly tar     Symbol(buffer): [
5735 silly tar       <Buffer 00 01 00 00 00 0d 00 80 00 03 00 50 46 46 54 4d a6 b4 da 5e 00 01 0f 20 00 00 00 1c 4f 53 2f 32 4f fa 5e 6b 00 00 01 58 00 00 00 60 63 6d 61 70 56 e3 ... 13219 more bytes>
5735 silly tar     ],
5735 silly tar     Symbol(objectMode): false,
5735 silly tar     Symbol(encoding): null,
5735 silly tar     Symbol(async): false,
5735 silly tar     Symbol(decoder): null,
5735 silly tar     Symbol(EOF): false,
5735 silly tar     Symbol(emittedEnd): false,
5735 silly tar     Symbol(emittingEnd): false,
5735 silly tar     Symbol(closed): false,
5735 silly tar     Symbol(emittedError): null,
5735 silly tar     Symbol(bufferLength): 13269,
5735 silly tar     Symbol(destroyed): false,
5735 silly tar     Symbol(signal): undefined,
5735 silly tar     Symbol(aborted): false,
5735 silly tar     Symbol(dataListeners): 0,
5735 silly tar     Symbol(discarded): false
5735 silly tar   },
5735 silly tar   cwd: '/Users/kedarbnikhil/Documents/Codex/2026-08-11/stage-1-of-4-foundation-i18n/outputs/ride-demo/node_modules/expo/node_modules/@expo/vector-icons',
5735 silly tar   tarCode: 'TAR_ENTRY_ERROR'
5735 silly tar }
5736 warn tar TAR_ENTRY_ERROR ENOENT: no such file or directory, lstat '/Users/kedarbnikhil/Documents/Codex/2026-08-11/stage-1-of-4-foundation-i18n/outputs/ride-demo/node_modules/expo/node_modules/@expo/vector-icons/build'
5737 silly tar TAR_ENTRY_ERROR ENOENT: no such file or directory, lstat '/Users/kedarbnikhil/Documents/Codex/2026-08-11/stage-1-of-4-foundation-i18n/outputs/ride-demo/node_modules/expo/node_modules/@expo/vector-icons/build' [Error: ENOENT: no such file or directory, lstat '/Users/kedarbnikhil/Documents/Codex/2026-08-11/stage-1-of-4-foundation-i18n/outputs/ride-demo/node_modules/expo/node_modules/@expo/vector-icons/build'] {
5737 silly tar   errno: -2,
5737 silly tar   code: 'ENOENT',
5737 silly tar   syscall: 'lstat',
5737 silly tar   path: '/Users/kedarbnikhil/Documents/Codex/2026-08-11/stage-1-of-4-foundation-i18n/outputs/ride-demo/node_modules/expo/node_modules/@expo/vector-icons/build',
5737 silly tar   entry: Is {
5737 silly tar     _events: [Object: null prototype] {
5737 silly tar       end: [Function (anonymous)],
5737 silly tar       drain: [Function]
5737 silly tar     },
5737 silly tar     _eventsCount: 2,
5737 silly tar     _maxListeners: undefined,
5737 silly tar     writable: true,
5737 silly tar     readable: true,
5737 silly tar     extended: undefined,
5737 silly tar     globalExtended: undefined,
5737 silly tar     header: Ls {
5737 silly tar       cksumValid: true,
5737 silly tar       needPax: false,
5737 silly tar       nullBlock: false,
5737 silly tar       block: undefined,
5737 silly tar       path: 'package/build/vendor/react-native-vector-icons/Fonts/SimpleLineIcons.ttf',
5737 silly tar       mode: 420,
5737 silly tar       uid: undefined,
5737 silly tar       gid: undefined,
5737 silly tar       size: 54056,
5737 silly tar       cksum: 10066,
5737 silly tar       linkpath: '',
5737 silly tar       uname: '',
5737 silly tar       gname: '',
5737 silly tar       devmaj: 0,
5737 silly tar       devmin: 0,
5737 silly tar       atime: undefined,
5737 silly tar       ctime: undefined,
5737 silly tar       mtime: 1985-10-26T08:15:00.000Z,
5737 silly tar       charset: undefined,
5737 silly tar       comment: undefined
5737 silly tar     },
5737 silly tar     startBlockSize: 54272,
5737 silly tar     blockRemain: 46210,
5737 silly tar     remain: 45994,
5737 silly tar     type: 'File',
5737 silly tar     meta: false,
5737 silly tar     ignore: false,
5737 silly tar     path: 'build/vendor/react-native-vector-icons/Fonts/SimpleLineIcons.ttf',
5737 silly tar     mode: 438,
5737 silly tar     uid: undefined,
5737 silly tar     gid: undefined,
5737 silly tar     uname: '',
5737 silly tar     gname: '',
5737 silly tar     size: 54056,
5737 silly tar     mtime: 1985-10-26T08:15:00.000Z,
5737 silly tar     atime: undefined,
5737 silly tar     ctime: undefined,
5737 silly tar     linkpath: undefined,
5737 silly tar     dev: undefined,
5737 silly tar     ino: undefined,
5737 silly tar     nlink: undefined,
5737 silly tar     invalid: false,
5737 silly tar     absolute: '/Users/kedarbnikhil/Documents/Codex/2026-08-11/stage-1-of-4-foundation-i18n/outputs/ride-demo/node_modules/expo/node_modules/@expo/vector-icons/build/vendor/react-native-vector-icons/Fonts/SimpleLineIcons.ttf',
5737 silly tar     unsupported: false,
5737 silly tar     Symbol(shapeMode): false,
5737 silly tar     Symbol(kCapture): false,
5737 silly tar     Symbol(flowing): false,
5737 silly tar     Symbol(paused): true,
5737 silly tar     Symbol(pipes): [],
5737 silly tar     Symbol(buffer): [
5737 silly tar       <Buffer 00 01 00 00 00 0d 00 80 00 03 00 50 46 46 54 4d 7b 8f 9f 60 00 00 d3 0c 00 00 00 1c 47 44 45 46 00 29 00 c7 00 00 d2 ec 00 00 00 1e 4f 53 2f 32 56 a0 ... 8012 more bytes>
5737 silly tar     ],
5737 silly tar     Symbol(objectMode): false,
5737 silly tar     Symbol(encoding): null,
5737 silly tar     Symbol(async): false,
5737 silly tar     Symbol(decoder): null,
5737 silly tar     Symbol(EOF): false,
5737 silly tar     Symbol(emittedEnd): false,
5737 silly tar     Symbol(emittingEnd): false,
5737 silly tar     Symbol(closed): false,
5737 silly tar     Symbol(emittedError): null,
5737 silly tar     Symbol(bufferLength): 8062,
5737 silly tar     Symbol(destroyed): false,
5737 silly tar     Symbol(signal): undefined,
5737 silly tar     Symbol(aborted): false,
5737 silly tar     Symbol(dataListeners): 0,
5737 silly tar     Symbol(discarded): false
5737 silly tar   },
5737 silly tar   cwd: '/Users/kedarbnikhil/Documents/Codex/2026-08-11/stage-1-of-4-foundation-i18n/outputs/ride-demo/node_modules/expo/node_modules/@expo/vector-icons',
5737 silly tar   tarCode: 'TAR_ENTRY_ERROR'
5737 silly tar }
5738 warn tar TAR_ENTRY_ERROR ENOENT: no such file or directory, lstat '/Users/kedarbnikhil/Documents/Codex/2026-08-11/stage-1-of-4-foundation-i18n/outputs/ride-demo/node_modules/expo/node_modules/@expo/vector-icons/build'
5739 silly tar TAR_ENTRY_ERROR ENOENT: no such file or directory, lstat '/Users/kedarbnikhil/Documents/Codex/2026-08-11/stage-1-of-4-foundation-i18n/outputs/ride-demo/node_modules/expo/node_modules/@expo/vector-icons/build' [Error: ENOENT: no such file or directory, lstat '/Users/kedarbnikhil/Documents/Codex/2026-08-11/stage-1-of-4-foundation-i18n/outputs/ride-demo/node_modules/expo/node_modules/@expo/vector-icons/build'] {
5739 silly tar   errno: -2,
5739 silly tar   code: 'ENOENT',
5739 silly tar   syscall: 'lstat',
5739 silly tar   path: '/Users/kedarbnikhil/Documents/Codex/2026-08-11/stage-1-of-4-foundation-i18n/outputs/ride-demo/node_modules/expo/node_modules/@expo/vector-icons/build',
5739 silly tar   entry: Is {
5739 silly tar     _events: [Object: null prototype] {
5739 silly tar       end: [Function (anonymous)],
5739 silly tar       drain: [Function]
5739 silly tar     },
5739 silly tar     _eventsCount: 2,
5739 silly tar     _maxListeners: undefined,
5739 silly tar     writable: true,
5739 silly tar     readable: true,
5739 silly tar     extended: undefined,
5739 silly tar     globalExtended: undefined,
5739 silly tar     header: Ls {
5739 silly tar       cksumValid: true,
5739 silly tar       needPax: false,
5739 silly tar       nullBlock: false,
5739 silly tar       block: undefined,
5739 silly tar       path: 'package/build/vendor/react-native-vector-icons/Fonts/Zocial.ttf',
5739 silly tar       mode: 420,
5739 silly tar       uid: undefined,
5739 silly tar       gid: undefined,
5739 silly tar       size: 25788,
5739 silly tar       cksum: 9163,
5739 silly tar       linkpath: '',
5739 silly tar       uname: '',
5739 silly tar       gname: '',
5739 silly tar       devmaj: 0,
5739 silly tar       devmin: 0,
5739 silly tar       atime: undefined,
5739 silly tar       ctime: undefined,
5739 silly tar       mtime: 1985-10-26T08:15:00.000Z,
5739 silly tar       charset: undefined,
5739 silly tar       comment: undefined
5739 silly tar     },
5739 silly tar     startBlockSize: 26112,
5739 silly tar     blockRemain: 22624,
5739 silly tar     remain: 22300,
5739 silly tar     type: 'File',
5739 silly tar     meta: false,
5739 silly tar     ignore: false,
5739 silly tar     path: 'build/vendor/react-native-vector-icons/Fonts/Zocial.ttf',
5739 silly tar     mode: 438,
5739 silly tar     uid: undefined,
5739 silly tar     gid: undefined,
5739 silly tar     uname: '',
5739 silly tar     gname: '',
5739 silly tar     size: 25788,
5739 silly tar     mtime: 1985-10-26T08:15:00.000Z,
5739 silly tar     atime: undefined,
5739 silly tar     ctime: undefined,
5739 silly tar     linkpath: undefined,
5739 silly tar     dev: undefined,
5739 silly tar     ino: undefined,
5739 silly tar     nlink: undefined,
5739 silly tar     invalid: false,
5739 silly tar     absolute: '/Users/kedarbnikhil/Documents/Codex/2026-08-11/stage-1-of-4-foundation-i18n/outputs/ride-demo/node_modules/expo/node_modules/@expo/vector-icons/build/vendor/react-native-vector-icons/Fonts/Zocial.ttf',
5739 silly tar     unsupported: false,
5739 silly tar     Symbol(shapeMode): false,
5739 silly tar     Symbol(kCapture): false,
5739 silly tar     Symbol(flowing): false,
5739 silly tar     Symbol(paused): true,
5739 silly tar     Symbol(pipes): [],
5739 silly tar     Symbol(buffer): [
5739 silly tar       <Buffer 00 01 00 00 00 0d 00 80 00 03 00 50 46 46 54 4d 75 21 90 dc 00 00 64 a0 00 00 00 1c 4f 53 2f 32 50 06 5d ca 00 00 01 58 00 00 00 60 63 6d 61 70 f1 45 ... 3438 more bytes>
5739 silly tar     ],
5739 silly tar     Symbol(objectMode): false,
5739 silly tar     Symbol(encoding): null,
5739 silly tar     Symbol(async): false,
5739 silly tar     Symbol(decoder): null,
5739 silly tar     Symbol(EOF): false,
5739 silly tar     Symbol(emittedEnd): false,
5739 silly tar     Symbol(emittingEnd): false,
5739 silly tar     Symbol(closed): false,
5739 silly tar     Symbol(emittedError): null,
5739 silly tar     Symbol(bufferLength): 3488,
5739 silly tar     Symbol(destroyed): false,
5739 silly tar     Symbol(signal): undefined,
5739 silly tar     Symbol(aborted): false,
5739 silly tar     Symbol(dataListeners): 0,
5739 silly tar     Symbol(discarded): false
5739 silly tar   },
5739 silly tar   cwd: '/Users/kedarbnikhil/Documents/Codex/2026-08-11/stage-1-of-4-foundation-i18n/outputs/ride-demo/node_modules/expo/node_modules/@expo/vector-icons',
5739 silly tar   tarCode: 'TAR_ENTRY_ERROR'
5739 silly tar }
5740 warn tar TAR_ENTRY_ERROR ENOENT: no such file or directory, lstat '/Users/kedarbnikhil/Documents/Codex/2026-08-11/stage-1-of-4-foundation-i18n/outputs/ride-demo/node_modules/expo/node_modules/@expo/vector-icons/.github'
5741 silly tar TAR_ENTRY_ERROR ENOENT: no such file or directory, lstat '/Users/kedarbnikhil/Documents/Codex/2026-08-11/stage-1-of-4-foundation-i18n/outputs/ride-demo/node_modules/expo/node_modules/@expo/vector-icons/.github' [Error: ENOENT: no such file or directory, lstat '/Users/kedarbnikhil/Documents/Codex/2026-08-11/stage-1-of-4-foundation-i18n/outputs/ride-demo/node_modules/expo/node_modules/@expo/vector-icons/.github'] {
5741 silly tar   errno: -2,
5741 silly tar   code: 'ENOENT',
5741 silly tar   syscall: 'lstat',
5741 silly tar   path: '/Users/kedarbnikhil/Documents/Codex/2026-08-11/stage-1-of-4-foundation-i18n/outputs/ride-demo/node_modules/expo/node_modules/@expo/vector-icons/.github',
5741 silly tar   entry: Is {
5741 silly tar     _events: [Object: null prototype] { end: [Function (anonymous)] },
5741 silly tar     _eventsCount: 1,
5741 silly tar     _maxListeners: undefined,
5741 silly tar     writable: false,
5741 silly tar     readable: true,
5741 silly tar     extended: undefined,
5741 silly tar     globalExtended: undefined,
5741 silly tar     header: Ls {
5741 silly tar       cksumValid: true,
5741 silly tar       needPax: false,
5741 silly tar       nullBlock: false,
5741 silly tar       block: undefined,
5741 silly tar       path: 'package/.github/workflows/ci.yml',
5741 silly tar       mode: 420,
5741 silly tar       uid: undefined,
5741 silly tar       gid: undefined,
5741 silly tar       size: 402,
5741 silly tar       cksum: 6139,
5741 silly tar       linkpath: '',
5741 silly tar       uname: '',
5741 silly tar       gname: '',
5741 silly tar       devmaj: 0,
5741 silly tar       devmin: 0,
5741 silly tar       atime: undefined,
5741 silly tar       ctime: undefined,
5741 silly tar       mtime: 1985-10-26T08:15:00.000Z,
5741 silly tar       charset: undefined,
5741 silly tar       comment: undefined
5741 silly tar     },
5741 silly tar     startBlockSize: 512,
5741 silly tar     blockRemain: 0,
5741 silly tar     remain: 0,
5741 silly tar     type: 'File',
5741 silly tar     meta: false,
5741 silly tar     ignore: false,
5741 silly tar     path: '.github/workflows/ci.yml',
5741 silly tar     mode: 438,
5741 silly tar     uid: undefined,
5741 silly tar     gid: undefined,
5741 silly tar     uname: '',
5741 silly tar     gname: '',
5741 silly tar     size: 402,
5741 silly tar     mtime: 1985-10-26T08:15:00.000Z,
5741 silly tar     atime: undefined,
5741 silly tar     ctime: undefined,
5741 silly tar     linkpath: undefined,
5741 silly tar     dev: undefined,
5741 silly tar     ino: undefined,
5741 silly tar     nlink: undefined,
5741 silly tar     invalid: false,
5741 silly tar     absolute: '/Users/kedarbnikhil/Documents/Codex/2026-08-11/stage-1-of-4-foundation-i18n/outputs/ride-demo/node_modules/expo/node_modules/@expo/vector-icons/.github/workflows/ci.yml',
5741 silly tar     unsupported: false,
5741 silly tar     Symbol(shapeMode): false,
5741 silly tar     Symbol(kCapture): false,
5741 silly tar     Symbol(flowing): false,
5741 silly tar     Symbol(paused): true,
5741 silly tar     Symbol(pipes): [],
5741 silly tar     Symbol(buffer): [
5741 silly tar       <Buffer 6e 61 6d 65 3a 20 43 49 0a 0a 6f 6e 3a 0a 20 20 70 75 73 68 3a 0a 20 20 20 20 62 72 61 6e 63 68 65 73 3a 0a 20 20 20 20 20 20 2d 20 6d 61 73 74 65 72 ... 352 more bytes>
5741 silly tar     ],
5741 silly tar     Symbol(objectMode): false,
5741 silly tar     Symbol(encoding): null,
5741 silly tar     Symbol(async): false,
5741 silly tar     Symbol(decoder): null,
5741 silly tar     Symbol(EOF): true,
5741 silly tar     Symbol(emittedEnd): false,
5741 silly tar     Symbol(emittingEnd): false,
5741 silly tar     Symbol(closed): false,
5741 silly tar     Symbol(emittedError): null,
5741 silly tar     Symbol(bufferLength): 402,
5741 silly tar     Symbol(destroyed): false,
5741 silly tar     Symbol(signal): undefined,
5741 silly tar     Symbol(aborted): false,
5741 silly tar     Symbol(dataListeners): 0,
5741 silly tar     Symbol(discarded): false
5741 silly tar   },
5741 silly tar   cwd: '/Users/kedarbnikhil/Documents/Codex/2026-08-11/stage-1-of-4-foundation-i18n/outputs/ride-demo/node_modules/expo/node_modules/@expo/vector-icons',
5741 silly tar   tarCode: 'TAR_ENTRY_ERROR'
5741 silly tar }
5742 warn tar TAR_ENTRY_ERROR ENOENT: no such file or directory, lstat '/Users/kedarbnikhil/Documents/Codex/2026-08-11/stage-1-of-4-foundation-i18n/outputs/ride-demo/node_modules/expo/node_modules/@expo/vector-icons/.github'
5743 silly tar TAR_ENTRY_ERROR ENOENT: no such file or directory, lstat '/Users/kedarbnikhil/Documents/Codex/2026-08-11/stage-1-of-4-foundation-i18n/outputs/ride-demo/node_modules/expo/node_modules/@expo/vector-icons/.github' [Error: ENOENT: no such file or directory, lstat '/Users/kedarbnikhil/Documents/Codex/2026-08-11/stage-1-of-4-foundation-i18n/outputs/ride-demo/node_modules/expo/node_modules/@expo/vector-icons/.github'] {
5743 silly tar   errno: -2,
5743 silly tar   code: 'ENOENT',
5743 silly tar   syscall: 'lstat',
5743 silly tar   path: '/Users/kedarbnikhil/Documents/Codex/2026-08-11/stage-1-of-4-foundation-i18n/outputs/ride-demo/node_modules/expo/node_modules/@expo/vector-icons/.github',
5743 silly tar   entry: Is {
5743 silly tar     _events: [Object: null prototype] { end: [Function (anonymous)] },
5743 silly tar     _eventsCount: 1,
5743 silly tar     _maxListeners: undefined,
5743 silly tar     writable: false,
5743 silly tar     readable: true,
5743 silly tar     extended: undefined,
5743 silly tar     globalExtended: undefined,
5743 silly tar     header: Ls {
5743 silly tar       cksumValid: true,
5743 silly tar       needPax: false,
5743 silly tar       nullBlock: false,
5743 silly tar       block: undefined,
5743 silly tar       path: 'package/.github/workflows/release.yml',
5743 silly tar       mode: 420,
5743 silly tar       uid: undefined,
5743 silly tar       gid: undefined,
5743 silly tar       size: 2110,
5743 silly tar       cksum: 6679,
5743 silly tar       linkpath: '',
5743 silly tar       uname: '',
5743 silly tar       gname: '',
5743 silly tar       devmaj: 0,
5743 silly tar       devmin: 0,
5743 silly tar       atime: undefined,
5743 silly tar       ctime: undefined,
5743 silly tar       mtime: 1985-10-26T08:15:00.000Z,
5743 silly tar       charset: undefined,
5743 silly tar       comment: undefined
5743 silly tar     },
5743 silly tar     startBlockSize: 2560,
5743 silly tar     blockRemain: 0,
5743 silly tar     remain: 0,
5743 silly tar     type: 'File',
5743 silly tar     meta: false,
5743 silly tar     ignore: false,
5743 silly tar     path: '.github/workflows/release.yml',
5743 silly tar     mode: 438,
5743 silly tar     uid: undefined,
5743 silly tar     gid: undefined,
5743 silly tar     uname: '',
5743 silly tar     gname: '',
5743 silly tar     size: 2110,
5743 silly tar     mtime: 1985-10-26T08:15:00.000Z,
5743 silly tar     atime: undefined,
5743 silly tar     ctime: undefined,
5743 silly tar     linkpath: undefined,
5743 silly tar     dev: undefined,
5743 silly tar     ino: undefined,
5743 silly tar     nlink: undefined,
5743 silly tar     invalid: false,
5743 silly tar     absolute: '/Users/kedarbnikhil/Documents/Codex/2026-08-11/stage-1-of-4-foundation-i18n/outputs/ride-demo/node_modules/expo/node_modules/@expo/vector-icons/.github/workflows/release.yml',
5743 silly tar     unsupported: false,
5743 silly tar     Symbol(shapeMode): false,
5743 silly tar     Symbol(kCapture): false,
5743 silly tar     Symbol(flowing): false,
5743 silly tar     Symbol(paused): true,
5743 silly tar     Symbol(pipes): [],
5743 silly tar     Symbol(buffer): [
5743 silly tar       <Buffer 23 20 61 64 61 70 74 65 64 20 66 72 6f 6d 20 68 74 74 70 73 3a 2f 2f 67 69 74 68 75 62 2e 63 6f 6d 2f 67 6f 6f 67 6c 65 61 70 69 73 2f 72 65 6c 65 61 ... 2060 more bytes>
5743 silly tar     ],
5743 silly tar     Symbol(objectMode): false,
5743 silly tar     Symbol(encoding): null,
5743 silly tar     Symbol(async): false,
5743 silly tar     Symbol(decoder): null,
5743 silly tar     Symbol(EOF): true,
5743 silly tar     Symbol(emittedEnd): false,
5743 silly tar     Symbol(emittingEnd): false,
5743 silly tar     Symbol(closed): false,
5743 silly tar     Symbol(emittedError): null,
5743 silly tar     Symbol(bufferLength): 2110,
5743 silly tar     Symbol(destroyed): false,
5743 silly tar     Symbol(signal): undefined,
5743 silly tar     Symbol(aborted): false,
5743 silly tar     Symbol(dataListeners): 0,
5743 silly tar     Symbol(discarded): false
5743 silly tar   },
5743 silly tar   cwd: '/Users/kedarbnikhil/Documents/Codex/2026-08-11/stage-1-of-4-foundation-i18n/outputs/ride-demo/node_modules/expo/node_modules/@expo/vector-icons',
5743 silly tar   tarCode: 'TAR_ENTRY_ERROR'
5743 silly tar }
5744 http fetch GET 200 https://registry.npmjs.org/@expo/vector-icons/-/vector-icons-15.1.1.tgz 49783ms (cache miss)
5745 http fetch GET 200 https://registry.npmjs.org/react-native 6986ms (cache miss)
5746 silly packumentCache corgi:https://registry.npmjs.org/react-native set size:undefined disposed:false
5747 silly packumentCache corgi:https://registry.npmjs.org/@expo%2fconfig cache-miss
5748 silly packumentCache corgi:https://registry.npmjs.org/@expo%2fprebuild-config cache-miss
5749 http fetch GET 200 https://registry.npmjs.org/@expo%2fprebuild-config 574ms (cache miss)
5750 silly packumentCache corgi:https://registry.npmjs.org/@expo%2fprebuild-config set size:undefined disposed:false
5751 http fetch GET 200 https://registry.npmjs.org/@expo%2fconfig 2128ms (cache miss)
5752 silly packumentCache corgi:https://registry.npmjs.org/@expo%2fconfig set size:undefined disposed:false
5753 silly packumentCache corgi:https://registry.npmjs.org/expo-font cache-miss
5754 silly packumentCache corgi:https://registry.npmjs.org/babel-preset-expo cache-miss
5755 silly packumentCache corgi:https://registry.npmjs.org/expo-asset cache-miss
5756 silly packumentCache corgi:https://registry.npmjs.org/expo-constants cache-miss
5757 silly packumentCache corgi:https://registry.npmjs.org/expo-file-system cache-miss
5758 silly packumentCache corgi:https://registry.npmjs.org/expo-keep-awake cache-miss
5759 http fetch GET 200 https://registry.npmjs.org/expo-asset 1037ms (cache miss)
5760 silly packumentCache corgi:https://registry.npmjs.org/expo-asset set size:undefined disposed:false
5761 http fetch GET 200 https://registry.npmjs.org/expo-keep-awake 1103ms (cache miss)
5762 silly packumentCache corgi:https://registry.npmjs.org/expo-keep-awake set size:undefined disposed:false
5763 http fetch GET 200 https://registry.npmjs.org/babel-preset-expo 1126ms (cache miss)
5764 silly packumentCache corgi:https://registry.npmjs.org/babel-preset-expo set size:undefined disposed:false
5765 http fetch GET 200 https://registry.npmjs.org/expo-font 1617ms (cache miss)
5766 silly packumentCache corgi:https://registry.npmjs.org/expo-font set size:undefined disposed:false
5767 http fetch GET 200 https://registry.npmjs.org/expo-constants 1858ms (cache miss)
5768 silly packumentCache corgi:https://registry.npmjs.org/expo-constants set size:undefined disposed:false
5769 http fetch GET 200 https://registry.npmjs.org/expo-file-system 17816ms (cache miss)
5770 silly packumentCache corgi:https://registry.npmjs.org/expo-file-system set size:undefined disposed:false
5771 silly packumentCache corgi:https://registry.npmjs.org/@react-native-async-storage%2fasync-storage cache-miss
5772 silly packumentCache corgi:https://registry.npmjs.org/@react-navigation%2fnative cache-miss
5773 silly packumentCache corgi:https://registry.npmjs.org/@react-navigation%2fnative-stack cache-miss
5774 silly packumentCache corgi:https://registry.npmjs.org/react-native-screens cache-miss
5775 silly packumentCache corgi:https://registry.npmjs.org/react-native-safe-area-context cache-miss
5776 silly packumentCache corgi:https://registry.npmjs.org/expo-status-bar cache-miss
5777 silly packumentCache corgi:https://registry.npmjs.org/@react-navigation%2felements cache-miss
5778 silly packumentCache corgi:https://registry.npmjs.org/@expo%2fdevtools cache-miss
5779 silly packumentCache corgi:https://registry.npmjs.org/@expo%2fvector-icons cache-miss
5780 silly packumentCache corgi:https://registry.npmjs.org/expo-modules-core cache-miss
5781 silly packumentCache corgi:https://registry.npmjs.org/react-native-is-edge-to-edge cache-miss
5782 silly packumentCache corgi:https://registry.npmjs.org/@react-native%2fvirtualized-lists cache-miss
5783 http cache https://registry.npmjs.org/@react-navigation%2fnative-stack 92ms (cache hit)
5784 silly packumentCache corgi:https://registry.npmjs.org/@react-navigation%2fnative-stack set size:436536 disposed:false
5785 http cache https://registry.npmjs.org/@react-navigation%2fnative 173ms (cache hit)
5786 silly packumentCache corgi:https://registry.npmjs.org/@react-navigation%2fnative set size:593237 disposed:false
5787 http cache https://registry.npmjs.org/@expo%2fvector-icons 179ms (cache hit)
5788 silly packumentCache corgi:https://registry.npmjs.org/@expo%2fvector-icons set size:73934 disposed:false
5789 http cache https://registry.npmjs.org/react-native-is-edge-to-edge 179ms (cache hit)
5790 silly packumentCache corgi:https://registry.npmjs.org/react-native-is-edge-to-edge set size:12503 disposed:false
5791 http cache https://registry.npmjs.org/react-native-safe-area-context 189ms (cache hit)
5792 silly packumentCache corgi:https://registry.npmjs.org/react-native-safe-area-context set size:307011 disposed:false
5793 http cache https://registry.npmjs.org/expo-status-bar 194ms (cache hit)
5794 silly packumentCache corgi:https://registry.npmjs.org/expo-status-bar set size:205836 disposed:false
5795 http cache https://registry.npmjs.org/react-native-screens 197ms (cache hit)
5796 silly packumentCache corgi:https://registry.npmjs.org/react-native-screens set size:1471313 disposed:false
5797 http cache https://registry.npmjs.org/@react-navigation%2felements 237ms (cache hit)
5798 silly packumentCache corgi:https://registry.npmjs.org/@react-navigation%2felements set size:344313 disposed:false
5799 http cache https://registry.npmjs.org/@react-native-async-storage%2fasync-storage 252ms (cache hit)
5800 silly packumentCache corgi:https://registry.npmjs.org/@react-native-async-storage%2fasync-storage set size:153015 disposed:false
5801 http cache https://registry.npmjs.org/@expo%2fdevtools 278ms (cache hit)
5802 silly packumentCache corgi:https://registry.npmjs.org/@expo%2fdevtools set size:73919 disposed:false
5803 http cache https://registry.npmjs.org/expo-modules-core 279ms (cache hit)
5804 silly packumentCache corgi:https://registry.npmjs.org/expo-modules-core set size:378426 disposed:false
5805 http cache https://registry.npmjs.org/@react-native%2fvirtualized-lists 285ms (cache hit)
5806 silly packumentCache corgi:https://registry.npmjs.org/@react-native%2fvirtualized-lists set size:1047448 disposed:false
5807 http fetch GET 200 https://registry.npmjs.org/react-native/-/react-native-0.81.5.tgz 73557ms (cache miss)
5808 info run fsevents@2.3.3 install node_modules/fsevents node-gyp rebuild
5809 info run fsevents@2.3.3 install { code: 1, signal: null }
5810 verbose reify failed optional dependency /Users/kedarbnikhil/Documents/Codex/2026-08-11/stage-1-of-4-foundation-i18n/outputs/ride-demo/node_modules/fsevents
5811 silly reify mark deleted [
5811 silly reify   '/Users/kedarbnikhil/Documents/Codex/2026-08-11/stage-1-of-4-foundation-i18n/outputs/ride-demo/node_modules/fsevents'
5811 silly reify ]
5812 silly ADD node_modules/p-try
5813 silly ADD node_modules/unicode-property-aliases-ecmascript
5814 silly ADD node_modules/unicode-canonical-property-names-ecmascript
5815 silly ADD node_modules/unicode-match-property-value-ecmascript
5816 silly ADD node_modules/unicode-match-property-ecmascript
5817 silly ADD node_modules/regjsparser
5818 silly ADD node_modules/regjsgen
5819 silly ADD node_modules/regenerate-unicode-properties
5820 silly ADD node_modules/regenerate
5821 silly ADD node_modules/core-js-compat
5822 silly ADD node_modules/lodash.debounce
5823 silly ADD node_modules/@babel/helper-define-polyfill-provider
5824 silly ADD node_modules/regexpu-core
5825 silly ADD node_modules/@babel/helper-create-regexp-features-plugin
5826 silly ADD node_modules/@babel/helper-create-regexp-features-plugin/node_modules/semver
5827 silly ADD node_modules/@babel/helper-wrap-function
5828 silly ADD node_modules/@babel/helper-remap-async-to-generator
5829 silly ADD node_modules/@react-native/babel-plugin-codegen
5830 silly ADD node_modules/@babel/plugin-transform-unicode-regex
5831 silly ADD node_modules/@babel/plugin-transform-sticky-regex
5832 silly ADD node_modules/@babel/plugin-transform-spread
5833 silly ADD node_modules/@babel/plugin-transform-shorthand-properties
5834 silly ADD node_modules/@babel/plugin-transform-regenerator
5835 silly ADD node_modules/@babel/plugin-transform-react-jsx-source
5836 silly ADD node_modules/@babel/plugin-transform-react-jsx-self
5837 silly ADD node_modules/@babel/plugin-transform-optional-chaining
5838 silly ADD node_modules/@babel/plugin-transform-optional-catch-binding
5839 silly ADD node_modules/@babel/plugin-transform-numeric-separator
5840 silly ADD node_modules/@babel/plugin-transform-nullish-coalescing-operator
5841 silly ADD node_modules/@babel/plugin-transform-named-capturing-groups-regex
5842 silly ADD node_modules/@babel/plugin-transform-logical-assignment-operators
5843 silly ADD node_modules/@babel/plugin-transform-literals
5844 silly ADD node_modules/@babel/plugin-transform-function-name
5845 silly ADD node_modules/@babel/plugin-transform-for-of
5846 silly ADD node_modules/@babel/plugin-transform-computed-properties
5847 silly ADD node_modules/@babel/plugin-transform-classes
5848 silly ADD node_modules/@babel/plugin-transform-class-properties
5849 silly ADD node_modules/@babel/plugin-transform-block-scoping
5850 silly ADD node_modules/@babel/plugin-transform-async-to-generator
5851 silly ADD node_modules/@babel/plugin-transform-async-generator-functions
5852 silly ADD node_modules/@babel/plugin-transform-arrow-functions
5853 silly ADD node_modules/@babel/plugin-syntax-dynamic-import
5854 silly ADD node_modules/@babel/plugin-syntax-typescript
5855 silly ADD node_modules/@babel/plugin-transform-typescript
5856 silly ADD node_modules/@babel/plugin-syntax-jsx
5857 silly ADD node_modules/@babel/plugin-transform-react-pure-annotations
5858 silly ADD node_modules/@babel/plugin-transform-react-jsx-development
5859 silly ADD node_modules/@babel/plugin-transform-react-jsx
5860 silly ADD node_modules/@babel/plugin-transform-react-display-name
5861 silly ADD node_modules/babel-plugin-polyfill-regenerator
5862 silly ADD node_modules/babel-plugin-polyfill-corejs3
5863 silly ADD node_modules/babel-plugin-polyfill-corejs2
5864 silly ADD node_modules/babel-plugin-polyfill-corejs2/node_modules/semver
5865 silly ADD node_modules/@babel/plugin-transform-destructuring
5866 silly ADD node_modules/@babel/plugin-syntax-flow
5867 silly ADD node_modules/@babel/helper-skip-transparent-expression-wrappers
5868 silly ADD node_modules/@babel/helper-replace-supers
5869 silly ADD node_modules/@babel/helper-optimise-call-expression
5870 silly ADD node_modules/@babel/helper-member-expression-to-functions
5871 silly ADD node_modules/@babel/helper-annotate-as-pure
5872 silly ADD node_modules/@babel/plugin-syntax-decorators
5873 silly ADD node_modules/@babel/helper-create-class-features-plugin
5874 silly ADD node_modules/@babel/helper-create-class-features-plugin/node_modules/semver
5875 silly ADD node_modules/babel-plugin-transform-flow-enums
5876 silly ADD node_modules/babel-plugin-react-native-web
5877 silly ADD node_modules/babel-plugin-react-compiler
5878 silly ADD node_modules/@react-native/babel-preset
5879 silly ADD node_modules/@babel/preset-typescript
5880 silly ADD node_modules/@babel/preset-react
5881 silly ADD node_modules/@babel/plugin-transform-runtime
5882 silly ADD node_modules/@babel/plugin-transform-runtime/node_modules/semver
5883 silly ADD node_modules/@babel/plugin-transform-private-property-in-object
5884 silly ADD node_modules/@babel/plugin-transform-private-methods
5885 silly ADD node_modules/@babel/plugin-transform-parameters
5886 silly ADD node_modules/@babel/plugin-transform-object-rest-spread
5887 silly ADD node_modules/@babel/plugin-transform-flow-strip-types
5888 silly ADD node_modules/@babel/plugin-transform-export-namespace-from
5889 silly ADD node_modules/@babel/plugin-transform-class-static-block
5890 silly ADD node_modules/@babel/plugin-syntax-export-default-from
5891 silly ADD node_modules/@babel/plugin-proposal-export-default-from
5892 silly ADD node_modules/@babel/plugin-proposal-decorators
5893 silly ADD node_modules/source-map-js
5894 silly ADD node_modules/lightningcss-darwin-arm64
5895 silly ADD node_modules/detect-libc
5896 silly ADD node_modules/postcss
5897 silly ADD node_modules/lightningcss
5898 silly ADD node_modules/define-lazy-prop
5899 silly ADD node_modules/clone
5900 silly ADD node_modules/defaults
5901 silly ADD node_modules/supports-hyperlinks
5902 silly ADD node_modules/supports-hyperlinks/node_modules/supports-color
5903 silly ADD node_modules/supports-hyperlinks/node_modules/has-flag
5904 silly ADD node_modules/ansi-escapes
5905 silly ADD node_modules/ansi-escapes/node_modules/type-fest
5906 silly ADD node_modules/minizlib
5907 silly ADD node_modules/chownr
5908 silly ADD node_modules/@isaacs/fs-minipass
5909 silly ADD node_modules/mimic-fn
5910 silly ADD node_modules/onetime
5911 silly ADD node_modules/function-bind
5912 silly ADD node_modules/hasown
5913 silly ADD node_modules/supports-preserve-symlinks-flag
5914 silly ADD node_modules/path-parse
5915 silly ADD node_modules/is-core-module
5916 silly ADD node_modules/es-errors
5917 silly ADD node_modules/strip-json-comments
5918 silly ADD node_modules/minimist
5919 silly ADD node_modules/ini
5920 silly ADD node_modules/deep-extend
5921 silly ADD node_modules/rc
5922 silly ADD node_modules/nested-error-stacks
5923 silly ADD node_modules/sisteransi
5924 silly ADD node_modules/kleur
5925 silly ADD node_modules/pngjs
5926 silly ADD node_modules/restore-cursor
5927 silly ADD node_modules/wcwidth
5928 silly ADD node_modules/log-symbols
5929 silly ADD node_modules/cli-spinners
5930 silly ADD node_modules/cli-cursor
5931 silly ADD node_modules/validate-npm-package-name
5932 silly ADD node_modules/proc-log
5933 silly ADD node_modules/hosted-git-info
5934 silly ADD node_modules/hosted-git-info/node_modules/lru-cache
5935 silly ADD node_modules/vary
5936 silly ADD node_modules/safe-buffer
5937 silly ADD node_modules/on-headers
5938 silly ADD node_modules/compressible
5939 silly ADD node_modules/bytes
5940 silly ADD node_modules/wonka
5941 silly ADD node_modules/@babel/plugin-transform-modules-commonjs
5942 silly ADD node_modules/parse-png
5943 silly ADD node_modules/jimp-compact
5944 silly ADD node_modules/@expo/require-utils
5945 silly ADD node_modules/@expo/require-utils/node_modules/@babel/code-frame
5946 silly ADD node_modules/dotenv-expand
5947 silly ADD node_modules/dotenv
5948 silly ADD node_modules/@expo/sudo-prompt
5949 silly ADD node_modules/undici
5950 silly ADD node_modules/terminal-link
5951 silly ADD node_modules/tar
5952 silly ADD node_modules/tar/node_modules/yallist
5953 silly ADD node_modules/structured-headers
5954 silly ADD node_modules/resolve.exports
5955 silly ADD node_modules/resolve
5956 silly ADD node_modules/requireg
5957 silly ADD node_modules/requireg/node_modules/resolve
5958 silly ADD node_modules/qrcode-terminal
5959 silly ADD node_modules/prompts
5960 silly ADD node_modules/progress
5961 silly ADD node_modules/pretty-bytes
5962 silly ADD node_modules/ora
5963 silly ADD node_modules/ora/node_modules/ansi-regex
5964 silly ADD node_modules/ora/node_modules/strip-ansi
5965 silly ADD node_modules/npm-package-arg
5966 silly ADD node_modules/node-forge
5967 silly ADD node_modules/lan-network
5968 silly ADD node_modules/freeport-async
5969 silly ADD node_modules/expo-server
5970 silly ADD node_modules/env-editor
5971 silly ADD node_modules/compression
5972 silly ADD node_modules/compression/node_modules/ms
5973 silly ADD node_modules/compression/node_modules/negotiator
5974 silly ADD node_modules/compression/node_modules/debug
5975 silly ADD node_modules/better-opn
5976 silly ADD node_modules/better-opn/node_modules/open
5977 silly ADD node_modules/@urql/exchange-retry
5978 silly ADD node_modules/@urql/core
5979 silly ADD node_modules/@expo/xcpretty
5980 silly ADD node_modules/@expo/xcpretty/node_modules/has-flag
5981 silly ADD node_modules/@expo/xcpretty/node_modules/argparse
5982 silly ADD node_modules/@expo/xcpretty/node_modules/supports-color
5983 silly ADD node_modules/@expo/xcpretty/node_modules/ansi-styles
5984 silly ADD node_modules/@expo/xcpretty/node_modules/js-yaml
5985 silly ADD node_modules/@expo/xcpretty/node_modules/chalk
5986 silly ADD node_modules/@expo/xcpretty/node_modules/@babel/code-frame
5987 silly ADD node_modules/@expo/ws-tunnel
5988 silly ADD node_modules/@expo/schema-utils
5989 silly ADD node_modules/@expo/package-manager
5990 silly ADD node_modules/@expo/package-manager/node_modules/has-flag
5991 silly ADD node_modules/@expo/package-manager/node_modules/supports-color
5992 silly ADD node_modules/@expo/package-manager/node_modules/ansi-styles
5993 silly ADD node_modules/@expo/package-manager/node_modules/@babel/code-frame
5994 silly ADD node_modules/@expo/package-manager/node_modules/chalk
5995 silly ADD node_modules/@expo/package-manager/node_modules/@expo/json-file
5996 silly ADD node_modules/@expo/osascript
5997 silly ADD node_modules/@expo/image-utils
5998 silly ADD node_modules/@expo/image-utils/node_modules/has-flag
5999 silly ADD node_modules/@expo/image-utils/node_modules/supports-color
6000 silly ADD node_modules/@expo/image-utils/node_modules/ansi-styles
6001 silly ADD node_modules/@expo/image-utils/node_modules/chalk
6002 silly ADD node_modules/@expo/env
6003 silly ADD node_modules/@expo/env/node_modules/has-flag
6004 silly ADD node_modules/@expo/env/node_modules/supports-color
6005 silly ADD node_modules/@expo/env/node_modules/ansi-styles
6006 silly ADD node_modules/@expo/env/node_modules/chalk
6007 silly ADD node_modules/@expo/devcert
6008 silly ADD node_modules/@expo/devcert/node_modules/debug
6009 silly ADD node_modules/@expo/code-signing-certificates
6010 silly ADD node_modules/@0no-co/graphql.web
6011 silly ADD node_modules/async-limiter
6012 silly ADD node_modules/concat-map
6013 silly ADD node_modules/wrappy
6014 silly ADD node_modules/path-is-absolute
6015 silly ADD node_modules/once
6016 silly ADD node_modules/inflight
6017 silly ADD node_modules/fs.realpath
6018 silly ADD node_modules/is-fullwidth-code-point
6019 silly ADD node_modules/emoji-regex
6020 silly ADD node_modules/wrap-ansi
6021 silly ADD node_modules/wrap-ansi/node_modules/ansi-styles
6022 silly ADD node_modules/strip-ansi
6023 silly ADD node_modules/yargs-parser
6024 silly ADD node_modules/y18n
6025 silly ADD node_modules/string-width
6026 silly ADD node_modules/require-directory
6027 silly ADD node_modules/get-caller-file
6028 silly ADD node_modules/cliui
6029 silly ADD node_modules/sax
6030 silly ADD node_modules/big-integer
6031 silly ADD node_modules/stream-buffers
6032 silly ADD node_modules/plist
6033 silly ADD node_modules/plist/node_modules/@xmldom/xmldom
6034 silly ADD node_modules/bplist-parser
6035 silly ADD node_modules/bplist-creator
6036 silly ADD node_modules/uuid
6037 silly ADD node_modules/simple-plist
6038 silly ADD node_modules/signal-exit
6039 silly ADD node_modules/imurmurhash
6040 silly ADD node_modules/isexe
6041 silly ADD node_modules/ieee754
6042 silly ADD node_modules/webidl-conversions
6043 silly ADD node_modules/punycode
6044 silly ADD node_modules/buffer
6045 silly ADD node_modules/tmpl
6046 silly ADD node_modules/makeerror
6047 silly ADD node_modules/escalade
6048 silly ADD node_modules/is-number
6049 silly ADD node_modules/thenify
6050 silly ADD node_modules/buffer-from
6051 silly ADD node_modules/source-map-support
6052 silly ADD node_modules/source-map-support/node_modules/source-map
6053 silly ADD node_modules/acorn
6054 silly ADD node_modules/@jridgewell/source-map
6055 silly ADD node_modules/has-flag
6056 silly ADD node_modules/thenify-all
6057 silly ADD node_modules/object-assign
6058 silly ADD node_modules/any-promise
6059 silly ADD node_modules/ts-interface-checker
6060 silly ADD node_modules/tinyglobby
6061 silly ADD node_modules/tinyglobby/node_modules/picomatch
6062 silly ADD node_modules/tinyglobby/node_modules/fdir
6063 silly ADD node_modules/mz
6064 silly ADD node_modules/lines-and-columns
6065 silly ADD node_modules/type-fest
6066 silly ADD node_modules/is-arrayish
6067 silly ADD node_modules/shebang-regex
6068 silly ADD node_modules/toidentifier
6069 silly ADD node_modules/setprototypeof
6070 silly ADD node_modules/range-parser
6071 silly ADD node_modules/mime
6072 silly ADD node_modules/http-errors
6073 silly ADD node_modules/http-errors/node_modules/statuses
6074 silly ADD node_modules/fresh
6075 silly ADD node_modules/etag
6076 silly ADD node_modules/destroy
6077 silly ADD node_modules/depd
6078 silly ADD node_modules/send
6079 silly ADD node_modules/send/node_modules/statuses
6080 silly ADD node_modules/send/node_modules/on-finished
6081 silly ADD node_modules/send/node_modules/encodeurl
6082 silly ADD node_modules/send/node_modules/debug
6083 silly ADD node_modules/send/node_modules/debug/node_modules/ms
6084 silly ADD node_modules/react-freeze
6085 silly ADD node_modules/shell-quote
6086 silly ADD node_modules/asap
6087 silly ADD node_modules/p-locate
6088 silly ADD node_modules/p-locate/node_modules/p-limit
6089 silly ADD node_modules/marky
6090 silly ADD node_modules/sprintf-js
6091 silly ADD node_modules/esprima
6092 silly ADD node_modules/argparse
6093 silly ADD node_modules/stack-utils
6094 silly ADD node_modules/stack-utils/node_modules/escape-string-regexp
6095 silly ADD node_modules/@types/stack-utils
6096 silly ADD node_modules/normalize-path
6097 silly ADD
6098 silly ADD node_modules/anymatch
6099 silly ADD node_modules/@types/graceful-fs
6100 silly ADD node_modules/type-detect
6101 silly ADD node_modules/@sinonjs/commons
6102 silly ADD node_modules/jest-message-util
6103 silly ADD node_modules/jest-message-util/node_modules/has-flag
6104 silly ADD node_modules/jest-message-util/node_modules/supports-color
6105 silly ADD node_modules/jest-message-util/node_modules/ansi-styles
6106 silly ADD node_modules/jest-message-util/node_modules/chalk
6107 silly ADD node_modules/jest-message-util/node_modules/@babel/code-frame
6108 silly ADD node_modules/@sinonjs/fake-timers
6109 silly ADD node_modules/jest-mock
6110 silly ADD node_modules/@jest/fake-timers
6111 silly ADD node_modules/@jest/environment
6112 silly ADD node_modules/istanbul-lib-coverage
6113 silly ADD node_modules/is-docker
6114 silly ADD node_modules/path-exists
6115 silly ADD node_modules/locate-path
6116 silly ADD node_modules/rimraf
6117 silly ADD node_modules/rimraf/node_modules/balanced-match
6118 silly ADD node_modules/rimraf/node_modules/brace-expansion
6119 silly ADD node_modules/rimraf/node_modules/minimatch
6120 silly ADD node_modules/rimraf/node_modules/glob
6121 silly ADD node_modules/mkdirp
6122 silly ADD node_modules/lighthouse-logger
6123 silly ADD node_modules/lighthouse-logger/node_modules/ms
6124 silly ADD node_modules/lighthouse-logger/node_modules/debug
6125 silly ADD node_modules/is-wsl
6126 silly ADD node_modules/@babel/plugin-syntax-top-level-await
6127 silly ADD node_modules/@babel/plugin-syntax-private-property-in-object
6128 silly ADD node_modules/@babel/plugin-syntax-optional-chaining
6129 silly ADD node_modules/@babel/plugin-syntax-optional-catch-binding
6130 silly ADD node_modules/@babel/plugin-syntax-object-rest-spread
6131 silly ADD node_modules/@babel/plugin-syntax-numeric-separator
6132 silly ADD node_modules/@babel/plugin-syntax-nullish-coalescing-operator
6133 silly ADD node_modules/@babel/plugin-syntax-logical-assignment-operators
6134 silly ADD node_modules/@babel/plugin-syntax-json-strings
6135 silly ADD node_modules/@babel/plugin-syntax-import-meta
6136 silly ADD node_modules/@babel/plugin-syntax-import-attributes
6137 silly ADD node_modules/@babel/plugin-syntax-class-static-block
6138 silly ADD node_modules/@babel/plugin-syntax-class-properties
6139 silly ADD node_modules/@babel/plugin-syntax-bigint
6140 silly ADD node_modules/@babel/plugin-syntax-async-generators
6141 silly ADD node_modules/babel-preset-current-node-syntax
6142 silly ADD node_modules/babel-plugin-jest-hoist
6143 silly ADD node_modules/js-yaml
6144 silly ADD node_modules/get-package-type
6145 silly ADD node_modules/find-up
6146 silly ADD node_modules/test-exclude
6147 silly ADD node_modules/test-exclude/node_modules/balanced-match
6148 silly ADD node_modules/test-exclude/node_modules/brace-expansion
6149 silly ADD node_modules/test-exclude/node_modules/minimatch
6150 silly ADD node_modules/test-exclude/node_modules/glob
6151 silly ADD node_modules/istanbul-lib-instrument
6152 silly ADD node_modules/istanbul-lib-instrument/node_modules/semver
6153 silly ADD node_modules/@istanbuljs/schema
6154 silly ADD node_modules/@istanbuljs/load-nyc-config
6155 silly ADD node_modules/@istanbuljs/load-nyc-config/node_modules/camelcase
6156 silly ADD node_modules/@babel/helper-plugin-utils
6157 silly ADD node_modules/@types/babel__traverse
6158 silly ADD node_modules/@types/babel__template
6159 silly ADD node_modules/@types/babel__generator
6160 silly ADD node_modules/write-file-atomic
6161 silly ADD node_modules/pirates
6162 silly ADD node_modules/jest-regex-util
6163 silly ADD node_modules/jest-haste-map
6164 silly ADD node_modules/fast-json-stable-stringify
6165 silly ADD node_modules/babel-preset-jest
6166 silly ADD node_modules/babel-plugin-istanbul
6167 silly ADD node_modules/@types/babel__core
6168 silly ADD node_modules/@jest/transform
6169 silly ADD node_modules/@jest/transform/node_modules/has-flag
6170 silly ADD node_modules/@jest/transform/node_modules/supports-color
6171 silly ADD node_modules/@jest/transform/node_modules/ansi-styles
6172 silly ADD node_modules/@jest/transform/node_modules/chalk
6173 silly ADD node_modules/event-target-shim
6174 silly ADD node_modules/serve-static
6175 silly ADD node_modules/serve-static/node_modules/encodeurl
6176 silly ADD node_modules/open
6177 silly ADD node_modules/chromium-edge-launcher
6178 silly ADD node_modules/chrome-launcher
6179 silly ADD node_modules/@react-native/debugger-frontend
6180 silly ADD node_modules/@isaacs/ttlcache
6181 silly ADD node_modules/@react-native/dev-middleware
6182 silly ADD node_modules/@react-native/dev-middleware/node_modules/ws
6183 silly ADD node_modules/whatwg-fetch
6184 silly ADD node_modules/stacktrace-parser
6185 silly ADD node_modules/scheduler
6186 silly ADD node_modules/regenerator-runtime
6187 silly ADD node_modules/react-devtools-core
6188 silly ADD node_modules/promise
6189 silly ADD node_modules/memoize-one
6190 silly ADD node_modules/jest-environment-node
6191 silly ADD node_modules/babel-plugin-syntax-hermes-parser
6192 silly ADD node_modules/babel-plugin-syntax-hermes-parser/node_modules/hermes-estree
6193 silly ADD node_modules/babel-plugin-syntax-hermes-parser/node_modules/hermes-parser
6194 silly ADD node_modules/babel-jest
6195 silly ADD node_modules/babel-jest/node_modules/has-flag
6196 silly ADD node_modules/babel-jest/node_modules/supports-color
6197 silly ADD node_modules/babel-jest/node_modules/ansi-styles
6198 silly ADD node_modules/babel-jest/node_modules/chalk
6199 silly ADD node_modules/ansi-regex
6200 silly ADD node_modules/anser
6201 silly ADD node_modules/abort-controller
6202 silly ADD node_modules/@react-native/normalize-colors
6203 silly ADD node_modules/@react-native/js-polyfills
6204 silly ADD node_modules/@react-native/gradle-plugin
6205 silly ADD node_modules/@react-native/community-cli-plugin
6206 silly ADD node_modules/@react-native/codegen
6207 silly ADD node_modules/@react-native/codegen/node_modules/balanced-match
6208 silly ADD node_modules/@react-native/codegen/node_modules/brace-expansion
6209 silly ADD node_modules/@react-native/codegen/node_modules/hermes-estree
6210 silly ADD node_modules/@react-native/codegen/node_modules/minimatch
6211 silly ADD node_modules/@react-native/codegen/node_modules/hermes-parser
6212 silly ADD node_modules/@react-native/codegen/node_modules/glob
6213 silly ADD node_modules/@react-native/assets-registry
6214 silly ADD node_modules/@jest/create-cache-key-function
6215 silly ADD node_modules/void-elements
6216 silly ADD node_modules/html-parse-stringify
6217 silly ADD node_modules/inherits
6218 silly ADD node_modules/strict-uri-encode
6219 silly ADD node_modules/split-on-first
6220 silly ADD node_modules/filter-obj
6221 silly ADD node_modules/decode-uri-component
6222 silly ADD node_modules/yocto-queue
6223 silly ADD node_modules/ee-first
6224 silly ADD node_modules/balanced-match
6225 silly ADD node_modules/brace-expansion
6226 silly ADD node_modules/mime-db
6227 silly ADD node_modules/to-regex-range
6228 silly ADD node_modules/fill-range
6229 silly ADD node_modules/braces
6230 silly ADD node_modules/vlq
6231 silly ADD node_modules/ob1
6232 silly ADD node_modules/@babel/traverse--for-generate-function-map
6233 silly ADD node_modules/@babel/traverse--for-generate-function-map/node_modules/@babel/code-frame
6234 silly ADD node_modules/terser
6235 silly ADD node_modules/terser/node_modules/commander
6236 silly ADD node_modules/node-int64
6237 silly ADD node_modules/bser
6238 silly ADD node_modules/walker
6239 silly ADD node_modules/micromatch
6240 silly ADD node_modules/fb-watchman
6241 silly ADD node_modules/leven
6242 silly ADD node_modules/jest-get-type
6243 silly ADD node_modules/camelcase
6244 silly ADD node_modules/yaml
6245 silly ADD node_modules/jest-validate
6246 silly ADD node_modules/jest-validate/node_modules/has-flag
6247 silly ADD node_modules/jest-validate/node_modules/supports-color
6248 silly ADD node_modules/jest-validate/node_modules/ansi-styles
6249 silly ADD node_modules/jest-validate/node_modules/chalk
6250 silly ADD node_modules/agent-base
6251 silly ADD node_modules/https-proxy-agent
6252 silly ADD node_modules/exponential-backoff
6253 silly ADD node_modules/yallist
6254 silly ADD node_modules/@types/yargs-parser
6255 silly ADD node_modules/@types/istanbul-lib-report
6256 silly ADD node_modules/@sinclair/typebox
6257 silly ADD node_modules/@types/yargs
6258 silly ADD node_modules/@types/istanbul-reports
6259 silly ADD node_modules/@types/istanbul-lib-coverage
6260 silly ADD node_modules/@jest/schemas
6261 silly ADD node_modules/picomatch
6262 silly ADD node_modules/@jest/types
6263 silly ADD node_modules/@jest/types/node_modules/has-flag
6264 silly ADD node_modules/@jest/types/node_modules/supports-color
6265 silly ADD node_modules/@jest/types/node_modules/ansi-styles
6266 silly ADD node_modules/@jest/types/node_modules/chalk
6267 silly ADD node_modules/undici-types
6268 silly ADD node_modules/merge-stream
6269 silly ADD node_modules/jest-util
6270 silly ADD node_modules/jest-util/node_modules/has-flag
6271 silly ADD node_modules/jest-util/node_modules/supports-color
6272 silly ADD node_modules/jest-util/node_modules/ansi-styles
6273 silly ADD node_modules/jest-util/node_modules/ci-info
6274 silly ADD node_modules/jest-util/node_modules/chalk
6275 silly ADD node_modules/@types/node
6276 silly ADD node_modules/queue
6277 silly ADD node_modules/hermes-estree
6278 silly ADD node_modules/unpipe
6279 silly ADD node_modules/statuses
6280 silly ADD node_modules/on-finished
6281 silly ADD node_modules/escape-html
6282 silly ADD node_modules/encodeurl
6283 silly ADD node_modules/stackframe
6284 silly ADD node_modules/utils-merge
6285 silly ADD node_modules/parseurl
6286 silly ADD node_modules/finalhandler
6287 silly ADD node_modules/finalhandler/node_modules/ms
6288 silly ADD node_modules/finalhandler/node_modules/debug
6289 silly ADD node_modules/update-browserslist-db
6290 silly ADD node_modules/node-releases
6291 silly ADD node_modules/electron-to-chromium
6292 silly ADD node_modules/caniuse-lite
6293 silly ADD node_modules/baseline-browser-mapping
6294 silly ADD node_modules/negotiator
6295 silly ADD node_modules/@jridgewell/resolve-uri
6296 silly ADD node_modules/@jridgewell/sourcemap-codec
6297 silly ADD node_modules/@babel/helper-string-parser
6298 silly ADD node_modules/@babel/helper-globals
6299 silly ADD node_modules/@babel/helper-module-imports
6300 silly ADD node_modules/lru-cache
6301 silly ADD node_modules/browserslist
6302 silly ADD node_modules/@babel/helper-validator-option
6303 silly ADD node_modules/@babel/compat-data
6304 silly ADD node_modules/jsesc
6305 silly ADD node_modules/@jridgewell/trace-mapping
6306 silly ADD node_modules/@jridgewell/gen-mapping
6307 silly ADD node_modules/gensync
6308 silly ADD node_modules/convert-source-map
6309 silly ADD node_modules/@jridgewell/remapping
6310 silly ADD node_modules/@babel/helpers
6311 silly ADD node_modules/@babel/helper-module-transforms
6312 silly ADD node_modules/@babel/helper-compilation-targets
6313 silly ADD node_modules/@babel/helper-compilation-targets/node_modules/semver
6314 silly ADD node_modules/yargs
6315 silly ADD node_modules/ws
6316 silly ADD node_modules/throat
6317 silly ADD node_modules/source-map
6318 silly ADD node_modules/serialize-error
6319 silly ADD node_modules/nullthrows
6320 silly ADD node_modules/mime-types
6321 silly ADD node_modules/lodash.throttle
6322 silly ADD node_modules/jsc-safe-url
6323 silly ADD node_modules/jest-worker
6324 silly ADD node_modules/jest-worker/node_modules/has-flag
6325 silly ADD node_modules/jest-worker/node_modules/supports-color
6326 silly ADD node_modules/image-size
6327 silly ADD node_modules/hermes-parser
6328 silly ADD node_modules/graceful-fs
6329 silly ADD node_modules/flow-enums-runtime
6330 silly ADD node_modules/error-stack-parser
6331 silly ADD node_modules/connect
6332 silly ADD node_modules/connect/node_modules/ms
6333 silly ADD node_modules/connect/node_modules/debug
6334 silly ADD node_modules/ci-info
6335 silly ADD node_modules/accepts
6336 silly ADD node_modules/@babel/types
6337 silly ADD node_modules/@babel/traverse
6338 silly ADD node_modules/@babel/traverse/node_modules/@babel/code-frame
6339 silly ADD node_modules/@babel/template
6340 silly ADD node_modules/@babel/template/node_modules/@babel/code-frame
6341 silly ADD node_modules/@babel/parser
6342 silly ADD node_modules/@babel/generator
6343 silly ADD node_modules/@babel/core
6344 silly ADD node_modules/@babel/core/node_modules/semver
6345 silly ADD node_modules/@babel/core/node_modules/@babel/code-frame
6346 silly ADD node_modules/is-plain-obj
6347 silly ADD node_modules/loose-envify
6348 silly ADD node_modules/path-scurry
6349 silly ADD node_modules/path-scurry/node_modules/lru-cache
6350 silly ADD node_modules/minipass
6351 silly ADD node_modules/react-native-is-edge-to-edge
6352 silly ADD node_modules/invariant
6353 silly ADD node_modules/commander
6354 silly ADD node_modules/fontfaceobserver
6355 silly ADD node_modules/ms
6356 silly ADD node_modules/which
6357 silly ADD node_modules/shebang-command
6358 silly ADD node_modules/path-key
6359 silly ADD node_modules/supports-color
6360 silly ADD node_modules/ansi-styles
6361 silly ADD node_modules/ansi-styles/node_modules/color-name
6362 silly ADD node_modules/ansi-styles/node_modules/color-convert
6363 silly ADD node_modules/cross-spawn
6364 silly ADD node_modules/xmlbuilder
6365 silly ADD node_modules/base64-js
6366 silly ADD node_modules/@xmldom/xmldom
6367 silly ADD node_modules/metro-transform-worker
6368 silly ADD node_modules/metro-transform-plugins
6369 silly ADD node_modules/metro-symbolicate
6370 silly ADD node_modules/metro-source-map
6371 silly ADD node_modules/metro-runtime
6372 silly ADD node_modules/metro-resolver
6373 silly ADD node_modules/metro-minify-terser
6374 silly ADD node_modules/metro-file-map
6375 silly ADD node_modules/metro-core
6376 silly ADD node_modules/metro-config
6377 silly ADD node_modules/metro-cache-key
6378 silly ADD node_modules/metro-cache
6379 silly ADD node_modules/metro-babel-transformer
6380 silly ADD node_modules/metro
6381 silly ADD node_modules/metro/node_modules/has-flag
6382 silly ADD node_modules/metro/node_modules/supports-color
6383 silly ADD node_modules/metro/node_modules/ansi-styles
6384 silly ADD node_modules/metro/node_modules/chalk
6385 silly ADD node_modules/metro/node_modules/@babel/code-frame
6386 silly ADD node_modules/json5
6387 silly ADD node_modules/p-limit
6388 silly ADD node_modules/minimatch
6389 silly ADD node_modules/ignore
6390 silly ADD node_modules/arg
6391 silly ADD node_modules/@expo/spawn-async
6392 silly ADD node_modules/xml2js
6393 silly ADD node_modules/xml2js/node_modules/xmlbuilder
6394 silly ADD node_modules/xcode
6395 silly ADD node_modules/slash
6396 silly ADD node_modules/debug
6397 silly ADD node_modules/@expo/sdk-runtime-versions
6398 silly ADD node_modules/@expo/plist
6399 silly ADD node_modules/picocolors
6400 silly ADD node_modules/js-tokens
6401 silly ADD node_modules/chalk
6402 silly ADD node_modules/chalk/node_modules/escape-string-regexp
6403 silly ADD node_modules/@babel/helper-validator-identifier
6404 silly ADD node_modules/@babel/highlight
6405 silly ADD node_modules/sucrase
6406 silly ADD node_modules/sucrase/node_modules/commander
6407 silly ADD node_modules/slugify
6408 silly ADD node_modules/semver
6409 silly ADD node_modules/resolve-workspace-root
6410 silly ADD node_modules/resolve-from
6411 silly ADD node_modules/require-from-string
6412 silly ADD node_modules/glob
6413 silly ADD node_modules/getenv
6414 silly ADD node_modules/deepmerge
6415 silly ADD node_modules/@expo/json-file
6416 silly ADD node_modules/@expo/json-file/node_modules/@babel/code-frame
6417 silly ADD node_modules/@expo/config-types
6418 silly ADD node_modules/@babel/code-frame
6419 silly ADD node_modules/whatwg-url-without-unicode
6420 silly ADD node_modules/pretty-format
6421 silly ADD node_modules/pretty-format/node_modules/react-is
6422 silly ADD node_modules/pretty-format/node_modules/ansi-styles
6423 silly ADD node_modules/expo-modules-core
6424 silly ADD node_modules/expo-modules-autolinking
6425 silly ADD node_modules/expo-modules-autolinking/node_modules/has-flag
6426 silly ADD node_modules/expo-modules-autolinking/node_modules/supports-color
6427 silly ADD node_modules/expo-modules-autolinking/node_modules/ansi-styles
6428 silly ADD node_modules/expo-modules-autolinking/node_modules/chalk
6429 silly ADD node_modules/react-refresh
6430 silly ADD node_modules/@ungap/structured-clone
6431 silly ADD node_modules/@expo/metro
6432 silly ADD node_modules/@expo/fingerprint
6433 silly ADD node_modules/@expo/fingerprint/node_modules/has-flag
6434 silly ADD node_modules/@expo/fingerprint/node_modules/supports-color
6435 silly ADD node_modules/@expo/fingerprint/node_modules/ansi-styles
6436 silly ADD node_modules/@expo/fingerprint/node_modules/chalk
6437 silly ADD node_modules/@expo/devtools
6438 silly ADD node_modules/@expo/devtools/node_modules/has-flag
6439 silly ADD node_modules/@expo/devtools/node_modules/supports-color
6440 silly ADD node_modules/@expo/devtools/node_modules/ansi-styles
6441 silly ADD node_modules/@expo/devtools/node_modules/chalk
6442 silly ADD node_modules/@expo/config-plugins
6443 silly ADD node_modules/@expo/config-plugins/node_modules/has-flag
6444 silly ADD node_modules/@expo/config-plugins/node_modules/supports-color
6445 silly ADD node_modules/@expo/config-plugins/node_modules/ansi-styles
6446 silly ADD node_modules/@expo/config-plugins/node_modules/chalk
6447 silly ADD node_modules/@expo/config-plugins/node_modules/@expo/json-file
6448 silly ADD node_modules/@expo/config
6449 silly ADD node_modules/@babel/runtime
6450 silly ADD node_modules/simple-swizzle
6451 silly ADD node_modules/color-name
6452 silly ADD node_modules/color-string
6453 silly ADD node_modules/color-convert
6454 silly ADD node_modules/csstype
6455 silly ADD node_modules/warn-once
6456 silly ADD node_modules/sf-symbols-typescript
6457 silly ADD node_modules/color
6458 silly ADD node_modules/@react-navigation/elements
6459 silly ADD node_modules/use-sync-external-store
6460 silly ADD node_modules/react-is
6461 silly ADD node_modules/query-string
6462 silly ADD node_modules/@react-navigation/routers
6463 silly ADD node_modules/use-latest-callback
6464 silly ADD node_modules/standard-navigation
6465 silly ADD node_modules/nanoid
6466 silly ADD node_modules/fast-deep-equal
6467 silly ADD node_modules/escape-string-regexp
6468 silly ADD node_modules/@react-navigation/core
6469 silly ADD node_modules/merge-options
6470 silly ADD node_modules/typescript
6471 silly ADD node_modules/react-i18next
6472 silly ADD node_modules/i18next
6473 silly ADD node_modules/expo-status-bar
6474 silly ADD node_modules/expo-font
6475 silly ADD node_modules/expo
6476 silly ADD node_modules/expo/node_modules/has-flag
6477 silly ADD node_modules/expo/node_modules/balanced-match
6478 silly ADD node_modules/expo/node_modules/brace-expansion
6479 silly ADD node_modules/expo/node_modules/hermes-estree
6480 silly ADD node_modules/expo/node_modules/supports-color
6481 silly ADD node_modules/expo/node_modules/ansi-styles
6482 silly ADD node_modules/expo/node_modules/hermes-parser
6483 silly ADD node_modules/expo/node_modules/@expo/json-file
6484 silly ADD node_modules/expo/node_modules/@expo/json-file/node_modules/@babel/code-frame
6485 silly ADD node_modules/expo/node_modules/@babel/code-frame
6486 silly ADD node_modules/expo/node_modules/ws
6487 silly ADD node_modules/expo/node_modules/picomatch
6488 silly ADD node_modules/expo/node_modules/minimatch
6489 silly ADD node_modules/expo/node_modules/ci-info
6490 silly ADD node_modules/expo/node_modules/chalk
6491 silly ADD node_modules/expo/node_modules/expo-keep-awake
6492 silly ADD node_modules/expo/node_modules/expo-file-system
6493 silly ADD node_modules/expo/node_modules/expo-constants
6494 silly ADD node_modules/expo/node_modules/expo-asset
6495 silly ADD node_modules/expo/node_modules/babel-preset-expo
6496 silly ADD node_modules/expo/node_modules/@expo/vector-icons
6497 silly ADD node_modules/expo/node_modules/@expo/metro-config
6498 silly ADD node_modules/expo/node_modules/@expo/cli
6499 silly ADD node_modules/expo/node_modules/@expo/cli/node_modules/@expo/prebuild-config
6500 silly ADD node_modules/@types/react
6501 silly ADD node_modules/react-native-safe-area-context
6502 silly ADD node_modules/react-native-screens
6503 silly ADD node_modules/@react-navigation/native-stack
6504 silly ADD node_modules/@react-navigation/native
6505 silly ADD node_modules/react
6506 silly ADD node_modules/react-native
6507 silly ADD node_modules/react-native/node_modules/balanced-match
6508 silly ADD node_modules/react-native/node_modules/brace-expansion
6509 silly ADD node_modules/react-native/node_modules/minimatch
6510 silly ADD node_modules/react-native/node_modules/ws
6511 silly ADD node_modules/react-native/node_modules/glob
6512 silly ADD node_modules/react-native/node_modules/commander
6513 silly ADD node_modules/react-native/node_modules/@react-native/virtualized-lists
6514 silly ADD node_modules/@react-native-async-storage/async-storage
6515 silly ADD node_modules/@expo-google-fonts/noto-sans-telugu
6516 verbose cwd /Users/kedarbnikhil/Documents/Codex/2026-08-11/stage-1-of-4-foundation-i18n/outputs/ride-demo
6517 verbose os Darwin 25.5.0
6518 verbose node v26.5.0
6519 verbose npm  v11.17.0
6520 notice
6520 notice New major version of npm available! 11.17.0 -> 12.0.2
6520 notice Changelog: https://github.com/npm/cli/releases/tag/v12.0.2
6520 notice To update run: npm install -g npm@12.0.2
6520 notice  { force: true, Symbol(proc-log.meta): true }
6521 verbose exit 0
6522 info ok
