0 verbose cli /opt/homebrew/Cellar/node/26.5.0_1/bin/node /opt/homebrew/bin/npm
1 info using npm@11.17.0
2 info using node@v26.5.0
3 silly config load:file:/opt/homebrew/lib/node_modules/npm/npmrc
4 silly config load:file:/Users/kedarbnikhil/Documents/Codex/2026-08-11/stage-1-of-4-foundation-i18n/outputs/ride-demo/.npmrc
5 silly config load:file:/Users/kedarbnikhil/.npmrc
6 silly config load:file:/opt/homebrew/etc/npmrc
7 verbose title npm install
8 verbose argv "install" "--loglevel" "verbose"
9 verbose logfile logs-max:10 dir:/Users/kedarbnikhil/Documents/Codex/2026-08-11/stage-1-of-4-foundation-i18n/outputs/ride-demo/.npm-cache/_logs/2026-08-11T17_37_57_497Z-
10 verbose logfile /Users/kedarbnikhil/Documents/Codex/2026-08-11/stage-1-of-4-foundation-i18n/outputs/ride-demo/.npm-cache/_logs/2026-08-11T17_37_57_497Z-debug-0.log
11 silly logfile done cleaning log files
12 silly packumentCache heap:2248146944 maxSize:562036736 maxEntrySize:281018368
13 silly idealTree buildDeps
14 silly fetch manifest @expo-google-fonts/noto-sans-telugu@^0.2.3
15 silly packumentCache full:https://registry.npmjs.org/@expo-google-fonts%2fnoto-sans-telugu cache-miss
16 http cache https://registry.npmjs.org/@expo-google-fonts%2fnoto-sans-telugu 6ms (cache hit)
17 silly packumentCache full:https://registry.npmjs.org/@expo-google-fonts%2fnoto-sans-telugu set size:21000 disposed:false
18 silly fetch manifest @react-native-async-storage/async-storage@2.2.0
19 silly packumentCache full:https://registry.npmjs.org/@react-native-async-storage%2fasync-storage cache-miss
20 http cache https://registry.npmjs.org/@react-native-async-storage%2fasync-storage 3ms (cache hit)
21 silly packumentCache full:https://registry.npmjs.org/@react-native-async-storage%2fasync-storage set size:421043 disposed:false
22 silly fetch manifest react-native@0.81.5
23 silly packumentCache full:https://registry.npmjs.org/react-native cache-miss
24 http cache https://registry.npmjs.org/react-native 23ms (cache hit)
25 silly packumentCache full:https://registry.npmjs.org/react-native set size:15651235 disposed:false
26 silly fetch manifest @types/react@~19.1.0
27 silly packumentCache full:https://registry.npmjs.org/@types%2freact cache-miss
28 http cache https://registry.npmjs.org/@types%2freact 9ms (cache hit)
29 silly packumentCache full:https://registry.npmjs.org/@types%2freact set size:2637439 disposed:false
30 silly fetch manifest react@19.1.0
31 silly packumentCache full:https://registry.npmjs.org/react cache-miss
32 http cache https://registry.npmjs.org/react 11ms (cache hit)
33 silly packumentCache full:https://registry.npmjs.org/react set size:6883336 disposed:false
34 silly fetch manifest @react-navigation/native@^7.1.18
35 silly packumentCache full:https://registry.npmjs.org/@react-navigation%2fnative cache-miss
36 http cache https://registry.npmjs.org/@react-navigation%2fnative 4ms (cache hit)
37 silly packumentCache full:https://registry.npmjs.org/@react-navigation%2fnative set size:1221276 disposed:false
38 silly fetch manifest @react-navigation/native-stack@^7.3.26
39 silly packumentCache full:https://registry.npmjs.org/@react-navigation%2fnative-stack cache-miss
40 http cache https://registry.npmjs.org/@react-navigation%2fnative-stack 2ms (cache hit)
41 silly packumentCache full:https://registry.npmjs.org/@react-navigation%2fnative-stack set size:999848 disposed:false
42 silly fetch manifest react-native-safe-area-context@~5.6.0
43 silly packumentCache full:https://registry.npmjs.org/react-native-safe-area-context cache-miss
44 http cache https://registry.npmjs.org/react-native-safe-area-context 3ms (cache hit)
45 silly packumentCache full:https://registry.npmjs.org/react-native-safe-area-context set size:672456 disposed:false
46 silly fetch manifest react-native-screens@~4.16.0
47 silly packumentCache full:https://registry.npmjs.org/react-native-screens cache-miss
48 http cache https://registry.npmjs.org/react-native-screens 8ms (cache hit)
49 silly packumentCache full:https://registry.npmjs.org/react-native-screens set size:4409859 disposed:false
50 silly fetch manifest expo@~54.0.0
51 silly packumentCache full:https://registry.npmjs.org/expo cache-miss
52 http cache https://registry.npmjs.org/expo 7ms (cache hit)
53 silly packumentCache full:https://registry.npmjs.org/expo set size:4003257 disposed:false
54 silly fetch manifest @expo/dom-webview@*
55 silly packumentCache full:https://registry.npmjs.org/@expo%2fdom-webview cache-miss
56 http cache https://registry.npmjs.org/@expo%2fdom-webview 5ms (cache hit)
57 silly packumentCache full:https://registry.npmjs.org/@expo%2fdom-webview set size:448265 disposed:false
58 silly fetch manifest @expo/metro-runtime@*
59 silly packumentCache full:https://registry.npmjs.org/@expo%2fmetro-runtime cache-miss
60 http cache https://registry.npmjs.org/@expo%2fmetro-runtime 4ms (cache hit)
61 silly packumentCache full:https://registry.npmjs.org/@expo%2fmetro-runtime set size:792769 disposed:false
62 silly fetch manifest react-dom@*
63 silly packumentCache full:https://registry.npmjs.org/react-dom cache-miss
64 http cache https://registry.npmjs.org/react-dom 13ms (cache hit)
65 silly packumentCache full:https://registry.npmjs.org/react-dom set size:9244743 disposed:false
66 silly fetch manifest react@^19.2.8
67 silly packumentCache full:https://registry.npmjs.org/react cache-miss
68 http cache https://registry.npmjs.org/react 7ms (cache hit)
69 silly packumentCache full:https://registry.npmjs.org/react set size:6883336 disposed:false
70 silly fetch manifest react-native-webview@*
71 silly packumentCache full:https://registry.npmjs.org/react-native-webview cache-miss
72 http cache https://registry.npmjs.org/react-native-webview 3ms (cache hit)
73 silly packumentCache full:https://registry.npmjs.org/react-native-webview set size:1379763 disposed:false
74 silly fetch manifest expo-font@~14.0.9
75 silly packumentCache full:https://registry.npmjs.org/expo-font cache-miss
76 http cache https://registry.npmjs.org/expo-font 3ms (cache hit)
77 silly packumentCache full:https://registry.npmjs.org/expo-font set size:983937 disposed:false
78 silly fetch manifest expo-status-bar@~3.0.8
79 silly packumentCache full:https://registry.npmjs.org/expo-status-bar cache-miss
80 http cache https://registry.npmjs.org/expo-status-bar 3ms (cache hit)
81 silly packumentCache full:https://registry.npmjs.org/expo-status-bar set size:756089 disposed:false
82 silly fetch manifest i18next@^25.5.2
83 silly packumentCache full:https://registry.npmjs.org/i18next cache-miss
84 http cache https://registry.npmjs.org/i18next 4ms (cache hit)
85 silly packumentCache full:https://registry.npmjs.org/i18next set size:2562052 disposed:false
86 silly fetch manifest typescript@~5.9.2
87 silly packumentCache full:https://registry.npmjs.org/typescript cache-miss
88 http cache https://registry.npmjs.org/typescript 23ms (cache hit)
89 silly packumentCache full:https://registry.npmjs.org/typescript set size:15543255 disposed:false
90 silly fetch manifest react-i18next@^16.0.0
91 silly packumentCache full:https://registry.npmjs.org/react-i18next cache-miss
92 http cache https://registry.npmjs.org/react-i18next 4ms (cache hit)
93 silly packumentCache full:https://registry.npmjs.org/react-i18next set size:2127704 disposed:false
94 silly placeDep ROOT @expo-google-fonts/noto-sans-telugu@0.2.3 OK for: nandyal-ride-demo@1.0.0 want: ^0.2.3
95 silly placeDep ROOT @react-native-async-storage/async-storage@2.2.0 OK for: nandyal-ride-demo@1.0.0 want: 2.2.0
96 silly placeDep ROOT react-native@0.81.5 OK for: @react-native-async-storage/async-storage@2.2.0 want: ^0.0.0-0 || >=0.65 <1.0
97 silly placeDep ROOT react@19.1.0 OK for: react-native@0.81.5 want: ^19.1.0
98 silly placeDep ROOT @react-navigation/native@7.3.16 OK for: nandyal-ride-demo@1.0.0 want: ^7.1.18
99 silly placeDep ROOT @react-navigation/native-stack@7.18.8 OK for: nandyal-ride-demo@1.0.0 want: ^7.3.26
100 silly placeDep ROOT react-native-screens@4.16.0 OK for: @react-navigation/native-stack@7.18.8 want: >= 4.0.0
101 silly placeDep ROOT react-native-safe-area-context@5.6.2 OK for: @react-navigation/native-stack@7.18.8 want: >= 4.0.0
102 silly placeDep ROOT @types/react@19.1.17 OK for: nandyal-ride-demo@1.0.0 want: ~19.1.0
103 silly placeDep ROOT expo@54.0.36 OK for: nandyal-ride-demo@1.0.0 want: ~54.0.0
104 silly placeDep ROOT expo-font@14.0.12 OK for: nandyal-ride-demo@1.0.0 want: ~14.0.9
105 silly placeDep ROOT expo-status-bar@3.0.9 OK for: nandyal-ride-demo@1.0.0 want: ~3.0.8
106 silly placeDep ROOT i18next@25.10.10 OK for: nandyal-ride-demo@1.0.0 want: ^25.5.2
107 silly placeDep ROOT react-i18next@16.6.6 OK for: nandyal-ride-demo@1.0.0 want: ^16.0.0
108 silly placeDep ROOT typescript@5.9.3 OK for: nandyal-ride-demo@1.0.0 want: ~5.9.2
109 silly fetch manifest merge-options@^3.0.4
110 silly packumentCache full:https://registry.npmjs.org/merge-options cache-miss
111 silly fetch manifest ws@^6.2.3
112 silly packumentCache full:https://registry.npmjs.org/ws cache-miss
113 silly fetch manifest glob@^7.1.1
114 silly packumentCache full:https://registry.npmjs.org/glob cache-miss
115 silly fetch manifest anser@^1.4.9
116 silly packumentCache full:https://registry.npmjs.org/anser cache-miss
117 silly fetch manifest yargs@^17.6.2
118 silly packumentCache full:https://registry.npmjs.org/yargs cache-miss
119 silly fetch manifest semver@^7.1.3
120 silly packumentCache full:https://registry.npmjs.org/semver cache-miss
121 silly fetch manifest promise@^8.3.0
122 silly packumentCache full:https://registry.npmjs.org/promise cache-miss
123 http cache https://registry.npmjs.org/merge-options 6ms (cache hit)
124 silly packumentCache full:https://registry.npmjs.org/merge-options set size:29796 disposed:false
125 silly fetch manifest base64-js@^1.5.1
126 silly packumentCache full:https://registry.npmjs.org/base64-js cache-miss
127 http cache https://registry.npmjs.org/anser 5ms (cache hit)
128 silly packumentCache full:https://registry.npmjs.org/anser set size:109321 disposed:false
129 silly fetch manifest commander@^12.0.0
130 silly packumentCache full:https://registry.npmjs.org/commander cache-miss
131 http cache https://registry.npmjs.org/ws 15ms (cache hit)
132 silly packumentCache full:https://registry.npmjs.org/ws set size:447661 disposed:false
133 silly fetch manifest invariant@^2.2.4
134 silly packumentCache full:https://registry.npmjs.org/invariant cache-miss
135 http cache https://registry.npmjs.org/glob 15ms (cache hit)
136 silly packumentCache full:https://registry.npmjs.org/glob set size:469465 disposed:false
137 silly fetch manifest scheduler@0.26.0
138 silly packumentCache full:https://registry.npmjs.org/scheduler cache-miss
139 http cache https://registry.npmjs.org/yargs 18ms (cache hit)
140 silly packumentCache full:https://registry.npmjs.org/yargs set size:759965 disposed:false
141 silly fetch manifest ansi-regex@^5.0.0
142 silly packumentCache full:https://registry.npmjs.org/ansi-regex cache-miss
143 http cache https://registry.npmjs.org/semver 21ms (cache hit)
144 silly packumentCache full:https://registry.npmjs.org/semver set size:246069 disposed:false
145 silly fetch manifest babel-jest@^29.7.0
146 silly packumentCache full:https://registry.npmjs.org/babel-jest cache-miss
147 http cache https://registry.npmjs.org/promise 25ms (cache hit)
148 silly packumentCache full:https://registry.npmjs.org/promise set size:112704 disposed:false
149 silly fetch manifest nullthrows@^1.1.1
150 silly packumentCache full:https://registry.npmjs.org/nullthrows cache-miss
151 http cache https://registry.npmjs.org/base64-js 24ms (cache hit)
152 silly packumentCache full:https://registry.npmjs.org/base64-js set size:41270 disposed:false
153 silly fetch manifest memoize-one@^5.0.0
154 silly packumentCache full:https://registry.npmjs.org/memoize-one cache-miss
155 http cache https://registry.npmjs.org/commander 21ms (cache hit)
156 silly packumentCache full:https://registry.npmjs.org/commander set size:353115 disposed:false
157 silly fetch manifest whatwg-fetch@^3.0.0
158 silly packumentCache full:https://registry.npmjs.org/whatwg-fetch cache-miss
159 http cache https://registry.npmjs.org/invariant 22ms (cache hit)
160 silly packumentCache full:https://registry.npmjs.org/invariant set size:22008 disposed:false
161 silly fetch manifest metro-runtime@^0.83.1
162 silly packumentCache full:https://registry.npmjs.org/metro-runtime cache-miss
163 http cache https://registry.npmjs.org/ansi-regex 17ms (cache hit)
164 silly packumentCache full:https://registry.npmjs.org/ansi-regex set size:43572 disposed:false
165 silly fetch manifest pretty-format@^29.7.0
166 silly packumentCache full:https://registry.npmjs.org/pretty-format cache-miss
167 http cache https://registry.npmjs.org/scheduler 28ms (cache hit)
168 silly packumentCache full:https://registry.npmjs.org/scheduler set size:5683354 disposed:false
169 silly fetch manifest react-refresh@^0.14.0
170 silly packumentCache full:https://registry.npmjs.org/react-refresh cache-miss
171 http cache https://registry.npmjs.org/babel-jest 36ms (cache hit)
172 silly packumentCache full:https://registry.npmjs.org/babel-jest set size:690787 disposed:false
173 silly fetch manifest abort-controller@^3.0.0
174 silly packumentCache full:https://registry.npmjs.org/abort-controller cache-miss
175 http cache https://registry.npmjs.org/nullthrows 38ms (cache hit)
176 silly packumentCache full:https://registry.npmjs.org/nullthrows set size:14885 disposed:false
177 silly fetch manifest metro-source-map@^0.83.1
178 silly packumentCache full:https://registry.npmjs.org/metro-source-map cache-miss
179 http cache https://registry.npmjs.org/whatwg-fetch 34ms (cache hit)
180 silly packumentCache full:https://registry.npmjs.org/whatwg-fetch set size:120970 disposed:false
181 silly fetch manifest stacktrace-parser@^0.1.10
182 silly packumentCache full:https://registry.npmjs.org/stacktrace-parser cache-miss
183 http cache https://registry.npmjs.org/memoize-one 39ms (cache hit)
184 silly packumentCache full:https://registry.npmjs.org/memoize-one set size:217155 disposed:false
185 silly fetch manifest flow-enums-runtime@^0.0.6
186 silly packumentCache full:https://registry.npmjs.org/flow-enums-runtime cache-miss
187 http cache https://registry.npmjs.org/metro-runtime 33ms (cache hit)
188 silly packumentCache full:https://registry.npmjs.org/metro-runtime set size:224399 disposed:false
189 silly fetch manifest react-devtools-core@^6.1.5
190 silly packumentCache full:https://registry.npmjs.org/react-devtools-core cache-miss
191 http cache https://registry.npmjs.org/pretty-format 34ms (cache hit)
192 silly packumentCache full:https://registry.npmjs.org/pretty-format set size:598313 disposed:false
193 silly fetch manifest regenerator-runtime@^0.13.2
194 silly packumentCache full:https://registry.npmjs.org/regenerator-runtime cache-miss
195 http cache https://registry.npmjs.org/abort-controller 14ms (cache hit)
196 silly packumentCache full:https://registry.npmjs.org/abort-controller set size:47272 disposed:false
197 silly fetch manifest @react-native/codegen@0.81.5
198 silly packumentCache full:https://registry.npmjs.org/@react-native%2fcodegen cache-miss
199 http cache https://registry.npmjs.org/react-refresh 26ms (cache hit)
200 silly packumentCache full:https://registry.npmjs.org/react-refresh set size:6534120 disposed:false
201 silly fetch manifest jest-environment-node@^29.7.0
202 silly packumentCache full:https://registry.npmjs.org/jest-environment-node cache-miss
203 http cache https://registry.npmjs.org/metro-source-map 38ms (cache hit)
204 silly packumentCache full:https://registry.npmjs.org/metro-source-map set size:431760 disposed:false
205 silly fetch manifest @react-native/js-polyfills@0.81.5
206 silly packumentCache full:https://registry.npmjs.org/@react-native%2fjs-polyfills cache-miss
207 http cache https://registry.npmjs.org/flow-enums-runtime 37ms (cache hit)
208 silly packumentCache full:https://registry.npmjs.org/flow-enums-runtime set size:20749 disposed:false
209 silly fetch manifest @react-native/gradle-plugin@0.81.5
210 silly packumentCache full:https://registry.npmjs.org/@react-native%2fgradle-plugin cache-miss
211 http cache https://registry.npmjs.org/stacktrace-parser 40ms (cache hit)
212 silly packumentCache full:https://registry.npmjs.org/stacktrace-parser set size:31168 disposed:false
213 silly fetch manifest @react-native/assets-registry@0.81.5
214 silly packumentCache full:https://registry.npmjs.org/@react-native%2fassets-registry cache-miss
215 http cache https://registry.npmjs.org/regenerator-runtime 32ms (cache hit)
216 silly packumentCache full:https://registry.npmjs.org/regenerator-runtime set size:59671 disposed:false
217 silly fetch manifest @react-native/normalize-colors@0.81.5
218 silly packumentCache full:https://registry.npmjs.org/@react-native%2fnormalize-colors cache-miss
219 http cache https://registry.npmjs.org/react-devtools-core 36ms (cache hit)
220 silly packumentCache full:https://registry.npmjs.org/react-devtools-core set size:459848 disposed:false
221 silly fetch manifest @jest/create-cache-key-function@^29.7.0
222 silly packumentCache full:https://registry.npmjs.org/@jest%2fcreate-cache-key-function cache-miss
223 http cache https://registry.npmjs.org/jest-environment-node 10ms (cache hit)
224 silly packumentCache full:https://registry.npmjs.org/jest-environment-node set size:648735 disposed:false
225 silly fetch manifest @react-native/virtualized-lists@0.81.5
226 silly packumentCache full:https://registry.npmjs.org/@react-native%2fvirtualized-lists cache-miss
227 http cache https://registry.npmjs.org/@react-native%2fcodegen 42ms (cache hit)
228 silly packumentCache full:https://registry.npmjs.org/@react-native%2fcodegen set size:3052723 disposed:false
229 silly fetch manifest babel-plugin-syntax-hermes-parser@0.29.1
230 silly packumentCache full:https://registry.npmjs.org/babel-plugin-syntax-hermes-parser cache-miss
231 http cache https://registry.npmjs.org/@react-native%2fgradle-plugin 26ms (cache hit)
232 silly packumentCache full:https://registry.npmjs.org/@react-native%2fgradle-plugin set size:2173607 disposed:false
233 silly fetch manifest @react-native/community-cli-plugin@0.81.5
234 silly packumentCache full:https://registry.npmjs.org/@react-native%2fcommunity-cli-plugin cache-miss
235 http cache https://registry.npmjs.org/@react-native%2fjs-polyfills 34ms (cache hit)
236 silly packumentCache full:https://registry.npmjs.org/@react-native%2fjs-polyfills set size:2016515 disposed:false
237 silly fetch manifest nanoid@^3.3.11
238 silly packumentCache full:https://registry.npmjs.org/nanoid cache-miss
239 http cache https://registry.npmjs.org/@react-native%2fassets-registry 40ms (cache hit)
240 silly packumentCache full:https://registry.npmjs.org/@react-native%2fassets-registry set size:2026548 disposed:false
241 silly fetch manifest fast-deep-equal@^3.1.3
242 silly packumentCache full:https://registry.npmjs.org/fast-deep-equal cache-miss
243 http cache https://registry.npmjs.org/@jest%2fcreate-cache-key-function 47ms (cache hit)
244 silly packumentCache full:https://registry.npmjs.org/@jest%2fcreate-cache-key-function set size:231656 disposed:false
245 silly fetch manifest standard-navigation@^0.0.8
246 silly packumentCache full:https://registry.npmjs.org/standard-navigation cache-miss
247 http cache https://registry.npmjs.org/@react-native%2fnormalize-colors 55ms (cache hit)
248 silly packumentCache full:https://registry.npmjs.org/@react-native%2fnormalize-colors set size:2028368 disposed:false
249 silly fetch manifest use-latest-callback@^0.2.4
250 silly packumentCache full:https://registry.npmjs.org/use-latest-callback cache-miss
251 http cache https://registry.npmjs.org/@react-native%2fvirtualized-lists 55ms (cache hit)
252 silly packumentCache full:https://registry.npmjs.org/@react-native%2fvirtualized-lists set size:2503095 disposed:false
253 silly fetch manifest escape-string-regexp@^4.0.0
254 silly packumentCache full:https://registry.npmjs.org/escape-string-regexp cache-miss
255 http cache https://registry.npmjs.org/babel-plugin-syntax-hermes-parser 49ms (cache hit)
256 silly packumentCache full:https://registry.npmjs.org/babel-plugin-syntax-hermes-parser set size:108082 disposed:false
257 silly fetch manifest @react-navigation/core@^7.21.12
258 silly packumentCache full:https://registry.npmjs.org/@react-navigation%2fcore cache-miss
259 http cache https://registry.npmjs.org/@react-native%2fcommunity-cli-plugin 41ms (cache hit)
260 silly packumentCache full:https://registry.npmjs.org/@react-native%2fcommunity-cli-plugin set size:2697680 disposed:false
261 silly fetch manifest color@^4.2.3
262 silly packumentCache full:https://registry.npmjs.org/color cache-miss
263 http cache https://registry.npmjs.org/fast-deep-equal 38ms (cache hit)
264 silly packumentCache full:https://registry.npmjs.org/fast-deep-equal set size:48634 disposed:false
265 silly fetch manifest warn-once@^0.1.1
266 silly packumentCache full:https://registry.npmjs.org/warn-once cache-miss
267 http cache https://registry.npmjs.org/nanoid 50ms (cache hit)
268 silly packumentCache full:https://registry.npmjs.org/nanoid set size:342705 disposed:false
269 silly fetch manifest sf-symbols-typescript@^2.1.0
270 silly packumentCache full:https://registry.npmjs.org/sf-symbols-typescript cache-miss
271 http cache https://registry.npmjs.org/use-latest-callback 30ms (cache hit)
272 silly packumentCache full:https://registry.npmjs.org/use-latest-callback set size:71002 disposed:false
273 silly fetch manifest @react-navigation/elements@^2.9.38
274 silly packumentCache full:https://registry.npmjs.org/@react-navigation%2felements cache-miss
275 http cache https://registry.npmjs.org/color 10ms (cache hit)
276 silly packumentCache full:https://registry.npmjs.org/color set size:98234 disposed:false
277 silly fetch manifest warn-once@^0.1.0
278 silly packumentCache full:https://registry.npmjs.org/warn-once cache-miss
279 http cache https://registry.npmjs.org/escape-string-regexp 24ms (cache hit)
280 silly packumentCache full:https://registry.npmjs.org/escape-string-regexp set size:22244 disposed:false
281 silly fetch manifest react-freeze@^1.0.0
282 silly packumentCache full:https://registry.npmjs.org/react-freeze cache-miss
283 http cache https://registry.npmjs.org/@react-navigation%2fcore 24ms (cache hit)
284 silly packumentCache full:https://registry.npmjs.org/@react-navigation%2fcore set size:1144234 disposed:false
285 silly fetch manifest react-native-is-edge-to-edge@^1.2.1
286 silly packumentCache full:https://registry.npmjs.org/react-native-is-edge-to-edge cache-miss
287 http cache https://registry.npmjs.org/standard-navigation 43ms (cache hit)
288 silly packumentCache full:https://registry.npmjs.org/standard-navigation set size:20321 disposed:false
289 silly fetch manifest csstype@^3.0.2
290 silly packumentCache full:https://registry.npmjs.org/csstype cache-miss
291 http cache https://registry.npmjs.org/warn-once 12ms (cache hit)
292 silly packumentCache full:https://registry.npmjs.org/warn-once set size:8138 disposed:false
293 silly fetch manifest @expo/cli@54.0.26
294 silly packumentCache full:https://registry.npmjs.org/@expo%2fcli cache-miss
295 http cache https://registry.npmjs.org/sf-symbols-typescript 11ms (cache hit)
296 silly packumentCache full:https://registry.npmjs.org/sf-symbols-typescript set size:18602 disposed:false
297 silly fetch manifest expo-font@~14.0.12
298 silly packumentCache full:https://registry.npmjs.org/expo-font cache-hit
299 silly fetch manifest expo-asset@~12.0.13
300 silly packumentCache full:https://registry.npmjs.org/expo-asset cache-miss
301 http cache https://registry.npmjs.org/warn-once 9ms (cache hit)
302 silly packumentCache full:https://registry.npmjs.org/warn-once set size:8138 disposed:false
303 silly packumentCache full:https://registry.npmjs.org/warn-once dispose
304 silly fetch manifest @expo/metro@~54.2.0
305 silly packumentCache full:https://registry.npmjs.org/@expo%2fmetro cache-miss
306 http cache https://registry.npmjs.org/@react-navigation%2felements 12ms (cache hit)
307 silly packumentCache full:https://registry.npmjs.org/@react-navigation%2felements set size:772003 disposed:false
308 silly fetch manifest @expo/config@~12.0.14
309 silly packumentCache full:https://registry.npmjs.org/@expo%2fconfig cache-miss
310 http cache https://registry.npmjs.org/react-native-is-edge-to-edge 8ms (cache hit)
311 silly packumentCache full:https://registry.npmjs.org/react-native-is-edge-to-edge set size:36085 disposed:false
312 silly fetch manifest react-refresh@^0.14.2
313 silly packumentCache full:https://registry.npmjs.org/react-refresh cache-miss
314 http cache https://registry.npmjs.org/react-freeze 13ms (cache hit)
315 silly packumentCache full:https://registry.npmjs.org/react-freeze set size:30186 disposed:false
316 silly fetch manifest @babel/runtime@^7.20.0
317 silly packumentCache full:https://registry.npmjs.org/@babel%2fruntime cache-miss
318 http cache https://registry.npmjs.org/csstype 9ms (cache hit)
319 silly packumentCache full:https://registry.npmjs.org/csstype set size:274189 disposed:false
320 silly fetch manifest @expo/devtools@0.1.8
321 silly packumentCache full:https://registry.npmjs.org/@expo%2fdevtools cache-miss
322 http cache https://registry.npmjs.org/expo-asset 9ms (cache hit)
323 silly packumentCache full:https://registry.npmjs.org/expo-asset set size:1153826 disposed:false
324 silly fetch manifest expo-constants@~18.0.13
325 silly packumentCache full:https://registry.npmjs.org/expo-constants cache-miss
326 http cache https://registry.npmjs.org/@expo%2fmetro 12ms (cache hit)
327 silly packumentCache full:https://registry.npmjs.org/@expo%2fmetro set size:61959 disposed:false
328 silly fetch manifest expo-keep-awake@~15.0.8
329 silly packumentCache full:https://registry.npmjs.org/expo-keep-awake cache-miss
330 http cache https://registry.npmjs.org/@expo%2fcli 19ms (cache hit)
331 silly packumentCache full:https://registry.npmjs.org/@expo%2fcli set size:2911455 disposed:false
332 silly fetch manifest expo-file-system@~19.0.23
333 silly packumentCache full:https://registry.npmjs.org/expo-file-system cache-miss
334 http cache https://registry.npmjs.org/react-refresh 29ms (cache hit)
335 silly packumentCache full:https://registry.npmjs.org/react-refresh set size:6534120 disposed:false
336 silly fetch manifest @expo/fingerprint@0.15.5
337 silly packumentCache full:https://registry.npmjs.org/@expo%2ffingerprint cache-miss
338 http cache https://registry.npmjs.org/@expo%2fconfig 57ms (cache hit)
339 silly packumentCache full:https://registry.npmjs.org/@expo%2fconfig set size:1540318 disposed:false
340 silly fetch manifest babel-preset-expo@~54.0.12
341 silly packumentCache full:https://registry.npmjs.org/babel-preset-expo cache-miss
342 http cache https://registry.npmjs.org/@babel%2fruntime 68ms (cache hit)
343 silly packumentCache full:https://registry.npmjs.org/@babel%2fruntime set size:3471810 disposed:false
344 silly fetch manifest expo-modules-core@3.0.30
345 silly packumentCache full:https://registry.npmjs.org/expo-modules-core cache-miss
346 http cache https://registry.npmjs.org/@expo%2fdevtools 80ms (cache hit)
347 silly packumentCache full:https://registry.npmjs.org/@expo%2fdevtools set size:262311 disposed:false
348 silly fetch manifest @expo/metro-config@54.0.17
349 silly packumentCache full:https://registry.npmjs.org/@expo%2fmetro-config cache-miss
350 http cache https://registry.npmjs.org/expo-constants 80ms (cache hit)
351 silly packumentCache full:https://registry.npmjs.org/expo-constants set size:1177868 disposed:false
352 silly fetch manifest @expo/vector-icons@^15.0.3
353 silly packumentCache full:https://registry.npmjs.org/@expo%2fvector-icons cache-miss
354 http cache https://registry.npmjs.org/expo-file-system 74ms (cache hit)
355 silly packumentCache full:https://registry.npmjs.org/expo-file-system set size:1159018 disposed:false
356 silly fetch manifest @expo/config-plugins@~54.0.5
357 silly packumentCache full:https://registry.npmjs.org/@expo%2fconfig-plugins cache-miss
358 http cache https://registry.npmjs.org/expo-keep-awake 92ms (cache hit)
359 silly packumentCache full:https://registry.npmjs.org/expo-keep-awake set size:785822 disposed:false
360 silly fetch manifest @ungap/structured-clone@^1.3.0
361 silly packumentCache full:https://registry.npmjs.org/@ungap%2fstructured-clone cache-miss
362 http cache https://registry.npmjs.org/@expo%2ffingerprint 50ms (cache hit)
363 silly packumentCache full:https://registry.npmjs.org/@expo%2ffingerprint set size:836025 disposed:false
364 silly fetch manifest expo-modules-autolinking@3.0.26
365 silly packumentCache full:https://registry.npmjs.org/expo-modules-autolinking cache-miss
366 http cache https://registry.npmjs.org/babel-preset-expo 42ms (cache hit)
367 silly packumentCache full:https://registry.npmjs.org/babel-preset-expo set size:1376562 disposed:false
368 silly fetch manifest whatwg-url-without-unicode@8.0.0-3
369 silly packumentCache full:https://registry.npmjs.org/whatwg-url-without-unicode cache-miss
370 http cache https://registry.npmjs.org/expo-modules-core 36ms (cache hit)
371 silly packumentCache full:https://registry.npmjs.org/expo-modules-core set size:1435083 disposed:false
372 silly fetch manifest fontfaceobserver@^2.1.0
373 silly packumentCache full:https://registry.npmjs.org/fontfaceobserver cache-miss
374 http cache https://registry.npmjs.org/@expo%2fvector-icons 35ms (cache hit)
375 silly packumentCache full:https://registry.npmjs.org/@expo%2fvector-icons set size:222425 disposed:false
376 silly fetch manifest @babel/runtime@^7.29.2
377 silly packumentCache full:https://registry.npmjs.org/@babel%2fruntime cache-miss
378 http cache https://registry.npmjs.org/@ungap%2fstructured-clone 28ms (cache hit)
379 silly packumentCache full:https://registry.npmjs.org/@ungap%2fstructured-clone set size:63691 disposed:false
380 silly fetch manifest @babel/runtime@^7.29.2
381 silly packumentCache full:https://registry.npmjs.org/@babel%2fruntime cache-miss
382 http cache https://registry.npmjs.org/whatwg-url-without-unicode 21ms (cache hit)
383 silly packumentCache full:https://registry.npmjs.org/whatwg-url-without-unicode set size:35141 disposed:false
384 silly fetch manifest html-parse-stringify@^3.0.1
385 silly packumentCache full:https://registry.npmjs.org/html-parse-stringify cache-miss
386 http cache https://registry.npmjs.org/@expo%2fconfig-plugins 34ms (cache hit)
387 silly packumentCache full:https://registry.npmjs.org/@expo%2fconfig-plugins set size:1327391 disposed:false
388 silly fetch manifest use-sync-external-store@^1.6.0
389 silly packumentCache full:https://registry.npmjs.org/use-sync-external-store cache-miss
390 http cache https://registry.npmjs.org/expo-modules-autolinking 33ms (cache hit)
391 silly packumentCache full:https://registry.npmjs.org/expo-modules-autolinking set size:1076011 disposed:false
392 http cache https://registry.npmjs.org/@expo%2fmetro-config 58ms (cache hit)
393 silly packumentCache full:https://registry.npmjs.org/@expo%2fmetro-config set size:1659056 disposed:false
394 http cache https://registry.npmjs.org/fontfaceobserver 23ms (cache hit)
395 silly packumentCache full:https://registry.npmjs.org/fontfaceobserver set size:113480 disposed:false
396 http cache https://registry.npmjs.org/@babel%2fruntime 21ms (cache hit)
397 silly packumentCache full:https://registry.npmjs.org/@babel%2fruntime set size:3471810 disposed:false
398 http cache https://registry.npmjs.org/html-parse-stringify 32ms (cache hit)
399 silly packumentCache full:https://registry.npmjs.org/html-parse-stringify set size:49468 disposed:false
400 http cache https://registry.npmjs.org/@babel%2fruntime 38ms (cache hit)
401 silly packumentCache full:https://registry.npmjs.org/@babel%2fruntime set size:3471810 disposed:false
402 http cache https://registry.npmjs.org/use-sync-external-store 45ms (cache hit)
403 silly packumentCache full:https://registry.npmjs.org/use-sync-external-store set size:4920621 disposed:false
404 silly placeDep ROOT merge-options@3.0.4 OK for: @react-native-async-storage/async-storage@2.2.0 want: ^3.0.4
405 silly fetch manifest is-plain-obj@^2.1.0
406 silly packumentCache full:https://registry.npmjs.org/is-plain-obj cache-miss
407 http cache https://registry.npmjs.org/is-plain-obj 1ms (cache hit)
408 silly packumentCache full:https://registry.npmjs.org/is-plain-obj set size:17899 disposed:false
409 silly fetch manifest react@>= 18.2.0
410 silly packumentCache full:https://registry.npmjs.org/react cache-miss
411 http cache https://registry.npmjs.org/react 6ms (cache hit)
412 silly packumentCache full:https://registry.npmjs.org/react set size:6883336 disposed:false
413 silly placeDep ROOT @react-navigation/core@7.21.12 OK for: @react-navigation/native@7.3.16 want: ^7.21.12
414 silly placeDep ROOT escape-string-regexp@4.0.0 OK for: @react-navigation/native@7.3.16 want: ^4.0.0
415 silly placeDep ROOT fast-deep-equal@3.1.3 OK for: @react-navigation/native@7.3.16 want: ^3.1.3
416 silly placeDep ROOT nanoid@3.3.18 OK for: @react-navigation/native@7.3.16 want: ^3.3.11
417 silly placeDep ROOT standard-navigation@0.0.8 OK for: @react-navigation/native@7.3.16 want: ^0.0.8
418 silly placeDep ROOT use-latest-callback@0.2.6 OK for: @react-navigation/native@7.3.16 want: ^0.2.4
419 silly fetch manifest react-is@^19.1.0
420 silly packumentCache full:https://registry.npmjs.org/react-is cache-miss
421 silly fetch manifest query-string@^7.1.3
422 silly packumentCache full:https://registry.npmjs.org/query-string cache-miss
423 silly fetch manifest use-sync-external-store@^1.5.0
424 silly packumentCache full:https://registry.npmjs.org/use-sync-external-store cache-miss
425 silly fetch manifest @react-navigation/routers@^7.6.4
426 silly packumentCache full:https://registry.npmjs.org/@react-navigation%2frouters cache-miss
427 http cache https://registry.npmjs.org/use-sync-external-store 6ms (cache hit)
428 silly packumentCache full:https://registry.npmjs.org/use-sync-external-store set size:4920621 disposed:false
429 http cache https://registry.npmjs.org/@react-navigation%2frouters 20ms (cache hit)
430 silly packumentCache full:https://registry.npmjs.org/@react-navigation%2frouters set size:406225 disposed:false
431 http cache https://registry.npmjs.org/query-string 23ms (cache hit)
432 silly packumentCache full:https://registry.npmjs.org/query-string set size:224406 disposed:false
433 http cache https://registry.npmjs.org/react-is 28ms (cache hit)
434 silly packumentCache full:https://registry.npmjs.org/react-is set size:5569825 disposed:false
435 silly placeDep ROOT @react-navigation/routers@7.6.4 OK for: @react-navigation/core@7.21.12 want: ^7.6.4
436 silly placeDep ROOT query-string@7.1.3 OK for: @react-navigation/core@7.21.12 want: ^7.1.3
437 silly placeDep ROOT react-is@19.2.8 OK for: @react-navigation/core@7.21.12 want: ^19.1.0
438 silly placeDep ROOT use-sync-external-store@1.6.0 OK for: @react-navigation/core@7.21.12 want: ^1.5.0
439 silly fetch manifest filter-obj@^1.1.0
440 silly packumentCache full:https://registry.npmjs.org/filter-obj cache-miss
441 silly fetch manifest split-on-first@^1.0.0
442 silly packumentCache full:https://registry.npmjs.org/split-on-first cache-miss
443 silly fetch manifest strict-uri-encode@^2.0.0
444 silly packumentCache full:https://registry.npmjs.org/strict-uri-encode cache-miss
445 silly fetch manifest decode-uri-component@^0.2.2
446 silly packumentCache full:https://registry.npmjs.org/decode-uri-component cache-miss
447 http cache https://registry.npmjs.org/split-on-first 2ms (cache hit)
448 silly packumentCache full:https://registry.npmjs.org/split-on-first set size:16494 disposed:false
449 http cache https://registry.npmjs.org/filter-obj 3ms (cache hit)
450 silly packumentCache full:https://registry.npmjs.org/filter-obj set size:26902 disposed:false
451 http cache https://registry.npmjs.org/strict-uri-encode 3ms (cache hit)
452 silly packumentCache full:https://registry.npmjs.org/strict-uri-encode set size:8716 disposed:false
453 http cache https://registry.npmjs.org/decode-uri-component 4ms (cache hit)
454 silly packumentCache full:https://registry.npmjs.org/decode-uri-component set size:22315 disposed:false
455 silly fetch manifest @react-native-masked-view/masked-view@>= 0.2.0
456 silly packumentCache full:https://registry.npmjs.org/@react-native-masked-view%2fmasked-view cache-miss
457 http cache https://registry.npmjs.org/@react-native-masked-view%2fmasked-view 1ms (cache hit)
458 silly packumentCache full:https://registry.npmjs.org/@react-native-masked-view%2fmasked-view set size:42980 disposed:false
459 silly fetch manifest react-native@*
460 silly packumentCache full:https://registry.npmjs.org/react-native cache-miss
461 http cache https://registry.npmjs.org/react-native 14ms (cache hit)
462 silly packumentCache full:https://registry.npmjs.org/react-native set size:15651235 disposed:false
463 silly fetch manifest @types/react@^19.1.1
464 silly packumentCache full:https://registry.npmjs.org/@types%2freact cache-miss
465 http cache https://registry.npmjs.org/@types%2freact 4ms (cache hit)
466 silly packumentCache full:https://registry.npmjs.org/@types%2freact set size:2637439 disposed:false
467 silly fetch manifest @react-navigation/native@^7.3.16
468 silly packumentCache full:https://registry.npmjs.org/@react-navigation%2fnative cache-miss
469 http cache https://registry.npmjs.org/@react-navigation%2fnative 2ms (cache hit)
470 silly packumentCache full:https://registry.npmjs.org/@react-navigation%2fnative set size:1221276 disposed:false
471 silly fetch manifest react-native-safe-area-context@>= 4.0.0
472 silly packumentCache full:https://registry.npmjs.org/react-native-safe-area-context cache-hit
473 silly placeDep ROOT @react-navigation/elements@2.9.38 OK for: @react-navigation/native-stack@7.18.8 want: ^2.9.38
474 silly placeDep ROOT color@4.2.3 OK for: @react-navigation/native-stack@7.18.8 want: ^4.2.3
475 silly placeDep ROOT sf-symbols-typescript@2.2.0 OK for: @react-navigation/native-stack@7.18.8 want: ^2.1.0
476 silly placeDep ROOT warn-once@0.1.1 OK for: @react-navigation/native-stack@7.18.8 want: ^0.1.1
477 silly fetch manifest color-string@^1.9.0
478 silly packumentCache full:https://registry.npmjs.org/color-string cache-miss
479 silly fetch manifest color-convert@^2.0.1
480 silly packumentCache full:https://registry.npmjs.org/color-convert cache-miss
481 http cache https://registry.npmjs.org/color-convert 1ms (cache hit)
482 silly packumentCache full:https://registry.npmjs.org/color-convert set size:72663 disposed:false
483 http cache https://registry.npmjs.org/color-string 2ms (cache hit)
484 silly packumentCache full:https://registry.npmjs.org/color-string set size:84418 disposed:false
485 silly placeDep ROOT csstype@3.2.3 OK for: @types/react@19.1.17 want: ^3.0.2
486 silly placeDep ROOT color-convert@2.0.1 OK for: color@4.2.3 want: ^2.0.1
487 silly placeDep ROOT color-string@1.9.1 OK for: color@4.2.3 want: ^1.9.0
488 silly fetch manifest color-name@~1.1.4
489 silly packumentCache full:https://registry.npmjs.org/color-name cache-miss
490 silly fetch manifest color-name@^1.0.0
491 silly packumentCache full:https://registry.npmjs.org/color-name cache-miss
492 silly fetch manifest simple-swizzle@^0.2.2
493 silly packumentCache full:https://registry.npmjs.org/simple-swizzle cache-miss
494 http cache https://registry.npmjs.org/simple-swizzle 1ms (cache hit)
495 silly packumentCache full:https://registry.npmjs.org/simple-swizzle set size:10651 disposed:false
496 http cache https://registry.npmjs.org/color-name 1ms (cache hit)
497 silly packumentCache full:https://registry.npmjs.org/color-name set size:20968 disposed:false
498 http cache https://registry.npmjs.org/color-name 2ms (cache hit)
499 silly packumentCache full:https://registry.npmjs.org/color-name set size:20968 disposed:false
500 silly packumentCache full:https://registry.npmjs.org/color-name dispose
501 silly placeDep ROOT color-name@1.1.4 OK for: color-convert@2.0.1 want: ~1.1.4
502 silly placeDep ROOT simple-swizzle@0.2.4 OK for: color-string@1.9.1 want: ^0.2.2
503 silly fetch manifest is-arrayish@^0.3.1
504 silly packumentCache full:https://registry.npmjs.org/is-arrayish cache-miss
505 http cache https://registry.npmjs.org/is-arrayish 1ms (cache hit)
506 silly packumentCache full:https://registry.npmjs.org/is-arrayish set size:15371 disposed:false
507 silly fetch manifest expo@*
508 silly packumentCache full:https://registry.npmjs.org/expo cache-miss
509 http cache https://registry.npmjs.org/expo 4ms (cache hit)
510 silly packumentCache full:https://registry.npmjs.org/expo set size:4003257 disposed:false
511 silly fetch manifest react@*
512 silly packumentCache full:https://registry.npmjs.org/react cache-miss
513 http cache https://registry.npmjs.org/react 7ms (cache hit)
514 silly packumentCache full:https://registry.npmjs.org/react set size:6883336 disposed:false
515 silly fetch manifest react-native-web@*
516 silly packumentCache full:https://registry.npmjs.org/react-native-web cache-miss
517 http cache https://registry.npmjs.org/react-native-web 4ms (cache hit)
518 silly packumentCache full:https://registry.npmjs.org/react-native-web set size:1090416 disposed:false
519 silly fetch manifest expo-router@*
520 silly packumentCache full:https://registry.npmjs.org/expo-router cache-miss
521 http cache https://registry.npmjs.org/expo-router 5ms (cache hit)
522 silly packumentCache full:https://registry.npmjs.org/expo-router set size:2095192 disposed:false
523 silly fetch manifest @testing-library/react-native@>= 13.2.0
524 silly packumentCache full:https://registry.npmjs.org/@testing-library%2freact-native cache-miss
525 http cache https://registry.npmjs.org/@testing-library%2freact-native 3ms (cache hit)
526 silly packumentCache full:https://registry.npmjs.org/@testing-library%2freact-native set size:628815 disposed:false
527 silly fetch manifest jest@>=29.0.0
528 silly packumentCache full:https://registry.npmjs.org/jest cache-miss
529 http cache https://registry.npmjs.org/jest 3ms (cache hit)
530 silly packumentCache full:https://registry.npmjs.org/jest set size:862623 disposed:false
531 silly fetch manifest node-notifier@^8.0.1 || ^9.0.0 || ^10.0.0
532 silly packumentCache full:https://registry.npmjs.org/node-notifier cache-miss
533 http cache https://registry.npmjs.org/node-notifier 2ms (cache hit)
534 silly packumentCache full:https://registry.npmjs.org/node-notifier set size:171519 disposed:false
535 silly fetch manifest test-renderer@^1.0.0
536 silly packumentCache full:https://registry.npmjs.org/test-renderer cache-miss
537 http cache https://registry.npmjs.org/test-renderer 1ms (cache hit)
538 silly packumentCache full:https://registry.npmjs.org/test-renderer set size:44693 disposed:false
539 silly fetch manifest expo-constants@^57.0.10
540 silly packumentCache full:https://registry.npmjs.org/expo-constants cache-miss
541 http cache https://registry.npmjs.org/expo-constants 1ms (cache hit)
542 silly packumentCache full:https://registry.npmjs.org/expo-constants set size:1177868 disposed:false
543 silly fetch manifest expo-linking@^57.0.5
544 silly packumentCache full:https://registry.npmjs.org/expo-linking cache-miss
545 http cache https://registry.npmjs.org/expo-linking 2ms (cache hit)
546 silly packumentCache full:https://registry.npmjs.org/expo-linking set size:855909 disposed:false
547 silly fetch manifest react-native-gesture-handler@*
548 silly packumentCache full:https://registry.npmjs.org/react-native-gesture-handler cache-miss
549 http cache https://registry.npmjs.org/react-native-gesture-handler 3ms (cache hit)
550 silly packumentCache full:https://registry.npmjs.org/react-native-gesture-handler set size:1305291 disposed:false
551 silly fetch manifest react-native-reanimated@*
552 silly packumentCache full:https://registry.npmjs.org/react-native-reanimated cache-miss
553 http cache https://registry.npmjs.org/react-native-reanimated 19ms (cache hit)
554 silly packumentCache full:https://registry.npmjs.org/react-native-reanimated set size:11389553 disposed:false
555 silly fetch manifest react-native@0.83 - 0.86
556 silly packumentCache full:https://registry.npmjs.org/react-native cache-miss
557 http cache https://registry.npmjs.org/react-native 18ms (cache hit)
558 silly packumentCache full:https://registry.npmjs.org/react-native set size:15651235 disposed:false
559 silly fetch manifest @react-native/jest-preset@0.86.2
560 silly packumentCache full:https://registry.npmjs.org/@react-native%2fjest-preset cache-miss
561 http cache https://registry.npmjs.org/@react-native%2fjest-preset 6ms (cache hit)
562 silly packumentCache full:https://registry.npmjs.org/@react-native%2fjest-preset set size:342118 disposed:false
563 silly fetch manifest react-native-worklets@0.10.x - 0.11.x
564 silly packumentCache full:https://registry.npmjs.org/react-native-worklets cache-miss
565 http cache https://registry.npmjs.org/react-native-worklets 8ms (cache hit)
566 silly packumentCache full:https://registry.npmjs.org/react-native-worklets set size:3179640 disposed:false
567 silly fetch manifest @babel/core@*
568 silly packumentCache full:https://registry.npmjs.org/@babel%2fcore cache-miss
569 http cache https://registry.npmjs.org/@babel%2fcore 8ms (cache hit)
570 silly packumentCache full:https://registry.npmjs.org/@babel%2fcore set size:788273 disposed:false
571 silly fetch manifest @react-native/metro-config@*
572 silly packumentCache full:https://registry.npmjs.org/@react-native%2fmetro-config cache-miss
573 http cache https://registry.npmjs.org/@react-native%2fmetro-config 7ms (cache hit)
574 silly packumentCache full:https://registry.npmjs.org/@react-native%2fmetro-config set size:2364228 disposed:false
575 silly fetch manifest react-native-safe-area-context@>= 5.4.0
576 silly packumentCache full:https://registry.npmjs.org/react-native-safe-area-context cache-hit
577 silly fetch manifest react-server-dom-webpack@~19.0.4 || ~19.1.5 || ~19.2.4
578 silly packumentCache full:https://registry.npmjs.org/react-server-dom-webpack cache-miss
579 http cache https://registry.npmjs.org/react-server-dom-webpack 13ms (cache hit)
580 silly packumentCache full:https://registry.npmjs.org/react-server-dom-webpack set size:7552071 disposed:false
581 silly fetch manifest webpack@^5.59.0
582 silly packumentCache full:https://registry.npmjs.org/webpack cache-miss
583 http cache https://registry.npmjs.org/webpack 14ms (cache hit)
584 silly packumentCache full:https://registry.npmjs.org/webpack set size:5125589 disposed:false
585 silly placeDep ROOT @babel/runtime@7.29.7 OK for: expo@54.0.36 want: ^7.20.0
586 silly placeDep node_modules/expo @expo/cli@54.0.26 CONFLICT for: expo@54.0.36 want: 54.0.26
587 silly placeDep ROOT @expo/config@12.0.14 OK for: expo@54.0.36 want: ~12.0.14
588 silly placeDep ROOT @expo/config-plugins@54.0.5 OK for: expo@54.0.36 want: ~54.0.5
589 silly placeDep ROOT @expo/devtools@0.1.8 OK for: expo@54.0.36 want: 0.1.8
590 silly placeDep ROOT @expo/fingerprint@0.15.5 OK for: expo@54.0.36 want: 0.15.5
591 silly placeDep ROOT @expo/metro@54.2.0 OK for: expo@54.0.36 want: ~54.2.0
592 silly placeDep node_modules/expo @expo/metro-config@54.0.17 CONFLICT for: expo@54.0.36 want: 54.0.17
593 silly placeDep node_modules/expo @expo/vector-icons@15.1.1 CONFLICT for: expo@54.0.36 want: ^15.0.3
594 silly placeDep ROOT @ungap/structured-clone@1.3.3 OK for: expo@54.0.36 want: ^1.3.0
595 silly placeDep node_modules/expo babel-preset-expo@54.0.12 CONFLICT for: expo@54.0.36 want: ~54.0.12
596 silly placeDep ROOT react-refresh@0.14.2 OK for: babel-preset-expo@54.0.12 want: >=0.14.0 <1.0.0
597 silly placeDep node_modules/expo expo-asset@12.0.13 CONFLICT for: expo@54.0.36 want: ~12.0.13
598 silly placeDep node_modules/expo expo-constants@18.0.13 CONFLICT for: expo@54.0.36 want: ~18.0.13
599 silly placeDep node_modules/expo expo-file-system@19.0.23 CONFLICT for: expo@54.0.36 want: ~19.0.23
600 silly placeDep node_modules/expo expo-keep-awake@15.0.8 CONFLICT for: expo@54.0.36 want: ~15.0.8
601 silly placeDep ROOT expo-modules-autolinking@3.0.26 OK for: expo@54.0.36 want: 3.0.26
602 silly placeDep ROOT expo-modules-core@3.0.30 OK for: expo@54.0.36 want: 3.0.30
603 silly placeDep ROOT pretty-format@29.7.0 OK for: expo@54.0.36 want: ^29.7.0
604 silly placeDep ROOT whatwg-url-without-unicode@8.0.0-3 OK for: expo@54.0.36 want: 8.0.0-3
605 silly fetch manifest ws@^8.12.1
606 silly packumentCache full:https://registry.npmjs.org/ws cache-hit
607 silly fetch manifest arg@^5.0.2
608 silly packumentCache full:https://registry.npmjs.org/arg cache-miss
609 silly fetch manifest ora@^3.4.0
610 silly packumentCache full:https://registry.npmjs.org/ora cache-miss
611 silly fetch manifest tar@^7.5.2
612 silly packumentCache full:https://registry.npmjs.org/tar cache-miss
613 silly fetch manifest glob@^13.0.0
614 silly packumentCache full:https://registry.npmjs.org/glob cache-hit
615 silly fetch manifest send@^0.19.0
616 silly packumentCache full:https://registry.npmjs.org/send cache-miss
617 silly fetch manifest chalk@^4.0.0
618 silly packumentCache full:https://registry.npmjs.org/chalk cache-miss
619 silly fetch manifest debug@^4.3.4
620 silly packumentCache full:https://registry.npmjs.org/debug cache-miss
621 silly fetch manifest getenv@^2.0.0
622 silly packumentCache full:https://registry.npmjs.org/getenv cache-miss
623 http cache https://registry.npmjs.org/arg 3ms (cache hit)
624 silly packumentCache full:https://registry.npmjs.org/arg set size:67036 disposed:false
625 silly fetch manifest semver@^7.6.0
626 silly packumentCache full:https://registry.npmjs.org/semver cache-hit
627 silly fetch manifest undici@^6.18.2
628 silly packumentCache full:https://registry.npmjs.org/undici cache-miss
629 http cache https://registry.npmjs.org/tar 5ms (cache hit)
630 silly packumentCache full:https://registry.npmjs.org/tar set size:591769 disposed:false
631 silly fetch manifest accepts@^1.3.8
632 silly packumentCache full:https://registry.npmjs.org/accepts cache-miss
633 http cache https://registry.npmjs.org/ora 7ms (cache hit)
634 silly packumentCache full:https://registry.npmjs.org/ora set size:147148 disposed:false
635 silly fetch manifest ci-info@^3.3.0
636 silly packumentCache full:https://registry.npmjs.org/ci-info cache-miss
637 http cache https://registry.npmjs.org/send 7ms (cache hit)
638 silly packumentCache full:https://registry.npmjs.org/send set size:152810 disposed:false
639 silly fetch manifest connect@^3.7.0
640 silly packumentCache full:https://registry.npmjs.org/connect cache-miss
641 http cache https://registry.npmjs.org/chalk 11ms (cache hit)
642 silly packumentCache full:https://registry.npmjs.org/chalk set size:134775 disposed:false
643 silly fetch manifest prompts@^2.3.2
644 silly packumentCache full:https://registry.npmjs.org/prompts cache-miss
645 http cache https://registry.npmjs.org/getenv 12ms (cache hit)
646 silly packumentCache full:https://registry.npmjs.org/getenv set size:20110 disposed:false
647 silly fetch manifest resolve@^1.22.2
648 silly packumentCache full:https://registry.npmjs.org/resolve cache-miss
649 http cache https://registry.npmjs.org/debug 13ms (cache hit)
650 silly packumentCache full:https://registry.npmjs.org/debug set size:195840 disposed:false
651 silly fetch manifest slugify@^1.3.4
652 silly packumentCache full:https://registry.npmjs.org/slugify cache-miss
653 http cache https://registry.npmjs.org/accepts 9ms (cache hit)
654 silly packumentCache full:https://registry.npmjs.org/accepts set size:77054 disposed:false
655 silly fetch manifest progress@^2.0.3
656 silly packumentCache full:https://registry.npmjs.org/progress cache-miss
657 http cache https://registry.npmjs.org/ci-info 9ms (cache hit)
658 silly packumentCache full:https://registry.npmjs.org/ci-info set size:91363 disposed:false
659 silly fetch manifest requireg@^0.2.2
660 silly packumentCache full:https://registry.npmjs.org/requireg cache-miss
661 http cache https://registry.npmjs.org/undici 15ms (cache hit)
662 silly packumentCache full:https://registry.npmjs.org/undici set size:1531430 disposed:false
663 silly fetch manifest @expo/env@~2.0.12
664 silly packumentCache full:https://registry.npmjs.org/@expo%2fenv cache-miss
665 http cache https://registry.npmjs.org/connect 15ms (cache hit)
666 silly packumentCache full:https://registry.npmjs.org/connect set size:438385 disposed:false
667 silly fetch manifest minimatch@^9.0.0
668 silly packumentCache full:https://registry.npmjs.org/minimatch cache-miss
669 http cache https://registry.npmjs.org/resolve 18ms (cache hit)
670 silly packumentCache full:https://registry.npmjs.org/resolve set size:244568 disposed:false
671 silly fetch manifest picomatch@^4.0.3
672 silly packumentCache full:https://registry.npmjs.org/picomatch cache-miss
673 http cache https://registry.npmjs.org/slugify 17ms (cache hit)
674 silly packumentCache full:https://registry.npmjs.org/slugify set size:103522 disposed:false
675 silly fetch manifest wrap-ansi@^7.0.0
676 silly packumentCache full:https://registry.npmjs.org/wrap-ansi cache-miss
677 http cache https://registry.npmjs.org/prompts 20ms (cache hit)
678 silly packumentCache full:https://registry.npmjs.org/prompts set size:115896 disposed:false
679 silly fetch manifest @urql/core@^5.0.6
680 silly packumentCache full:https://registry.npmjs.org/@urql%2fcore cache-miss
681 http cache https://registry.npmjs.org/requireg 16ms (cache hit)
682 silly packumentCache full:https://registry.npmjs.org/requireg set size:25788 disposed:false
683 silly fetch manifest better-opn@~3.0.2
684 silly packumentCache full:https://registry.npmjs.org/better-opn cache-miss
685 http cache https://registry.npmjs.org/progress 17ms (cache hit)
686 silly packumentCache full:https://registry.npmjs.org/progress set size:34179 disposed:false
687 silly fetch manifest env-editor@^0.4.1
688 silly packumentCache full:https://registry.npmjs.org/env-editor cache-miss
689 http cache https://registry.npmjs.org/minimatch 11ms (cache hit)
690 silly packumentCache full:https://registry.npmjs.org/minimatch set size:377924 disposed:false
691 silly fetch manifest node-forge@^1.3.3
692 silly packumentCache full:https://registry.npmjs.org/node-forge cache-miss
693 http cache https://registry.npmjs.org/@expo%2fenv 16ms (cache hit)
694 silly packumentCache full:https://registry.npmjs.org/@expo%2fenv set size:605290 disposed:false
695 silly fetch manifest @expo/plist@^0.4.9
696 silly packumentCache full:https://registry.npmjs.org/@expo%2fplist cache-miss
697 http cache https://registry.npmjs.org/wrap-ansi 10ms (cache hit)
698 silly packumentCache full:https://registry.npmjs.org/wrap-ansi set size:55299 disposed:false
699 silly fetch manifest compression@^1.7.4
700 silly packumentCache full:https://registry.npmjs.org/compression cache-miss
701 http cache https://registry.npmjs.org/better-opn 10ms (cache hit)
702 silly packumentCache full:https://registry.npmjs.org/better-opn set size:48876 disposed:false
703 silly fetch manifest expo-server@^1.0.7
704 silly packumentCache full:https://registry.npmjs.org/expo-server cache-miss
705 http cache https://registry.npmjs.org/env-editor 10ms (cache hit)
706 silly packumentCache full:https://registry.npmjs.org/env-editor set size:31241 disposed:false
707 silly fetch manifest lan-network@^0.2.1
708 silly packumentCache full:https://registry.npmjs.org/lan-network cache-miss
709 http cache https://registry.npmjs.org/picomatch 13ms (cache hit)
710 silly packumentCache full:https://registry.npmjs.org/picomatch set size:128942 disposed:false
711 silly fetch manifest pretty-bytes@^5.6.0
712 silly packumentCache full:https://registry.npmjs.org/pretty-bytes cache-miss
713 http cache https://registry.npmjs.org/@urql%2fcore 13ms (cache hit)
714 silly packumentCache full:https://registry.npmjs.org/@urql%2fcore set size:1257806 disposed:false
715 silly fetch manifest resolve-from@^5.0.0
716 silly packumentCache full:https://registry.npmjs.org/resolve-from cache-miss
717 http cache https://registry.npmjs.org/node-forge 13ms (cache hit)
718 silly packumentCache full:https://registry.npmjs.org/node-forge set size:394631 disposed:false
719 silly fetch manifest @expo/devcert@^1.2.1
720 silly packumentCache full:https://registry.npmjs.org/@expo%2fdevcert cache-miss
721 http cache https://registry.npmjs.org/@expo%2fplist 12ms (cache hit)
722 silly packumentCache full:https://registry.npmjs.org/@expo%2fplist set size:585477 disposed:false
723 silly fetch manifest bplist-parser@^0.3.1
724 silly packumentCache full:https://registry.npmjs.org/bplist-parser cache-miss
725 http cache https://registry.npmjs.org/lan-network 13ms (cache hit)
726 silly packumentCache full:https://registry.npmjs.org/lan-network set size:65284 disposed:false
727 silly fetch manifest terminal-link@^2.1.1
728 silly packumentCache full:https://registry.npmjs.org/terminal-link cache-miss
729 http cache https://registry.npmjs.org/compression 14ms (cache hit)
730 silly packumentCache full:https://registry.npmjs.org/compression set size:98424 disposed:false
731 silly fetch manifest @expo/xcpretty@^4.3.0
732 silly packumentCache full:https://registry.npmjs.org/@expo%2fxcpretty cache-miss
733 http cache https://registry.npmjs.org/expo-server 14ms (cache hit)
734 silly packumentCache full:https://registry.npmjs.org/expo-server set size:338046 disposed:false
735 silly fetch manifest bplist-creator@0.1.0
736 silly packumentCache full:https://registry.npmjs.org/bplist-creator cache-miss
737 http cache https://registry.npmjs.org/pretty-bytes 15ms (cache hit)
738 silly packumentCache full:https://registry.npmjs.org/pretty-bytes set size:66417 disposed:false
739 silly fetch manifest freeport-async@^2.0.0
740 silly packumentCache full:https://registry.npmjs.org/freeport-async cache-miss
741 http cache https://registry.npmjs.org/resolve-from 11ms (cache hit)
742 silly packumentCache full:https://registry.npmjs.org/resolve-from set size:12911 disposed:false
743 silly fetch manifest @expo/json-file@^10.0.16
744 silly packumentCache full:https://registry.npmjs.org/@expo%2fjson-file cache-miss
745 http cache https://registry.npmjs.org/@expo%2fdevcert 10ms (cache hit)
746 silly packumentCache full:https://registry.npmjs.org/@expo%2fdevcert set size:37744 disposed:false
747 silly fetch manifest @expo/osascript@^2.3.8
748 silly packumentCache full:https://registry.npmjs.org/@expo%2fosascript cache-miss
749 http cache https://registry.npmjs.org/bplist-parser 8ms (cache hit)
750 silly packumentCache full:https://registry.npmjs.org/bplist-parser set size:21877 disposed:false
751 silly fetch manifest @expo/ws-tunnel@^1.0.1
752 silly packumentCache full:https://registry.npmjs.org/@expo%2fws-tunnel cache-miss
753 http cache https://registry.npmjs.org/@expo%2fxcpretty 8ms (cache hit)
754 silly packumentCache full:https://registry.npmjs.org/@expo%2fxcpretty set size:123743 disposed:false
755 silly fetch manifest npm-package-arg@^11.0.0
756 silly packumentCache full:https://registry.npmjs.org/npm-package-arg cache-miss
757 http cache https://registry.npmjs.org/terminal-link 9ms (cache hit)
758 silly packumentCache full:https://registry.npmjs.org/terminal-link set size:26728 disposed:false
759 silly fetch manifest qrcode-terminal@0.11.0
760 silly packumentCache full:https://registry.npmjs.org/qrcode-terminal cache-miss
761 http cache https://registry.npmjs.org/freeport-async 6ms (cache hit)
762 silly packumentCache full:https://registry.npmjs.org/freeport-async set size:10241 disposed:false
763 silly fetch manifest resolve.exports@^2.0.3
764 silly packumentCache full:https://registry.npmjs.org/resolve.exports cache-miss
765 http cache https://registry.npmjs.org/bplist-creator 7ms (cache hit)
766 silly packumentCache full:https://registry.npmjs.org/bplist-creator set size:18748 disposed:false
767 silly fetch manifest @expo/image-utils@^0.8.8
768 silly packumentCache full:https://registry.npmjs.org/@expo%2fimage-utils cache-miss
769 http cache https://registry.npmjs.org/@expo%2fws-tunnel 6ms (cache hit)
770 silly packumentCache full:https://registry.npmjs.org/@expo%2fws-tunnel set size:24521 disposed:false
771 silly fetch manifest @expo/spawn-async@^1.7.2
772 silly packumentCache full:https://registry.npmjs.org/@expo%2fspawn-async cache-miss
773 http cache https://registry.npmjs.org/@expo%2fjson-file 10ms (cache hit)
774 silly packumentCache full:https://registry.npmjs.org/@expo%2fjson-file set size:791635 disposed:false
775 silly fetch manifest @expo/metro-config@~54.0.17
776 silly packumentCache full:https://registry.npmjs.org/@expo%2fmetro-config cache-miss
777 http cache https://registry.npmjs.org/qrcode-terminal 6ms (cache hit)
778 silly packumentCache full:https://registry.npmjs.org/qrcode-terminal set size:29799 disposed:false
779 silly fetch manifest @expo/schema-utils@^0.1.9
780 silly packumentCache full:https://registry.npmjs.org/@expo%2fschema-utils cache-miss
781 http cache https://registry.npmjs.org/@expo%2fosascript 13ms (cache hit)
782 silly packumentCache full:https://registry.npmjs.org/@expo%2fosascript set size:672769 disposed:false
783 silly fetch manifest source-map-support@~0.5.21
784 silly packumentCache full:https://registry.npmjs.org/source-map-support cache-miss
785 http cache https://registry.npmjs.org/resolve.exports 12ms (cache hit)
786 silly packumentCache full:https://registry.npmjs.org/resolve.exports set size:49558 disposed:false
787 silly fetch manifest structured-headers@^0.4.1
788 silly packumentCache full:https://registry.npmjs.org/structured-headers cache-miss
789 http cache https://registry.npmjs.org/npm-package-arg 14ms (cache hit)
790 silly packumentCache full:https://registry.npmjs.org/npm-package-arg set size:133884 disposed:false
791 silly fetch manifest @0no-co/graphql.web@^1.0.8
792 silly packumentCache full:https://registry.npmjs.org/@0no-co%2fgraphql.web cache-miss
793 http cache https://registry.npmjs.org/@expo%2fimage-utils 14ms (cache hit)
794 silly packumentCache full:https://registry.npmjs.org/@expo%2fimage-utils set size:845608 disposed:false
795 silly fetch manifest require-from-string@^2.0.2
796 silly packumentCache full:https://registry.npmjs.org/require-from-string cache-miss
797 http cache https://registry.npmjs.org/@expo%2fspawn-async 17ms (cache hit)
798 silly packumentCache full:https://registry.npmjs.org/@expo%2fspawn-async set size:41309 disposed:false
799 silly fetch manifest @urql/exchange-retry@^1.3.0
800 silly packumentCache full:https://registry.npmjs.org/@urql%2fexchange-retry cache-miss
801 http cache https://registry.npmjs.org/@expo%2fmetro-config 16ms (cache hit)
802 silly packumentCache full:https://registry.npmjs.org/@expo%2fmetro-config set size:1659056 disposed:false
803 silly fetch manifest @expo/package-manager@^1.9.10
804 silly packumentCache full:https://registry.npmjs.org/@expo%2fpackage-manager cache-miss
805 http cache https://registry.npmjs.org/source-map-support 17ms (cache hit)
806 silly packumentCache full:https://registry.npmjs.org/source-map-support set size:125488 disposed:false
807 silly fetch manifest @expo/prebuild-config@^54.0.9
808 silly packumentCache full:https://registry.npmjs.org/@expo%2fprebuild-config cache-miss
809 http cache https://registry.npmjs.org/@expo%2fschema-utils 21ms (cache hit)
810 silly packumentCache full:https://registry.npmjs.org/@expo%2fschema-utils set size:261788 disposed:false
811 silly fetch manifest @react-native/dev-middleware@0.81.5
812 silly packumentCache full:https://registry.npmjs.org/@react-native%2fdev-middleware cache-miss
813 http cache https://registry.npmjs.org/structured-headers 17ms (cache hit)
814 silly packumentCache full:https://registry.npmjs.org/structured-headers set size:40194 disposed:false
815 silly fetch manifest @expo/code-signing-certificates@^0.0.6
816 silly packumentCache full:https://registry.npmjs.org/@expo%2fcode-signing-certificates cache-miss
817 http cache https://registry.npmjs.org/require-from-string 12ms (cache hit)
818 silly packumentCache full:https://registry.npmjs.org/require-from-string set size:15128 disposed:false
819 silly fetch manifest sucrase@~3.35.1
820 silly packumentCache full:https://registry.npmjs.org/sucrase cache-miss
821 http cache https://registry.npmjs.org/@0no-co%2fgraphql.web 17ms (cache hit)
822 silly packumentCache full:https://registry.npmjs.org/@0no-co%2fgraphql.web set size:237756 disposed:false
823 silly fetch manifest deepmerge@^4.3.1
824 silly packumentCache full:https://registry.npmjs.org/deepmerge cache-miss
825 http cache https://registry.npmjs.org/@urql%2fexchange-retry 14ms (cache hit)
826 silly packumentCache full:https://registry.npmjs.org/@urql%2fexchange-retry set size:292772 disposed:false
827 silly fetch manifest @babel/code-frame@~7.10.4
828 silly packumentCache full:https://registry.npmjs.org/@babel%2fcode-frame cache-miss
829 http cache https://registry.npmjs.org/@expo%2fcode-signing-certificates 6ms (cache hit)
830 silly packumentCache full:https://registry.npmjs.org/@expo%2fcode-signing-certificates set size:29590 disposed:false
831 silly fetch manifest @expo/config-types@^54.0.10
832 silly packumentCache full:https://registry.npmjs.org/@expo%2fconfig-types cache-miss
833 http cache https://registry.npmjs.org/@expo%2fprebuild-config 10ms (cache hit)
834 silly packumentCache full:https://registry.npmjs.org/@expo%2fprebuild-config set size:1260331 disposed:false
835 silly fetch manifest resolve-workspace-root@^2.0.0
836 silly packumentCache full:https://registry.npmjs.org/resolve-workspace-root cache-miss
837 http cache https://registry.npmjs.org/@expo%2fpackage-manager 15ms (cache hit)
838 silly packumentCache full:https://registry.npmjs.org/@expo%2fpackage-manager set size:904603 disposed:false
839 silly fetch manifest chalk@^4.1.2
840 silly packumentCache full:https://registry.npmjs.org/chalk cache-hit
841 silly fetch manifest debug@^4.3.5
842 silly packumentCache full:https://registry.npmjs.org/debug cache-hit
843 silly fetch manifest slash@^3.0.0
844 silly packumentCache full:https://registry.npmjs.org/slash cache-miss
845 http cache https://registry.npmjs.org/@react-native%2fdev-middleware 18ms (cache hit)
846 silly packumentCache full:https://registry.npmjs.org/@react-native%2fdev-middleware set size:2605030 disposed:false
847 silly fetch manifest xcode@^3.0.1
848 silly packumentCache full:https://registry.npmjs.org/xcode cache-miss
849 http cache https://registry.npmjs.org/sucrase 27ms (cache hit)
850 silly packumentCache full:https://registry.npmjs.org/sucrase set size:449399 disposed:false
851 silly fetch manifest semver@^7.5.4
852 silly packumentCache full:https://registry.npmjs.org/semver cache-hit
853 silly fetch manifest xml2js@0.6.0
854 silly packumentCache full:https://registry.npmjs.org/xml2js cache-miss
855 http cache https://registry.npmjs.org/deepmerge 28ms (cache hit)
856 silly packumentCache full:https://registry.npmjs.org/deepmerge set size:101897 disposed:false
857 silly fetch manifest slugify@^1.6.6
858 silly packumentCache full:https://registry.npmjs.org/slugify cache-hit
859 silly fetch manifest @expo/json-file@~10.0.16
860 silly packumentCache full:https://registry.npmjs.org/@expo%2fjson-file cache-hit
861 silly fetch manifest @expo/config-types@^54.0.10
862 silly packumentCache full:https://registry.npmjs.org/@expo%2fconfig-types cache-miss
863 http cache https://registry.npmjs.org/resolve-workspace-root 21ms (cache hit)
864 silly packumentCache full:https://registry.npmjs.org/resolve-workspace-root set size:11680 disposed:false
865 silly fetch manifest @expo/sdk-runtime-versions@^1.0.0
866 silly packumentCache full:https://registry.npmjs.org/@expo%2fsdk-runtime-versions cache-miss
867 http cache https://registry.npmjs.org/@expo%2fconfig-types 28ms (cache hit)
868 silly packumentCache full:https://registry.npmjs.org/@expo%2fconfig-types set size:822505 disposed:false
869 silly fetch manifest ignore@^5.3.1
870 silly packumentCache full:https://registry.npmjs.org/ignore cache-miss
871 http cache https://registry.npmjs.org/@babel%2fcode-frame 32ms (cache hit)
872 silly packumentCache full:https://registry.npmjs.org/@babel%2fcode-frame set size:206617 disposed:false
873 silly fetch manifest p-limit@^3.1.0
874 silly packumentCache full:https://registry.npmjs.org/p-limit cache-miss
875 http cache https://registry.npmjs.org/slash 24ms (cache hit)
876 silly packumentCache full:https://registry.npmjs.org/slash set size:20337 disposed:false
877 silly fetch manifest minimatch@^10.2.2
878 silly packumentCache full:https://registry.npmjs.org/minimatch cache-hit
879 silly fetch manifest metro@0.83.3
880 silly packumentCache full:https://registry.npmjs.org/metro cache-miss
881 http cache https://registry.npmjs.org/xcode 18ms (cache hit)
882 silly packumentCache full:https://registry.npmjs.org/xcode set size:5234429 disposed:false
883 silly fetch manifest metro-core@0.83.3
884 silly packumentCache full:https://registry.npmjs.org/metro-core cache-miss
885 http cache https://registry.npmjs.org/@expo%2fconfig-types 26ms (cache hit)
886 silly packumentCache full:https://registry.npmjs.org/@expo%2fconfig-types set size:822505 disposed:false
887 silly packumentCache full:https://registry.npmjs.org/@expo%2fconfig-types dispose
888 silly fetch manifest metro-cache@0.83.3
889 silly packumentCache full:https://registry.npmjs.org/metro-cache cache-miss
890 http cache https://registry.npmjs.org/xml2js 34ms (cache hit)
891 silly packumentCache full:https://registry.npmjs.org/xml2js set size:198018 disposed:false
892 silly fetch manifest metro-config@0.83.3
893 silly packumentCache full:https://registry.npmjs.org/metro-config cache-miss
894 http cache https://registry.npmjs.org/@expo%2fsdk-runtime-versions 33ms (cache hit)
895 silly packumentCache full:https://registry.npmjs.org/@expo%2fsdk-runtime-versions set size:4876 disposed:false
896 silly fetch manifest metro-runtime@0.83.3
897 silly packumentCache full:https://registry.npmjs.org/metro-runtime cache-hit
898 silly fetch manifest metro-file-map@0.83.3
899 silly packumentCache full:https://registry.npmjs.org/metro-file-map cache-miss
900 http cache https://registry.npmjs.org/ignore 29ms (cache hit)
901 silly packumentCache full:https://registry.npmjs.org/ignore set size:240910 disposed:false
902 silly fetch manifest metro-resolver@0.83.3
903 silly packumentCache full:https://registry.npmjs.org/metro-resolver cache-miss
904 http cache https://registry.npmjs.org/p-limit 33ms (cache hit)
905 silly packumentCache full:https://registry.npmjs.org/p-limit set size:63850 disposed:false
906 silly fetch manifest metro-cache-key@0.83.3
907 silly packumentCache full:https://registry.npmjs.org/metro-cache-key cache-miss
908 http cache https://registry.npmjs.org/metro 33ms (cache hit)
909 silly packumentCache full:https://registry.npmjs.org/metro set size:736076 disposed:false
910 silly fetch manifest metro-source-map@0.83.3
911 silly packumentCache full:https://registry.npmjs.org/metro-source-map cache-hit
912 silly fetch manifest metro-symbolicate@0.83.3
913 silly packumentCache full:https://registry.npmjs.org/metro-symbolicate cache-miss
914 http cache https://registry.npmjs.org/metro-core 21ms (cache hit)
915 silly packumentCache full:https://registry.npmjs.org/metro-core set size:395979 disposed:false
916 silly fetch manifest metro-minify-terser@0.83.3
917 silly packumentCache full:https://registry.npmjs.org/metro-minify-terser cache-miss
918 http cache https://registry.npmjs.org/metro-cache 20ms (cache hit)
919 silly packumentCache full:https://registry.npmjs.org/metro-cache set size:376710 disposed:false
920 silly fetch manifest metro-transform-worker@0.83.3
921 silly packumentCache full:https://registry.npmjs.org/metro-transform-worker cache-miss
922 http cache https://registry.npmjs.org/metro-config 17ms (cache hit)
923 silly packumentCache full:https://registry.npmjs.org/metro-config set size:337662 disposed:false
924 silly fetch manifest metro-babel-transformer@0.83.3
925 silly packumentCache full:https://registry.npmjs.org/metro-babel-transformer cache-miss
926 http cache https://registry.npmjs.org/metro-file-map 17ms (cache hit)
927 silly packumentCache full:https://registry.npmjs.org/metro-file-map set size:195293 disposed:false
928 silly fetch manifest metro-transform-plugins@0.83.3
929 silly packumentCache full:https://registry.npmjs.org/metro-transform-plugins cache-miss
930 http cache https://registry.npmjs.org/metro-resolver 16ms (cache hit)
931 silly packumentCache full:https://registry.npmjs.org/metro-resolver set size:365046 disposed:false
932 silly fetch manifest chalk@^4.1.0
933 silly packumentCache full:https://registry.npmjs.org/chalk cache-hit
934 silly fetch manifest debug@^4.3.2
935 silly packumentCache full:https://registry.npmjs.org/debug cache-hit
936 silly fetch manifest dotenv@~16.4.5
937 silly packumentCache full:https://registry.npmjs.org/dotenv cache-miss
938 http cache https://registry.npmjs.org/metro-symbolicate 9ms (cache hit)
939 silly packumentCache full:https://registry.npmjs.org/metro-symbolicate set size:266199 disposed:false
940 silly fetch manifest postcss@~8.4.32
941 silly packumentCache full:https://registry.npmjs.org/postcss cache-miss
942 http cache https://registry.npmjs.org/metro-minify-terser 10ms (cache hit)
943 silly packumentCache full:https://registry.npmjs.org/metro-minify-terser set size:273237 disposed:false
944 silly fetch manifest @babel/core@^7.20.0
945 silly packumentCache full:https://registry.npmjs.org/@babel%2fcore cache-hit
946 silly fetch manifest browserslist@^4.25.0
947 silly packumentCache full:https://registry.npmjs.org/browserslist cache-miss
948 http cache https://registry.npmjs.org/metro-cache-key 18ms (cache hit)
949 silly packumentCache full:https://registry.npmjs.org/metro-cache-key set size:206329 disposed:false
950 silly fetch manifest jsc-safe-url@^0.2.4
951 silly packumentCache full:https://registry.npmjs.org/jsc-safe-url cache-miss
952 http cache https://registry.npmjs.org/metro-transform-plugins 11ms (cache hit)
953 silly packumentCache full:https://registry.npmjs.org/metro-transform-plugins set size:253865 disposed:false
954 silly fetch manifest lightningcss@^1.30.1
955 silly packumentCache full:https://registry.npmjs.org/lightningcss cache-miss
956 http cache https://registry.npmjs.org/metro-babel-transformer 14ms (cache hit)
957 silly packumentCache full:https://registry.npmjs.org/metro-babel-transformer set size:263987 disposed:false
958 silly fetch manifest dotenv-expand@~11.0.6
959 silly packumentCache full:https://registry.npmjs.org/dotenv-expand cache-miss
960 http cache https://registry.npmjs.org/metro-transform-worker 16ms (cache hit)
961 silly packumentCache full:https://registry.npmjs.org/metro-transform-worker set size:262451 disposed:false
962 silly fetch manifest hermes-parser@^0.29.1
963 silly packumentCache full:https://registry.npmjs.org/hermes-parser cache-miss
964 http cache https://registry.npmjs.org/postcss 12ms (cache hit)
965 silly packumentCache full:https://registry.npmjs.org/postcss set size:760024 disposed:false
966 silly fetch manifest @babel/generator@^7.20.5
967 silly packumentCache full:https://registry.npmjs.org/@babel%2fgenerator cache-miss
968 http cache https://registry.npmjs.org/dotenv 17ms (cache hit)
969 silly packumentCache full:https://registry.npmjs.org/dotenv set size:277802 disposed:false
970 silly fetch manifest @babel/code-frame@^7.20.0
971 silly packumentCache full:https://registry.npmjs.org/@babel%2fcode-frame cache-hit
972 silly fetch manifest @babel/preset-react@^7.22.15
973 silly packumentCache full:https://registry.npmjs.org/@babel%2fpreset-react cache-miss
974 http cache https://registry.npmjs.org/browserslist 17ms (cache hit)
975 silly packumentCache full:https://registry.npmjs.org/browserslist set size:518659 disposed:false
976 silly fetch manifest @babel/preset-typescript@^7.23.0
977 silly packumentCache full:https://registry.npmjs.org/@babel%2fpreset-typescript cache-miss
978 http cache https://registry.npmjs.org/jsc-safe-url 18ms (cache hit)
979 silly packumentCache full:https://registry.npmjs.org/jsc-safe-url set size:13143 disposed:false
980 silly fetch manifest @react-native/babel-preset@0.81.5
981 silly packumentCache full:https://registry.npmjs.org/@react-native%2fbabel-preset cache-miss
982 http cache https://registry.npmjs.org/lightningcss 14ms (cache hit)
983 silly packumentCache full:https://registry.npmjs.org/lightningcss set size:191065 disposed:false
984 silly fetch manifest babel-plugin-react-compiler@^1.0.0
985 silly packumentCache full:https://registry.npmjs.org/babel-plugin-react-compiler cache-miss
986 http cache https://registry.npmjs.org/hermes-parser 13ms (cache hit)
987 silly packumentCache full:https://registry.npmjs.org/hermes-parser set size:172593 disposed:false
988 silly fetch manifest @babel/helper-module-imports@^7.25.9
989 silly packumentCache full:https://registry.npmjs.org/@babel%2fhelper-module-imports cache-miss
990 http cache https://registry.npmjs.org/@babel%2fgenerator 10ms (cache hit)
991 silly packumentCache full:https://registry.npmjs.org/@babel%2fgenerator set size:522841 disposed:false
992 silly fetch manifest babel-plugin-react-native-web@~0.21.0
993 silly packumentCache full:https://registry.npmjs.org/babel-plugin-react-native-web cache-miss
994 http cache https://registry.npmjs.org/dotenv-expand 17ms (cache hit)
995 silly packumentCache full:https://registry.npmjs.org/dotenv-expand set size:73831 disposed:false
996 silly fetch manifest @babel/plugin-transform-runtime@^7.24.7
997 silly packumentCache full:https://registry.npmjs.org/@babel%2fplugin-transform-runtime cache-miss
998 http cache https://registry.npmjs.org/@babel%2fpreset-react 11ms (cache hit)
999 silly packumentCache full:https://registry.npmjs.org/@babel%2fpreset-react set size:264697 disposed:false
1000 silly fetch manifest @babel/plugin-proposal-decorators@^7.12.9
1001 silly packumentCache full:https://registry.npmjs.org/@babel%2fplugin-proposal-decorators cache-miss
1002 http cache https://registry.npmjs.org/@react-native%2fbabel-preset 13ms (cache hit)
1003 silly packumentCache full:https://registry.npmjs.org/@react-native%2fbabel-preset set size:4477237 disposed:false
1004 silly fetch manifest babel-plugin-syntax-hermes-parser@^0.29.1
1005 silly packumentCache full:https://registry.npmjs.org/babel-plugin-syntax-hermes-parser cache-hit
1006 silly fetch manifest babel-plugin-transform-flow-enums@^0.0.2
1007 silly packumentCache full:https://registry.npmjs.org/babel-plugin-transform-flow-enums cache-miss
1008 http cache https://registry.npmjs.org/@babel%2fpreset-typescript 28ms (cache hit)
1009 silly packumentCache full:https://registry.npmjs.org/@babel%2fpreset-typescript set size:271383 disposed:false
1010 silly fetch manifest @babel/plugin-transform-parameters@^7.24.7
1011 silly packumentCache full:https://registry.npmjs.org/@babel%2fplugin-transform-parameters cache-miss
1012 http cache https://registry.npmjs.org/@babel%2fplugin-transform-runtime 25ms (cache hit)
1013 silly packumentCache full:https://registry.npmjs.org/@babel%2fplugin-transform-runtime set size:468058 disposed:false
1014 silly fetch manifest @babel/plugin-transform-private-methods@^7.24.7
1015 silly packumentCache full:https://registry.npmjs.org/@babel%2fplugin-transform-private-methods cache-miss
1016 http cache https://registry.npmjs.org/@babel%2fhelper-module-imports 31ms (cache hit)
1017 silly packumentCache full:https://registry.npmjs.org/@babel%2fhelper-module-imports set size:203392 disposed:false
1018 silly fetch manifest @babel/plugin-syntax-export-default-from@^7.24.7
1019 silly packumentCache full:https://registry.npmjs.org/@babel%2fplugin-syntax-export-default-from cache-miss
1020 http cache https://registry.npmjs.org/@babel%2fplugin-proposal-decorators 26ms (cache hit)
1021 silly packumentCache full:https://registry.npmjs.org/@babel%2fplugin-proposal-decorators set size:387831 disposed:false
1022 silly fetch manifest @babel/plugin-transform-flow-strip-types@^7.25.2
1023 silly packumentCache full:https://registry.npmjs.org/@babel%2fplugin-transform-flow-strip-types cache-miss
1024 http cache https://registry.npmjs.org/babel-plugin-react-compiler 36ms (cache hit)
1025 silly packumentCache full:https://registry.npmjs.org/babel-plugin-react-compiler set size:1356999 disposed:false
1026 silly fetch manifest @babel/plugin-transform-modules-commonjs@^7.24.8
1027 silly packumentCache full:https://registry.npmjs.org/@babel%2fplugin-transform-modules-commonjs cache-miss
1028 http cache https://registry.npmjs.org/babel-plugin-react-native-web 35ms (cache hit)
1029 silly packumentCache full:https://registry.npmjs.org/babel-plugin-react-native-web set size:325655 disposed:false
1030 silly fetch manifest @babel/plugin-proposal-export-default-from@^7.24.7
1031 silly packumentCache full:https://registry.npmjs.org/@babel%2fplugin-proposal-export-default-from cache-miss
1032 http cache https://registry.npmjs.org/babel-plugin-transform-flow-enums 18ms (cache hit)
1033 silly packumentCache full:https://registry.npmjs.org/babel-plugin-transform-flow-enums set size:8046 disposed:false
1034 silly fetch manifest @babel/plugin-transform-class-static-block@^7.27.1
1035 silly packumentCache full:https://registry.npmjs.org/@babel%2fplugin-transform-class-static-block cache-miss
1036 http cache https://registry.npmjs.org/@babel%2fplugin-transform-private-methods 12ms (cache hit)
1037 silly packumentCache full:https://registry.npmjs.org/@babel%2fplugin-transform-private-methods set size:91777 disposed:false
1038 silly fetch manifest @babel/plugin-transform-object-rest-spread@^7.24.7
1039 silly packumentCache full:https://registry.npmjs.org/@babel%2fplugin-transform-object-rest-spread cache-miss
1040 http cache https://registry.npmjs.org/@babel%2fplugin-transform-parameters 20ms (cache hit)
1041 silly packumentCache full:https://registry.npmjs.org/@babel%2fplugin-transform-parameters set size:282283 disposed:false
1042 silly fetch manifest @babel/plugin-transform-export-namespace-from@^7.25.9
1043 silly packumentCache full:https://registry.npmjs.org/@babel%2fplugin-transform-export-namespace-from cache-miss
1044 http cache https://registry.npmjs.org/@babel%2fplugin-syntax-export-default-from 13ms (cache hit)
1045 silly packumentCache full:https://registry.npmjs.org/@babel%2fplugin-syntax-export-default-from set size:195220 disposed:false
1046 silly fetch manifest @babel/plugin-transform-private-property-in-object@^7.24.7
1047 silly packumentCache full:https://registry.npmjs.org/@babel%2fplugin-transform-private-property-in-object cache-miss
1048 http cache https://registry.npmjs.org/@babel%2fplugin-transform-flow-strip-types 12ms (cache hit)
1049 silly packumentCache full:https://registry.npmjs.org/@babel%2fplugin-transform-flow-strip-types set size:254815 disposed:false
1050 silly fetch manifest @expo/env@~2.0.8
1051 silly packumentCache full:https://registry.npmjs.org/@expo%2fenv cache-hit
1052 silly fetch manifest commander@^7.2.0
1053 silly packumentCache full:https://registry.npmjs.org/commander cache-hit
1054 silly fetch manifest react-is@^18.0.0
1055 silly packumentCache full:https://registry.npmjs.org/react-is cache-miss
1056 http cache https://registry.npmjs.org/@babel%2fplugin-transform-modules-commonjs 10ms (cache hit)
1057 silly packumentCache full:https://registry.npmjs.org/@babel%2fplugin-transform-modules-commonjs set size:313445 disposed:false
1058 silly fetch manifest ansi-styles@^5.0.0
1059 silly packumentCache full:https://registry.npmjs.org/ansi-styles cache-miss
1060 http cache https://registry.npmjs.org/@babel%2fplugin-transform-class-static-block 11ms (cache hit)
1061 silly packumentCache full:https://registry.npmjs.org/@babel%2fplugin-transform-class-static-block set size:109709 disposed:false
1062 silly fetch manifest @jest/schemas@^29.6.3
1063 silly packumentCache full:https://registry.npmjs.org/@jest%2fschemas cache-miss
1064 http cache https://registry.npmjs.org/@babel%2fplugin-proposal-export-default-from 12ms (cache hit)
1065 silly packumentCache full:https://registry.npmjs.org/@babel%2fplugin-proposal-export-default-from set size:217537 disposed:false
1066 silly fetch manifest buffer@^5.4.3
1067 silly packumentCache full:https://registry.npmjs.org/buffer cache-miss
1068 http cache https://registry.npmjs.org/@babel%2fplugin-transform-object-rest-spread 11ms (cache hit)
1069 silly packumentCache full:https://registry.npmjs.org/@babel%2fplugin-transform-object-rest-spread set size:118192 disposed:false
1070 silly fetch manifest punycode@^2.1.1
1071 silly packumentCache full:https://registry.npmjs.org/punycode cache-miss
1072 http cache https://registry.npmjs.org/@babel%2fplugin-transform-export-namespace-from 10ms (cache hit)
1073 silly packumentCache full:https://registry.npmjs.org/@babel%2fplugin-transform-export-namespace-from set size:93020 disposed:false
1074 silly fetch manifest webidl-conversions@^5.0.0
1075 silly packumentCache full:https://registry.npmjs.org/webidl-conversions cache-miss
1076 http cache https://registry.npmjs.org/react-is 11ms (cache hit)
1077 silly packumentCache full:https://registry.npmjs.org/react-is set size:5569825 disposed:false
1078 http cache https://registry.npmjs.org/@babel%2fplugin-transform-private-property-in-object 33ms (cache hit)
1079 silly packumentCache full:https://registry.npmjs.org/@babel%2fplugin-transform-private-property-in-object set size:105192 disposed:false
1080 http cache https://registry.npmjs.org/ansi-styles 30ms (cache hit)
1081 silly packumentCache full:https://registry.npmjs.org/ansi-styles set size:71772 disposed:false
1082 http cache https://registry.npmjs.org/buffer 31ms (cache hit)
1083 silly packumentCache full:https://registry.npmjs.org/buffer set size:280480 disposed:false
1084 http cache https://registry.npmjs.org/@jest%2fschemas 33ms (cache hit)
1085 silly packumentCache full:https://registry.npmjs.org/@jest%2fschemas set size:72050 disposed:false
1086 http cache https://registry.npmjs.org/webidl-conversions 29ms (cache hit)
1087 silly packumentCache full:https://registry.npmjs.org/webidl-conversions set size:46073 disposed:false
1088 http cache https://registry.npmjs.org/punycode 30ms (cache hit)
1089 silly packumentCache full:https://registry.npmjs.org/punycode set size:61278 disposed:false
1090 silly placeDep ROOT @babel/code-frame@7.10.4 OK for: @expo/config@12.0.14 want: ~7.10.4
1091 silly placeDep ROOT @expo/config-types@54.0.10 OK for: @expo/config@12.0.14 want: ^54.0.10
1092 silly placeDep ROOT @expo/json-file@10.2.0 OK for: @expo/config@12.0.14 want: ^10.0.16
1093 silly placeDep ROOT deepmerge@4.3.1 OK for: @expo/config@12.0.14 want: ^4.3.1
1094 silly placeDep ROOT getenv@2.0.0 OK for: @expo/config@12.0.14 want: ^2.0.0
1095 silly placeDep ROOT glob@13.0.6 OK for: @expo/config@12.0.14 want: ^13.0.0
1096 silly placeDep ROOT require-from-string@2.0.2 OK for: @expo/config@12.0.14 want: ^2.0.2
1097 silly placeDep ROOT resolve-from@5.0.0 OK for: @expo/config@12.0.14 want: ^5.0.0
1098 silly placeDep ROOT resolve-workspace-root@2.0.1 OK for: @expo/config@12.0.14 want: ^2.0.0
1099 silly placeDep ROOT semver@7.8.5 OK for: @expo/config@12.0.14 want: ^7.6.0
1100 silly placeDep ROOT slugify@1.6.9 OK for: @expo/config@12.0.14 want: ^1.3.4
1101 silly placeDep ROOT sucrase@3.35.1 OK for: @expo/config@12.0.14 want: ~3.35.1
1102 silly fetch manifest @babel/highlight@^7.10.4
1103 silly packumentCache full:https://registry.npmjs.org/@babel%2fhighlight cache-miss
1104 silly fetch manifest json5@^2.2.3
1105 silly packumentCache full:https://registry.npmjs.org/json5 cache-miss
1106 silly fetch manifest minipass@^7.1.3
1107 silly packumentCache full:https://registry.npmjs.org/minipass cache-miss
1108 silly fetch manifest path-scurry@^2.0.2
1109 silly packumentCache full:https://registry.npmjs.org/path-scurry cache-miss
1110 silly fetch manifest @jridgewell/gen-mapping@^0.3.2
1111 silly packumentCache full:https://registry.npmjs.org/@jridgewell%2fgen-mapping cache-miss
1112 silly fetch manifest commander@^4.0.0
1113 silly packumentCache full:https://registry.npmjs.org/commander cache-hit
1114 silly fetch manifest lines-and-columns@^1.1.6
1115 silly packumentCache full:https://registry.npmjs.org/lines-and-columns cache-miss
1116 silly fetch manifest mz@^2.7.0
1117 silly packumentCache full:https://registry.npmjs.org/mz cache-miss
1118 http cache https://registry.npmjs.org/mz 3ms (cache hit)
1119 silly packumentCache full:https://registry.npmjs.org/mz set size:42731 disposed:false
1120 silly fetch manifest pirates@^4.0.1
1121 silly packumentCache full:https://registry.npmjs.org/pirates cache-miss
1122 http cache https://registry.npmjs.org/lines-and-columns 4ms (cache hit)
1123 silly packumentCache full:https://registry.npmjs.org/lines-and-columns set size:73796 disposed:false
1124 silly fetch manifest tinyglobby@^0.2.11
1125 silly packumentCache full:https://registry.npmjs.org/tinyglobby cache-miss
1126 http cache https://registry.npmjs.org/path-scurry 6ms (cache hit)
1127 silly packumentCache full:https://registry.npmjs.org/path-scurry set size:117612 disposed:false
1128 silly fetch manifest ts-interface-checker@^0.1.9
1129 silly packumentCache full:https://registry.npmjs.org/ts-interface-checker cache-miss
1130 http cache https://registry.npmjs.org/json5 7ms (cache hit)
1131 silly packumentCache full:https://registry.npmjs.org/json5 set size:86136 disposed:false
1132 http cache https://registry.npmjs.org/minipass 7ms (cache hit)
1133 silly packumentCache full:https://registry.npmjs.org/minipass set size:276925 disposed:false
1134 http cache https://registry.npmjs.org/@jridgewell%2fgen-mapping 9ms (cache hit)
1135 silly packumentCache full:https://registry.npmjs.org/@jridgewell%2fgen-mapping set size:75941 disposed:false
1136 http cache https://registry.npmjs.org/@babel%2fhighlight 10ms (cache hit)
1137 silly packumentCache full:https://registry.npmjs.org/@babel%2fhighlight set size:154219 disposed:false
1138 http cache https://registry.npmjs.org/ts-interface-checker 6ms (cache hit)
1139 silly packumentCache full:https://registry.npmjs.org/ts-interface-checker set size:58946 disposed:false
1140 http cache https://registry.npmjs.org/pirates 8ms (cache hit)
1141 silly packumentCache full:https://registry.npmjs.org/pirates set size:51327 disposed:false
1142 http cache https://registry.npmjs.org/tinyglobby 7ms (cache hit)
1143 silly packumentCache full:https://registry.npmjs.org/tinyglobby set size:54291 disposed:false
1144 silly placeDep ROOT @babel/highlight@7.25.9 OK for: @babel/code-frame@7.10.4 want: ^7.10.4
1145 silly fetch manifest @babel/helper-validator-identifier@^7.25.9
1146 silly packumentCache full:https://registry.npmjs.org/@babel%2fhelper-validator-identifier cache-miss
1147 silly fetch manifest chalk@^2.4.2
1148 silly packumentCache full:https://registry.npmjs.org/chalk cache-hit
1149 silly fetch manifest js-tokens@^4.0.0
1150 silly packumentCache full:https://registry.npmjs.org/js-tokens cache-miss
1151 silly fetch manifest picocolors@^1.0.0
1152 silly packumentCache full:https://registry.npmjs.org/picocolors cache-miss
1153 http cache https://registry.npmjs.org/js-tokens 1ms (cache hit)
1154 silly packumentCache full:https://registry.npmjs.org/js-tokens set size:41947 disposed:false
1155 http cache https://registry.npmjs.org/@babel%2fhelper-validator-identifier 3ms (cache hit)
1156 silly packumentCache full:https://registry.npmjs.org/@babel%2fhelper-validator-identifier set size:130133 disposed:false
1157 http cache https://registry.npmjs.org/picocolors 3ms (cache hit)
1158 silly packumentCache full:https://registry.npmjs.org/picocolors set size:16648 disposed:false
1159 silly placeDep ROOT @babel/helper-validator-identifier@7.29.7 OK for: @babel/highlight@7.25.9 want: ^7.25.9
1160 silly placeDep ROOT chalk@2.4.2 OK for: @babel/highlight@7.25.9 want: ^2.4.2
1161 silly placeDep ROOT js-tokens@4.0.0 OK for: @babel/highlight@7.25.9 want: ^4.0.0
1162 silly placeDep ROOT picocolors@1.1.1 OK for: @babel/highlight@7.25.9 want: ^1.0.0
1163 silly fetch manifest ansi-styles@^3.2.1
1164 silly packumentCache full:https://registry.npmjs.org/ansi-styles cache-hit
1165 silly fetch manifest supports-color@^5.3.0
1166 silly packumentCache full:https://registry.npmjs.org/supports-color cache-miss
1167 silly fetch manifest escape-string-regexp@^1.0.5
1168 silly packumentCache full:https://registry.npmjs.org/escape-string-regexp cache-hit
1169 http cache https://registry.npmjs.org/supports-color 2ms (cache hit)
1170 silly packumentCache full:https://registry.npmjs.org/supports-color set size:124169 disposed:false
1171 silly placeDep node_modules/@expo/config-plugins @expo/json-file@10.0.16 OK for: @expo/config-plugins@54.0.5 want: ~10.0.16
1172 silly placeDep ROOT @expo/plist@0.4.9 OK for: @expo/config-plugins@54.0.5 want: ^0.4.9
1173 silly placeDep ROOT @expo/sdk-runtime-versions@1.0.0 OK for: @expo/config-plugins@54.0.5 want: ^1.0.0
1174 silly placeDep node_modules/@expo/config-plugins chalk@4.1.2 OK for: @expo/config-plugins@54.0.5 want: ^4.1.2
1175 silly placeDep ROOT debug@4.4.3 OK for: @expo/config-plugins@54.0.5 want: ^4.3.5
1176 silly placeDep ROOT slash@3.0.0 OK for: @expo/config-plugins@54.0.5 want: ^3.0.0
1177 silly placeDep ROOT xcode@3.0.1 OK for: @expo/config-plugins@54.0.5 want: ^3.0.1
1178 silly placeDep ROOT xml2js@0.6.0 OK for: @expo/config-plugins@54.0.5 want: 0.6.0
1179 silly fetch manifest base64-js@^1.2.3
1180 silly packumentCache full:https://registry.npmjs.org/base64-js cache-hit
1181 silly fetch manifest xmlbuilder@^15.1.1
1182 silly packumentCache full:https://registry.npmjs.org/xmlbuilder cache-miss
1183 silly fetch manifest @xmldom/xmldom@^0.8.8
1184 silly packumentCache full:https://registry.npmjs.org/@xmldom%2fxmldom cache-miss
1185 silly fetch manifest ansi-styles@^4.1.0
1186 silly packumentCache full:https://registry.npmjs.org/ansi-styles cache-hit
1187 silly fetch manifest supports-color@^7.1.0
1188 silly packumentCache full:https://registry.npmjs.org/supports-color cache-hit
1189 silly fetch manifest ms@^2.1.3
1190 silly packumentCache full:https://registry.npmjs.org/ms cache-miss
1191 silly fetch manifest uuid@^7.0.3
1192 silly packumentCache full:https://registry.npmjs.org/uuid cache-miss
1193 silly fetch manifest simple-plist@^1.1.0
1194 silly packumentCache full:https://registry.npmjs.org/simple-plist cache-miss
1195 silly fetch manifest sax@>=0.6.0
1196 silly packumentCache full:https://registry.npmjs.org/sax cache-miss
1197 silly fetch manifest xmlbuilder@~11.0.0
1198 silly packumentCache full:https://registry.npmjs.org/xmlbuilder cache-miss
1199 http cache https://registry.npmjs.org/simple-plist 4ms (cache hit)
1200 silly packumentCache full:https://registry.npmjs.org/simple-plist set size:46135 disposed:false
1201 http cache https://registry.npmjs.org/@xmldom%2fxmldom 6ms (cache hit)
1202 silly packumentCache full:https://registry.npmjs.org/@xmldom%2fxmldom set size:166253 disposed:false
1203 http cache https://registry.npmjs.org/xmlbuilder 7ms (cache hit)
1204 silly packumentCache full:https://registry.npmjs.org/xmlbuilder set size:158707 disposed:false
1205 http cache https://registry.npmjs.org/sax 7ms (cache hit)
1206 silly packumentCache full:https://registry.npmjs.org/sax set size:92982 disposed:false
1207 http cache https://registry.npmjs.org/ms 8ms (cache hit)
1208 silly packumentCache full:https://registry.npmjs.org/ms set size:92208 disposed:false
1209 http cache https://registry.npmjs.org/xmlbuilder 8ms (cache hit)
1210 silly packumentCache full:https://registry.npmjs.org/xmlbuilder set size:158707 disposed:false
1211 silly packumentCache full:https://registry.npmjs.org/xmlbuilder dispose
1212 http cache https://registry.npmjs.org/uuid 10ms (cache hit)
1213 silly packumentCache full:https://registry.npmjs.org/uuid set size:256419 disposed:false
1214 silly placeDep node_modules/@expo/devtools chalk@4.1.2 OK for: @expo/devtools@0.1.8 want: ^4.1.2
1215 silly placeDep ROOT @expo/spawn-async@1.8.0 OK for: @expo/fingerprint@0.15.5 want: ^1.7.2
1216 silly placeDep ROOT arg@5.0.2 OK for: @expo/fingerprint@0.15.5 want: ^5.0.2
1217 silly placeDep node_modules/@expo/fingerprint chalk@4.1.2 OK for: @expo/fingerprint@0.15.5 want: ^4.1.2
1218 silly placeDep ROOT ignore@5.3.2 OK for: @expo/fingerprint@0.15.5 want: ^5.3.1
1219 silly placeDep ROOT minimatch@10.2.6 OK for: @expo/fingerprint@0.15.5 want: ^10.2.2
1220 silly placeDep ROOT p-limit@3.1.0 OK for: @expo/fingerprint@0.15.5 want: ^3.1.0
1221 silly fetch manifest cross-spawn@^7.0.6
1222 silly packumentCache full:https://registry.npmjs.org/cross-spawn cache-miss
1223 silly fetch manifest brace-expansion@^5.0.8
1224 silly packumentCache full:https://registry.npmjs.org/brace-expansion cache-miss
1225 silly fetch manifest yocto-queue@^0.1.0
1226 silly packumentCache full:https://registry.npmjs.org/yocto-queue cache-miss
1227 http cache https://registry.npmjs.org/yocto-queue 2ms (cache hit)
1228 silly packumentCache full:https://registry.npmjs.org/yocto-queue set size:20256 disposed:false
1229 http cache https://registry.npmjs.org/cross-spawn 2ms (cache hit)
1230 silly packumentCache full:https://registry.npmjs.org/cross-spawn set size:109066 disposed:false
1231 http cache https://registry.npmjs.org/brace-expansion 4ms (cache hit)
1232 silly packumentCache full:https://registry.npmjs.org/brace-expansion set size:101024 disposed:false
1233 silly placeDep node_modules/@expo/json-file @babel/code-frame@7.29.7 OK for: @expo/json-file@10.2.0 want: ^7.20.0
1234 silly placeDep ROOT json5@2.2.3 OK for: @expo/json-file@10.2.0 want: ^2.2.3
1235 silly placeDep ROOT metro@0.83.3 OK for: @expo/metro@54.2.0 want: 0.83.3
1236 silly placeDep ROOT metro-babel-transformer@0.83.3 OK for: @expo/metro@54.2.0 want: 0.83.3
1237 silly placeDep ROOT metro-cache@0.83.3 OK for: @expo/metro@54.2.0 want: 0.83.3
1238 silly placeDep ROOT metro-cache-key@0.83.3 OK for: @expo/metro@54.2.0 want: 0.83.3
1239 silly placeDep ROOT metro-config@0.83.3 OK for: @expo/metro@54.2.0 want: 0.83.3
1240 silly placeDep ROOT metro-core@0.83.3 OK for: @expo/metro@54.2.0 want: 0.83.3
1241 silly placeDep ROOT metro-file-map@0.83.3 OK for: @expo/metro@54.2.0 want: 0.83.3
1242 silly placeDep ROOT metro-minify-terser@0.83.3 OK for: @expo/metro@54.2.0 want: 0.83.3
1243 silly placeDep ROOT metro-resolver@0.83.3 OK for: @expo/metro@54.2.0 want: 0.83.3
1244 silly placeDep ROOT metro-runtime@0.83.3 OK for: @expo/metro@54.2.0 want: 0.83.3
1245 silly placeDep ROOT metro-source-map@0.83.3 OK for: @expo/metro@54.2.0 want: 0.83.3
1246 silly placeDep ROOT metro-symbolicate@0.83.3 OK for: @expo/metro@54.2.0 want: 0.83.3
1247 silly placeDep ROOT metro-transform-plugins@0.83.3 OK for: @expo/metro@54.2.0 want: 0.83.3
1248 silly placeDep ROOT metro-transform-worker@0.83.3 OK for: @expo/metro@54.2.0 want: 0.83.3
1249 silly fetch manifest ws@^7.5.10
1250 silly packumentCache full:https://registry.npmjs.org/ws cache-hit
1251 silly fetch manifest throat@^5.0.0
1252 silly packumentCache full:https://registry.npmjs.org/throat cache-miss
1253 silly fetch manifest accepts@^1.3.7
1254 silly packumentCache full:https://registry.npmjs.org/accepts cache-hit
1255 silly fetch manifest ci-info@^2.0.0
1256 silly packumentCache full:https://registry.npmjs.org/ci-info cache-hit
1257 silly fetch manifest connect@^3.6.5
1258 silly packumentCache full:https://registry.npmjs.org/connect cache-hit
1259 silly fetch manifest image-size@^1.0.2
1260 silly packumentCache full:https://registry.npmjs.org/image-size cache-miss
1261 silly fetch manifest mime-types@^2.1.27
1262 silly packumentCache full:https://registry.npmjs.org/mime-types cache-miss
1263 silly fetch manifest source-map@^0.5.6
1264 silly packumentCache full:https://registry.npmjs.org/source-map cache-miss
1265 silly fetch manifest @babel/core@^7.25.2
1266 silly packumentCache full:https://registry.npmjs.org/@babel%2fcore cache-hit
1267 silly fetch manifest graceful-fs@^4.2.4
1268 silly packumentCache full:https://registry.npmjs.org/graceful-fs cache-miss
1269 silly fetch manifest jest-worker@^29.7.0
1270 silly packumentCache full:https://registry.npmjs.org/jest-worker cache-miss
1271 silly fetch manifest @babel/types@^7.25.2
1272 silly packumentCache full:https://registry.npmjs.org/@babel%2ftypes cache-miss
1273 http cache https://registry.npmjs.org/throat 4ms (cache hit)
1274 silly packumentCache full:https://registry.npmjs.org/throat set size:31052 disposed:false
1275 silly fetch manifest jsc-safe-url@^0.2.2
1276 silly packumentCache full:https://registry.npmjs.org/jsc-safe-url cache-hit
1277 silly fetch manifest @babel/parser@^7.25.3
1278 silly packumentCache full:https://registry.npmjs.org/@babel%2fparser cache-miss
1279 http cache https://registry.npmjs.org/image-size 5ms (cache hit)
1280 silly packumentCache full:https://registry.npmjs.org/image-size set size:155542 disposed:false
1281 silly fetch manifest hermes-parser@0.32.0
1282 silly packumentCache full:https://registry.npmjs.org/hermes-parser cache-hit
1283 silly fetch manifest @babel/template@^7.25.0
1284 silly packumentCache full:https://registry.npmjs.org/@babel%2ftemplate cache-miss
1285 http cache https://registry.npmjs.org/graceful-fs 5ms (cache hit)
1286 silly packumentCache full:https://registry.npmjs.org/graceful-fs set size:124285 disposed:false
1287 silly fetch manifest @babel/traverse@^7.25.3
1288 silly packumentCache full:https://registry.npmjs.org/@babel%2ftraverse cache-miss
1289 http cache https://registry.npmjs.org/source-map 6ms (cache hit)
1290 silly packumentCache full:https://registry.npmjs.org/source-map set size:231637 disposed:false
1291 silly fetch manifest lodash.throttle@^4.1.1
1292 silly packumentCache full:https://registry.npmjs.org/lodash.throttle cache-miss
1293 http cache https://registry.npmjs.org/jest-worker 9ms (cache hit)
1294 silly packumentCache full:https://registry.npmjs.org/jest-worker set size:466737 disposed:false
1295 silly fetch manifest serialize-error@^2.1.0
1296 silly packumentCache full:https://registry.npmjs.org/serialize-error cache-miss
1297 http cache https://registry.npmjs.org/mime-types 12ms (cache hit)
1298 silly packumentCache full:https://registry.npmjs.org/mime-types set size:139110 disposed:false
1299 silly fetch manifest @babel/generator@^7.25.0
1300 silly packumentCache full:https://registry.npmjs.org/@babel%2fgenerator cache-hit
1301 silly fetch manifest @babel/code-frame@^7.24.7
1302 silly packumentCache full:https://registry.npmjs.org/@babel%2fcode-frame cache-hit
1303 silly fetch manifest error-stack-parser@^2.0.6
1304 silly packumentCache full:https://registry.npmjs.org/error-stack-parser cache-miss
1305 http cache https://registry.npmjs.org/@babel%2ftypes 13ms (cache hit)
1306 silly packumentCache full:https://registry.npmjs.org/@babel%2ftypes set size:502938 disposed:false
1307 silly fetch manifest https-proxy-agent@^7.0.5
1308 silly packumentCache full:https://registry.npmjs.org/https-proxy-agent cache-miss
1309 http cache https://registry.npmjs.org/@babel%2fparser 16ms (cache hit)
1310 silly packumentCache full:https://registry.npmjs.org/@babel%2fparser set size:737961 disposed:false
1311 silly fetch manifest exponential-backoff@^3.1.1
1312 silly packumentCache full:https://registry.npmjs.org/exponential-backoff cache-miss
1313 http cache https://registry.npmjs.org/lodash.throttle 14ms (cache hit)
1314 silly packumentCache full:https://registry.npmjs.org/lodash.throttle set size:32799 disposed:false
1315 silly fetch manifest yaml@^2.6.1
1316 silly packumentCache full:https://registry.npmjs.org/yaml cache-miss
1317 http cache https://registry.npmjs.org/@babel%2ftemplate 18ms (cache hit)
1318 silly packumentCache full:https://registry.npmjs.org/@babel%2ftemplate set size:237074 disposed:false
1319 silly fetch manifest jest-validate@^29.7.0
1320 silly packumentCache full:https://registry.npmjs.org/jest-validate cache-miss
1321 http cache https://registry.npmjs.org/@babel%2ftraverse 19ms (cache hit)
1322 silly packumentCache full:https://registry.npmjs.org/@babel%2ftraverse set size:564759 disposed:false
1323 silly fetch manifest walker@^1.0.7
1324 silly packumentCache full:https://registry.npmjs.org/walker cache-miss
1325 http cache https://registry.npmjs.org/error-stack-parser 14ms (cache hit)
1326 silly packumentCache full:https://registry.npmjs.org/error-stack-parser set size:89379 disposed:false
1327 silly fetch manifest micromatch@^4.0.4
1328 silly packumentCache full:https://registry.npmjs.org/micromatch cache-miss
1329 http cache https://registry.npmjs.org/serialize-error 17ms (cache hit)
1330 silly packumentCache full:https://registry.npmjs.org/serialize-error set size:64056 disposed:false
1331 silly fetch manifest fb-watchman@^2.0.0
1332 silly packumentCache full:https://registry.npmjs.org/fb-watchman cache-miss
1333 http cache https://registry.npmjs.org/https-proxy-agent 13ms (cache hit)
1334 silly packumentCache full:https://registry.npmjs.org/https-proxy-agent set size:83792 disposed:false
1335 silly fetch manifest terser@^5.15.0
1336 silly packumentCache full:https://registry.npmjs.org/terser cache-miss
1337 http cache https://registry.npmjs.org/exponential-backoff 10ms (cache hit)
1338 silly packumentCache full:https://registry.npmjs.org/exponential-backoff set size:55896 disposed:false
1339 silly fetch manifest ob1@0.83.3
1340 silly packumentCache full:https://registry.npmjs.org/ob1 cache-miss
1341 http cache https://registry.npmjs.org/walker 7ms (cache hit)
1342 silly packumentCache full:https://registry.npmjs.org/walker set size:16077 disposed:false
1343 silly fetch manifest vlq@^1.0.0
1344 silly packumentCache full:https://registry.npmjs.org/vlq cache-miss
1345 http cache https://registry.npmjs.org/yaml 12ms (cache hit)
1346 silly packumentCache full:https://registry.npmjs.org/yaml set size:385754 disposed:false
1347 silly fetch manifest @babel/traverse--for-generate-function-map@npm:@babel/traverse@^7.25.3
1348 silly packumentCache full:https://registry.npmjs.org/@babel%2ftraverse cache-hit
1349 silly fetch manifest vlq@^1.0.0
1350 silly packumentCache full:https://registry.npmjs.org/vlq cache-miss
1351 http cache https://registry.npmjs.org/micromatch 9ms (cache hit)
1352 silly packumentCache full:https://registry.npmjs.org/micromatch set size:240630 disposed:false
1353 http cache https://registry.npmjs.org/jest-validate 16ms (cache hit)
1354 silly packumentCache full:https://registry.npmjs.org/jest-validate set size:567910 disposed:false
1355 http cache https://registry.npmjs.org/terser 13ms (cache hit)
1356 silly packumentCache full:https://registry.npmjs.org/terser set size:813805 disposed:false
1357 http cache https://registry.npmjs.org/fb-watchman 20ms (cache hit)
1358 silly packumentCache full:https://registry.npmjs.org/fb-watchman set size:28064 disposed:false
1359 http cache https://registry.npmjs.org/vlq 13ms (cache hit)
1360 silly packumentCache full:https://registry.npmjs.org/vlq set size:23110 disposed:false
1361 http cache https://registry.npmjs.org/ob1 18ms (cache hit)
1362 silly packumentCache full:https://registry.npmjs.org/ob1 set size:227968 disposed:false
1363 http cache https://registry.npmjs.org/vlq 17ms (cache hit)
1364 silly packumentCache full:https://registry.npmjs.org/vlq set size:23110 disposed:false
1365 silly packumentCache full:https://registry.npmjs.org/vlq dispose
1366 silly placeDep ROOT @xmldom/xmldom@0.8.13 OK for: @expo/plist@0.4.9 want: ^0.8.8
1367 silly placeDep ROOT base64-js@1.5.1 OK for: @expo/plist@0.4.9 want: ^1.2.3
1368 silly placeDep ROOT xmlbuilder@15.1.1 OK for: @expo/plist@0.4.9 want: ^15.1.1
1369 silly placeDep ROOT cross-spawn@7.0.6 OK for: @expo/spawn-async@1.8.0 want: ^7.0.6
1370 silly fetch manifest which@^2.0.1
1371 silly packumentCache full:https://registry.npmjs.org/which cache-miss
1372 silly fetch manifest path-key@^3.1.0
1373 silly packumentCache full:https://registry.npmjs.org/path-key cache-miss
1374 silly fetch manifest shebang-command@^2.0.0
1375 silly packumentCache full:https://registry.npmjs.org/shebang-command cache-miss
1376 http cache https://registry.npmjs.org/shebang-command 2ms (cache hit)
1377 silly packumentCache full:https://registry.npmjs.org/shebang-command set size:8525 disposed:false
1378 http cache https://registry.npmjs.org/path-key 2ms (cache hit)
1379 silly packumentCache full:https://registry.npmjs.org/path-key set size:16975 disposed:false
1380 http cache https://registry.npmjs.org/which 2ms (cache hit)
1381 silly packumentCache full:https://registry.npmjs.org/which set size:70087 disposed:false
1382 silly placeDep ROOT ansi-styles@3.2.1 OK for: chalk@2.4.2 want: ^3.2.1
1383 silly placeDep node_modules/chalk escape-string-regexp@1.0.5 OK for: chalk@2.4.2 want: ^1.0.5
1384 silly placeDep ROOT supports-color@5.5.0 OK for: chalk@2.4.2 want: ^5.3.0
1385 silly fetch manifest color-convert@^1.9.0
1386 silly packumentCache full:https://registry.npmjs.org/color-convert cache-hit
1387 silly fetch manifest has-flag@^3.0.0
1388 silly packumentCache full:https://registry.npmjs.org/has-flag cache-miss
1389 http cache https://registry.npmjs.org/has-flag 4ms (cache hit)
1390 silly packumentCache full:https://registry.npmjs.org/has-flag set size:15180 disposed:false
1391 silly placeDep node_modules/ansi-styles color-convert@1.9.3 OK for: ansi-styles@3.2.1 want: ^1.9.0
1392 silly fetch manifest color-name@1.1.3
1393 silly packumentCache full:https://registry.npmjs.org/color-name cache-hit
1394 silly placeDep ROOT path-key@3.1.1 OK for: cross-spawn@7.0.6 want: ^3.1.0
1395 silly placeDep ROOT shebang-command@2.0.0 OK for: cross-spawn@7.0.6 want: ^2.0.0
1396 silly placeDep ROOT which@2.0.2 OK for: cross-spawn@7.0.6 want: ^2.0.1
1397 silly fetch manifest shebang-regex@^3.0.0
1398 silly packumentCache full:https://registry.npmjs.org/shebang-regex cache-miss
1399 silly fetch manifest isexe@^2.0.0
1400 silly packumentCache full:https://registry.npmjs.org/isexe cache-miss
1401 http cache https://registry.npmjs.org/shebang-regex 1ms (cache hit)
1402 silly packumentCache full:https://registry.npmjs.org/shebang-regex set size:9763 disposed:false
1403 http cache https://registry.npmjs.org/isexe 1ms (cache hit)
1404 silly packumentCache full:https://registry.npmjs.org/isexe set size:31756 disposed:false
1405 silly placeDep ROOT ms@2.1.3 OK for: debug@4.4.3 want: ^2.1.3
1406 silly placeDep ROOT fontfaceobserver@2.3.0 OK for: expo-font@14.0.12 want: ^2.1.0
1407 silly placeDep node_modules/expo-modules-autolinking chalk@4.1.2 OK for: expo-modules-autolinking@3.0.26 want: ^4.1.0
1408 silly placeDep ROOT commander@7.2.0 OK for: expo-modules-autolinking@3.0.26 want: ^7.2.0
1409 silly placeDep ROOT invariant@2.2.4 OK for: expo-modules-core@3.0.30 want: ^2.2.4
1410 silly fetch manifest loose-envify@^1.0.0
1411 silly packumentCache full:https://registry.npmjs.org/loose-envify cache-miss
1412 http cache https://registry.npmjs.org/loose-envify 1ms (cache hit)
1413 silly packumentCache full:https://registry.npmjs.org/loose-envify set size:12559 disposed:false
1414 silly placeDep ROOT react-native-is-edge-to-edge@1.3.1 OK for: expo-status-bar@3.0.9 want: ^1.2.1
1415 silly placeDep ROOT minipass@7.1.3 OK for: glob@13.0.6 want: ^7.1.3
1416 silly placeDep ROOT path-scurry@2.0.2 OK for: glob@13.0.6 want: ^2.0.2
1417 silly fetch manifest lru-cache@^11.0.0
1418 silly packumentCache full:https://registry.npmjs.org/lru-cache cache-miss
1419 http cache https://registry.npmjs.org/lru-cache 2ms (cache hit)
1420 silly packumentCache full:https://registry.npmjs.org/lru-cache set size:460407 disposed:false
1421 silly placeDep ROOT loose-envify@1.4.0 OK for: invariant@2.2.4 want: ^1.0.0
1422 silly placeDep ROOT is-plain-obj@2.1.0 OK for: merge-options@3.0.4 want: ^2.1.0
1423 silly fetch manifest bufferutil@^4.0.1
1424 silly packumentCache full:https://registry.npmjs.org/bufferutil cache-miss
1425 http cache https://registry.npmjs.org/bufferutil 2ms (cache hit)
1426 silly packumentCache full:https://registry.npmjs.org/bufferutil set size:52668 disposed:false
1427 silly fetch manifest utf-8-validate@^5.0.2
1428 silly packumentCache full:https://registry.npmjs.org/utf-8-validate cache-miss
1429 http cache https://registry.npmjs.org/utf-8-validate 1ms (cache hit)
1430 silly packumentCache full:https://registry.npmjs.org/utf-8-validate set size:77012 disposed:false
1431 silly placeDep node_modules/metro @babel/code-frame@7.29.7 OK for: metro@0.83.3 want: ^7.24.7
1432 silly placeDep ROOT @babel/core@7.29.7 OK for: metro@0.83.3 want: ^7.25.2
1433 silly placeDep ROOT @babel/generator@7.29.8 OK for: metro@0.83.3 want: ^7.25.0
1434 silly placeDep ROOT @babel/parser@7.29.8 OK for: metro@0.83.3 want: ^7.25.3
1435 silly placeDep ROOT @babel/template@7.29.7 OK for: metro@0.83.3 want: ^7.25.0
1436 silly placeDep ROOT @babel/traverse@7.29.8 OK for: metro@0.83.3 want: ^7.25.3
1437 silly placeDep ROOT @babel/types@7.29.8 OK for: metro@0.83.3 want: ^7.25.2
1438 silly placeDep ROOT accepts@1.3.8 OK for: metro@0.83.3 want: ^1.3.7
1439 silly placeDep node_modules/metro chalk@4.1.2 OK for: metro@0.83.3 want: ^4.0.0
1440 silly placeDep ROOT ci-info@2.0.0 OK for: metro@0.83.3 want: ^2.0.0
1441 silly placeDep ROOT connect@3.7.0 OK for: metro@0.83.3 want: ^3.6.5
1442 silly placeDep ROOT error-stack-parser@2.1.4 OK for: metro@0.83.3 want: ^2.0.6
1443 silly placeDep ROOT flow-enums-runtime@0.0.6 OK for: metro@0.83.3 want: ^0.0.6
1444 silly placeDep ROOT graceful-fs@4.2.11 OK for: metro@0.83.3 want: ^4.2.4
1445 silly placeDep ROOT hermes-parser@0.32.0 OK for: metro@0.83.3 want: 0.32.0
1446 silly placeDep ROOT image-size@1.2.1 OK for: metro@0.83.3 want: ^1.0.2
1447 silly placeDep ROOT jest-worker@29.7.0 OK for: metro@0.83.3 want: ^29.7.0
1448 silly placeDep ROOT jsc-safe-url@0.2.4 OK for: metro@0.83.3 want: ^0.2.2
1449 silly placeDep ROOT lodash.throttle@4.1.1 OK for: metro@0.83.3 want: ^4.1.1
1450 silly placeDep ROOT mime-types@2.1.35 OK for: metro@0.83.3 want: ^2.1.27
1451 silly placeDep ROOT nullthrows@1.1.1 OK for: metro@0.83.3 want: ^1.1.1
1452 silly placeDep ROOT serialize-error@2.1.0 OK for: metro@0.83.3 want: ^2.1.0
1453 silly placeDep ROOT source-map@0.5.7 OK for: metro@0.83.3 want: ^0.5.6
1454 silly placeDep ROOT throat@5.0.0 OK for: metro@0.83.3 want: ^5.0.0
1455 silly placeDep ROOT ws@7.5.13 OK for: metro@0.83.3 want: ^7.5.10
1456 silly placeDep ROOT yargs@17.7.3 OK for: metro@0.83.3 want: ^17.6.2
1457 silly fetch manifest semver@^6.3.1
1458 silly packumentCache full:https://registry.npmjs.org/semver cache-hit
1459 silly fetch manifest gensync@^1.0.0-beta.2
1460 silly packumentCache full:https://registry.npmjs.org/gensync cache-miss
1461 silly fetch manifest @babel/types@^7.29.7
1462 silly packumentCache full:https://registry.npmjs.org/@babel%2ftypes cache-hit
1463 silly fetch manifest @babel/parser@^7.29.7
1464 silly packumentCache full:https://registry.npmjs.org/@babel%2fparser cache-hit
1465 silly fetch manifest @babel/helpers@^7.29.7
1466 silly packumentCache full:https://registry.npmjs.org/@babel%2fhelpers cache-miss
1467 silly fetch manifest @babel/template@^7.29.7
1468 silly packumentCache full:https://registry.npmjs.org/@babel%2ftemplate cache-hit
1469 silly fetch manifest @babel/traverse@^7.29.7
1470 silly packumentCache full:https://registry.npmjs.org/@babel%2ftraverse cache-hit
1471 silly fetch manifest @babel/generator@^7.29.7
1472 silly packumentCache full:https://registry.npmjs.org/@babel%2fgenerator cache-hit
1473 silly fetch manifest @babel/code-frame@^7.29.7
1474 silly packumentCache full:https://registry.npmjs.org/@babel%2fcode-frame cache-hit
1475 silly fetch manifest convert-source-map@^2.0.0
1476 silly packumentCache full:https://registry.npmjs.org/convert-source-map cache-miss
1477 silly fetch manifest @jridgewell/remapping@^2.3.5
1478 silly packumentCache full:https://registry.npmjs.org/@jridgewell%2fremapping cache-miss
1479 silly fetch manifest @babel/helper-module-transforms@^7.29.7
1480 silly packumentCache full:https://registry.npmjs.org/@babel%2fhelper-module-transforms cache-miss
1481 silly fetch manifest @babel/helper-compilation-targets@^7.29.7
1482 silly packumentCache full:https://registry.npmjs.org/@babel%2fhelper-compilation-targets cache-miss
1483 silly fetch manifest jsesc@^3.0.2
1484 silly packumentCache full:https://registry.npmjs.org/jsesc cache-miss
1485 http cache https://registry.npmjs.org/gensync 5ms (cache hit)
1486 silly packumentCache full:https://registry.npmjs.org/gensync set size:15068 disposed:false
1487 silly fetch manifest @babel/types@^7.29.8
1488 silly packumentCache full:https://registry.npmjs.org/@babel%2ftypes cache-hit
1489 silly fetch manifest @babel/parser@^7.29.8
1490 silly packumentCache full:https://registry.npmjs.org/@babel%2fparser cache-hit
1491 silly fetch manifest @jridgewell/gen-mapping@^0.3.12
1492 silly packumentCache full:https://registry.npmjs.org/@jridgewell%2fgen-mapping cache-hit
1493 silly fetch manifest @jridgewell/trace-mapping@^0.3.28
1494 silly packumentCache full:https://registry.npmjs.org/@jridgewell%2ftrace-mapping cache-miss
1495 http cache https://registry.npmjs.org/@jridgewell%2fremapping 8ms (cache hit)
1496 silly packumentCache full:https://registry.npmjs.org/@jridgewell%2fremapping set size:23809 disposed:false
1497 silly fetch manifest @babel/helper-globals@^7.29.7
1498 silly packumentCache full:https://registry.npmjs.org/@babel%2fhelper-globals cache-miss
1499 http cache https://registry.npmjs.org/convert-source-map 8ms (cache hit)
1500 silly packumentCache full:https://registry.npmjs.org/convert-source-map set size:66997 disposed:false
1501 silly fetch manifest @babel/helper-string-parser@^7.29.7
1502 silly packumentCache full:https://registry.npmjs.org/@babel%2fhelper-string-parser cache-miss
1503 http cache https://registry.npmjs.org/@babel%2fhelpers 11ms (cache hit)
1504 silly packumentCache full:https://registry.npmjs.org/@babel%2fhelpers set size:398496 disposed:false
1505 silly fetch manifest mime-types@~2.1.34
1506 silly packumentCache full:https://registry.npmjs.org/mime-types cache-hit
1507 silly fetch manifest negotiator@0.6.3
1508 silly packumentCache full:https://registry.npmjs.org/negotiator cache-miss
1509 http cache https://registry.npmjs.org/@babel%2fhelper-module-transforms 11ms (cache hit)
1510 silly packumentCache full:https://registry.npmjs.org/@babel%2fhelper-module-transforms set size:346454 disposed:false
1511 silly fetch manifest debug@2.6.9
1512 silly packumentCache full:https://registry.npmjs.org/debug cache-hit
1513 silly fetch manifest finalhandler@1.1.2
1514 silly packumentCache full:https://registry.npmjs.org/finalhandler cache-miss
1515 http cache https://registry.npmjs.org/jsesc 12ms (cache hit)
1516 silly packumentCache full:https://registry.npmjs.org/jsesc set size:61512 disposed:false
1517 silly fetch manifest parseurl@~1.3.3
1518 silly packumentCache full:https://registry.npmjs.org/parseurl cache-miss
1519 http cache https://registry.npmjs.org/@babel%2fhelper-compilation-targets 13ms (cache hit)
1520 silly packumentCache full:https://registry.npmjs.org/@babel%2fhelper-compilation-targets set size:229541 disposed:false
1521 silly fetch manifest utils-merge@1.0.1
1522 silly packumentCache full:https://registry.npmjs.org/utils-merge cache-miss
1523 http cache https://registry.npmjs.org/@babel%2fhelper-globals 9ms (cache hit)
1524 silly packumentCache full:https://registry.npmjs.org/@babel%2fhelper-globals set size:25155 disposed:false
1525 silly fetch manifest stackframe@^1.3.4
1526 silly packumentCache full:https://registry.npmjs.org/stackframe cache-miss
1527 http cache https://registry.npmjs.org/@jridgewell%2ftrace-mapping 14ms (cache hit)
1528 silly packumentCache full:https://registry.npmjs.org/@jridgewell%2ftrace-mapping set size:170909 disposed:false
1529 silly fetch manifest hermes-estree@0.32.0
1530 silly packumentCache full:https://registry.npmjs.org/hermes-estree cache-miss
1531 http cache https://registry.npmjs.org/negotiator 9ms (cache hit)
1532 silly packumentCache full:https://registry.npmjs.org/negotiator set size:48046 disposed:false
1533 silly fetch manifest queue@6.0.2
1534 silly packumentCache full:https://registry.npmjs.org/queue cache-miss
1535 http cache https://registry.npmjs.org/@babel%2fhelper-string-parser 11ms (cache hit)
1536 silly packumentCache full:https://registry.npmjs.org/@babel%2fhelper-string-parser set size:91563 disposed:false
1537 silly fetch manifest jest-util@^29.7.0
1538 silly packumentCache full:https://registry.npmjs.org/jest-util cache-miss
1539 http cache https://registry.npmjs.org/finalhandler 8ms (cache hit)
1540 silly packumentCache full:https://registry.npmjs.org/finalhandler set size:79291 disposed:false
1541 silly fetch manifest @types/node@*
1542 silly packumentCache full:https://registry.npmjs.org/@types%2fnode cache-miss
1543 http cache https://registry.npmjs.org/parseurl 9ms (cache hit)
1544 silly packumentCache full:https://registry.npmjs.org/parseurl set size:24148 disposed:false
1545 silly fetch manifest merge-stream@^2.0.0
1546 silly packumentCache full:https://registry.npmjs.org/merge-stream cache-miss
1547 http cache https://registry.npmjs.org/utils-merge 9ms (cache hit)
1548 silly packumentCache full:https://registry.npmjs.org/utils-merge set size:5237 disposed:false
1549 silly fetch manifest supports-color@^8.0.0
1550 silly packumentCache full:https://registry.npmjs.org/supports-color cache-hit
1551 silly fetch manifest mime-db@1.52.0
1552 silly packumentCache full:https://registry.npmjs.org/mime-db cache-miss
1553 http cache https://registry.npmjs.org/stackframe 9ms (cache hit)
1554 silly packumentCache full:https://registry.npmjs.org/stackframe set size:54134 disposed:false
1555 silly fetch manifest y18n@^5.0.5
1556 silly packumentCache full:https://registry.npmjs.org/y18n cache-miss
1557 http cache https://registry.npmjs.org/queue 6ms (cache hit)
1558 silly packumentCache full:https://registry.npmjs.org/queue set size:76287 disposed:false
1559 silly fetch manifest cliui@^8.0.1
1560 silly packumentCache full:https://registry.npmjs.org/cliui cache-miss
1561 http cache https://registry.npmjs.org/hermes-estree 7ms (cache hit)
1562 silly packumentCache full:https://registry.npmjs.org/hermes-estree set size:132569 disposed:false
1563 silly fetch manifest escalade@^3.1.1
1564 silly packumentCache full:https://registry.npmjs.org/escalade cache-miss
1565 http cache https://registry.npmjs.org/merge-stream 6ms (cache hit)
1566 silly packumentCache full:https://registry.npmjs.org/merge-stream set size:22168 disposed:false
1567 silly fetch manifest string-width@^4.2.3
1568 silly packumentCache full:https://registry.npmjs.org/string-width cache-miss
1569 http cache https://registry.npmjs.org/jest-util 7ms (cache hit)
1570 silly packumentCache full:https://registry.npmjs.org/jest-util set size:587891 disposed:false
1571 silly fetch manifest yargs-parser@^21.1.1
1572 silly packumentCache full:https://registry.npmjs.org/yargs-parser cache-miss
1573 http cache https://registry.npmjs.org/mime-db 9ms (cache hit)
1574 silly packumentCache full:https://registry.npmjs.org/mime-db set size:164953 disposed:false
1575 silly fetch manifest get-caller-file@^2.0.5
1576 silly packumentCache full:https://registry.npmjs.org/get-caller-file cache-miss
1577 http cache https://registry.npmjs.org/y18n 9ms (cache hit)
1578 silly packumentCache full:https://registry.npmjs.org/y18n set size:76155 disposed:false
1579 silly fetch manifest require-directory@^2.1.1
1580 silly packumentCache full:https://registry.npmjs.org/require-directory cache-miss
1581 http cache https://registry.npmjs.org/string-width 8ms (cache hit)
1582 silly packumentCache full:https://registry.npmjs.org/string-width set size:72458 disposed:false
1583 http cache https://registry.npmjs.org/escalade 10ms (cache hit)
1584 silly packumentCache full:https://registry.npmjs.org/escalade set size:33724 disposed:false
1585 http cache https://registry.npmjs.org/cliui 10ms (cache hit)
1586 silly packumentCache full:https://registry.npmjs.org/cliui set size:69089 disposed:false
1587 http cache https://registry.npmjs.org/yargs-parser 7ms (cache hit)
1588 silly packumentCache full:https://registry.npmjs.org/yargs-parser set size:238630 disposed:false
1589 http cache https://registry.npmjs.org/@types%2fnode 25ms (cache hit)
1590 silly packumentCache full:https://registry.npmjs.org/@types%2fnode set size:11088606 disposed:false
1591 http cache https://registry.npmjs.org/require-directory 53ms (cache hit)
1592 silly packumentCache full:https://registry.npmjs.org/require-directory set size:26866 disposed:false
1593 http cache https://registry.npmjs.org/get-caller-file 55ms (cache hit)
1594 silly packumentCache full:https://registry.npmjs.org/get-caller-file set size:26456 disposed:false
1595 silly fetch manifest @babel/core@^7.0.0
1596 silly packumentCache full:https://registry.npmjs.org/@babel%2fcore cache-hit
1597 silly placeDep node_modules/@babel/core @babel/code-frame@7.29.7 OK for: @babel/core@7.29.7 want: ^7.29.7
1598 silly placeDep ROOT @babel/helper-compilation-targets@7.29.7 OK for: @babel/core@7.29.7 want: ^7.29.7
1599 silly placeDep ROOT @babel/helper-module-transforms@7.29.7 OK for: @babel/core@7.29.7 want: ^7.29.7
1600 silly placeDep ROOT @babel/helpers@7.29.7 OK for: @babel/core@7.29.7 want: ^7.29.7
1601 silly placeDep ROOT @jridgewell/remapping@2.3.5 OK for: @babel/core@7.29.7 want: ^2.3.5
1602 silly placeDep ROOT convert-source-map@2.0.0 OK for: @babel/core@7.29.7 want: ^2.0.0
1603 silly placeDep ROOT gensync@1.0.0-beta.2 OK for: @babel/core@7.29.7 want: ^1.0.0-beta.2
1604 silly placeDep node_modules/@babel/core semver@6.3.1 OK for: @babel/core@7.29.7 want: ^6.3.1
1605 silly fetch manifest lru-cache@^5.1.1
1606 silly packumentCache full:https://registry.npmjs.org/lru-cache cache-hit
1607 silly fetch manifest browserslist@^4.24.0
1608 silly packumentCache full:https://registry.npmjs.org/browserslist cache-hit
1609 silly fetch manifest @babel/compat-data@^7.29.7
1610 silly packumentCache full:https://registry.npmjs.org/@babel%2fcompat-data cache-miss
1611 silly fetch manifest @babel/helper-validator-option@^7.29.7
1612 silly packumentCache full:https://registry.npmjs.org/@babel%2fhelper-validator-option cache-miss
1613 silly fetch manifest @babel/helper-module-imports@^7.29.7
1614 silly packumentCache full:https://registry.npmjs.org/@babel%2fhelper-module-imports cache-hit
1615 silly fetch manifest @jridgewell/gen-mapping@^0.3.5
1616 silly packumentCache full:https://registry.npmjs.org/@jridgewell%2fgen-mapping cache-hit
1617 silly fetch manifest @jridgewell/trace-mapping@^0.3.24
1618 silly packumentCache full:https://registry.npmjs.org/@jridgewell%2ftrace-mapping cache-hit
1619 http cache https://registry.npmjs.org/@babel%2fhelper-validator-option 4ms (cache hit)
1620 silly packumentCache full:https://registry.npmjs.org/@babel%2fhelper-validator-option set size:101303 disposed:false
1621 http cache https://registry.npmjs.org/@babel%2fcompat-data 5ms (cache hit)
1622 silly packumentCache full:https://registry.npmjs.org/@babel%2fcompat-data set size:318807 disposed:false
1623 silly placeDep ROOT @jridgewell/gen-mapping@0.3.13 OK for: @babel/generator@7.29.8 want: ^0.3.12
1624 silly placeDep ROOT @jridgewell/trace-mapping@0.3.31 OK for: @babel/generator@7.29.8 want: ^0.3.28
1625 silly placeDep ROOT jsesc@3.1.0 OK for: @babel/generator@7.29.8 want: ^3.0.2
1626 silly fetch manifest @jridgewell/sourcemap-codec@^1.5.0
1627 silly packumentCache full:https://registry.npmjs.org/@jridgewell%2fsourcemap-codec cache-miss
1628 silly fetch manifest @jridgewell/resolve-uri@^3.1.0
1629 silly packumentCache full:https://registry.npmjs.org/@jridgewell%2fresolve-uri cache-miss
1630 silly fetch manifest @jridgewell/sourcemap-codec@^1.4.14
1631 silly packumentCache full:https://registry.npmjs.org/@jridgewell%2fsourcemap-codec cache-miss
1632 http cache https://registry.npmjs.org/@jridgewell%2fsourcemap-codec 2ms (cache hit)
1633 silly packumentCache full:https://registry.npmjs.org/@jridgewell%2fsourcemap-codec set size:51856 disposed:false
1634 http cache https://registry.npmjs.org/@jridgewell%2fsourcemap-codec 3ms (cache hit)
1635 silly packumentCache full:https://registry.npmjs.org/@jridgewell%2fsourcemap-codec set size:51856 disposed:false
1636 silly packumentCache full:https://registry.npmjs.org/@jridgewell%2fsourcemap-codec dispose
1637 http cache https://registry.npmjs.org/@jridgewell%2fresolve-uri 4ms (cache hit)
1638 silly packumentCache full:https://registry.npmjs.org/@jridgewell%2fresolve-uri set size:57361 disposed:false
1639 silly placeDep ROOT @babel/compat-data@7.29.7 OK for: @babel/helper-compilation-targets@7.29.7 want: ^7.29.7
1640 silly placeDep ROOT @babel/helper-validator-option@7.29.7 OK for: @babel/helper-compilation-targets@7.29.7 want: ^7.29.7
1641 silly placeDep ROOT browserslist@4.28.8 OK for: @babel/helper-compilation-targets@7.29.7 want: ^4.24.0
1642 silly placeDep ROOT lru-cache@5.1.1 OK for: @babel/helper-compilation-targets@7.29.7 want: ^5.1.1
1643 silly placeDep node_modules/@babel/helper-compilation-targets semver@6.3.1 OK for: @babel/helper-compilation-targets@7.29.7 want: ^6.3.1
1644 silly fetch manifest caniuse-lite@^1.0.30001809
1645 silly packumentCache full:https://registry.npmjs.org/caniuse-lite cache-miss
1646 silly fetch manifest node-releases@^2.0.53
1647 silly packumentCache full:https://registry.npmjs.org/node-releases cache-miss
1648 silly fetch manifest electron-to-chromium@^1.5.402
1649 silly packumentCache full:https://registry.npmjs.org/electron-to-chromium cache-miss
1650 silly fetch manifest update-browserslist-db@^1.3.0
1651 silly packumentCache full:https://registry.npmjs.org/update-browserslist-db cache-miss
1652 silly fetch manifest baseline-browser-mapping@^2.11.12
1653 silly packumentCache full:https://registry.npmjs.org/baseline-browser-mapping cache-miss
1654 silly fetch manifest yallist@^3.0.2
1655 silly packumentCache full:https://registry.npmjs.org/yallist cache-miss
1656 http cache https://registry.npmjs.org/update-browserslist-db 102ms (cache hit)
1657 silly packumentCache full:https://registry.npmjs.org/update-browserslist-db set size:66683 disposed:false
1658 http cache https://registry.npmjs.org/node-releases 106ms (cache hit)
1659 silly packumentCache full:https://registry.npmjs.org/node-releases set size:294065 disposed:false
1660 http cache https://registry.npmjs.org/caniuse-lite 109ms (cache hit)
1661 silly packumentCache full:https://registry.npmjs.org/caniuse-lite set size:2311190 disposed:false
1662 http cache https://registry.npmjs.org/yallist 119ms (cache hit)
1663 silly packumentCache full:https://registry.npmjs.org/yallist set size:34610 disposed:false
1664 http cache https://registry.npmjs.org/baseline-browser-mapping 120ms (cache hit)
1665 silly packumentCache full:https://registry.npmjs.org/baseline-browser-mapping set size:593061 disposed:false
1666 http fetch GET 200 https://registry.npmjs.org/electron-to-chromium 1951ms (cache miss)
1667 silly packumentCache full:https://registry.npmjs.org/electron-to-chromium set size:undefined disposed:false
1668 silly placeDep ROOT @babel/helper-module-imports@7.29.7 OK for: @babel/helper-module-transforms@7.29.7 want: ^7.29.7
1669 silly placeDep node_modules/@babel/template @babel/code-frame@7.29.7 OK for: @babel/template@7.29.7 want: ^7.29.7
1670 silly placeDep node_modules/@babel/traverse @babel/code-frame@7.29.7 OK for: @babel/traverse@7.29.8 want: ^7.29.7
1671 silly placeDep ROOT @babel/helper-globals@7.29.7 OK for: @babel/traverse@7.29.8 want: ^7.29.7
1672 silly placeDep ROOT @babel/helper-string-parser@7.29.7 OK for: @babel/types@7.29.8 want: ^7.29.7
1673 silly placeDep ROOT @jridgewell/sourcemap-codec@1.5.5 OK for: @jridgewell/gen-mapping@0.3.13 want: ^1.5.0
1674 silly placeDep ROOT @jridgewell/resolve-uri@3.1.2 OK for: @jridgewell/trace-mapping@0.3.31 want: ^3.1.0
1675 silly placeDep ROOT negotiator@0.6.3 OK for: accepts@1.3.8 want: 0.6.3
1676 silly fetch manifest browserslist@>= 4.21.0
1677 silly packumentCache full:https://registry.npmjs.org/browserslist cache-hit
1678 silly placeDep ROOT baseline-browser-mapping@2.11.13 OK for: browserslist@4.28.8 want: ^2.11.12
1679 silly placeDep ROOT caniuse-lite@1.0.30001809 OK for: browserslist@4.28.8 want: ^1.0.30001809
1680 silly placeDep ROOT electron-to-chromium@1.5.404 OK for: browserslist@4.28.8 want: ^1.5.402
1681 silly placeDep ROOT node-releases@2.0.53 OK for: browserslist@4.28.8 want: ^2.0.53
1682 silly placeDep ROOT update-browserslist-db@1.3.1 OK for: browserslist@4.28.8 want: ^1.3.0
1683 silly fetch manifest escalade@^3.2.0
1684 silly packumentCache full:https://registry.npmjs.org/escalade cache-hit
1685 silly placeDep node_modules/connect debug@2.6.9 OK for: connect@3.7.0 want: 2.6.9
1686 silly placeDep ROOT finalhandler@1.1.2 OK for: connect@3.7.0 want: 1.1.2
1687 silly placeDep ROOT parseurl@1.3.3 OK for: connect@3.7.0 want: ~1.3.3
1688 silly placeDep ROOT utils-merge@1.0.1 OK for: connect@3.7.0 want: 1.0.1
1689 silly fetch manifest ms@2.0.0
1690 silly packumentCache full:https://registry.npmjs.org/ms cache-hit
1691 silly fetch manifest unpipe@~1.0.0
1692 silly packumentCache full:https://registry.npmjs.org/unpipe cache-miss
1693 silly fetch manifest statuses@~1.5.0
1694 silly packumentCache full:https://registry.npmjs.org/statuses cache-miss
1695 silly fetch manifest encodeurl@~1.0.2
1696 silly packumentCache full:https://registry.npmjs.org/encodeurl cache-miss
1697 silly fetch manifest escape-html@~1.0.3
1698 silly packumentCache full:https://registry.npmjs.org/escape-html cache-miss
1699 silly fetch manifest on-finished@~2.3.0
1700 silly packumentCache full:https://registry.npmjs.org/on-finished cache-miss
1701 http cache https://registry.npmjs.org/escape-html 15ms (cache hit)
1702 silly packumentCache full:https://registry.npmjs.org/escape-html set size:7345 disposed:false
1703 http cache https://registry.npmjs.org/unpipe 16ms (cache hit)
1704 silly packumentCache full:https://registry.npmjs.org/unpipe set size:3609 disposed:false
1705 http cache https://registry.npmjs.org/statuses 17ms (cache hit)
1706 silly packumentCache full:https://registry.npmjs.org/statuses set size:37117 disposed:false
1707 http cache https://registry.npmjs.org/encodeurl 17ms (cache hit)
1708 silly packumentCache full:https://registry.npmjs.org/encodeurl set size:12296 disposed:false
1709 http cache https://registry.npmjs.org/on-finished 17ms (cache hit)
1710 silly packumentCache full:https://registry.npmjs.org/on-finished set size:23212 disposed:false
1711 silly placeDep ROOT stackframe@1.3.4 OK for: error-stack-parser@2.1.4 want: ^1.3.4
1712 silly placeDep node_modules/finalhandler debug@2.6.9 OK for: finalhandler@1.1.2 want: 2.6.9
1713 silly placeDep ROOT encodeurl@1.0.2 OK for: finalhandler@1.1.2 want: ~1.0.2
1714 silly placeDep ROOT escape-html@1.0.3 OK for: finalhandler@1.1.2 want: ~1.0.3
1715 silly placeDep ROOT on-finished@2.3.0 OK for: finalhandler@1.1.2 want: ~2.3.0
1716 silly placeDep ROOT statuses@1.5.0 OK for: finalhandler@1.1.2 want: ~1.5.0
1717 silly placeDep ROOT unpipe@1.0.0 OK for: finalhandler@1.1.2 want: ~1.0.0
1718 silly fetch manifest ee-first@1.1.1
1719 silly packumentCache full:https://registry.npmjs.org/ee-first cache-miss
1720 http cache https://registry.npmjs.org/ee-first 3ms (cache hit)
1721 silly packumentCache full:https://registry.npmjs.org/ee-first set size:15327 disposed:false
1722 silly placeDep ROOT hermes-estree@0.32.0 OK for: hermes-parser@0.32.0 want: 0.32.0
1723 silly placeDep ROOT queue@6.0.2 OK for: image-size@1.2.1 want: 6.0.2
1724 silly fetch manifest inherits@~2.0.3
1725 silly packumentCache full:https://registry.npmjs.org/inherits cache-miss
1726 http cache https://registry.npmjs.org/inherits 10ms (cache hit)
1727 silly packumentCache full:https://registry.npmjs.org/inherits set size:12925 disposed:false
1728 silly placeDep ROOT @types/node@26.2.0 OK for: jest-worker@29.7.0 want: *
1729 silly placeDep ROOT jest-util@29.7.0 OK for: jest-worker@29.7.0 want: ^29.7.0
1730 silly placeDep ROOT merge-stream@2.0.0 OK for: jest-worker@29.7.0 want: ^2.0.0
1731 silly placeDep node_modules/jest-worker supports-color@8.1.1 OK for: jest-worker@29.7.0 want: ^8.0.0
1732 silly fetch manifest undici-types@~8.3.0
1733 silly packumentCache full:https://registry.npmjs.org/undici-types cache-miss
1734 silly fetch manifest ci-info@^3.2.0
1735 silly packumentCache full:https://registry.npmjs.org/ci-info cache-hit
1736 silly fetch manifest picomatch@^2.2.3
1737 silly packumentCache full:https://registry.npmjs.org/picomatch cache-hit
1738 silly fetch manifest @jest/types@^29.6.3
1739 silly packumentCache full:https://registry.npmjs.org/@jest%2ftypes cache-miss
1740 silly fetch manifest has-flag@^4.0.0
1741 silly packumentCache full:https://registry.npmjs.org/has-flag cache-hit
1742 http cache https://registry.npmjs.org/undici-types 7ms (cache hit)
1743 silly packumentCache full:https://registry.npmjs.org/undici-types set size:250438 disposed:false
1744 http fetch GET 200 https://registry.npmjs.org/@jest%2ftypes 138ms (cache miss)
1745 silly packumentCache full:https://registry.npmjs.org/@jest%2ftypes set size:undefined disposed:false
1746 silly placeDep ROOT undici-types@8.3.0 OK for: @types/node@26.2.0 want: ~8.3.0
1747 silly placeDep ROOT @jest/types@29.6.3 OK for: jest-util@29.7.0 want: ^29.6.3
1748 silly placeDep node_modules/jest-util chalk@4.1.2 OK for: jest-util@29.7.0 want: ^4.0.0
1749 silly placeDep node_modules/jest-util ci-info@3.9.0 OK for: jest-util@29.7.0 want: ^3.2.0
1750 silly placeDep ROOT picomatch@2.3.2 OK for: jest-util@29.7.0 want: ^2.2.3
1751 silly fetch manifest @types/yargs@^17.0.8
1752 silly packumentCache full:https://registry.npmjs.org/@types%2fyargs cache-miss
1753 silly fetch manifest @types/istanbul-reports@^3.0.0
1754 silly packumentCache full:https://registry.npmjs.org/@types%2fistanbul-reports cache-miss
1755 silly fetch manifest @types/istanbul-lib-coverage@^2.0.0
1756 silly packumentCache full:https://registry.npmjs.org/@types%2fistanbul-lib-coverage cache-miss
1757 http cache https://registry.npmjs.org/@types%2fistanbul-lib-coverage 6ms (cache hit)
1758 silly packumentCache full:https://registry.npmjs.org/@types%2fistanbul-lib-coverage set size:18110 disposed:false
1759 http cache https://registry.npmjs.org/@types%2fistanbul-reports 7ms (cache hit)
1760 silly packumentCache full:https://registry.npmjs.org/@types%2fistanbul-reports set size:17607 disposed:false
1761 http fetch GET 200 https://registry.npmjs.org/@types%2fyargs 228ms (cache miss)
1762 silly packumentCache full:https://registry.npmjs.org/@types%2fyargs set size:undefined disposed:false
1763 silly placeDep ROOT @jest/schemas@29.6.3 OK for: @jest/types@29.6.3 want: ^29.6.3
1764 silly placeDep ROOT @types/istanbul-lib-coverage@2.0.6 OK for: @jest/types@29.6.3 want: ^2.0.0
1765 silly placeDep ROOT @types/istanbul-reports@3.0.4 OK for: @jest/types@29.6.3 want: ^3.0.0
1766 silly placeDep ROOT @types/yargs@17.0.35 OK for: @jest/types@29.6.3 want: ^17.0.8
1767 silly placeDep node_modules/@jest/types chalk@4.1.2 OK for: @jest/types@29.6.3 want: ^4.0.0
1768 silly fetch manifest @sinclair/typebox@^0.27.8
1769 silly packumentCache full:https://registry.npmjs.org/@sinclair%2ftypebox cache-miss
1770 silly fetch manifest @types/istanbul-lib-report@*
1771 silly packumentCache full:https://registry.npmjs.org/@types%2fistanbul-lib-report cache-miss
1772 silly fetch manifest @types/yargs-parser@*
1773 silly packumentCache full:https://registry.npmjs.org/@types%2fyargs-parser cache-miss
1774 http cache https://registry.npmjs.org/@types%2fyargs-parser 4ms (cache hit)
1775 silly packumentCache full:https://registry.npmjs.org/@types%2fyargs-parser set size:42751 disposed:false
1776 http cache https://registry.npmjs.org/@types%2fistanbul-lib-report 7ms (cache hit)
1777 silly packumentCache full:https://registry.npmjs.org/@types%2fistanbul-lib-report set size:12674 disposed:false
1778 http fetch GET 200 https://registry.npmjs.org/@sinclair%2ftypebox 330ms (cache miss)
1779 silly packumentCache full:https://registry.npmjs.org/@sinclair%2ftypebox set size:undefined disposed:false
1780 silly placeDep ROOT @sinclair/typebox@0.27.12 OK for: @jest/schemas@29.6.3 want: ^0.27.8
1781 silly placeDep ROOT @types/istanbul-lib-report@3.0.3 OK for: @types/istanbul-reports@3.0.4 want: *
1782 silly placeDep ROOT @types/yargs-parser@21.0.3 OK for: @types/yargs@17.0.35 want: *
1783 silly placeDep ROOT yallist@3.1.1 OK for: lru-cache@5.1.1 want: ^3.0.2
1784 silly placeDep ROOT exponential-backoff@3.1.3 OK for: metro-cache@0.83.3 want: ^3.1.1
1785 silly placeDep ROOT https-proxy-agent@7.0.6 OK for: metro-cache@0.83.3 want: ^7.0.5
1786 silly fetch manifest agent-base@^7.1.2
1787 silly packumentCache full:https://registry.npmjs.org/agent-base cache-miss
1788 http fetch GET 200 https://registry.npmjs.org/agent-base 133ms (cache miss)
1789 silly packumentCache full:https://registry.npmjs.org/agent-base set size:undefined disposed:false
1790 silly placeDep ROOT agent-base@7.1.4 OK for: https-proxy-agent@7.0.6 want: ^7.1.2
1791 silly placeDep ROOT jest-validate@29.7.0 OK for: metro-config@0.83.3 want: ^29.7.0
1792 silly placeDep ROOT yaml@2.9.0 OK for: metro-config@0.83.3 want: ^2.6.1
1793 silly fetch manifest leven@^3.1.0
1794 silly packumentCache full:https://registry.npmjs.org/leven cache-miss
1795 silly fetch manifest camelcase@^6.2.0
1796 silly packumentCache full:https://registry.npmjs.org/camelcase cache-miss
1797 silly fetch manifest jest-get-type@^29.6.3
1798 silly packumentCache full:https://registry.npmjs.org/jest-get-type cache-miss
1799 http fetch GET 200 https://registry.npmjs.org/leven 49ms (cache miss)
1800 silly packumentCache full:https://registry.npmjs.org/leven set size:undefined disposed:false
1801 http fetch GET 200 https://registry.npmjs.org/camelcase 246ms (cache miss)
1802 silly packumentCache full:https://registry.npmjs.org/camelcase set size:undefined disposed:false
1803 http fetch GET 200 https://registry.npmjs.org/jest-get-type 252ms (cache miss)
1804 silly packumentCache full:https://registry.npmjs.org/jest-get-type set size:undefined disposed:false
1805 silly placeDep ROOT camelcase@6.3.0 OK for: jest-validate@29.7.0 want: ^6.2.0
1806 silly placeDep node_modules/jest-validate chalk@4.1.2 OK for: jest-validate@29.7.0 want: ^4.0.0
1807 silly placeDep ROOT jest-get-type@29.6.3 OK for: jest-validate@29.7.0 want: ^29.6.3
1808 silly placeDep ROOT leven@3.1.0 OK for: jest-validate@29.7.0 want: ^3.1.0
1809 silly placeDep ROOT fb-watchman@2.0.2 OK for: metro-file-map@0.83.3 want: ^2.0.0
1810 silly placeDep ROOT micromatch@4.0.8 OK for: metro-file-map@0.83.3 want: ^4.0.4
1811 silly placeDep ROOT walker@1.0.8 OK for: metro-file-map@0.83.3 want: ^1.0.7
1812 silly fetch manifest bser@2.1.1
1813 silly packumentCache full:https://registry.npmjs.org/bser cache-miss
1814 silly fetch manifest braces@^3.0.3
1815 silly packumentCache full:https://registry.npmjs.org/braces cache-miss
1816 silly fetch manifest makeerror@1.0.12
1817 silly packumentCache full:https://registry.npmjs.org/makeerror cache-miss
1818 http fetch GET 200 https://registry.npmjs.org/bser 77ms (cache miss)
1819 silly packumentCache full:https://registry.npmjs.org/bser set size:undefined disposed:false
1820 http fetch GET 200 https://registry.npmjs.org/makeerror 73ms (cache miss)
1821 silly packumentCache full:https://registry.npmjs.org/makeerror set size:undefined disposed:false
1822 http fetch GET 200 https://registry.npmjs.org/braces 77ms (cache miss)
1823 silly packumentCache full:https://registry.npmjs.org/braces set size:undefined disposed:false
1824 silly placeDep ROOT bser@2.1.1 OK for: fb-watchman@2.0.2 want: 2.1.1
1825 silly fetch manifest node-int64@^0.4.0
1826 silly packumentCache full:https://registry.npmjs.org/node-int64 cache-miss
1827 http fetch GET 200 https://registry.npmjs.org/node-int64 299ms (cache miss)
1828 silly packumentCache full:https://registry.npmjs.org/node-int64 set size:undefined disposed:false
1829 silly placeDep ROOT node-int64@0.4.0 OK for: bser@2.1.1 want: ^0.4.0
1830 silly placeDep ROOT terser@5.49.2 OK for: metro-minify-terser@0.83.3 want: ^5.15.0
1831 silly fetch manifest acorn@^8.15.0
1832 silly packumentCache full:https://registry.npmjs.org/acorn cache-miss
1833 silly fetch manifest commander@^2.20.0
1834 silly packumentCache full:https://registry.npmjs.org/commander cache-hit
1835 silly fetch manifest source-map-support@~0.5.20
1836 silly packumentCache full:https://registry.npmjs.org/source-map-support cache-hit
1837 silly fetch manifest @jridgewell/source-map@^0.3.3
1838 silly packumentCache full:https://registry.npmjs.org/@jridgewell%2fsource-map cache-miss
1839 http fetch GET 200 https://registry.npmjs.org/@jridgewell%2fsource-map 88ms (cache miss)
1840 silly packumentCache full:https://registry.npmjs.org/@jridgewell%2fsource-map set size:undefined disposed:false
1841 http fetch GET 200 https://registry.npmjs.org/acorn 98ms (cache miss)
1842 silly packumentCache full:https://registry.npmjs.org/acorn set size:undefined disposed:false
1843 silly placeDep ROOT @babel/traverse--for-generate-function-map@7.29.8 OK for: metro-source-map@0.83.3 want: npm:@babel/traverse@^7.25.3
1844 silly placeDep ROOT ob1@0.83.3 OK for: metro-source-map@0.83.3 want: 0.83.3
1845 silly placeDep ROOT vlq@1.0.1 OK for: metro-source-map@0.83.3 want: ^1.0.0
1846 silly placeDep node_modules/@babel/traverse--for-generate-function-map @babel/code-frame@7.29.7 OK for: @babel/traverse@7.29.8 want: ^7.29.7
1847 silly placeDep ROOT braces@3.0.3 OK for: micromatch@4.0.8 want: ^3.0.3
1848 silly fetch manifest fill-range@^7.1.1
1849 silly packumentCache full:https://registry.npmjs.org/fill-range cache-miss
1850 http fetch GET 200 https://registry.npmjs.org/fill-range 129ms (cache miss)
1851 silly packumentCache full:https://registry.npmjs.org/fill-range set size:undefined disposed:false
1852 silly placeDep ROOT fill-range@7.1.1 OK for: braces@3.0.3 want: ^7.1.1
1853 silly fetch manifest to-regex-range@^5.0.1
1854 silly packumentCache full:https://registry.npmjs.org/to-regex-range cache-miss
1855 http fetch GET 200 https://registry.npmjs.org/to-regex-range 78ms (cache miss)
1856 silly packumentCache full:https://registry.npmjs.org/to-regex-range set size:undefined disposed:false
1857 silly placeDep ROOT to-regex-range@5.0.1 OK for: fill-range@7.1.1 want: ^5.0.1
1858 silly fetch manifest is-number@^7.0.0
1859 silly packumentCache full:https://registry.npmjs.org/is-number cache-miss
1860 http fetch GET 200 https://registry.npmjs.org/is-number 76ms (cache miss)
1861 silly packumentCache full:https://registry.npmjs.org/is-number set size:undefined disposed:false
1862 silly placeDep ROOT mime-db@1.52.0 OK for: mime-types@2.1.35 want: 1.52.0
1863 silly placeDep ROOT brace-expansion@5.0.9 OK for: minimatch@10.2.6 want: ^5.0.8
1864 silly fetch manifest balanced-match@^4.0.2
1865 silly packumentCache full:https://registry.npmjs.org/balanced-match cache-miss
1866 http fetch GET 200 https://registry.npmjs.org/balanced-match 69ms (cache miss)
1867 silly packumentCache full:https://registry.npmjs.org/balanced-match set size:undefined disposed:false
1868 silly placeDep ROOT balanced-match@4.0.4 OK for: brace-expansion@5.0.9 want: ^4.0.2
1869 silly placeDep ROOT ee-first@1.1.1 OK for: on-finished@2.3.0 want: 1.1.1
1870 silly placeDep ROOT yocto-queue@0.1.0 OK for: p-limit@3.1.0 want: ^0.1.0
1871 silly placeDep node_modules/path-scurry lru-cache@11.5.2 OK for: path-scurry@2.0.2 want: ^11.0.0
1872 silly placeDep node_modules/pretty-format ansi-styles@5.2.0 OK for: pretty-format@29.7.0 want: ^5.0.0
1873 silly placeDep node_modules/pretty-format react-is@18.3.1 OK for: pretty-format@29.7.0 want: ^18.0.0
1874 silly placeDep ROOT decode-uri-component@0.2.2 OK for: query-string@7.1.3 want: ^0.2.2
1875 silly placeDep ROOT filter-obj@1.1.0 OK for: query-string@7.1.3 want: ^1.1.0
1876 silly placeDep ROOT split-on-first@1.1.0 OK for: query-string@7.1.3 want: ^1.0.0
1877 silly placeDep ROOT strict-uri-encode@2.0.0 OK for: query-string@7.1.3 want: ^2.0.0
1878 silly placeDep ROOT inherits@2.0.4 OK for: queue@6.0.2 want: ~2.0.3
1879 silly placeDep ROOT html-parse-stringify@3.1.0 OK for: react-i18next@16.6.6 want: ^3.0.1
1880 silly fetch manifest void-elements@3.1.0
1881 silly packumentCache full:https://registry.npmjs.org/void-elements cache-miss
1882 http fetch GET 200 https://registry.npmjs.org/void-elements 75ms (cache miss)
1883 silly packumentCache full:https://registry.npmjs.org/void-elements set size:undefined disposed:false
1884 silly placeDep ROOT void-elements@3.1.0 OK for: html-parse-stringify@3.1.0 want: 3.1.0
1885 silly fetch manifest @babel/core@^7.8.0
1886 silly packumentCache full:https://registry.npmjs.org/@babel%2fcore cache-hit
1887 silly fetch manifest @types/react@^19.1.0
1888 silly packumentCache full:https://registry.npmjs.org/@types%2freact cache-miss
1889 http cache https://registry.npmjs.org/@types%2freact 5ms (cache hit)
1890 silly packumentCache full:https://registry.npmjs.org/@types%2freact set size:2637439 disposed:false
1891 silly fetch manifest react@^19.1.0
1892 silly packumentCache full:https://registry.npmjs.org/react cache-miss
1893 http cache https://registry.npmjs.org/react 15ms (cache hit)
1894 silly packumentCache full:https://registry.npmjs.org/react set size:6883336 disposed:false
1895 silly fetch manifest @react-native-community/cli@*
1896 silly packumentCache full:https://registry.npmjs.org/@react-native-community%2fcli cache-miss
1897 http fetch GET 200 https://registry.npmjs.org/@react-native-community%2fcli 262ms (cache miss)
1898 silly packumentCache full:https://registry.npmjs.org/@react-native-community%2fcli set size:undefined disposed:false
1899 silly placeDep ROOT @jest/create-cache-key-function@29.7.0 OK for: react-native@0.81.5 want: ^29.7.0
1900 silly placeDep ROOT @react-native/assets-registry@0.81.5 OK for: react-native@0.81.5 want: 0.81.5
1901 silly placeDep ROOT @react-native/codegen@0.81.5 OK for: react-native@0.81.5 want: 0.81.5
1902 silly placeDep ROOT @react-native/community-cli-plugin@0.81.5 OK for: react-native@0.81.5 want: 0.81.5
1903 silly placeDep ROOT @react-native/gradle-plugin@0.81.5 OK for: react-native@0.81.5 want: 0.81.5
1904 silly placeDep ROOT @react-native/js-polyfills@0.81.5 OK for: react-native@0.81.5 want: 0.81.5
1905 silly placeDep ROOT @react-native/normalize-colors@0.81.5 OK for: react-native@0.81.5 want: 0.81.5
1906 silly placeDep node_modules/react-native @react-native/virtualized-lists@0.81.5 CONFLICT for: react-native@0.81.5 want: 0.81.5
1907 silly placeDep ROOT abort-controller@3.0.0 OK for: react-native@0.81.5 want: ^3.0.0
1908 silly placeDep ROOT anser@1.4.10 OK for: react-native@0.81.5 want: ^1.4.9
1909 silly placeDep ROOT ansi-regex@5.0.1 OK for: react-native@0.81.5 want: ^5.0.0
1910 silly placeDep ROOT babel-jest@29.7.0 OK for: react-native@0.81.5 want: ^29.7.0
1911 silly placeDep ROOT babel-plugin-syntax-hermes-parser@0.29.1 OK for: react-native@0.81.5 want: 0.29.1
1912 silly placeDep node_modules/react-native commander@12.1.0 OK for: react-native@0.81.5 want: ^12.0.0
1913 silly placeDep node_modules/react-native glob@7.2.3 OK for: react-native@0.81.5 want: ^7.1.1
1914 silly placeDep ROOT jest-environment-node@29.7.0 OK for: react-native@0.81.5 want: ^29.7.0
1915 silly placeDep ROOT memoize-one@5.2.1 OK for: react-native@0.81.5 want: ^5.0.0
1916 silly placeDep ROOT promise@8.3.0 OK for: react-native@0.81.5 want: ^8.3.0
1917 silly placeDep ROOT react-devtools-core@6.1.5 OK for: react-native@0.81.5 want: ^6.1.5
1918 silly placeDep ROOT regenerator-runtime@0.13.11 OK for: react-native@0.81.5 want: ^0.13.2
1919 silly placeDep ROOT scheduler@0.26.0 OK for: react-native@0.81.5 want: 0.26.0
1920 silly placeDep ROOT stacktrace-parser@0.1.11 OK for: react-native@0.81.5 want: ^0.1.10
1921 silly placeDep ROOT whatwg-fetch@3.6.20 OK for: react-native@0.81.5 want: ^3.0.0
1922 silly placeDep node_modules/react-native ws@6.2.6 OK for: react-native@0.81.5 want: ^6.2.3
1923 silly fetch manifest hermes-parser@0.29.1
1924 silly packumentCache full:https://registry.npmjs.org/hermes-parser cache-hit
1925 silly fetch manifest event-target-shim@^5.0.0
1926 silly packumentCache full:https://registry.npmjs.org/event-target-shim cache-miss
1927 silly fetch manifest @jest/transform@^29.7.0
1928 silly packumentCache full:https://registry.npmjs.org/@jest%2ftransform cache-miss
1929 silly fetch manifest babel-preset-jest@^29.6.3
1930 silly packumentCache full:https://registry.npmjs.org/babel-preset-jest cache-miss
1931 silly fetch manifest @types/babel__core@^7.1.14
1932 silly packumentCache full:https://registry.npmjs.org/@types%2fbabel__core cache-miss
1933 silly fetch manifest babel-plugin-istanbul@^6.1.1
1934 silly packumentCache full:https://registry.npmjs.org/babel-plugin-istanbul cache-miss
1935 silly fetch manifest hermes-parser@0.29.1
1936 silly packumentCache full:https://registry.npmjs.org/hermes-parser cache-hit
1937 silly fetch manifest once@^1.3.0
1938 silly packumentCache full:https://registry.npmjs.org/once cache-miss
1939 silly fetch manifest inflight@^1.0.4
1940 silly packumentCache full:https://registry.npmjs.org/inflight cache-miss
1941 http fetch GET 200 https://registry.npmjs.org/event-target-shim 126ms (cache miss)
1942 silly packumentCache full:https://registry.npmjs.org/event-target-shim set size:undefined disposed:false
1943 silly fetch manifest minimatch@^3.1.1
1944 silly packumentCache full:https://registry.npmjs.org/minimatch cache-hit
1945 silly fetch manifest fs.realpath@^1.0.0
1946 silly packumentCache full:https://registry.npmjs.org/fs.realpath cache-miss
1947 http fetch GET 200 https://registry.npmjs.org/babel-preset-jest 145ms (cache miss)
1948 silly packumentCache full:https://registry.npmjs.org/babel-preset-jest set size:undefined disposed:false
1949 silly fetch manifest path-is-absolute@^1.0.0
1950 silly packumentCache full:https://registry.npmjs.org/path-is-absolute cache-miss
1951 http fetch GET 200 https://registry.npmjs.org/fs.realpath 97ms (cache miss)
1952 silly packumentCache full:https://registry.npmjs.org/fs.realpath set size:undefined disposed:false
1953 silly fetch manifest jest-mock@^29.7.0
1954 silly packumentCache full:https://registry.npmjs.org/jest-mock cache-miss
1955 http fetch GET 200 https://registry.npmjs.org/path-is-absolute 88ms (cache miss)
1956 silly packumentCache full:https://registry.npmjs.org/path-is-absolute set size:undefined disposed:false
1957 silly fetch manifest @jest/environment@^29.7.0
1958 silly packumentCache full:https://registry.npmjs.org/@jest%2fenvironment cache-miss
1959 http fetch GET 200 https://registry.npmjs.org/@jest%2ftransform 238ms (cache miss)
1960 silly packumentCache full:https://registry.npmjs.org/@jest%2ftransform set size:undefined disposed:false
1961 silly fetch manifest @jest/fake-timers@^29.7.0
1962 silly packumentCache full:https://registry.npmjs.org/@jest%2ffake-timers cache-miss
1963 http fetch GET 200 https://registry.npmjs.org/once 270ms (cache miss)
1964 silly packumentCache full:https://registry.npmjs.org/once set size:undefined disposed:false
1965 silly fetch manifest asap@~2.0.6
1966 silly packumentCache full:https://registry.npmjs.org/asap cache-miss
1967 http fetch GET 200 https://registry.npmjs.org/inflight 273ms (cache miss)
1968 silly packumentCache full:https://registry.npmjs.org/inflight set size:undefined disposed:false
1969 silly fetch manifest shell-quote@^1.6.1
1970 silly packumentCache full:https://registry.npmjs.org/shell-quote cache-miss
1971 http fetch GET 200 https://registry.npmjs.org/@types%2fbabel__core 276ms (cache miss)
1972 silly packumentCache full:https://registry.npmjs.org/@types%2fbabel__core set size:undefined disposed:false
1973 silly fetch manifest type-fest@^0.7.1
1974 silly packumentCache full:https://registry.npmjs.org/type-fest cache-miss
1975 http fetch GET 200 https://registry.npmjs.org/babel-plugin-istanbul 285ms (cache miss)
1976 silly packumentCache full:https://registry.npmjs.org/babel-plugin-istanbul set size:undefined disposed:false
1977 silly fetch manifest async-limiter@~1.0.0
1978 silly packumentCache full:https://registry.npmjs.org/async-limiter cache-miss
1979 http fetch GET 200 https://registry.npmjs.org/asap 111ms (cache miss)
1980 silly packumentCache full:https://registry.npmjs.org/asap set size:undefined disposed:false
1981 http fetch GET 200 https://registry.npmjs.org/@jest%2fenvironment 147ms (cache miss)
1982 silly packumentCache full:https://registry.npmjs.org/@jest%2fenvironment set size:undefined disposed:false
1983 http fetch GET 200 https://registry.npmjs.org/shell-quote 123ms (cache miss)
1984 silly packumentCache full:https://registry.npmjs.org/shell-quote set size:undefined disposed:false
1985 http fetch GET 200 https://registry.npmjs.org/async-limiter 126ms (cache miss)
1986 silly packumentCache full:https://registry.npmjs.org/async-limiter set size:undefined disposed:false
1987 http fetch GET 200 https://registry.npmjs.org/@jest%2ffake-timers 203ms (cache miss)
1988 silly packumentCache full:https://registry.npmjs.org/@jest%2ffake-timers set size:undefined disposed:false
1989 http fetch GET 200 https://registry.npmjs.org/jest-mock 285ms (cache miss)
1990 silly packumentCache full:https://registry.npmjs.org/jest-mock set size:undefined disposed:false
1991 http fetch GET 200 https://registry.npmjs.org/type-fest 819ms (cache miss)
1992 silly packumentCache full:https://registry.npmjs.org/type-fest set size:undefined disposed:false
1993 silly placeDep node_modules/@react-native/codegen glob@7.2.3 OK for: @react-native/codegen@0.81.5 want: ^7.1.1
1994 silly placeDep node_modules/@react-native/codegen hermes-parser@0.29.1 OK for: @react-native/codegen@0.81.5 want: 0.29.1
1995 silly fetch manifest hermes-estree@0.29.1
1996 silly packumentCache full:https://registry.npmjs.org/hermes-estree cache-hit
1997 silly placeDep ROOT @react-native/dev-middleware@0.81.5 OK for: @react-native/community-cli-plugin@0.81.5 want: 0.81.5
1998 silly fetch manifest open@^7.0.3
1999 silly packumentCache full:https://registry.npmjs.org/open cache-miss
2000 silly fetch manifest serve-static@^1.16.2
2001 silly packumentCache full:https://registry.npmjs.org/serve-static cache-miss
2002 silly fetch manifest chrome-launcher@^0.15.2
2003 silly packumentCache full:https://registry.npmjs.org/chrome-launcher cache-miss
2004 silly fetch manifest @isaacs/ttlcache@^1.4.1
2005 silly packumentCache full:https://registry.npmjs.org/@isaacs%2fttlcache cache-miss
2006 silly fetch manifest chromium-edge-launcher@^0.2.0
2007 silly packumentCache full:https://registry.npmjs.org/chromium-edge-launcher cache-miss
2008 silly fetch manifest @react-native/debugger-frontend@0.81.5
2009 silly packumentCache full:https://registry.npmjs.org/@react-native%2fdebugger-frontend cache-miss
2010 http cache https://registry.npmjs.org/chrome-launcher 5ms (cache hit)
2011 silly packumentCache full:https://registry.npmjs.org/chrome-launcher set size:131779 disposed:false
2012 http cache https://registry.npmjs.org/open 8ms (cache hit)
2013 silly packumentCache full:https://registry.npmjs.org/open set size:136392 disposed:false
2014 http cache https://registry.npmjs.org/serve-static 9ms (cache hit)
2015 silly packumentCache full:https://registry.npmjs.org/serve-static set size:150391 disposed:false
2016 http fetch GET 200 https://registry.npmjs.org/@isaacs%2fttlcache 71ms (cache miss)
2017 silly packumentCache full:https://registry.npmjs.org/@isaacs%2fttlcache set size:undefined disposed:false
2018 http fetch GET 200 https://registry.npmjs.org/chromium-edge-launcher 99ms (cache miss)
2019 silly packumentCache full:https://registry.npmjs.org/chromium-edge-launcher set size:undefined disposed:false
2020 http fetch GET 200 https://registry.npmjs.org/@react-native%2fdebugger-frontend 230ms (cache miss)
2021 silly packumentCache full:https://registry.npmjs.org/@react-native%2fdebugger-frontend set size:undefined disposed:false
2022 silly placeDep ROOT @isaacs/ttlcache@1.4.1 OK for: @react-native/dev-middleware@0.81.5 want: ^1.4.1
2023 silly placeDep ROOT @react-native/debugger-frontend@0.81.5 OK for: @react-native/dev-middleware@0.81.5 want: 0.81.5
2024 silly placeDep ROOT chrome-launcher@0.15.2 OK for: @react-native/dev-middleware@0.81.5 want: ^0.15.2
2025 silly placeDep ROOT chromium-edge-launcher@0.2.0 OK for: @react-native/dev-middleware@0.81.5 want: ^0.2.0
2026 silly placeDep ROOT open@7.4.2 OK for: @react-native/dev-middleware@0.81.5 want: ^7.0.3
2027 silly placeDep ROOT serve-static@1.16.3 OK for: @react-native/dev-middleware@0.81.5 want: ^1.16.2
2028 silly placeDep node_modules/@react-native/dev-middleware ws@6.2.6 OK for: @react-native/dev-middleware@0.81.5 want: ^6.2.3
2029 silly fetch manifest is-wsl@^2.2.0
2030 silly packumentCache full:https://registry.npmjs.org/is-wsl cache-miss
2031 silly fetch manifest lighthouse-logger@^1.0.0
2032 silly packumentCache full:https://registry.npmjs.org/lighthouse-logger cache-miss
2033 silly fetch manifest is-wsl@^2.2.0
2034 silly packumentCache full:https://registry.npmjs.org/is-wsl cache-miss
2035 silly fetch manifest mkdirp@^1.0.4
2036 silly packumentCache full:https://registry.npmjs.org/mkdirp cache-miss
2037 silly fetch manifest rimraf@^3.0.2
2038 silly packumentCache full:https://registry.npmjs.org/rimraf cache-miss
2039 silly fetch manifest lighthouse-logger@^1.0.0
2040 silly packumentCache full:https://registry.npmjs.org/lighthouse-logger cache-miss
2041 silly fetch manifest is-wsl@^2.1.1
2042 silly packumentCache full:https://registry.npmjs.org/is-wsl cache-miss
2043 http fetch GET 200 https://registry.npmjs.org/is-wsl 73ms (cache miss)
2044 silly packumentCache full:https://registry.npmjs.org/is-wsl set size:undefined disposed:false
2045 silly fetch manifest is-docker@^2.0.0
2046 silly packumentCache full:https://registry.npmjs.org/is-docker cache-miss
2047 http fetch GET 200 https://registry.npmjs.org/is-wsl 78ms (cache miss)
2048 silly packumentCache full:https://registry.npmjs.org/is-wsl set size:undefined disposed:false
2049 silly fetch manifest send@~0.19.1
2050 silly packumentCache full:https://registry.npmjs.org/send cache-hit
2051 silly fetch manifest encodeurl@~2.0.0
2052 silly packumentCache full:https://registry.npmjs.org/encodeurl cache-hit
2053 http fetch GET 200 https://registry.npmjs.org/lighthouse-logger 80ms (cache miss)
2054 silly packumentCache full:https://registry.npmjs.org/lighthouse-logger set size:undefined disposed:false
2055 http fetch GET 200 https://registry.npmjs.org/lighthouse-logger 81ms (cache miss)
2056 silly packumentCache full:https://registry.npmjs.org/lighthouse-logger set size:undefined disposed:false
2057 http fetch GET 200 https://registry.npmjs.org/rimraf 87ms (cache miss)
2058 silly packumentCache full:https://registry.npmjs.org/rimraf set size:undefined disposed:false
2059 http fetch GET 200 https://registry.npmjs.org/is-wsl 90ms (cache miss)
2060 silly packumentCache full:https://registry.npmjs.org/is-wsl set size:undefined disposed:false
2061 http fetch GET 200 https://registry.npmjs.org/is-docker 45ms (cache miss)
2062 silly packumentCache full:https://registry.npmjs.org/is-docker set size:undefined disposed:false
2063 http fetch GET 200 https://registry.npmjs.org/mkdirp 396ms (cache miss)
2064 silly packumentCache full:https://registry.npmjs.org/mkdirp set size:undefined disposed:false
2065 silly placeDep ROOT event-target-shim@5.0.1 OK for: abort-controller@3.0.0 want: ^5.0.0
2066 silly placeDep ROOT @jest/transform@29.7.0 OK for: babel-jest@29.7.0 want: ^29.7.0
2067 silly placeDep ROOT @types/babel__core@7.20.5 OK for: babel-jest@29.7.0 want: ^7.1.14
2068 silly placeDep ROOT babel-plugin-istanbul@6.1.1 OK for: babel-jest@29.7.0 want: ^6.1.1
2069 silly placeDep ROOT babel-preset-jest@29.6.3 OK for: babel-jest@29.7.0 want: ^29.6.3
2070 silly placeDep node_modules/babel-jest chalk@4.1.2 OK for: babel-jest@29.7.0 want: ^4.0.0
2071 silly fetch manifest pirates@^4.0.4
2072 silly packumentCache full:https://registry.npmjs.org/pirates cache-hit
2073 silly fetch manifest jest-haste-map@^29.7.0
2074 silly packumentCache full:https://registry.npmjs.org/jest-haste-map cache-miss
2075 silly fetch manifest jest-regex-util@^29.6.3
2076 silly packumentCache full:https://registry.npmjs.org/jest-regex-util cache-miss
2077 silly fetch manifest write-file-atomic@^4.0.2
2078 silly packumentCache full:https://registry.npmjs.org/write-file-atomic cache-miss
2079 silly fetch manifest fast-json-stable-stringify@^2.1.0
2080 silly packumentCache full:https://registry.npmjs.org/fast-json-stable-stringify cache-miss
2081 silly fetch manifest @types/babel__template@*
2082 silly packumentCache full:https://registry.npmjs.org/@types%2fbabel__template cache-miss
2083 silly fetch manifest @types/babel__traverse@*
2084 silly packumentCache full:https://registry.npmjs.org/@types%2fbabel__traverse cache-miss
2085 silly fetch manifest @types/babel__generator@*
2086 silly packumentCache full:https://registry.npmjs.org/@types%2fbabel__generator cache-miss
2087 http fetch GET 200 https://registry.npmjs.org/fast-json-stable-stringify 50ms (cache miss)
2088 silly packumentCache full:https://registry.npmjs.org/fast-json-stable-stringify set size:undefined disposed:false
2089 silly fetch manifest test-exclude@^6.0.0
2090 silly packumentCache full:https://registry.npmjs.org/test-exclude cache-miss
2091 http fetch GET 200 https://registry.npmjs.org/write-file-atomic 69ms (cache miss)
2092 silly packumentCache full:https://registry.npmjs.org/write-file-atomic set size:undefined disposed:false
2093 silly fetch manifest @istanbuljs/schema@^0.1.2
2094 silly packumentCache full:https://registry.npmjs.org/@istanbuljs%2fschema cache-miss
2095 http fetch GET 200 https://registry.npmjs.org/@types%2fbabel__traverse 70ms (cache miss)
2096 silly packumentCache full:https://registry.npmjs.org/@types%2fbabel__traverse set size:undefined disposed:false
2097 silly fetch manifest istanbul-lib-instrument@^5.0.4
2098 silly packumentCache full:https://registry.npmjs.org/istanbul-lib-instrument cache-miss
2099 http fetch GET 200 https://registry.npmjs.org/@types%2fbabel__template 77ms (cache miss)
2100 silly packumentCache full:https://registry.npmjs.org/@types%2fbabel__template set size:undefined disposed:false
2101 silly fetch manifest @babel/helper-plugin-utils@^7.0.0
2102 silly packumentCache full:https://registry.npmjs.org/@babel%2fhelper-plugin-utils cache-miss
2103 http fetch GET 200 https://registry.npmjs.org/@types%2fbabel__generator 77ms (cache miss)
2104 silly packumentCache full:https://registry.npmjs.org/@types%2fbabel__generator set size:undefined disposed:false
2105 silly fetch manifest @istanbuljs/load-nyc-config@^1.0.0
2106 silly packumentCache full:https://registry.npmjs.org/@istanbuljs%2fload-nyc-config cache-miss
2107 http fetch GET 200 https://registry.npmjs.org/jest-regex-util 89ms (cache miss)
2108 silly packumentCache full:https://registry.npmjs.org/jest-regex-util set size:undefined disposed:false
2109 silly fetch manifest babel-plugin-jest-hoist@^29.6.3
2110 silly packumentCache full:https://registry.npmjs.org/babel-plugin-jest-hoist cache-miss
2111 http fetch GET 200 https://registry.npmjs.org/test-exclude 183ms (cache miss)
2112 silly packumentCache full:https://registry.npmjs.org/test-exclude set size:undefined disposed:false
2113 silly fetch manifest babel-preset-current-node-syntax@^1.0.0
2114 silly packumentCache full:https://registry.npmjs.org/babel-preset-current-node-syntax cache-miss
2115 http fetch GET 200 https://registry.npmjs.org/@istanbuljs%2fschema 235ms (cache miss)
2116 silly packumentCache full:https://registry.npmjs.org/@istanbuljs%2fschema set size:undefined disposed:false
2117 http fetch GET 200 https://registry.npmjs.org/istanbul-lib-instrument 336ms (cache miss)
2118 silly packumentCache full:https://registry.npmjs.org/istanbul-lib-instrument set size:undefined disposed:false
2119 http fetch GET 200 https://registry.npmjs.org/babel-preset-current-node-syntax 599ms (cache miss)
2120 silly packumentCache full:https://registry.npmjs.org/babel-preset-current-node-syntax set size:undefined disposed:false
2121 http fetch GET 200 https://registry.npmjs.org/babel-plugin-jest-hoist 871ms (cache miss)
2122 silly packumentCache full:https://registry.npmjs.org/babel-plugin-jest-hoist set size:undefined disposed:false
2123 http fetch GET 200 https://registry.npmjs.org/@babel%2fhelper-plugin-utils 1138ms (cache miss)
2124 silly packumentCache full:https://registry.npmjs.org/@babel%2fhelper-plugin-utils set size:undefined disposed:false
2125 http fetch GET 200 https://registry.npmjs.org/jest-haste-map 1424ms (cache miss)
2126 silly packumentCache full:https://registry.npmjs.org/jest-haste-map set size:undefined disposed:false
2127 http fetch GET 200 https://registry.npmjs.org/@istanbuljs%2fload-nyc-config 1385ms (cache miss)
2128 silly packumentCache full:https://registry.npmjs.org/@istanbuljs%2fload-nyc-config set size:undefined disposed:false
2129 silly placeDep node_modules/@jest/transform chalk@4.1.2 OK for: @jest/transform@29.7.0 want: ^4.0.0
2130 silly placeDep ROOT fast-json-stable-stringify@2.1.0 OK for: @jest/transform@29.7.0 want: ^2.1.0
2131 silly placeDep ROOT jest-haste-map@29.7.0 OK for: @jest/transform@29.7.0 want: ^29.7.0
2132 silly placeDep ROOT jest-regex-util@29.6.3 OK for: @jest/transform@29.7.0 want: ^29.6.3
2133 silly placeDep ROOT pirates@4.0.7 OK for: @jest/transform@29.7.0 want: ^4.0.4
2134 silly placeDep ROOT write-file-atomic@4.0.2 OK for: @jest/transform@29.7.0 want: ^4.0.2
2135 silly fetch manifest anymatch@^3.0.3
2136 silly packumentCache full:https://registry.npmjs.org/anymatch cache-miss
2137 silly fetch manifest @types/graceful-fs@^4.1.3
2138 silly packumentCache full:https://registry.npmjs.org/@types%2fgraceful-fs cache-miss
2139 silly fetch manifest fsevents@^2.3.2
2140 silly packumentCache full:https://registry.npmjs.org/fsevents cache-miss
2141 silly fetch manifest imurmurhash@^0.1.4
2142 silly packumentCache full:https://registry.npmjs.org/imurmurhash cache-miss
2143 silly fetch manifest signal-exit@^3.0.7
2144 silly packumentCache full:https://registry.npmjs.org/signal-exit cache-miss
2145 http fetch GET 200 https://registry.npmjs.org/anymatch 83ms (cache miss)
2146 silly packumentCache full:https://registry.npmjs.org/anymatch set size:undefined disposed:false
2147 http fetch GET 200 https://registry.npmjs.org/imurmurhash 112ms (cache miss)
2148 silly packumentCache full:https://registry.npmjs.org/imurmurhash set size:undefined disposed:false
2149 http fetch GET 200 https://registry.npmjs.org/fsevents 267ms (cache miss)
2150 silly packumentCache full:https://registry.npmjs.org/fsevents set size:undefined disposed:false
2151 http fetch GET 200 https://registry.npmjs.org/signal-exit 274ms (cache miss)
2152 silly packumentCache full:https://registry.npmjs.org/signal-exit set size:undefined disposed:false
2153 http fetch GET 200 https://registry.npmjs.org/@types%2fgraceful-fs 496ms (cache miss)
2154 silly packumentCache full:https://registry.npmjs.org/@types%2fgraceful-fs set size:undefined disposed:false
2155 silly placeDep ROOT @types/babel__generator@7.27.0 OK for: @types/babel__core@7.20.5 want: *
2156 silly placeDep ROOT @types/babel__template@7.4.4 OK for: @types/babel__core@7.20.5 want: *
2157 silly placeDep ROOT @types/babel__traverse@7.28.0 OK for: @types/babel__core@7.20.5 want: *
2158 silly placeDep ROOT @babel/helper-plugin-utils@7.29.7 OK for: babel-plugin-istanbul@6.1.1 want: ^7.0.0
2159 silly placeDep ROOT @istanbuljs/load-nyc-config@1.1.0 OK for: babel-plugin-istanbul@6.1.1 want: ^1.0.0
2160 silly placeDep ROOT @istanbuljs/schema@0.1.6 OK for: babel-plugin-istanbul@6.1.1 want: ^0.1.2
2161 silly placeDep ROOT istanbul-lib-instrument@5.2.1 OK for: babel-plugin-istanbul@6.1.1 want: ^5.0.4
2162 silly placeDep ROOT test-exclude@6.0.0 OK for: babel-plugin-istanbul@6.1.1 want: ^6.0.0
2163 silly fetch manifest camelcase@^5.3.1
2164 silly packumentCache full:https://registry.npmjs.org/camelcase cache-miss
2165 silly fetch manifest find-up@^4.1.0
2166 silly packumentCache full:https://registry.npmjs.org/find-up cache-miss
2167 silly fetch manifest get-package-type@^0.1.0
2168 silly packumentCache full:https://registry.npmjs.org/get-package-type cache-miss
2169 silly fetch manifest js-yaml@^3.13.1
2170 silly packumentCache full:https://registry.npmjs.org/js-yaml cache-miss
2171 silly fetch manifest semver@^6.3.0
2172 silly packumentCache full:https://registry.npmjs.org/semver cache-hit
2173 silly fetch manifest istanbul-lib-coverage@^3.2.0
2174 silly packumentCache full:https://registry.npmjs.org/istanbul-lib-coverage cache-miss
2175 silly fetch manifest glob@^7.1.4
2176 silly packumentCache full:https://registry.npmjs.org/glob cache-hit
2177 silly fetch manifest minimatch@^3.0.4
2178 silly packumentCache full:https://registry.npmjs.org/minimatch cache-hit
2179 http cache https://registry.npmjs.org/camelcase 7ms (cache hit)
2180 silly packumentCache full:https://registry.npmjs.org/camelcase set size:60255 disposed:false
2181 http fetch GET 200 https://registry.npmjs.org/get-package-type 126ms (cache miss)
2182 silly packumentCache full:https://registry.npmjs.org/get-package-type set size:undefined disposed:false
2183 http fetch GET 200 https://registry.npmjs.org/js-yaml 330ms (cache miss)
2184 silly packumentCache full:https://registry.npmjs.org/js-yaml set size:undefined disposed:false
2185 http fetch GET 200 https://registry.npmjs.org/find-up 336ms (cache miss)
2186 silly packumentCache full:https://registry.npmjs.org/find-up set size:undefined disposed:false
2187 http fetch GET 200 https://registry.npmjs.org/istanbul-lib-coverage 411ms (cache miss)
2188 silly packumentCache full:https://registry.npmjs.org/istanbul-lib-coverage set size:undefined disposed:false
2189 silly placeDep node_modules/@istanbuljs/load-nyc-config camelcase@5.3.1 OK for: @istanbuljs/load-nyc-config@1.1.0 want: ^5.3.1
2190 silly placeDep ROOT find-up@4.1.0 OK for: @istanbuljs/load-nyc-config@1.1.0 want: ^4.1.0
2191 silly placeDep ROOT get-package-type@0.1.0 OK for: @istanbuljs/load-nyc-config@1.1.0 want: ^0.1.0
2192 silly placeDep ROOT js-yaml@3.15.1 OK for: @istanbuljs/load-nyc-config@1.1.0 want: ^3.13.1
2193 silly fetch manifest locate-path@^5.0.0
2194 silly packumentCache full:https://registry.npmjs.org/locate-path cache-miss
2195 silly fetch manifest path-exists@^4.0.0
2196 silly packumentCache full:https://registry.npmjs.org/path-exists cache-miss
2197 silly fetch manifest esprima@^4.0.0
2198 silly packumentCache full:https://registry.npmjs.org/esprima cache-miss
2199 silly fetch manifest argparse@^1.0.7
2200 silly packumentCache full:https://registry.npmjs.org/argparse cache-miss
2201 http fetch GET 200 https://registry.npmjs.org/locate-path 97ms (cache miss)
2202 silly packumentCache full:https://registry.npmjs.org/locate-path set size:undefined disposed:false
2203 http fetch GET 200 https://registry.npmjs.org/path-exists 133ms (cache miss)
2204 silly packumentCache full:https://registry.npmjs.org/path-exists set size:undefined disposed:false
2205 http fetch GET 200 https://registry.npmjs.org/esprima 170ms (cache miss)
2206 silly packumentCache full:https://registry.npmjs.org/esprima set size:undefined disposed:false
2207 http fetch GET 200 https://registry.npmjs.org/argparse 210ms (cache miss)
2208 silly packumentCache full:https://registry.npmjs.org/argparse set size:undefined disposed:false
2209 silly placeDep node_modules/babel-plugin-syntax-hermes-parser hermes-parser@0.29.1 OK for: babel-plugin-syntax-hermes-parser@0.29.1 want: 0.29.1
2210 silly placeDep ROOT babel-plugin-jest-hoist@29.6.3 OK for: babel-preset-jest@29.6.3 want: ^29.6.3
2211 silly placeDep ROOT babel-preset-current-node-syntax@1.2.0 OK for: babel-preset-jest@29.6.3 want: ^1.0.0
2212 silly fetch manifest @babel/plugin-syntax-async-generators@^7.8.4
2213 silly packumentCache full:https://registry.npmjs.org/@babel%2fplugin-syntax-async-generators cache-miss
2214 silly fetch manifest @babel/plugin-syntax-bigint@^7.8.3
2215 silly packumentCache full:https://registry.npmjs.org/@babel%2fplugin-syntax-bigint cache-miss
2216 silly fetch manifest @babel/plugin-syntax-class-properties@^7.12.13
2217 silly packumentCache full:https://registry.npmjs.org/@babel%2fplugin-syntax-class-properties cache-miss
2218 silly fetch manifest @babel/plugin-syntax-class-static-block@^7.14.5
2219 silly packumentCache full:https://registry.npmjs.org/@babel%2fplugin-syntax-class-static-block cache-miss
2220 silly fetch manifest @babel/plugin-syntax-import-attributes@^7.24.7
2221 silly packumentCache full:https://registry.npmjs.org/@babel%2fplugin-syntax-import-attributes cache-miss
2222 silly fetch manifest @babel/plugin-syntax-import-meta@^7.10.4
2223 silly packumentCache full:https://registry.npmjs.org/@babel%2fplugin-syntax-import-meta cache-miss
2224 silly fetch manifest @babel/plugin-syntax-json-strings@^7.8.3
2225 silly packumentCache full:https://registry.npmjs.org/@babel%2fplugin-syntax-json-strings cache-miss
2226 http fetch GET 200 https://registry.npmjs.org/@babel%2fplugin-syntax-class-static-block 90ms (cache miss)
2227 silly packumentCache full:https://registry.npmjs.org/@babel%2fplugin-syntax-class-static-block set size:undefined disposed:false
2228 silly fetch manifest @babel/plugin-syntax-logical-assignment-operators@^7.10.4
2229 silly packumentCache full:https://registry.npmjs.org/@babel%2fplugin-syntax-logical-assignment-operators cache-miss
2230 http fetch GET 200 https://registry.npmjs.org/@babel%2fplugin-syntax-json-strings 99ms (cache miss)
2231 silly packumentCache full:https://registry.npmjs.org/@babel%2fplugin-syntax-json-strings set size:undefined disposed:false
2232 silly fetch manifest @babel/plugin-syntax-nullish-coalescing-operator@^7.8.3
2233 silly packumentCache full:https://registry.npmjs.org/@babel%2fplugin-syntax-nullish-coalescing-operator cache-miss
2234 http fetch GET 200 https://registry.npmjs.org/@babel%2fplugin-syntax-bigint 156ms (cache miss)
2235 silly packumentCache full:https://registry.npmjs.org/@babel%2fplugin-syntax-bigint set size:undefined disposed:false
2236 silly fetch manifest @babel/plugin-syntax-numeric-separator@^7.10.4
2237 silly packumentCache full:https://registry.npmjs.org/@babel%2fplugin-syntax-numeric-separator cache-miss
2238 http fetch GET 200 https://registry.npmjs.org/@babel%2fplugin-syntax-class-properties 193ms (cache miss)
2239 silly packumentCache full:https://registry.npmjs.org/@babel%2fplugin-syntax-class-properties set size:undefined disposed:false
2240 silly fetch manifest @babel/plugin-syntax-object-rest-spread@^7.8.3
2241 silly packumentCache full:https://registry.npmjs.org/@babel%2fplugin-syntax-object-rest-spread cache-miss
2242 http fetch GET 200 https://registry.npmjs.org/@babel%2fplugin-syntax-import-meta 271ms (cache miss)
2243 silly packumentCache full:https://registry.npmjs.org/@babel%2fplugin-syntax-import-meta set size:undefined disposed:false
2244 silly fetch manifest @babel/plugin-syntax-optional-catch-binding@^7.8.3
2245 silly packumentCache full:https://registry.npmjs.org/@babel%2fplugin-syntax-optional-catch-binding cache-miss
2246 http fetch GET 200 https://registry.npmjs.org/@babel%2fplugin-syntax-logical-assignment-operators 214ms (cache miss)
2247 silly packumentCache full:https://registry.npmjs.org/@babel%2fplugin-syntax-logical-assignment-operators set size:undefined disposed:false
2248 silly fetch manifest @babel/plugin-syntax-optional-chaining@^7.8.3
2249 silly packumentCache full:https://registry.npmjs.org/@babel%2fplugin-syntax-optional-chaining cache-miss
2250 http fetch GET 200 https://registry.npmjs.org/@babel%2fplugin-syntax-nullish-coalescing-operator 224ms (cache miss)
2251 silly packumentCache full:https://registry.npmjs.org/@babel%2fplugin-syntax-nullish-coalescing-operator set size:undefined disposed:false
2252 silly fetch manifest @babel/plugin-syntax-private-property-in-object@^7.14.5
2253 silly packumentCache full:https://registry.npmjs.org/@babel%2fplugin-syntax-private-property-in-object cache-miss
2254 http fetch GET 200 https://registry.npmjs.org/@babel%2fplugin-syntax-numeric-separator 174ms (cache miss)
2255 silly packumentCache full:https://registry.npmjs.org/@babel%2fplugin-syntax-numeric-separator set size:undefined disposed:false
2256 silly fetch manifest @babel/plugin-syntax-top-level-await@^7.14.5
2257 silly packumentCache full:https://registry.npmjs.org/@babel%2fplugin-syntax-top-level-await cache-miss
2258 http fetch GET 200 https://registry.npmjs.org/@babel%2fplugin-syntax-async-generators 369ms (cache miss)
2259 silly packumentCache full:https://registry.npmjs.org/@babel%2fplugin-syntax-async-generators set size:undefined disposed:false
2260 http fetch GET 200 https://registry.npmjs.org/@babel%2fplugin-syntax-import-attributes 406ms (cache miss)
2261 silly packumentCache full:https://registry.npmjs.org/@babel%2fplugin-syntax-import-attributes set size:undefined disposed:false
2262 http fetch GET 200 https://registry.npmjs.org/@babel%2fplugin-syntax-optional-chaining 238ms (cache miss)
2263 silly packumentCache full:https://registry.npmjs.org/@babel%2fplugin-syntax-optional-chaining set size:undefined disposed:false
2264 http fetch GET 200 https://registry.npmjs.org/@babel%2fplugin-syntax-optional-catch-binding 319ms (cache miss)
2265 silly packumentCache full:https://registry.npmjs.org/@babel%2fplugin-syntax-optional-catch-binding set size:undefined disposed:false
2266 http fetch GET 200 https://registry.npmjs.org/@babel%2fplugin-syntax-private-property-in-object 271ms (cache miss)
2267 silly packumentCache full:https://registry.npmjs.org/@babel%2fplugin-syntax-private-property-in-object set size:undefined disposed:false
2268 http fetch GET 200 https://registry.npmjs.org/@babel%2fplugin-syntax-top-level-await 270ms (cache miss)
2269 silly packumentCache full:https://registry.npmjs.org/@babel%2fplugin-syntax-top-level-await set size:undefined disposed:false
2270 http fetch GET 200 https://registry.npmjs.org/@babel%2fplugin-syntax-object-rest-spread 444ms (cache miss)
2271 silly packumentCache full:https://registry.npmjs.org/@babel%2fplugin-syntax-object-rest-spread set size:undefined disposed:false
2272 silly fetch manifest @babel/core@^7.0.0 || ^8.0.0-0
2273 silly packumentCache full:https://registry.npmjs.org/@babel%2fcore cache-hit
2274 silly fetch manifest @babel/core@^7.0.0-0
2275 silly packumentCache full:https://registry.npmjs.org/@babel%2fcore cache-hit
2276 silly placeDep ROOT @babel/plugin-syntax-async-generators@7.8.4 OK for: babel-preset-current-node-syntax@1.2.0 want: ^7.8.4
2277 silly placeDep ROOT @babel/plugin-syntax-bigint@7.8.3 OK for: babel-preset-current-node-syntax@1.2.0 want: ^7.8.3
2278 silly placeDep ROOT @babel/plugin-syntax-class-properties@7.12.13 OK for: babel-preset-current-node-syntax@1.2.0 want: ^7.12.13
2279 silly placeDep ROOT @babel/plugin-syntax-class-static-block@7.14.5 OK for: babel-preset-current-node-syntax@1.2.0 want: ^7.14.5
2280 silly placeDep ROOT @babel/plugin-syntax-import-attributes@7.29.7 OK for: babel-preset-current-node-syntax@1.2.0 want: ^7.24.7
2281 silly placeDep ROOT @babel/plugin-syntax-import-meta@7.10.4 OK for: babel-preset-current-node-syntax@1.2.0 want: ^7.10.4
2282 silly placeDep ROOT @babel/plugin-syntax-json-strings@7.8.3 OK for: babel-preset-current-node-syntax@1.2.0 want: ^7.8.3
2283 silly placeDep ROOT @babel/plugin-syntax-logical-assignment-operators@7.10.4 OK for: babel-preset-current-node-syntax@1.2.0 want: ^7.10.4
2284 silly placeDep ROOT @babel/plugin-syntax-nullish-coalescing-operator@7.8.3 OK for: babel-preset-current-node-syntax@1.2.0 want: ^7.8.3
2285 silly placeDep ROOT @babel/plugin-syntax-numeric-separator@7.10.4 OK for: babel-preset-current-node-syntax@1.2.0 want: ^7.10.4
2286 silly placeDep ROOT @babel/plugin-syntax-object-rest-spread@7.8.3 OK for: babel-preset-current-node-syntax@1.2.0 want: ^7.8.3
2287 silly placeDep ROOT @babel/plugin-syntax-optional-catch-binding@7.8.3 OK for: babel-preset-current-node-syntax@1.2.0 want: ^7.8.3
2288 silly placeDep ROOT @babel/plugin-syntax-optional-chaining@7.8.3 OK for: babel-preset-current-node-syntax@1.2.0 want: ^7.8.3
2289 silly placeDep ROOT @babel/plugin-syntax-private-property-in-object@7.14.5 OK for: babel-preset-current-node-syntax@1.2.0 want: ^7.14.5
2290 silly placeDep ROOT @babel/plugin-syntax-top-level-await@7.14.5 OK for: babel-preset-current-node-syntax@1.2.0 want: ^7.14.5
2291 silly placeDep ROOT is-wsl@2.2.0 OK for: chrome-launcher@0.15.2 want: ^2.2.0
2292 silly placeDep ROOT lighthouse-logger@1.4.2 OK for: chrome-launcher@0.15.2 want: ^1.0.0
2293 silly fetch manifest debug@^2.6.9
2294 silly packumentCache full:https://registry.npmjs.org/debug cache-hit
2295 silly fetch manifest marky@^1.2.2
2296 silly packumentCache full:https://registry.npmjs.org/marky cache-miss
2297 http fetch GET 200 https://registry.npmjs.org/marky 114ms (cache miss)
2298 silly packumentCache full:https://registry.npmjs.org/marky set size:undefined disposed:false
2299 silly placeDep ROOT mkdirp@1.0.4 OK for: chromium-edge-launcher@0.2.0 want: ^1.0.4
2300 silly placeDep ROOT rimraf@3.0.2 OK for: chromium-edge-launcher@0.2.0 want: ^3.0.2
2301 silly fetch manifest glob@^7.1.3
2302 silly packumentCache full:https://registry.npmjs.org/glob cache-hit
2303 silly placeDep ROOT locate-path@5.0.0 OK for: find-up@4.1.0 want: ^5.0.0
2304 silly placeDep ROOT path-exists@4.0.0 OK for: find-up@4.1.0 want: ^4.0.0
2305 silly fetch manifest p-locate@^4.1.0
2306 silly packumentCache full:https://registry.npmjs.org/p-locate cache-miss
2307 http fetch GET 200 https://registry.npmjs.org/p-locate 64ms (cache miss)
2308 silly packumentCache full:https://registry.npmjs.org/p-locate set size:undefined disposed:false
2309 silly placeDep ROOT is-docker@2.2.1 OK for: is-wsl@2.2.0 want: ^2.0.0
2310 silly placeDep ROOT istanbul-lib-coverage@3.2.2 OK for: istanbul-lib-instrument@5.2.1 want: ^3.2.0
2311 silly placeDep node_modules/istanbul-lib-instrument semver@6.3.1 OK for: istanbul-lib-instrument@5.2.1 want: ^6.3.0
2312 silly placeDep ROOT @jest/environment@29.7.0 OK for: jest-environment-node@29.7.0 want: ^29.7.0
2313 silly placeDep ROOT @jest/fake-timers@29.7.0 OK for: jest-environment-node@29.7.0 want: ^29.7.0
2314 silly placeDep ROOT jest-mock@29.7.0 OK for: jest-environment-node@29.7.0 want: ^29.7.0
2315 silly fetch manifest jest-message-util@^29.7.0
2316 silly packumentCache full:https://registry.npmjs.org/jest-message-util cache-miss
2317 silly fetch manifest @sinonjs/fake-timers@^10.0.2
2318 silly packumentCache full:https://registry.npmjs.org/@sinonjs%2ffake-timers cache-miss
2319 http fetch GET 200 https://registry.npmjs.org/@sinonjs%2ffake-timers 200ms (cache miss)
2320 silly packumentCache full:https://registry.npmjs.org/@sinonjs%2ffake-timers set size:undefined disposed:false
2321 http fetch GET 200 https://registry.npmjs.org/jest-message-util 207ms (cache miss)
2322 silly packumentCache full:https://registry.npmjs.org/jest-message-util set size:undefined disposed:false
2323 silly placeDep ROOT @sinonjs/fake-timers@10.3.0 OK for: @jest/fake-timers@29.7.0 want: ^10.0.2
2324 silly placeDep ROOT jest-message-util@29.7.0 OK for: @jest/fake-timers@29.7.0 want: ^29.7.0
2325 silly fetch manifest @sinonjs/commons@^3.0.0
2326 silly packumentCache full:https://registry.npmjs.org/@sinonjs%2fcommons cache-miss
2327 silly fetch manifest stack-utils@^2.0.3
2328 silly packumentCache full:https://registry.npmjs.org/stack-utils cache-miss
2329 silly fetch manifest @babel/code-frame@^7.12.13
2330 silly packumentCache full:https://registry.npmjs.org/@babel%2fcode-frame cache-hit
2331 silly fetch manifest @types/stack-utils@^2.0.0
2332 silly packumentCache full:https://registry.npmjs.org/@types%2fstack-utils cache-miss
2333 http fetch GET 200 https://registry.npmjs.org/@types%2fstack-utils 52ms (cache miss)
2334 silly packumentCache full:https://registry.npmjs.org/@types%2fstack-utils set size:undefined disposed:false
2335 http fetch GET 200 https://registry.npmjs.org/stack-utils 61ms (cache miss)
2336 silly packumentCache full:https://registry.npmjs.org/stack-utils set size:undefined disposed:false
2337 http fetch GET 200 https://registry.npmjs.org/@sinonjs%2fcommons 79ms (cache miss)
2338 silly packumentCache full:https://registry.npmjs.org/@sinonjs%2fcommons set size:undefined disposed:false
2339 silly placeDep ROOT @sinonjs/commons@3.0.1 OK for: @sinonjs/fake-timers@10.3.0 want: ^3.0.0
2340 silly fetch manifest type-detect@4.0.8
2341 silly packumentCache full:https://registry.npmjs.org/type-detect cache-miss
2342 http fetch GET 200 https://registry.npmjs.org/type-detect 47ms (cache miss)
2343 silly packumentCache full:https://registry.npmjs.org/type-detect set size:undefined disposed:false
2344 silly placeDep ROOT type-detect@4.0.8 OK for: @sinonjs/commons@3.0.1 want: 4.0.8
2345 silly placeDep ROOT @types/graceful-fs@4.1.9 OK for: jest-haste-map@29.7.0 want: ^4.1.3
2346 silly placeDep ROOT anymatch@3.1.3 OK for: jest-haste-map@29.7.0 want: ^3.0.3
2347 silly placeDep ROOT fsevents@2.3.3 OK for: jest-haste-map@29.7.0 want: ^2.3.2
2348 silly fetch manifest normalize-path@^3.0.0
2349 silly packumentCache full:https://registry.npmjs.org/normalize-path cache-miss
2350 http fetch GET 200 https://registry.npmjs.org/normalize-path 51ms (cache miss)
2351 silly packumentCache full:https://registry.npmjs.org/normalize-path set size:undefined disposed:false
2352 silly placeDep ROOT normalize-path@3.0.0 OK for: anymatch@3.1.3 want: ^3.0.0
2353 silly placeDep node_modules/jest-message-util @babel/code-frame@7.29.7 OK for: jest-message-util@29.7.0 want: ^7.12.13
2354 silly placeDep ROOT @types/stack-utils@2.0.3 OK for: jest-message-util@29.7.0 want: ^2.0.0
2355 silly placeDep node_modules/jest-message-util chalk@4.1.2 OK for: jest-message-util@29.7.0 want: ^4.0.0
2356 silly placeDep ROOT stack-utils@2.0.6 OK for: jest-message-util@29.7.0 want: ^2.0.3
2357 silly fetch manifest escape-string-regexp@^2.0.0
2358 silly packumentCache full:https://registry.npmjs.org/escape-string-regexp cache-hit
2359 silly placeDep ROOT argparse@1.0.10 OK for: js-yaml@3.15.1 want: ^1.0.7
2360 silly placeDep ROOT esprima@4.0.1 OK for: js-yaml@3.15.1 want: ^4.0.0
2361 silly fetch manifest sprintf-js@~1.0.2
2362 silly packumentCache full:https://registry.npmjs.org/sprintf-js cache-miss
2363 http fetch GET 200 https://registry.npmjs.org/sprintf-js 267ms (cache miss)
2364 silly packumentCache full:https://registry.npmjs.org/sprintf-js set size:undefined disposed:false
2365 silly placeDep ROOT sprintf-js@1.0.3 OK for: argparse@1.0.10 want: ~1.0.2
2366 silly placeDep node_modules/lighthouse-logger debug@2.6.9 OK for: lighthouse-logger@1.4.2 want: ^2.6.9
2367 silly placeDep ROOT marky@1.3.0 OK for: lighthouse-logger@1.4.2 want: ^1.2.2
2368 silly placeDep ROOT p-locate@4.1.0 OK for: locate-path@5.0.0 want: ^4.1.0
2369 silly fetch manifest p-limit@^2.2.0
2370 silly packumentCache full:https://registry.npmjs.org/p-limit cache-hit
2371 silly placeDep node_modules/p-locate p-limit@2.3.0 OK for: p-locate@4.1.0 want: ^2.2.0
2372 silly fetch manifest p-try@^2.0.0
2373 silly packumentCache full:https://registry.npmjs.org/p-try cache-miss
2374 http fetch GET 200 https://registry.npmjs.org/p-try 46ms (cache miss)
2375 silly packumentCache full:https://registry.npmjs.org/p-try set size:undefined disposed:false
2376 silly placeDep ROOT asap@2.0.6 OK for: promise@8.3.0 want: ~2.0.6
2377 silly placeDep ROOT shell-quote@1.10.0 OK for: react-devtools-core@6.1.5 want: ^1.6.1
2378 silly placeDep ROOT react-freeze@1.0.4 OK for: react-native-screens@4.16.0 want: ^1.0.0
2379 silly placeDep node_modules/rimraf glob@7.2.3 OK for: rimraf@3.0.2 want: ^7.1.3
2380 silly placeDep node_modules/serve-static encodeurl@2.0.0 OK for: serve-static@1.16.3 want: ~2.0.0
2381 silly placeDep ROOT send@0.19.2 OK for: serve-static@1.16.3 want: ~0.19.1
2382 silly fetch manifest depd@2.0.0
2383 silly packumentCache full:https://registry.npmjs.org/depd cache-miss
2384 silly fetch manifest etag@~1.8.1
2385 silly packumentCache full:https://registry.npmjs.org/etag cache-miss
2386 silly fetch manifest mime@1.6.0
2387 silly packumentCache full:https://registry.npmjs.org/mime cache-miss
2388 silly fetch manifest fresh@~0.5.2
2389 silly packumentCache full:https://registry.npmjs.org/fresh cache-miss
2390 silly fetch manifest destroy@1.2.0
2391 silly packumentCache full:https://registry.npmjs.org/destroy cache-miss
2392 silly fetch manifest statuses@~2.0.2
2393 silly packumentCache full:https://registry.npmjs.org/statuses cache-hit
2394 silly fetch manifest http-errors@~2.0.1
2395 silly packumentCache full:https://registry.npmjs.org/http-errors cache-miss
2396 silly fetch manifest on-finished@~2.4.1
2397 silly packumentCache full:https://registry.npmjs.org/on-finished cache-hit
2398 silly fetch manifest range-parser@~1.2.1
2399 silly packumentCache full:https://registry.npmjs.org/range-parser cache-miss
2400 http fetch GET 200 https://registry.npmjs.org/fresh 47ms (cache miss)
2401 silly packumentCache full:https://registry.npmjs.org/fresh set size:undefined disposed:false
2402 http fetch GET 200 https://registry.npmjs.org/range-parser 47ms (cache miss)
2403 silly packumentCache full:https://registry.npmjs.org/range-parser set size:undefined disposed:false
2404 http fetch GET 200 https://registry.npmjs.org/depd 56ms (cache miss)
2405 silly packumentCache full:https://registry.npmjs.org/depd set size:undefined disposed:false
2406 http fetch GET 200 https://registry.npmjs.org/etag 61ms (cache miss)
2407 silly packumentCache full:https://registry.npmjs.org/etag set size:undefined disposed:false
2408 http fetch GET 200 https://registry.npmjs.org/destroy 63ms (cache miss)
2409 silly packumentCache full:https://registry.npmjs.org/destroy set size:undefined disposed:false
2410 http fetch GET 200 https://registry.npmjs.org/mime 65ms (cache miss)
2411 silly packumentCache full:https://registry.npmjs.org/mime set size:undefined disposed:false
2412 http fetch GET 200 https://registry.npmjs.org/http-errors 70ms (cache miss)
2413 silly packumentCache full:https://registry.npmjs.org/http-errors set size:undefined disposed:false
2414 silly placeDep node_modules/send debug@2.6.9 OK for: send@0.19.2 want: 2.6.9
2415 silly placeDep ROOT depd@2.0.0 OK for: send@0.19.2 want: 2.0.0
2416 silly placeDep ROOT destroy@1.2.0 OK for: send@0.19.2 want: 1.2.0
2417 silly placeDep node_modules/send encodeurl@2.0.0 OK for: send@0.19.2 want: ~2.0.0
2418 silly placeDep ROOT etag@1.8.1 OK for: send@0.19.2 want: ~1.8.1
2419 silly placeDep ROOT fresh@0.5.2 OK for: send@0.19.2 want: ~0.5.2
2420 silly placeDep ROOT http-errors@2.0.1 OK for: send@0.19.2 want: ~2.0.1
2421 silly placeDep ROOT mime@1.6.0 OK for: send@0.19.2 want: 1.6.0
2422 silly placeDep node_modules/send on-finished@2.4.1 OK for: send@0.19.2 want: ~2.4.1
2423 silly placeDep ROOT range-parser@1.2.1 OK for: send@0.19.2 want: ~1.2.1
2424 silly placeDep node_modules/send statuses@2.0.2 OK for: send@0.19.2 want: ~2.0.2
2425 silly fetch manifest setprototypeof@~1.2.0
2426 silly packumentCache full:https://registry.npmjs.org/setprototypeof cache-miss
2427 silly fetch manifest toidentifier@~1.0.1
2428 silly packumentCache full:https://registry.npmjs.org/toidentifier cache-miss
2429 http fetch GET 200 https://registry.npmjs.org/setprototypeof 51ms (cache miss)
2430 silly packumentCache full:https://registry.npmjs.org/setprototypeof set size:undefined disposed:false
2431 http fetch GET 200 https://registry.npmjs.org/toidentifier 52ms (cache miss)
2432 silly packumentCache full:https://registry.npmjs.org/toidentifier set size:undefined disposed:false
2433 silly placeDep ROOT setprototypeof@1.2.0 OK for: http-errors@2.0.1 want: ~1.2.0
2434 silly placeDep node_modules/http-errors statuses@2.0.2 OK for: http-errors@2.0.1 want: ~2.0.2
2435 silly placeDep ROOT toidentifier@1.0.1 OK for: http-errors@2.0.1 want: ~1.0.1
2436 silly placeDep ROOT shebang-regex@3.0.0 OK for: shebang-command@2.0.0 want: ^3.0.0
2437 silly placeDep ROOT is-arrayish@0.3.4 OK for: simple-swizzle@0.2.4 want: ^0.3.1
2438 silly placeDep node_modules/stack-utils escape-string-regexp@2.0.0 OK for: stack-utils@2.0.6 want: ^2.0.0
2439 silly placeDep ROOT type-fest@0.7.1 OK for: stacktrace-parser@0.1.11 want: ^0.7.1
2440 silly placeDep node_modules/sucrase commander@4.1.1 OK for: sucrase@3.35.1 want: ^4.0.0
2441 silly placeDep ROOT lines-and-columns@1.2.4 OK for: sucrase@3.35.1 want: ^1.1.6
2442 silly placeDep ROOT mz@2.7.0 OK for: sucrase@3.35.1 want: ^2.7.0
2443 silly placeDep ROOT tinyglobby@0.2.17 OK for: sucrase@3.35.1 want: ^0.2.11
2444 silly placeDep ROOT ts-interface-checker@0.1.13 OK for: sucrase@3.35.1 want: ^0.1.9
2445 silly fetch manifest any-promise@^1.0.0
2446 silly packumentCache full:https://registry.npmjs.org/any-promise cache-miss
2447 silly fetch manifest object-assign@^4.0.1
2448 silly packumentCache full:https://registry.npmjs.org/object-assign cache-miss
2449 silly fetch manifest thenify-all@^1.0.0
2450 silly packumentCache full:https://registry.npmjs.org/thenify-all cache-miss
2451 silly fetch manifest fdir@^6.5.0
2452 silly packumentCache full:https://registry.npmjs.org/fdir cache-miss
2453 silly fetch manifest picomatch@^4.0.4
2454 silly packumentCache full:https://registry.npmjs.org/picomatch cache-hit
2455 http fetch GET 200 https://registry.npmjs.org/any-promise 56ms (cache miss)
2456 silly packumentCache full:https://registry.npmjs.org/any-promise set size:undefined disposed:false
2457 http fetch GET 200 https://registry.npmjs.org/thenify-all 57ms (cache miss)
2458 silly packumentCache full:https://registry.npmjs.org/thenify-all set size:undefined disposed:false
2459 http fetch GET 200 https://registry.npmjs.org/object-assign 60ms (cache miss)
2460 silly packumentCache full:https://registry.npmjs.org/object-assign set size:undefined disposed:false
2461 http fetch GET 200 https://registry.npmjs.org/fdir 65ms (cache miss)
2462 silly packumentCache full:https://registry.npmjs.org/fdir set size:undefined disposed:false
2463 silly placeDep ROOT any-promise@1.3.0 OK for: mz@2.7.0 want: ^1.0.0
2464 silly placeDep ROOT object-assign@4.1.1 OK for: mz@2.7.0 want: ^4.0.1
2465 silly placeDep ROOT thenify-all@1.6.0 OK for: mz@2.7.0 want: ^1.0.0
2466 silly fetch manifest thenify@>= 3.1.0 < 4
2467 silly packumentCache full:https://registry.npmjs.org/thenify cache-miss
2468 http fetch GET 200 https://registry.npmjs.org/thenify 49ms (cache miss)
2469 silly packumentCache full:https://registry.npmjs.org/thenify set size:undefined disposed:false
2470 silly placeDep ROOT has-flag@3.0.0 OK for: supports-color@5.5.0 want: ^3.0.0
2471 silly placeDep ROOT @jridgewell/source-map@0.3.11 OK for: terser@5.49.2 want: ^0.3.3
2472 silly placeDep ROOT acorn@8.18.0 OK for: terser@5.49.2 want: ^8.15.0
2473 silly placeDep node_modules/terser commander@2.20.3 OK for: terser@5.49.2 want: ^2.20.0
2474 silly placeDep ROOT source-map-support@0.5.21 OK for: terser@5.49.2 want: ~0.5.20
2475 silly fetch manifest buffer-from@^1.0.0
2476 silly packumentCache full:https://registry.npmjs.org/buffer-from cache-miss
2477 silly fetch manifest source-map@^0.6.0
2478 silly packumentCache full:https://registry.npmjs.org/source-map cache-hit
2479 http fetch GET 200 https://registry.npmjs.org/buffer-from 48ms (cache miss)
2480 silly packumentCache full:https://registry.npmjs.org/buffer-from set size:undefined disposed:false
2481 silly placeDep ROOT buffer-from@1.1.2 OK for: source-map-support@0.5.21 want: ^1.0.0
2482 silly placeDep node_modules/source-map-support source-map@0.6.1 OK for: source-map-support@0.5.21 want: ^0.6.0
2483 silly placeDep node_modules/test-exclude glob@7.2.3 OK for: test-exclude@6.0.0 want: ^7.1.4
2484 silly placeDep node_modules/test-exclude minimatch@3.1.5 OK for: test-exclude@6.0.0 want: ^3.0.4
2485 silly fetch manifest brace-expansion@^1.1.7
2486 silly packumentCache full:https://registry.npmjs.org/brace-expansion cache-hit
2487 silly placeDep ROOT thenify@3.3.1 OK for: thenify-all@1.6.0 want: >= 3.1.0 < 4
2488 silly placeDep node_modules/tinyglobby fdir@6.5.0 OK for: tinyglobby@0.2.17 want: ^6.5.0
2489 silly placeDep node_modules/tinyglobby picomatch@4.0.5 OK for: fdir@6.5.0 want: ^3 || ^4
2490 silly placeDep ROOT is-number@7.0.0 OK for: to-regex-range@5.0.1 want: ^7.0.0
2491 silly placeDep ROOT escalade@3.2.0 OK for: update-browserslist-db@1.3.1 want: ^3.2.0
2492 silly placeDep ROOT makeerror@1.0.12 OK for: walker@1.0.8 want: 1.0.12
2493 silly fetch manifest tmpl@1.0.5
2494 silly packumentCache full:https://registry.npmjs.org/tmpl cache-miss
2495 http fetch GET 200 https://registry.npmjs.org/tmpl 46ms (cache miss)
2496 silly packumentCache full:https://registry.npmjs.org/tmpl set size:undefined disposed:false
2497 silly placeDep ROOT tmpl@1.0.5 OK for: makeerror@1.0.12 want: 1.0.5
2498 silly placeDep ROOT buffer@5.7.1 OK for: whatwg-url-without-unicode@8.0.0-3 want: ^5.4.3
2499 silly placeDep ROOT punycode@2.3.1 OK for: whatwg-url-without-unicode@8.0.0-3 want: ^2.1.1
2500 silly placeDep ROOT webidl-conversions@5.0.0 OK for: whatwg-url-without-unicode@8.0.0-3 want: ^5.0.0
2501 silly fetch manifest ieee754@^1.1.13
2502 silly packumentCache full:https://registry.npmjs.org/ieee754 cache-miss
2503 http fetch GET 200 https://registry.npmjs.org/ieee754 56ms (cache miss)
2504 silly packumentCache full:https://registry.npmjs.org/ieee754 set size:undefined disposed:false
2505 silly placeDep ROOT ieee754@1.2.1 OK for: buffer@5.7.1 want: ^1.1.13
2506 silly placeDep ROOT isexe@2.0.0 OK for: which@2.0.2 want: ^2.0.0
2507 silly placeDep ROOT imurmurhash@0.1.4 OK for: write-file-atomic@4.0.2 want: ^0.1.4
2508 silly placeDep ROOT signal-exit@3.0.7 OK for: write-file-atomic@4.0.2 want: ^3.0.7
2509 silly placeDep ROOT simple-plist@1.3.1 OK for: xcode@3.0.1 want: ^1.1.0
2510 silly placeDep ROOT uuid@7.0.3 OK for: xcode@3.0.1 want: ^7.0.3
2511 silly fetch manifest bplist-parser@0.3.1
2512 silly packumentCache full:https://registry.npmjs.org/bplist-parser cache-hit
2513 silly fetch manifest plist@^3.0.5
2514 silly packumentCache full:https://registry.npmjs.org/plist cache-miss
2515 http fetch GET 200 https://registry.npmjs.org/plist 73ms (cache miss)
2516 silly packumentCache full:https://registry.npmjs.org/plist set size:undefined disposed:false
2517 silly placeDep ROOT bplist-creator@0.1.0 OK for: simple-plist@1.3.1 want: 0.1.0
2518 silly placeDep ROOT bplist-parser@0.3.1 OK for: simple-plist@1.3.1 want: 0.3.1
2519 silly placeDep ROOT plist@3.1.1 OK for: simple-plist@1.3.1 want: ^3.0.5
2520 silly fetch manifest stream-buffers@2.2.x
2521 silly packumentCache full:https://registry.npmjs.org/stream-buffers cache-miss
2522 silly fetch manifest big-integer@1.6.x
2523 silly packumentCache full:https://registry.npmjs.org/big-integer cache-miss
2524 silly fetch manifest @xmldom/xmldom@^0.9.10
2525 silly packumentCache full:https://registry.npmjs.org/@xmldom%2fxmldom cache-hit
2526 http fetch GET 200 https://registry.npmjs.org/stream-buffers 52ms (cache miss)
2527 silly packumentCache full:https://registry.npmjs.org/stream-buffers set size:undefined disposed:false
2528 http fetch GET 200 https://registry.npmjs.org/big-integer 61ms (cache miss)
2529 silly packumentCache full:https://registry.npmjs.org/big-integer set size:undefined disposed:false
2530 silly placeDep ROOT stream-buffers@2.2.0 OK for: bplist-creator@0.1.0 want: 2.2.x
2531 silly placeDep ROOT big-integer@1.6.52 OK for: bplist-parser@0.3.1 want: 1.6.x
2532 silly placeDep node_modules/plist @xmldom/xmldom@0.9.10 OK for: plist@3.1.1 want: ^0.9.10
2533 silly placeDep ROOT sax@1.6.1 OK for: xml2js@0.6.0 want: >=0.6.0
2534 silly placeDep node_modules/xml2js xmlbuilder@11.0.1 OK for: xml2js@0.6.0 want: ~11.0.0
2535 silly placeDep ROOT cliui@8.0.1 OK for: yargs@17.7.3 want: ^8.0.1
2536 silly placeDep ROOT get-caller-file@2.0.5 OK for: yargs@17.7.3 want: ^2.0.5
2537 silly placeDep ROOT require-directory@2.1.1 OK for: yargs@17.7.3 want: ^2.1.1
2538 silly placeDep ROOT string-width@4.2.3 OK for: yargs@17.7.3 want: ^4.2.3
2539 silly placeDep ROOT y18n@5.0.8 OK for: yargs@17.7.3 want: ^5.0.5
2540 silly placeDep ROOT yargs-parser@21.1.1 OK for: yargs@17.7.3 want: ^21.1.1
2541 silly fetch manifest strip-ansi@^6.0.1
2542 silly packumentCache full:https://registry.npmjs.org/strip-ansi cache-miss
2543 silly fetch manifest string-width@^4.2.0
2544 silly packumentCache full:https://registry.npmjs.org/string-width cache-hit
2545 silly fetch manifest strip-ansi@^6.0.1
2546 silly packumentCache full:https://registry.npmjs.org/strip-ansi cache-miss
2547 silly fetch manifest emoji-regex@^8.0.0
2548 silly packumentCache full:https://registry.npmjs.org/emoji-regex cache-miss
2549 silly fetch manifest is-fullwidth-code-point@^3.0.0
2550 silly packumentCache full:https://registry.npmjs.org/is-fullwidth-code-point cache-miss
2551 http fetch GET 200 https://registry.npmjs.org/strip-ansi 50ms (cache miss)
2552 silly packumentCache full:https://registry.npmjs.org/strip-ansi set size:undefined disposed:false
2553 http fetch GET 200 https://registry.npmjs.org/is-fullwidth-code-point 68ms (cache miss)
2554 silly packumentCache full:https://registry.npmjs.org/is-fullwidth-code-point set size:undefined disposed:false
2555 http fetch GET 200 https://registry.npmjs.org/emoji-regex 71ms (cache miss)
2556 silly packumentCache full:https://registry.npmjs.org/emoji-regex set size:undefined disposed:false
2557 http fetch GET 200 https://registry.npmjs.org/strip-ansi 73ms (cache miss)
2558 silly packumentCache full:https://registry.npmjs.org/strip-ansi set size:undefined disposed:false
2559 silly placeDep ROOT strip-ansi@6.0.1 OK for: cliui@8.0.1 want: ^6.0.1
2560 silly placeDep ROOT wrap-ansi@7.0.0 OK for: cliui@8.0.1 want: ^7.0.0
2561 silly fetch manifest ansi-styles@^4.0.0
2562 silly packumentCache full:https://registry.npmjs.org/ansi-styles cache-hit
2563 silly placeDep ROOT emoji-regex@8.0.0 OK for: string-width@4.2.3 want: ^8.0.0
2564 silly placeDep ROOT is-fullwidth-code-point@3.0.0 OK for: string-width@4.2.3 want: ^3.0.0
2565 silly placeDep node_modules/wrap-ansi ansi-styles@4.3.0 OK for: wrap-ansi@7.0.0 want: ^4.0.0
2566 silly placeDep node_modules/@expo/config-plugins ansi-styles@4.3.0 OK for: chalk@4.1.2 want: ^4.1.0
2567 silly placeDep node_modules/@expo/config-plugins supports-color@7.2.0 OK for: chalk@4.1.2 want: ^7.1.0
2568 silly placeDep node_modules/@expo/config-plugins has-flag@4.0.0 OK for: supports-color@7.2.0 want: ^4.0.0
2569 silly placeDep node_modules/@expo/devtools ansi-styles@4.3.0 OK for: chalk@4.1.2 want: ^4.1.0
2570 silly placeDep node_modules/@expo/devtools supports-color@7.2.0 OK for: chalk@4.1.2 want: ^7.1.0
2571 silly placeDep node_modules/@expo/devtools has-flag@4.0.0 OK for: supports-color@7.2.0 want: ^4.0.0
2572 silly placeDep node_modules/@expo/fingerprint ansi-styles@4.3.0 OK for: chalk@4.1.2 want: ^4.1.0
2573 silly placeDep node_modules/@expo/fingerprint supports-color@7.2.0 OK for: chalk@4.1.2 want: ^7.1.0
2574 silly placeDep node_modules/@expo/fingerprint has-flag@4.0.0 OK for: supports-color@7.2.0 want: ^4.0.0
2575 silly placeDep node_modules/@jest/transform ansi-styles@4.3.0 OK for: chalk@4.1.2 want: ^4.1.0
2576 silly placeDep node_modules/@jest/transform supports-color@7.2.0 OK for: chalk@4.1.2 want: ^7.1.0
2577 silly placeDep node_modules/@jest/transform has-flag@4.0.0 OK for: supports-color@7.2.0 want: ^4.0.0
2578 silly placeDep node_modules/@jest/types ansi-styles@4.3.0 OK for: chalk@4.1.2 want: ^4.1.0
2579 silly placeDep node_modules/@jest/types supports-color@7.2.0 OK for: chalk@4.1.2 want: ^7.1.0
2580 silly placeDep node_modules/@jest/types has-flag@4.0.0 OK for: supports-color@7.2.0 want: ^4.0.0
2581 silly placeDep ROOT fs.realpath@1.0.0 OK for: glob@7.2.3 want: ^1.0.0
2582 silly placeDep ROOT inflight@1.0.6 OK for: glob@7.2.3 want: ^1.0.4
2583 silly placeDep node_modules/@react-native/codegen minimatch@3.1.5 OK for: glob@7.2.3 want: ^3.1.1
2584 silly placeDep ROOT once@1.4.0 OK for: glob@7.2.3 want: ^1.3.0
2585 silly placeDep ROOT path-is-absolute@1.0.1 OK for: glob@7.2.3 want: ^1.0.0
2586 silly fetch manifest wrappy@1
2587 silly packumentCache full:https://registry.npmjs.org/wrappy cache-miss
2588 silly fetch manifest wrappy@1
2589 silly packumentCache full:https://registry.npmjs.org/wrappy cache-miss
2590 http fetch GET 200 https://registry.npmjs.org/wrappy 46ms (cache miss)
2591 silly packumentCache full:https://registry.npmjs.org/wrappy set size:undefined disposed:false
2592 http fetch GET 200 https://registry.npmjs.org/wrappy 48ms (cache miss)
2593 silly packumentCache full:https://registry.npmjs.org/wrappy set size:undefined disposed:false
2594 silly placeDep ROOT wrappy@1.0.2 OK for: inflight@1.0.6 want: 1
2595 silly placeDep node_modules/@react-native/codegen hermes-estree@0.29.1 OK for: hermes-parser@0.29.1 want: 0.29.1
2596 silly placeDep node_modules/@react-native/codegen brace-expansion@1.1.18 OK for: minimatch@3.1.5 want: ^1.1.7
2597 silly fetch manifest concat-map@0.0.1
2598 silly packumentCache full:https://registry.npmjs.org/concat-map cache-miss
2599 silly fetch manifest balanced-match@^1.0.0
2600 silly packumentCache full:https://registry.npmjs.org/balanced-match cache-miss
2601 http cache https://registry.npmjs.org/balanced-match 2ms (cache hit)
2602 silly packumentCache full:https://registry.npmjs.org/balanced-match set size:39082 disposed:false
2603 http fetch GET 200 https://registry.npmjs.org/concat-map 48ms (cache miss)
2604 silly packumentCache full:https://registry.npmjs.org/concat-map set size:undefined disposed:false
2605 silly placeDep node_modules/@react-native/codegen balanced-match@1.0.2 OK for: brace-expansion@1.1.18 want: ^1.0.0
2606 silly placeDep ROOT concat-map@0.0.1 OK for: brace-expansion@1.1.18 want: 0.0.1
2607 silly placeDep ROOT async-limiter@1.0.1 OK for: ws@6.2.6 want: ~1.0.0
2608 silly placeDep node_modules/ansi-styles color-name@1.1.3 OK for: color-convert@1.9.3 want: 1.1.3
2609 silly placeDep node_modules/babel-jest ansi-styles@4.3.0 OK for: chalk@4.1.2 want: ^4.1.0
2610 silly placeDep node_modules/babel-jest supports-color@7.2.0 OK for: chalk@4.1.2 want: ^7.1.0
2611 silly placeDep node_modules/babel-jest has-flag@4.0.0 OK for: supports-color@7.2.0 want: ^4.0.0
2612 silly placeDep node_modules/babel-plugin-syntax-hermes-parser hermes-estree@0.29.1 OK for: hermes-parser@0.29.1 want: 0.29.1
2613 silly placeDep node_modules/connect ms@2.0.0 OK for: debug@2.6.9 want: 2.0.0
2614 silly placeDep node_modules/expo-modules-autolinking ansi-styles@4.3.0 OK for: chalk@4.1.2 want: ^4.1.0
2615 silly placeDep node_modules/expo-modules-autolinking supports-color@7.2.0 OK for: chalk@4.1.2 want: ^7.1.0
2616 silly placeDep node_modules/expo-modules-autolinking has-flag@4.0.0 OK for: supports-color@7.2.0 want: ^4.0.0
2617 silly fetch manifest utf-8-validate@>=5.0.2
2618 silly packumentCache full:https://registry.npmjs.org/utf-8-validate cache-hit
2619 silly fetch manifest graphql@^14.0.0 || ^15.0.0 || ^16.0.0
2620 silly packumentCache full:https://registry.npmjs.org/graphql cache-miss
2621 http fetch GET 200 https://registry.npmjs.org/graphql 142ms (cache miss)
2622 silly packumentCache full:https://registry.npmjs.org/graphql set size:undefined disposed:false
2623 silly placeDep ROOT @0no-co/graphql.web@1.3.3 OK for: @expo/cli@54.0.26 want: ^1.0.8
2624 silly placeDep ROOT @expo/code-signing-certificates@0.0.6 OK for: @expo/cli@54.0.26 want: ^0.0.6
2625 silly placeDep ROOT @expo/devcert@1.2.1 OK for: @expo/cli@54.0.26 want: ^1.2.1
2626 silly placeDep ROOT @expo/env@2.0.12 OK for: @expo/cli@54.0.26 want: ~2.0.12
2627 silly placeDep ROOT @expo/image-utils@0.8.15 OK for: @expo/cli@54.0.26 want: ^0.8.8
2628 silly placeDep ROOT @expo/osascript@2.7.1 OK for: @expo/cli@54.0.26 want: ^2.3.8
2629 silly placeDep ROOT @expo/package-manager@1.13.1 OK for: @expo/cli@54.0.26 want: ^1.9.10
2630 silly placeDep node_modules/expo/node_modules/@expo/cli @expo/prebuild-config@54.0.9 CONFLICT for: @expo/cli@54.0.26 want: ^54.0.9
2631 silly placeDep ROOT @expo/schema-utils@0.1.9 OK for: @expo/cli@54.0.26 want: ^0.1.9
2632 silly placeDep ROOT @expo/ws-tunnel@1.0.6 OK for: @expo/cli@54.0.26 want: ^1.0.1
2633 silly placeDep ROOT @expo/xcpretty@4.4.4 OK for: @expo/cli@54.0.26 want: ^4.3.0
2634 silly placeDep ROOT @urql/core@5.2.0 OK for: @expo/cli@54.0.26 want: ^5.0.6
2635 silly placeDep ROOT @urql/exchange-retry@1.3.2 OK for: @expo/cli@54.0.26 want: ^1.3.0
2636 silly placeDep ROOT better-opn@3.0.2 OK for: @expo/cli@54.0.26 want: ~3.0.2
2637 silly placeDep node_modules/expo chalk@4.1.2 OK for: @expo/cli@54.0.26 want: ^4.0.0
2638 silly placeDep node_modules/expo ci-info@3.9.0 OK for: @expo/cli@54.0.26 want: ^3.3.0
2639 silly placeDep ROOT compression@1.8.1 OK for: @expo/cli@54.0.26 want: ^1.7.4
2640 silly placeDep ROOT env-editor@0.4.2 OK for: @expo/cli@54.0.26 want: ^0.4.1
2641 silly placeDep ROOT expo-server@1.0.7 OK for: @expo/cli@54.0.26 want: ^1.0.7
2642 silly placeDep ROOT freeport-async@2.0.0 OK for: @expo/cli@54.0.26 want: ^2.0.0
2643 silly placeDep ROOT lan-network@0.2.1 OK for: @expo/cli@54.0.26 want: ^0.2.1
2644 silly placeDep node_modules/expo minimatch@9.0.9 OK for: @expo/cli@54.0.26 want: ^9.0.0
2645 silly placeDep ROOT node-forge@1.4.0 OK for: @expo/cli@54.0.26 want: ^1.3.3
2646 silly placeDep ROOT npm-package-arg@11.0.3 OK for: @expo/cli@54.0.26 want: ^11.0.0
2647 silly placeDep ROOT ora@3.4.0 OK for: @expo/cli@54.0.26 want: ^3.4.0
2648 silly placeDep node_modules/expo picomatch@4.0.5 OK for: @expo/cli@54.0.26 want: ^4.0.3
2649 silly placeDep ROOT pretty-bytes@5.6.0 OK for: @expo/cli@54.0.26 want: ^5.6.0
2650 silly placeDep ROOT progress@2.0.3 OK for: @expo/cli@54.0.26 want: ^2.0.3
2651 silly placeDep ROOT prompts@2.4.2 OK for: @expo/cli@54.0.26 want: ^2.3.2
2652 silly placeDep ROOT qrcode-terminal@0.11.0 OK for: @expo/cli@54.0.26 want: 0.11.0
2653 silly placeDep ROOT requireg@0.2.2 OK for: @expo/cli@54.0.26 want: ^0.2.2
2654 silly placeDep ROOT resolve@1.22.12 OK for: @expo/cli@54.0.26 want: ^1.22.2
2655 silly placeDep ROOT resolve.exports@2.0.3 OK for: @expo/cli@54.0.26 want: ^2.0.3
2656 silly placeDep ROOT structured-headers@0.4.1 OK for: @expo/cli@54.0.26 want: ^0.4.1
2657 silly placeDep ROOT tar@7.5.22 OK for: @expo/cli@54.0.26 want: ^7.5.2
2658 silly placeDep ROOT terminal-link@2.1.1 OK for: @expo/cli@54.0.26 want: ^2.1.1
2659 silly placeDep ROOT undici@6.28.0 OK for: @expo/cli@54.0.26 want: ^6.18.2
2660 silly placeDep node_modules/expo ws@8.21.3 OK for: @expo/cli@54.0.26 want: ^8.12.1
2661 silly fetch manifest debug@^3.1.0
2662 silly packumentCache full:https://registry.npmjs.org/debug cache-hit
2663 silly fetch manifest @expo/sudo-prompt@^9.3.1
2664 silly packumentCache full:https://registry.npmjs.org/@expo%2fsudo-prompt cache-miss
2665 silly fetch manifest parse-png@^2.1.0
2666 silly packumentCache full:https://registry.npmjs.org/parse-png cache-miss
2667 silly fetch manifest jimp-compact@0.16.1
2668 silly packumentCache full:https://registry.npmjs.org/jimp-compact cache-miss
2669 silly fetch manifest @expo/require-utils@^55.0.6
2670 silly packumentCache full:https://registry.npmjs.org/@expo%2frequire-utils cache-miss
2671 silly fetch manifest @expo/json-file@^11.0.1
2672 silly packumentCache full:https://registry.npmjs.org/@expo%2fjson-file cache-hit
2673 silly fetch manifest js-yaml@^4.1.0
2674 silly packumentCache full:https://registry.npmjs.org/js-yaml cache-miss
2675 silly fetch manifest wonka@^6.3.2
2676 silly packumentCache full:https://registry.npmjs.org/wonka cache-miss
2677 silly fetch manifest wonka@^6.3.2
2678 silly packumentCache full:https://registry.npmjs.org/wonka cache-miss
2679 http cache https://registry.npmjs.org/js-yaml 3ms (cache hit)
2680 silly packumentCache full:https://registry.npmjs.org/js-yaml set size:184624 disposed:false
2681 silly fetch manifest open@^8.0.4
2682 silly packumentCache full:https://registry.npmjs.org/open cache-hit
2683 silly fetch manifest vary@~1.1.2
2684 silly packumentCache full:https://registry.npmjs.org/vary cache-miss
2685 http fetch GET 200 https://registry.npmjs.org/parse-png 49ms (cache miss)
2686 silly packumentCache full:https://registry.npmjs.org/parse-png set size:undefined disposed:false
2687 silly fetch manifest bytes@3.1.2
2688 silly packumentCache full:https://registry.npmjs.org/bytes cache-miss
2689 http fetch GET 200 https://registry.npmjs.org/vary 46ms (cache miss)
2690 silly packumentCache full:https://registry.npmjs.org/vary set size:undefined disposed:false
2691 silly fetch manifest negotiator@~0.6.4
2692 silly packumentCache full:https://registry.npmjs.org/negotiator cache-hit
2693 silly fetch manifest on-headers@~1.1.0
2694 silly packumentCache full:https://registry.npmjs.org/on-headers cache-miss
2695 http fetch GET 200 https://registry.npmjs.org/@expo%2fsudo-prompt 56ms (cache miss)
2696 silly packumentCache full:https://registry.npmjs.org/@expo%2fsudo-prompt set size:undefined disposed:false
2697 silly fetch manifest safe-buffer@5.2.1
2698 silly packumentCache full:https://registry.npmjs.org/safe-buffer cache-miss
2699 http fetch GET 200 https://registry.npmjs.org/jimp-compact 75ms (cache miss)
2700 silly packumentCache full:https://registry.npmjs.org/jimp-compact set size:undefined disposed:false
2701 silly fetch manifest compressible@~2.0.18
2702 silly packumentCache full:https://registry.npmjs.org/compressible cache-miss
2703 http fetch GET 200 https://registry.npmjs.org/on-headers 43ms (cache miss)
2704 silly packumentCache full:https://registry.npmjs.org/on-headers set size:undefined disposed:false
2705 silly fetch manifest brace-expansion@^2.0.2
2706 silly packumentCache full:https://registry.npmjs.org/brace-expansion cache-hit
2707 silly fetch manifest proc-log@^4.0.0
2708 silly packumentCache full:https://registry.npmjs.org/proc-log cache-miss
2709 http fetch GET 200 https://registry.npmjs.org/@expo%2frequire-utils 96ms (cache miss)
2710 silly packumentCache full:https://registry.npmjs.org/@expo%2frequire-utils set size:undefined disposed:false
2711 silly fetch manifest hosted-git-info@^7.0.0
2712 silly packumentCache full:https://registry.npmjs.org/hosted-git-info cache-miss
2713 http fetch GET 200 https://registry.npmjs.org/bytes 52ms (cache miss)
2714 silly packumentCache full:https://registry.npmjs.org/bytes set size:undefined disposed:false
2715 silly fetch manifest validate-npm-package-name@^5.0.0
2716 silly packumentCache full:https://registry.npmjs.org/validate-npm-package-name cache-miss
2717 http fetch GET 200 https://registry.npmjs.org/safe-buffer 50ms (cache miss)
2718 silly packumentCache full:https://registry.npmjs.org/safe-buffer set size:undefined disposed:false
2719 silly fetch manifest wcwidth@^1.0.1
2720 silly packumentCache full:https://registry.npmjs.org/wcwidth cache-miss
2721 http fetch GET 200 https://registry.npmjs.org/compressible 65ms (cache miss)
2722 silly packumentCache full:https://registry.npmjs.org/compressible set size:undefined disposed:false
2723 silly fetch manifest cli-cursor@^2.1.0
2724 silly packumentCache full:https://registry.npmjs.org/cli-cursor cache-miss
2725 http fetch GET 200 https://registry.npmjs.org/proc-log 59ms (cache miss)
2726 silly packumentCache full:https://registry.npmjs.org/proc-log set size:undefined disposed:false
2727 silly fetch manifest strip-ansi@^5.2.0
2728 silly packumentCache full:https://registry.npmjs.org/strip-ansi cache-miss
2729 http fetch GET 200 https://registry.npmjs.org/wcwidth 50ms (cache miss)
2730 silly packumentCache full:https://registry.npmjs.org/wcwidth set size:undefined disposed:false
2731 silly fetch manifest log-symbols@^2.2.0
2732 silly packumentCache full:https://registry.npmjs.org/log-symbols cache-miss
2733 http cache https://registry.npmjs.org/strip-ansi 4ms (cache hit)
2734 silly packumentCache full:https://registry.npmjs.org/strip-ansi set size:44998 disposed:false
2735 silly fetch manifest cli-spinners@^2.0.0
2736 silly packumentCache full:https://registry.npmjs.org/cli-spinners cache-miss
2737 http fetch GET 200 https://registry.npmjs.org/log-symbols 45ms (cache miss)
2738 silly packumentCache full:https://registry.npmjs.org/log-symbols set size:undefined disposed:false
2739 silly fetch manifest kleur@^3.0.3
2740 silly packumentCache full:https://registry.npmjs.org/kleur cache-miss
2741 http fetch GET 200 https://registry.npmjs.org/cli-cursor 61ms (cache miss)
2742 silly packumentCache full:https://registry.npmjs.org/cli-cursor set size:undefined disposed:false
2743 silly fetch manifest sisteransi@^1.0.5
2744 silly packumentCache full:https://registry.npmjs.org/sisteransi cache-miss
2745 http fetch GET 200 https://registry.npmjs.org/cli-spinners 58ms (cache miss)
2746 silly packumentCache full:https://registry.npmjs.org/cli-spinners set size:undefined disposed:false
2747 silly fetch manifest nested-error-stacks@~2.0.1
2748 silly packumentCache full:https://registry.npmjs.org/nested-error-stacks cache-miss
2749 http fetch GET 200 https://registry.npmjs.org/kleur 48ms (cache miss)
2750 silly packumentCache full:https://registry.npmjs.org/kleur set size:undefined disposed:false
2751 silly fetch manifest rc@~1.2.7
2752 silly packumentCache full:https://registry.npmjs.org/rc cache-miss
2753 http fetch GET 200 https://registry.npmjs.org/sisteransi 57ms (cache miss)
2754 silly packumentCache full:https://registry.npmjs.org/sisteransi set size:undefined disposed:false
2755 silly fetch manifest resolve@~1.7.1
2756 silly packumentCache full:https://registry.npmjs.org/resolve cache-hit
2757 silly fetch manifest es-errors@^1.3.0
2758 silly packumentCache full:https://registry.npmjs.org/es-errors cache-miss
2759 http fetch GET 200 https://registry.npmjs.org/wonka 291ms (cache miss)
2760 silly packumentCache full:https://registry.npmjs.org/wonka set size:undefined disposed:false
2761 silly fetch manifest path-parse@^1.0.7
2762 silly packumentCache full:https://registry.npmjs.org/path-parse cache-miss
2763 http fetch GET 200 https://registry.npmjs.org/wonka 297ms (cache miss)
2764 silly packumentCache full:https://registry.npmjs.org/wonka set size:undefined disposed:false
2765 silly fetch manifest is-core-module@^2.16.1
2766 silly packumentCache full:https://registry.npmjs.org/is-core-module cache-miss
2767 http fetch GET 200 https://registry.npmjs.org/hosted-git-info 203ms (cache miss)
2768 silly packumentCache full:https://registry.npmjs.org/hosted-git-info set size:undefined disposed:false
2769 silly fetch manifest supports-preserve-symlinks-flag@^1.0.0
2770 silly packumentCache full:https://registry.npmjs.org/supports-preserve-symlinks-flag cache-miss
2771 http fetch GET 200 https://registry.npmjs.org/rc 50ms (cache miss)
2772 silly packumentCache full:https://registry.npmjs.org/rc set size:undefined disposed:false
2773 silly fetch manifest chownr@^3.0.0
2774 silly packumentCache full:https://registry.npmjs.org/chownr cache-miss
2775 http fetch GET 200 https://registry.npmjs.org/es-errors 49ms (cache miss)
2776 silly packumentCache full:https://registry.npmjs.org/es-errors set size:undefined disposed:false
2777 silly fetch manifest yallist@^5.0.0
2778 silly packumentCache full:https://registry.npmjs.org/yallist cache-hit
2779 silly fetch manifest minizlib@^3.1.0
2780 silly packumentCache full:https://registry.npmjs.org/minizlib cache-miss
2781 http fetch GET 200 https://registry.npmjs.org/path-parse 50ms (cache miss)
2782 silly packumentCache full:https://registry.npmjs.org/path-parse set size:undefined disposed:false
2783 silly fetch manifest @isaacs/fs-minipass@^4.0.0
2784 silly packumentCache full:https://registry.npmjs.org/@isaacs%2ffs-minipass cache-miss
2785 http fetch GET 200 https://registry.npmjs.org/validate-npm-package-name 249ms (cache miss)
2786 silly packumentCache full:https://registry.npmjs.org/validate-npm-package-name set size:undefined disposed:false
2787 silly fetch manifest ansi-escapes@^4.2.1
2788 silly packumentCache full:https://registry.npmjs.org/ansi-escapes cache-miss
2789 http fetch GET 200 https://registry.npmjs.org/supports-preserve-symlinks-flag 50ms (cache miss)
2790 silly packumentCache full:https://registry.npmjs.org/supports-preserve-symlinks-flag set size:undefined disposed:false
2791 silly fetch manifest supports-hyperlinks@^2.0.0
2792 silly packumentCache full:https://registry.npmjs.org/supports-hyperlinks cache-miss
2793 http fetch GET 200 https://registry.npmjs.org/chownr 51ms (cache miss)
2794 silly packumentCache full:https://registry.npmjs.org/chownr set size:undefined disposed:false
2795 http fetch GET 200 https://registry.npmjs.org/is-core-module 56ms (cache miss)
2796 silly packumentCache full:https://registry.npmjs.org/is-core-module set size:undefined disposed:false
2797 http fetch GET 200 https://registry.npmjs.org/minizlib 69ms (cache miss)
2798 silly packumentCache full:https://registry.npmjs.org/minizlib set size:undefined disposed:false
2799 http fetch GET 200 https://registry.npmjs.org/supports-hyperlinks 46ms (cache miss)
2800 silly packumentCache full:https://registry.npmjs.org/supports-hyperlinks set size:undefined disposed:false
2801 http fetch GET 200 https://registry.npmjs.org/ansi-escapes 51ms (cache miss)
2802 silly packumentCache full:https://registry.npmjs.org/ansi-escapes set size:undefined disposed:false
2803 http fetch GET 200 https://registry.npmjs.org/@isaacs%2ffs-minipass 63ms (cache miss)
2804 silly packumentCache full:https://registry.npmjs.org/@isaacs%2ffs-minipass set size:undefined disposed:false
2805 http fetch GET 200 https://registry.npmjs.org/nested-error-stacks 245ms (cache miss)
2806 silly packumentCache full:https://registry.npmjs.org/nested-error-stacks set size:undefined disposed:false
2807 silly placeDep ROOT @expo/sudo-prompt@9.3.2 OK for: @expo/devcert@1.2.1 want: ^9.3.1
2808 silly placeDep node_modules/@expo/devcert debug@3.2.7 OK for: @expo/devcert@1.2.1 want: ^3.1.0
2809 silly placeDep node_modules/@expo/env chalk@4.1.2 OK for: @expo/env@2.0.12 want: ^4.0.0
2810 silly placeDep ROOT dotenv@16.4.7 OK for: @expo/env@2.0.12 want: ~16.4.5
2811 silly placeDep ROOT dotenv-expand@11.0.7 OK for: @expo/env@2.0.12 want: ~11.0.6
2812 silly fetch manifest typescript@^5.0.0 || ^5.0.0-0
2813 silly packumentCache full:https://registry.npmjs.org/typescript cache-miss
2814 http cache https://registry.npmjs.org/typescript 26ms (cache hit)
2815 silly packumentCache full:https://registry.npmjs.org/typescript set size:15543255 disposed:false
2816 silly placeDep ROOT @expo/require-utils@55.0.6 OK for: @expo/image-utils@0.8.15 want: ^55.0.6
2817 silly placeDep node_modules/@expo/image-utils chalk@4.1.2 OK for: @expo/image-utils@0.8.15 want: ^4.0.0
2818 silly placeDep ROOT jimp-compact@0.16.1 OK for: @expo/image-utils@0.8.15 want: 0.16.1
2819 silly placeDep ROOT parse-png@2.1.0 OK for: @expo/image-utils@0.8.15 want: ^2.1.0
2820 silly fetch manifest pngjs@^3.3.0
2821 silly packumentCache full:https://registry.npmjs.org/pngjs cache-miss
2822 http fetch GET 200 https://registry.npmjs.org/pngjs 87ms (cache miss)
2823 silly packumentCache full:https://registry.npmjs.org/pngjs set size:undefined disposed:false
2824 silly placeDep node_modules/@expo/package-manager @expo/json-file@11.0.1 OK for: @expo/package-manager@1.13.1 want: ^11.0.1
2825 silly placeDep node_modules/@expo/package-manager chalk@4.1.2 OK for: @expo/package-manager@1.13.1 want: ^4.0.0
2826 silly placeDep node_modules/@expo/require-utils @babel/code-frame@7.29.7 OK for: @expo/require-utils@55.0.6 want: ^7.20.0
2827 silly placeDep ROOT @babel/plugin-transform-modules-commonjs@7.29.7 OK for: @expo/require-utils@55.0.6 want: ^7.24.8
2828 silly placeDep node_modules/@expo/xcpretty @babel/code-frame@7.29.7 OK for: @expo/xcpretty@4.4.4 want: ^7.20.0
2829 silly placeDep node_modules/@expo/xcpretty chalk@4.1.2 OK for: @expo/xcpretty@4.4.4 want: ^4.1.0
2830 silly placeDep node_modules/@expo/xcpretty js-yaml@4.3.1 OK for: @expo/xcpretty@4.4.4 want: ^4.1.0
2831 silly fetch manifest argparse@^2.0.1
2832 silly packumentCache full:https://registry.npmjs.org/argparse cache-miss
2833 http cache https://registry.npmjs.org/argparse 1ms (cache hit)
2834 silly packumentCache full:https://registry.npmjs.org/argparse set size:51348 disposed:false
2835 silly placeDep ROOT wonka@6.3.6 OK for: @urql/core@5.2.0 want: ^6.3.2
2836 silly placeDep node_modules/better-opn open@8.4.2 OK for: better-opn@3.0.2 want: ^8.0.4
2837 silly fetch manifest define-lazy-prop@^2.0.0
2838 silly packumentCache full:https://registry.npmjs.org/define-lazy-prop cache-miss
2839 http fetch GET 200 https://registry.npmjs.org/define-lazy-prop 50ms (cache miss)
2840 silly packumentCache full:https://registry.npmjs.org/define-lazy-prop set size:undefined disposed:false
2841 silly placeDep ROOT bytes@3.1.2 OK for: compression@1.8.1 want: 3.1.2
2842 silly placeDep ROOT compressible@2.0.18 OK for: compression@1.8.1 want: ~2.0.18
2843 silly placeDep node_modules/compression debug@2.6.9 OK for: compression@1.8.1 want: 2.6.9
2844 silly placeDep node_modules/compression negotiator@0.6.4 OK for: compression@1.8.1 want: ~0.6.4
2845 silly placeDep ROOT on-headers@1.1.0 OK for: compression@1.8.1 want: ~1.1.0
2846 silly placeDep ROOT safe-buffer@5.2.1 OK for: compression@1.8.1 want: 5.2.1
2847 silly placeDep ROOT vary@1.1.2 OK for: compression@1.8.1 want: ~1.1.2
2848 silly placeDep ROOT hosted-git-info@7.0.2 OK for: npm-package-arg@11.0.3 want: ^7.0.0
2849 silly placeDep ROOT proc-log@4.2.0 OK for: npm-package-arg@11.0.3 want: ^4.0.0
2850 silly placeDep ROOT validate-npm-package-name@5.0.1 OK for: npm-package-arg@11.0.3 want: ^5.0.0
2851 silly fetch manifest lru-cache@^10.0.1
2852 silly packumentCache full:https://registry.npmjs.org/lru-cache cache-hit
2853 silly placeDep node_modules/hosted-git-info lru-cache@10.4.3 OK for: hosted-git-info@7.0.2 want: ^10.0.1
2854 silly placeDep ROOT cli-cursor@2.1.0 OK for: ora@3.4.0 want: ^2.1.0
2855 silly placeDep ROOT cli-spinners@2.9.2 OK for: ora@3.4.0 want: ^2.0.0
2856 silly placeDep ROOT log-symbols@2.2.0 OK for: ora@3.4.0 want: ^2.2.0
2857 silly placeDep node_modules/ora strip-ansi@5.2.0 OK for: ora@3.4.0 want: ^5.2.0
2858 silly placeDep ROOT wcwidth@1.0.1 OK for: ora@3.4.0 want: ^1.0.1
2859 silly fetch manifest restore-cursor@^2.0.0
2860 silly packumentCache full:https://registry.npmjs.org/restore-cursor cache-miss
2861 silly fetch manifest ansi-regex@^4.1.0
2862 silly packumentCache full:https://registry.npmjs.org/ansi-regex cache-hit
2863 silly fetch manifest defaults@^1.0.3
2864 silly packumentCache full:https://registry.npmjs.org/defaults cache-miss
2865 http fetch GET 200 https://registry.npmjs.org/defaults 141ms (cache miss)
2866 silly packumentCache full:https://registry.npmjs.org/defaults set size:undefined disposed:false
2867 http fetch GET 200 https://registry.npmjs.org/restore-cursor 254ms (cache miss)
2868 silly packumentCache full:https://registry.npmjs.org/restore-cursor set size:undefined disposed:false
2869 silly placeDep ROOT restore-cursor@2.0.0 OK for: cli-cursor@2.1.0 want: ^2.0.0
2870 silly fetch manifest onetime@^2.0.0
2871 silly packumentCache full:https://registry.npmjs.org/onetime cache-miss
2872 http fetch GET 200 https://registry.npmjs.org/onetime 132ms (cache miss)
2873 silly packumentCache full:https://registry.npmjs.org/onetime set size:undefined disposed:false
2874 silly placeDep ROOT pngjs@3.4.0 OK for: parse-png@2.1.0 want: ^3.3.0
2875 silly placeDep ROOT kleur@3.0.3 OK for: prompts@2.4.2 want: ^3.0.3
2876 silly placeDep ROOT sisteransi@1.0.5 OK for: prompts@2.4.2 want: ^1.0.5
2877 silly placeDep ROOT nested-error-stacks@2.0.1 OK for: requireg@0.2.2 want: ~2.0.1
2878 silly placeDep ROOT rc@1.2.8 OK for: requireg@0.2.2 want: ~1.2.7
2879 silly placeDep node_modules/requireg resolve@1.7.1 OK for: requireg@0.2.2 want: ~1.7.1
2880 silly fetch manifest ini@~1.3.0
2881 silly packumentCache full:https://registry.npmjs.org/ini cache-miss
2882 silly fetch manifest minimist@^1.2.0
2883 silly packumentCache full:https://registry.npmjs.org/minimist cache-miss
2884 silly fetch manifest deep-extend@^0.6.0
2885 silly packumentCache full:https://registry.npmjs.org/deep-extend cache-miss
2886 silly fetch manifest strip-json-comments@~2.0.1
2887 silly packumentCache full:https://registry.npmjs.org/strip-json-comments cache-miss
2888 silly fetch manifest path-parse@^1.0.5
2889 silly packumentCache full:https://registry.npmjs.org/path-parse cache-miss
2890 http cache https://registry.npmjs.org/path-parse 4ms (cache hit)
2891 silly packumentCache full:https://registry.npmjs.org/path-parse set size:14523 disposed:false
2892 http fetch GET 200 https://registry.npmjs.org/minimist 173ms (cache miss)
2893 silly packumentCache full:https://registry.npmjs.org/minimist set size:undefined disposed:false
2894 http fetch GET 200 https://registry.npmjs.org/ini 334ms (cache miss)
2895 silly packumentCache full:https://registry.npmjs.org/ini set size:undefined disposed:false
2896 http fetch GET 200 https://registry.npmjs.org/strip-json-comments 347ms (cache miss)
2897 silly packumentCache full:https://registry.npmjs.org/strip-json-comments set size:undefined disposed:false
2898 http fetch GET 200 https://registry.npmjs.org/deep-extend 428ms (cache miss)
2899 silly packumentCache full:https://registry.npmjs.org/deep-extend set size:undefined disposed:false
2900 silly placeDep ROOT deep-extend@0.6.0 OK for: rc@1.2.8 want: ^0.6.0
2901 silly placeDep ROOT ini@1.3.8 OK for: rc@1.2.8 want: ~1.3.0
2902 silly placeDep ROOT minimist@1.2.8 OK for: rc@1.2.8 want: ^1.2.0
2903 silly placeDep ROOT strip-json-comments@2.0.1 OK for: rc@1.2.8 want: ~2.0.1
2904 silly placeDep ROOT es-errors@1.3.0 OK for: resolve@1.22.12 want: ^1.3.0
2905 silly placeDep ROOT is-core-module@2.16.2 OK for: resolve@1.22.12 want: ^2.16.1
2906 silly placeDep ROOT path-parse@1.0.7 OK for: resolve@1.22.12 want: ^1.0.7
2907 silly placeDep ROOT supports-preserve-symlinks-flag@1.0.0 OK for: resolve@1.22.12 want: ^1.0.0
2908 silly fetch manifest hasown@^2.0.3
2909 silly packumentCache full:https://registry.npmjs.org/hasown cache-miss
2910 http fetch GET 200 https://registry.npmjs.org/hasown 90ms (cache miss)
2911 silly packumentCache full:https://registry.npmjs.org/hasown set size:undefined disposed:false
2912 silly placeDep ROOT hasown@2.0.4 OK for: is-core-module@2.16.2 want: ^2.0.3
2913 silly fetch manifest function-bind@^1.1.2
2914 silly packumentCache full:https://registry.npmjs.org/function-bind cache-miss
2915 http fetch GET 200 https://registry.npmjs.org/function-bind 65ms (cache miss)
2916 silly packumentCache full:https://registry.npmjs.org/function-bind set size:undefined disposed:false
2917 silly placeDep ROOT function-bind@1.1.2 OK for: hasown@2.0.4 want: ^1.1.2
2918 silly placeDep ROOT onetime@2.0.1 OK for: restore-cursor@2.0.0 want: ^2.0.0
2919 silly fetch manifest mimic-fn@^1.0.0
2920 silly packumentCache full:https://registry.npmjs.org/mimic-fn cache-miss
2921 http fetch GET 200 https://registry.npmjs.org/mimic-fn 74ms (cache miss)
2922 silly packumentCache full:https://registry.npmjs.org/mimic-fn set size:undefined disposed:false
2923 silly placeDep ROOT mimic-fn@1.2.0 OK for: onetime@2.0.1 want: ^1.0.0
2924 silly placeDep ROOT @isaacs/fs-minipass@4.0.1 OK for: tar@7.5.22 want: ^4.0.0
2925 silly placeDep ROOT chownr@3.0.0 OK for: tar@7.5.22 want: ^3.0.0
2926 silly placeDep ROOT minizlib@3.1.0 OK for: tar@7.5.22 want: ^3.1.0
2927 silly placeDep node_modules/tar yallist@5.0.0 OK for: tar@7.5.22 want: ^5.0.0
2928 silly placeDep ROOT ansi-escapes@4.3.2 OK for: terminal-link@2.1.1 want: ^4.2.1
2929 silly placeDep ROOT supports-hyperlinks@2.3.0 OK for: terminal-link@2.1.1 want: ^2.0.0
2930 silly fetch manifest type-fest@^0.21.3
2931 silly packumentCache full:https://registry.npmjs.org/type-fest cache-miss
2932 silly fetch manifest supports-color@^7.0.0
2933 silly packumentCache full:https://registry.npmjs.org/supports-color cache-hit
2934 http cache https://registry.npmjs.org/type-fest 5ms (cache hit)
2935 silly packumentCache full:https://registry.npmjs.org/type-fest set size:566201 disposed:false
2936 silly placeDep node_modules/ansi-escapes type-fest@0.21.3 OK for: ansi-escapes@4.3.2 want: ^0.21.3
2937 silly placeDep node_modules/supports-hyperlinks has-flag@4.0.0 OK for: supports-hyperlinks@2.3.0 want: ^4.0.0
2938 silly placeDep node_modules/supports-hyperlinks supports-color@7.2.0 OK for: supports-hyperlinks@2.3.0 want: ^7.0.0
2939 silly placeDep ROOT defaults@1.0.4 OK for: wcwidth@1.0.1 want: ^1.0.3
2940 silly fetch manifest clone@^1.0.2
2941 silly packumentCache full:https://registry.npmjs.org/clone cache-miss
2942 http fetch GET 200 https://registry.npmjs.org/clone 143ms (cache miss)
2943 silly packumentCache full:https://registry.npmjs.org/clone set size:undefined disposed:false
2944 silly placeDep ROOT clone@1.0.4 OK for: defaults@1.0.4 want: ^1.0.2
2945 silly placeDep node_modules/@expo/env ansi-styles@4.3.0 OK for: chalk@4.1.2 want: ^4.1.0
2946 silly placeDep node_modules/@expo/env supports-color@7.2.0 OK for: chalk@4.1.2 want: ^7.1.0
2947 silly placeDep node_modules/@expo/env has-flag@4.0.0 OK for: supports-color@7.2.0 want: ^4.0.0
2948 silly placeDep node_modules/@expo/image-utils ansi-styles@4.3.0 OK for: chalk@4.1.2 want: ^4.1.0
2949 silly placeDep node_modules/@expo/image-utils supports-color@7.2.0 OK for: chalk@4.1.2 want: ^7.1.0
2950 silly placeDep node_modules/@expo/image-utils has-flag@4.0.0 OK for: supports-color@7.2.0 want: ^4.0.0
2951 silly placeDep node_modules/@expo/package-manager @babel/code-frame@7.29.7 OK for: @expo/json-file@11.0.1 want: ^7.20.0
2952 silly placeDep node_modules/@expo/package-manager ansi-styles@4.3.0 OK for: chalk@4.1.2 want: ^4.1.0
2953 silly placeDep node_modules/@expo/package-manager supports-color@7.2.0 OK for: chalk@4.1.2 want: ^7.1.0
2954 silly placeDep node_modules/@expo/package-manager has-flag@4.0.0 OK for: supports-color@7.2.0 want: ^4.0.0
2955 silly placeDep node_modules/@expo/xcpretty ansi-styles@4.3.0 OK for: chalk@4.1.2 want: ^4.1.0
2956 silly placeDep node_modules/@expo/xcpretty supports-color@7.2.0 OK for: chalk@4.1.2 want: ^7.1.0
2957 silly placeDep node_modules/@expo/xcpretty argparse@2.0.1 OK for: js-yaml@4.3.1 want: ^2.0.1
2958 silly placeDep node_modules/@expo/xcpretty has-flag@4.0.0 OK for: supports-color@7.2.0 want: ^4.0.0
2959 silly placeDep ROOT define-lazy-prop@2.0.0 OK for: open@8.4.2 want: ^2.0.0
2960 silly placeDep node_modules/compression ms@2.0.0 OK for: debug@2.6.9 want: 2.0.0
2961 silly placeDep node_modules/expo @babel/code-frame@7.29.7 OK for: @expo/metro-config@54.0.17 want: ^7.20.0
2962 silly placeDep node_modules/expo @expo/json-file@10.0.16 OK for: @expo/metro-config@54.0.17 want: ~10.0.16
2963 silly placeDep node_modules/expo hermes-parser@0.29.1 OK for: @expo/metro-config@54.0.17 want: ^0.29.1
2964 silly placeDep ROOT lightningcss@1.33.0 OK for: @expo/metro-config@54.0.17 want: ^1.30.1
2965 silly placeDep ROOT postcss@8.4.49 OK for: @expo/metro-config@54.0.17 want: ~8.4.32
2966 silly fetch manifest detect-libc@^2.0.3
2967 silly packumentCache full:https://registry.npmjs.org/detect-libc cache-miss
2968 silly fetch manifest lightningcss-darwin-x64@1.33.0
2969 silly packumentCache full:https://registry.npmjs.org/lightningcss-darwin-x64 cache-miss
2970 silly fetch manifest lightningcss-linux-x64-gnu@1.33.0
2971 silly packumentCache full:https://registry.npmjs.org/lightningcss-linux-x64-gnu cache-miss
2972 silly fetch manifest lightningcss-win32-x64-msvc@1.33.0
2973 silly packumentCache full:https://registry.npmjs.org/lightningcss-win32-x64-msvc cache-miss
2974 silly fetch manifest lightningcss-win32-arm64-msvc@1.33.0
2975 silly packumentCache full:https://registry.npmjs.org/lightningcss-win32-arm64-msvc cache-miss
2976 silly fetch manifest lightningcss-darwin-arm64@1.33.0
2977 silly packumentCache full:https://registry.npmjs.org/lightningcss-darwin-arm64 cache-miss
2978 silly fetch manifest lightningcss-linux-arm64-gnu@1.33.0
2979 silly packumentCache full:https://registry.npmjs.org/lightningcss-linux-arm64-gnu cache-miss
2980 http fetch GET 200 https://registry.npmjs.org/lightningcss-win32-x64-msvc 54ms (cache miss)
2981 silly packumentCache full:https://registry.npmjs.org/lightningcss-win32-x64-msvc set size:undefined disposed:false
2982 silly fetch manifest lightningcss-linux-arm-gnueabihf@1.33.0
2983 silly packumentCache full:https://registry.npmjs.org/lightningcss-linux-arm-gnueabihf cache-miss
2984 http fetch GET 200 https://registry.npmjs.org/detect-libc 74ms (cache miss)
2985 silly packumentCache full:https://registry.npmjs.org/detect-libc set size:undefined disposed:false
2986 silly fetch manifest lightningcss-linux-arm64-musl@1.33.0
2987 silly packumentCache full:https://registry.npmjs.org/lightningcss-linux-arm64-musl cache-miss
2988 http fetch GET 200 https://registry.npmjs.org/lightningcss-darwin-x64 79ms (cache miss)
2989 silly packumentCache full:https://registry.npmjs.org/lightningcss-darwin-x64 set size:undefined disposed:false
2990 silly fetch manifest lightningcss-linux-x64-musl@1.33.0
2991 silly packumentCache full:https://registry.npmjs.org/lightningcss-linux-x64-musl cache-miss
2992 http fetch GET 200 https://registry.npmjs.org/lightningcss-darwin-arm64 79ms (cache miss)
2993 silly packumentCache full:https://registry.npmjs.org/lightningcss-darwin-arm64 set size:undefined disposed:false
2994 silly fetch manifest lightningcss-freebsd-x64@1.33.0
2995 silly packumentCache full:https://registry.npmjs.org/lightningcss-freebsd-x64 cache-miss
2996 http fetch GET 200 https://registry.npmjs.org/lightningcss-linux-arm64-gnu 84ms (cache miss)
2997 silly packumentCache full:https://registry.npmjs.org/lightningcss-linux-arm64-gnu set size:undefined disposed:false
2998 silly fetch manifest lightningcss-android-arm64@1.33.0
2999 silly packumentCache full:https://registry.npmjs.org/lightningcss-android-arm64 cache-miss
3000 http fetch GET 200 https://registry.npmjs.org/lightningcss-win32-arm64-msvc 87ms (cache miss)
3001 silly packumentCache full:https://registry.npmjs.org/lightningcss-win32-arm64-msvc set size:undefined disposed:false
3002 silly fetch manifest source-map-js@^1.2.1
3003 silly packumentCache full:https://registry.npmjs.org/source-map-js cache-miss
3004 http fetch GET 200 https://registry.npmjs.org/lightningcss-linux-x64-gnu 106ms (cache miss)
3005 silly packumentCache full:https://registry.npmjs.org/lightningcss-linux-x64-gnu set size:undefined disposed:false
3006 http fetch GET 200 https://registry.npmjs.org/lightningcss-linux-arm-gnueabihf 57ms (cache miss)
3007 silly packumentCache full:https://registry.npmjs.org/lightningcss-linux-arm-gnueabihf set size:undefined disposed:false
3008 http fetch GET 200 https://registry.npmjs.org/lightningcss-linux-arm64-musl 56ms (cache miss)
3009 silly packumentCache full:https://registry.npmjs.org/lightningcss-linux-arm64-musl set size:undefined disposed:false
3010 http fetch GET 200 https://registry.npmjs.org/lightningcss-linux-x64-musl 62ms (cache miss)
3011 silly packumentCache full:https://registry.npmjs.org/lightningcss-linux-x64-musl set size:undefined disposed:false
3012 http fetch GET 200 https://registry.npmjs.org/lightningcss-android-arm64 56ms (cache miss)
3013 silly packumentCache full:https://registry.npmjs.org/lightningcss-android-arm64 set size:undefined disposed:false
3014 http fetch GET 200 https://registry.npmjs.org/lightningcss-freebsd-x64 62ms (cache miss)
3015 silly packumentCache full:https://registry.npmjs.org/lightningcss-freebsd-x64 set size:undefined disposed:false
3016 http fetch GET 200 https://registry.npmjs.org/source-map-js 85ms (cache miss)
3017 silly packumentCache full:https://registry.npmjs.org/source-map-js set size:undefined disposed:false
3018 silly placeDep ROOT detect-libc@2.1.2 OK for: lightningcss@1.33.0 want: ^2.0.3
3019 silly placeDep ROOT lightningcss-android-arm64@1.33.0 OK for: lightningcss@1.33.0 want: 1.33.0
3020 silly placeDep ROOT lightningcss-darwin-arm64@1.33.0 OK for: lightningcss@1.33.0 want: 1.33.0
3021 silly placeDep ROOT lightningcss-darwin-x64@1.33.0 OK for: lightningcss@1.33.0 want: 1.33.0
3022 silly placeDep ROOT lightningcss-freebsd-x64@1.33.0 OK for: lightningcss@1.33.0 want: 1.33.0
3023 silly placeDep ROOT lightningcss-linux-arm-gnueabihf@1.33.0 OK for: lightningcss@1.33.0 want: 1.33.0
3024 silly placeDep ROOT lightningcss-linux-arm64-gnu@1.33.0 OK for: lightningcss@1.33.0 want: 1.33.0
3025 silly placeDep ROOT lightningcss-linux-arm64-musl@1.33.0 OK for: lightningcss@1.33.0 want: 1.33.0
3026 silly placeDep ROOT lightningcss-linux-x64-gnu@1.33.0 OK for: lightningcss@1.33.0 want: 1.33.0
3027 silly placeDep ROOT lightningcss-linux-x64-musl@1.33.0 OK for: lightningcss@1.33.0 want: 1.33.0
3028 silly placeDep ROOT lightningcss-win32-arm64-msvc@1.33.0 OK for: lightningcss@1.33.0 want: 1.33.0
3029 silly placeDep ROOT lightningcss-win32-x64-msvc@1.33.0 OK for: lightningcss@1.33.0 want: 1.33.0
3030 silly placeDep ROOT source-map-js@1.2.1 OK for: postcss@8.4.49 want: ^1.2.1
3031 silly placeDep node_modules/expo/node_modules/@expo/json-file @babel/code-frame@7.10.4 OK for: @expo/json-file@10.0.16 want: ~7.10.4
3032 silly fetch manifest @babel/core@^7.12.0
3033 silly packumentCache full:https://registry.npmjs.org/@babel%2fcore cache-hit
3034 silly placeDep ROOT @babel/plugin-proposal-decorators@7.29.7 OK for: babel-preset-expo@54.0.12 want: ^7.12.9
3035 silly placeDep ROOT @babel/plugin-proposal-export-default-from@7.29.7 OK for: babel-preset-expo@54.0.12 want: ^7.24.7
3036 silly placeDep ROOT @babel/plugin-syntax-export-default-from@7.29.7 OK for: babel-preset-expo@54.0.12 want: ^7.24.7
3037 silly placeDep ROOT @babel/plugin-transform-class-static-block@7.29.7 OK for: babel-preset-expo@54.0.12 want: ^7.27.1
3038 silly placeDep ROOT @babel/plugin-transform-export-namespace-from@7.29.7 OK for: babel-preset-expo@54.0.12 want: ^7.25.9
3039 silly placeDep ROOT @babel/plugin-transform-flow-strip-types@7.29.7 OK for: babel-preset-expo@54.0.12 want: ^7.25.2
3040 silly placeDep ROOT @babel/plugin-transform-object-rest-spread@7.29.7 OK for: babel-preset-expo@54.0.12 want: ^7.24.7
3041 silly placeDep ROOT @babel/plugin-transform-parameters@7.29.7 OK for: babel-preset-expo@54.0.12 want: ^7.24.7
3042 silly placeDep ROOT @babel/plugin-transform-private-methods@7.29.7 OK for: babel-preset-expo@54.0.12 want: ^7.24.7
3043 silly placeDep ROOT @babel/plugin-transform-private-property-in-object@7.29.7 OK for: babel-preset-expo@54.0.12 want: ^7.24.7
3044 silly placeDep ROOT @babel/plugin-transform-runtime@7.29.7 OK for: babel-preset-expo@54.0.12 want: ^7.24.7
3045 silly placeDep ROOT @babel/preset-react@7.29.7 OK for: babel-preset-expo@54.0.12 want: ^7.22.15
3046 silly placeDep ROOT @babel/preset-typescript@7.29.7 OK for: babel-preset-expo@54.0.12 want: ^7.23.0
3047 silly placeDep ROOT @react-native/babel-preset@0.81.5 OK for: babel-preset-expo@54.0.12 want: 0.81.5
3048 silly placeDep ROOT babel-plugin-react-compiler@1.0.0 OK for: babel-preset-expo@54.0.12 want: ^1.0.0
3049 silly placeDep ROOT babel-plugin-react-native-web@0.21.2 OK for: babel-preset-expo@54.0.12 want: ~0.21.0
3050 silly placeDep ROOT babel-plugin-transform-flow-enums@0.0.2 OK for: babel-preset-expo@54.0.12 want: ^0.0.2
3051 silly fetch manifest @babel/plugin-syntax-decorators@^7.29.7
3052 silly packumentCache full:https://registry.npmjs.org/@babel%2fplugin-syntax-decorators cache-miss
3053 silly fetch manifest @babel/helper-create-class-features-plugin@^7.29.7
3054 silly packumentCache full:https://registry.npmjs.org/@babel%2fhelper-create-class-features-plugin cache-miss
3055 silly fetch manifest @babel/helper-create-class-features-plugin@^7.29.7
3056 silly packumentCache full:https://registry.npmjs.org/@babel%2fhelper-create-class-features-plugin cache-miss
3057 silly fetch manifest @babel/plugin-syntax-flow@^7.29.7
3058 silly packumentCache full:https://registry.npmjs.org/@babel%2fplugin-syntax-flow cache-miss
3059 silly fetch manifest @babel/plugin-transform-parameters@^7.29.7
3060 silly packumentCache full:https://registry.npmjs.org/@babel%2fplugin-transform-parameters cache-hit
3061 silly fetch manifest @babel/plugin-transform-destructuring@^7.29.7
3062 silly packumentCache full:https://registry.npmjs.org/@babel%2fplugin-transform-destructuring cache-miss
3063 silly fetch manifest @babel/helper-create-class-features-plugin@^7.29.7
3064 silly packumentCache full:https://registry.npmjs.org/@babel%2fhelper-create-class-features-plugin cache-miss
3065 silly fetch manifest @babel/helper-annotate-as-pure@^7.29.7
3066 silly packumentCache full:https://registry.npmjs.org/@babel%2fhelper-annotate-as-pure cache-miss
3067 http fetch GET 200 https://registry.npmjs.org/@babel%2fplugin-syntax-flow 131ms (cache miss)
3068 silly packumentCache full:https://registry.npmjs.org/@babel%2fplugin-syntax-flow set size:undefined disposed:false
3069 silly fetch manifest @babel/helper-create-class-features-plugin@^7.29.7
3070 silly packumentCache full:https://registry.npmjs.org/@babel%2fhelper-create-class-features-plugin cache-miss
3071 http fetch GET 200 https://registry.npmjs.org/@babel%2fhelper-create-class-features-plugin 137ms (cache miss)
3072 silly packumentCache full:https://registry.npmjs.org/@babel%2fhelper-create-class-features-plugin set size:undefined disposed:false
3073 silly fetch manifest babel-plugin-polyfill-corejs2@^0.4.14
3074 silly packumentCache full:https://registry.npmjs.org/babel-plugin-polyfill-corejs2 cache-miss
3075 http fetch GET 200 https://registry.npmjs.org/@babel%2fplugin-transform-destructuring 181ms (cache miss)
3076 silly packumentCache full:https://registry.npmjs.org/@babel%2fplugin-transform-destructuring set size:undefined disposed:false
3077 silly fetch manifest babel-plugin-polyfill-corejs3@^0.13.0
3078 silly packumentCache full:https://registry.npmjs.org/babel-plugin-polyfill-corejs3 cache-miss
3079 http fetch GET 200 https://registry.npmjs.org/@babel%2fhelper-create-class-features-plugin 188ms (cache miss)
3080 silly packumentCache full:https://registry.npmjs.org/@babel%2fhelper-create-class-features-plugin set size:undefined disposed:false
3081 silly fetch manifest babel-plugin-polyfill-regenerator@^0.6.5
3082 silly packumentCache full:https://registry.npmjs.org/babel-plugin-polyfill-regenerator cache-miss
3083 http fetch GET 200 https://registry.npmjs.org/@babel%2fhelper-create-class-features-plugin 192ms (cache miss)
3084 silly packumentCache full:https://registry.npmjs.org/@babel%2fhelper-create-class-features-plugin set size:undefined disposed:false
3085 silly fetch manifest @babel/plugin-transform-react-jsx@^7.29.7
3086 silly packumentCache full:https://registry.npmjs.org/@babel%2fplugin-transform-react-jsx cache-miss
3087 http fetch GET 200 https://registry.npmjs.org/@babel%2fhelper-annotate-as-pure 194ms (cache miss)
3088 silly packumentCache full:https://registry.npmjs.org/@babel%2fhelper-annotate-as-pure set size:undefined disposed:false
3089 silly fetch manifest @babel/plugin-transform-react-display-name@^7.29.7
3090 silly packumentCache full:https://registry.npmjs.org/@babel%2fplugin-transform-react-display-name cache-miss
3091 http fetch GET 200 https://registry.npmjs.org/@babel%2fhelper-create-class-features-plugin 94ms (cache miss)
3092 silly packumentCache full:https://registry.npmjs.org/@babel%2fhelper-create-class-features-plugin set size:undefined disposed:false
3093 silly fetch manifest @babel/plugin-transform-react-jsx-development@^7.29.7
3094 silly packumentCache full:https://registry.npmjs.org/@babel%2fplugin-transform-react-jsx-development cache-miss
3095 http fetch GET 200 https://registry.npmjs.org/babel-plugin-polyfill-regenerator 68ms (cache miss)
3096 silly packumentCache full:https://registry.npmjs.org/babel-plugin-polyfill-regenerator set size:undefined disposed:false
3097 silly fetch manifest @babel/plugin-transform-react-pure-annotations@^7.29.7
3098 silly packumentCache full:https://registry.npmjs.org/@babel%2fplugin-transform-react-pure-annotations cache-miss
3099 http fetch GET 200 https://registry.npmjs.org/@babel%2fplugin-transform-react-jsx 84ms (cache miss)
3100 silly packumentCache full:https://registry.npmjs.org/@babel%2fplugin-transform-react-jsx set size:undefined disposed:false
3101 silly fetch manifest @babel/plugin-syntax-jsx@^7.29.7
3102 silly packumentCache full:https://registry.npmjs.org/@babel%2fplugin-syntax-jsx cache-miss
3103 http fetch GET 200 https://registry.npmjs.org/@babel%2fplugin-transform-react-jsx-development 58ms (cache miss)
3104 silly packumentCache full:https://registry.npmjs.org/@babel%2fplugin-transform-react-jsx-development set size:undefined disposed:false
3105 silly fetch manifest @babel/plugin-transform-typescript@^7.29.7
3106 silly packumentCache full:https://registry.npmjs.org/@babel%2fplugin-transform-typescript cache-miss
3107 http fetch GET 200 https://registry.npmjs.org/@babel%2fplugin-transform-react-pure-annotations 91ms (cache miss)
3108 silly packumentCache full:https://registry.npmjs.org/@babel%2fplugin-transform-react-pure-annotations set size:undefined disposed:false
3109 silly fetch manifest @babel/plugin-transform-for-of@^7.24.7
3110 silly packumentCache full:https://registry.npmjs.org/@babel%2fplugin-transform-for-of cache-miss
3111 http fetch GET 200 https://registry.npmjs.org/@babel%2fplugin-syntax-jsx 83ms (cache miss)
3112 silly packumentCache full:https://registry.npmjs.org/@babel%2fplugin-syntax-jsx set size:undefined disposed:false
3113 silly fetch manifest @babel/plugin-transform-spread@^7.24.7
3114 silly packumentCache full:https://registry.npmjs.org/@babel%2fplugin-transform-spread cache-miss
3115 http fetch GET 200 https://registry.npmjs.org/@babel%2fplugin-syntax-decorators 367ms (cache miss)
3116 silly packumentCache full:https://registry.npmjs.org/@babel%2fplugin-syntax-decorators set size:undefined disposed:false
3117 silly fetch manifest @babel/plugin-transform-classes@^7.25.4
3118 silly packumentCache full:https://registry.npmjs.org/@babel%2fplugin-transform-classes cache-miss
3119 http fetch GET 200 https://registry.npmjs.org/babel-plugin-polyfill-corejs2 263ms (cache miss)
3120 silly packumentCache full:https://registry.npmjs.org/babel-plugin-polyfill-corejs2 set size:undefined disposed:false
3121 silly fetch manifest @babel/plugin-transform-literals@^7.25.2
3122 silly packumentCache full:https://registry.npmjs.org/@babel%2fplugin-transform-literals cache-miss
3123 http fetch GET 200 https://registry.npmjs.org/@babel%2fplugin-transform-for-of 75ms (cache miss)
3124 silly packumentCache full:https://registry.npmjs.org/@babel%2fplugin-transform-for-of set size:undefined disposed:false
3125 silly fetch manifest @babel/plugin-transform-react-jsx@^7.25.2
3126 silly packumentCache full:https://registry.npmjs.org/@babel%2fplugin-transform-react-jsx cache-miss
3127 http cache https://registry.npmjs.org/@babel%2fplugin-transform-react-jsx 1ms (cache hit)
3128 silly packumentCache full:https://registry.npmjs.org/@babel%2fplugin-transform-react-jsx set size:298685 disposed:false
3129 silly fetch manifest @babel/plugin-transform-typescript@^7.25.2
3130 silly packumentCache full:https://registry.npmjs.org/@babel%2fplugin-transform-typescript cache-miss
3131 http fetch GET 200 https://registry.npmjs.org/babel-plugin-polyfill-corejs3 333ms (cache miss)
3132 silly packumentCache full:https://registry.npmjs.org/babel-plugin-polyfill-corejs3 set size:undefined disposed:false
3133 silly fetch manifest @react-native/babel-plugin-codegen@0.81.5
3134 silly packumentCache full:https://registry.npmjs.org/@react-native%2fbabel-plugin-codegen cache-miss
3135 http fetch GET 200 https://registry.npmjs.org/@babel%2fplugin-transform-react-display-name 392ms (cache miss)
3136 silly packumentCache full:https://registry.npmjs.org/@babel%2fplugin-transform-react-display-name set size:undefined disposed:false
3137 silly fetch manifest @babel/plugin-syntax-dynamic-import@^7.8.3
3138 silly packumentCache full:https://registry.npmjs.org/@babel%2fplugin-syntax-dynamic-import cache-miss
3139 http fetch GET 200 https://registry.npmjs.org/@babel%2fplugin-transform-typescript 390ms (cache miss)
3140 silly packumentCache full:https://registry.npmjs.org/@babel%2fplugin-transform-typescript set size:undefined disposed:false
3141 silly fetch manifest @babel/plugin-transform-regenerator@^7.24.7
3142 silly packumentCache full:https://registry.npmjs.org/@babel%2fplugin-transform-regenerator cache-miss
3143 http fetch GET 200 https://registry.npmjs.org/@babel%2fplugin-transform-typescript 253ms (cache miss)
3144 silly packumentCache full:https://registry.npmjs.org/@babel%2fplugin-transform-typescript set size:undefined disposed:false
3145 silly fetch manifest @babel/plugin-transform-sticky-regex@^7.24.7
3146 silly packumentCache full:https://registry.npmjs.org/@babel%2fplugin-transform-sticky-regex cache-miss
3147 http fetch GET 200 https://registry.npmjs.org/@babel%2fplugin-transform-classes 323ms (cache miss)
3148 silly packumentCache full:https://registry.npmjs.org/@babel%2fplugin-transform-classes set size:undefined disposed:false
3149 silly fetch manifest @babel/plugin-transform-block-scoping@^7.25.0
3150 silly packumentCache full:https://registry.npmjs.org/@babel%2fplugin-transform-block-scoping cache-miss
3151 http fetch GET 200 https://registry.npmjs.org/@babel%2fplugin-transform-spread 376ms (cache miss)
3152 silly packumentCache full:https://registry.npmjs.org/@babel%2fplugin-transform-spread set size:undefined disposed:false
3153 silly fetch manifest @babel/plugin-transform-destructuring@^7.24.8
3154 silly packumentCache full:https://registry.npmjs.org/@babel%2fplugin-transform-destructuring cache-miss
3155 http cache https://registry.npmjs.org/@babel%2fplugin-transform-destructuring 2ms (cache hit)
3156 silly packumentCache full:https://registry.npmjs.org/@babel%2fplugin-transform-destructuring set size:301661 disposed:false
3157 silly fetch manifest @babel/plugin-transform-function-name@^7.25.1
3158 silly packumentCache full:https://registry.npmjs.org/@babel%2fplugin-transform-function-name cache-miss
3159 http fetch GET 200 https://registry.npmjs.org/@babel%2fplugin-transform-sticky-regex 81ms (cache miss)
3160 silly packumentCache full:https://registry.npmjs.org/@babel%2fplugin-transform-sticky-regex set size:undefined disposed:false
3161 silly fetch manifest @babel/plugin-transform-unicode-regex@^7.24.7
3162 silly packumentCache full:https://registry.npmjs.org/@babel%2fplugin-transform-unicode-regex cache-miss
3163 http fetch GET 200 https://registry.npmjs.org/@babel%2fplugin-transform-regenerator 94ms (cache miss)
3164 silly packumentCache full:https://registry.npmjs.org/@babel%2fplugin-transform-regenerator set size:undefined disposed:false
3165 silly fetch manifest @babel/plugin-transform-react-jsx-self@^7.24.7
3166 silly packumentCache full:https://registry.npmjs.org/@babel%2fplugin-transform-react-jsx-self cache-miss
3167 http fetch GET 200 https://registry.npmjs.org/@babel%2fplugin-transform-function-name 124ms (cache miss)
3168 silly packumentCache full:https://registry.npmjs.org/@babel%2fplugin-transform-function-name set size:undefined disposed:false
3169 silly fetch manifest @babel/plugin-transform-arrow-functions@^7.24.7
3170 silly packumentCache full:https://registry.npmjs.org/@babel%2fplugin-transform-arrow-functions cache-miss
3171 http fetch GET 200 https://registry.npmjs.org/@babel%2fplugin-transform-react-jsx-self 174ms (cache miss)
3172 silly packumentCache full:https://registry.npmjs.org/@babel%2fplugin-transform-react-jsx-self set size:undefined disposed:false
3173 silly fetch manifest @babel/plugin-transform-class-properties@^7.25.4
3174 silly packumentCache full:https://registry.npmjs.org/@babel%2fplugin-transform-class-properties cache-miss
3175 http fetch GET 200 https://registry.npmjs.org/@babel%2fplugin-transform-unicode-regex 187ms (cache miss)
3176 silly packumentCache full:https://registry.npmjs.org/@babel%2fplugin-transform-unicode-regex set size:undefined disposed:false
3177 silly fetch manifest @babel/plugin-transform-react-jsx-source@^7.24.7
3178 silly packumentCache full:https://registry.npmjs.org/@babel%2fplugin-transform-react-jsx-source cache-miss
3179 http fetch GET 200 https://registry.npmjs.org/@babel%2fplugin-transform-class-properties 126ms (cache miss)
3180 silly packumentCache full:https://registry.npmjs.org/@babel%2fplugin-transform-class-properties set size:undefined disposed:false
3181 silly fetch manifest @babel/plugin-transform-numeric-separator@^7.24.7
3182 silly packumentCache full:https://registry.npmjs.org/@babel%2fplugin-transform-numeric-separator cache-miss
3183 http fetch GET 200 https://registry.npmjs.org/@babel%2fplugin-transform-react-jsx-source 142ms (cache miss)
3184 silly packumentCache full:https://registry.npmjs.org/@babel%2fplugin-transform-react-jsx-source set size:undefined disposed:false
3185 silly fetch manifest @babel/plugin-transform-optional-chaining@^7.24.8
3186 silly packumentCache full:https://registry.npmjs.org/@babel%2fplugin-transform-optional-chaining cache-miss
3187 http fetch GET 200 https://registry.npmjs.org/@babel%2fplugin-transform-arrow-functions 293ms (cache miss)
3188 silly packumentCache full:https://registry.npmjs.org/@babel%2fplugin-transform-arrow-functions set size:undefined disposed:false
3189 silly fetch manifest @babel/plugin-transform-async-to-generator@^7.24.7
3190 silly packumentCache full:https://registry.npmjs.org/@babel%2fplugin-transform-async-to-generator cache-miss
3191 http fetch GET 200 https://registry.npmjs.org/@babel%2fplugin-transform-block-scoping 490ms (cache miss)
3192 silly packumentCache full:https://registry.npmjs.org/@babel%2fplugin-transform-block-scoping set size:undefined disposed:false
3193 silly fetch manifest @babel/plugin-transform-react-display-name@^7.24.7
3194 silly packumentCache full:https://registry.npmjs.org/@babel%2fplugin-transform-react-display-name cache-miss
3195 http cache https://registry.npmjs.org/@babel%2fplugin-transform-react-display-name 1ms (cache hit)
3196 silly packumentCache full:https://registry.npmjs.org/@babel%2fplugin-transform-react-display-name set size:218986 disposed:false
3197 silly fetch manifest @babel/plugin-transform-computed-properties@^7.24.7
3198 silly packumentCache full:https://registry.npmjs.org/@babel%2fplugin-transform-computed-properties cache-miss
3199 http fetch GET 200 https://registry.npmjs.org/@babel%2fplugin-syntax-dynamic-import 603ms (cache miss)
3200 silly packumentCache full:https://registry.npmjs.org/@babel%2fplugin-syntax-dynamic-import set size:undefined disposed:false
3201 silly fetch manifest @babel/plugin-transform-shorthand-properties@^7.24.7
3202 silly packumentCache full:https://registry.npmjs.org/@babel%2fplugin-transform-shorthand-properties cache-miss
3203 http fetch GET 200 https://registry.npmjs.org/@babel%2fplugin-transform-numeric-separator 114ms (cache miss)
3204 silly packumentCache full:https://registry.npmjs.org/@babel%2fplugin-transform-numeric-separator set size:undefined disposed:false
3205 silly fetch manifest @babel/plugin-transform-optional-catch-binding@^7.24.7
3206 silly packumentCache full:https://registry.npmjs.org/@babel%2fplugin-transform-optional-catch-binding cache-miss
3207 http fetch GET 200 https://registry.npmjs.org/@babel%2fplugin-transform-shorthand-properties 93ms (cache miss)
3208 silly packumentCache full:https://registry.npmjs.org/@babel%2fplugin-transform-shorthand-properties set size:undefined disposed:false
3209 silly fetch manifest @babel/plugin-transform-async-generator-functions@^7.25.4
3210 silly packumentCache full:https://registry.npmjs.org/@babel%2fplugin-transform-async-generator-functions cache-miss
3211 http fetch GET 200 https://registry.npmjs.org/@babel%2fplugin-transform-computed-properties 172ms (cache miss)
3212 silly packumentCache full:https://registry.npmjs.org/@babel%2fplugin-transform-computed-properties set size:undefined disposed:false
3213 silly fetch manifest @babel/plugin-transform-nullish-coalescing-operator@^7.24.7
3214 silly packumentCache full:https://registry.npmjs.org/@babel%2fplugin-transform-nullish-coalescing-operator cache-miss
3215 http fetch GET 200 https://registry.npmjs.org/@babel%2fplugin-transform-optional-chaining 260ms (cache miss)
3216 silly packumentCache full:https://registry.npmjs.org/@babel%2fplugin-transform-optional-chaining set size:undefined disposed:false
3217 silly fetch manifest @babel/plugin-transform-logical-assignment-operators@^7.24.7
3218 silly packumentCache full:https://registry.npmjs.org/@babel%2fplugin-transform-logical-assignment-operators cache-miss
3219 http fetch GET 200 https://registry.npmjs.org/@babel%2fplugin-transform-literals 962ms (cache miss)
3220 silly packumentCache full:https://registry.npmjs.org/@babel%2fplugin-transform-literals set size:undefined disposed:false
3221 silly fetch manifest @babel/plugin-transform-named-capturing-groups-regex@^7.24.7
3222 silly packumentCache full:https://registry.npmjs.org/@babel%2fplugin-transform-named-capturing-groups-regex cache-miss
3223 http fetch GET 200 https://registry.npmjs.org/@babel%2fplugin-transform-logical-assignment-operators 84ms (cache miss)
3224 silly packumentCache full:https://registry.npmjs.org/@babel%2fplugin-transform-logical-assignment-operators set size:undefined disposed:false
3225 silly fetch manifest @babel/plugin-syntax-flow@^7.12.1
3226 silly packumentCache full:https://registry.npmjs.org/@babel%2fplugin-syntax-flow cache-miss
3227 http cache https://registry.npmjs.org/@babel%2fplugin-syntax-flow 1ms (cache hit)
3228 silly packumentCache full:https://registry.npmjs.org/@babel%2fplugin-syntax-flow set size:201006 disposed:false
3229 http fetch GET 200 https://registry.npmjs.org/@babel%2fplugin-transform-async-generator-functions 291ms (cache miss)
3230 silly packumentCache full:https://registry.npmjs.org/@babel%2fplugin-transform-async-generator-functions set size:undefined disposed:false
3231 http fetch GET 200 https://registry.npmjs.org/@babel%2fplugin-transform-optional-catch-binding 474ms (cache miss)
3232 silly packumentCache full:https://registry.npmjs.org/@babel%2fplugin-transform-optional-catch-binding set size:undefined disposed:false
3233 http fetch GET 200 https://registry.npmjs.org/@babel%2fplugin-transform-nullish-coalescing-operator 313ms (cache miss)
3234 silly packumentCache full:https://registry.npmjs.org/@babel%2fplugin-transform-nullish-coalescing-operator set size:undefined disposed:false
3235 http fetch GET 200 https://registry.npmjs.org/@babel%2fplugin-transform-async-to-generator 522ms (cache miss)
3236 silly packumentCache full:https://registry.npmjs.org/@babel%2fplugin-transform-async-to-generator set size:undefined disposed:false
3237 http fetch GET 200 https://registry.npmjs.org/@babel%2fplugin-transform-named-capturing-groups-regex 555ms (cache miss)
3238 silly packumentCache full:https://registry.npmjs.org/@babel%2fplugin-transform-named-capturing-groups-regex set size:undefined disposed:false
3239 http fetch GET 200 https://registry.npmjs.org/@react-native%2fbabel-plugin-codegen 1426ms (cache miss)
3240 silly packumentCache full:https://registry.npmjs.org/@react-native%2fbabel-plugin-codegen set size:undefined disposed:false
3241 silly placeDep ROOT @babel/helper-create-class-features-plugin@7.29.7 OK for: @babel/plugin-proposal-decorators@7.29.7 want: ^7.29.7
3242 silly placeDep ROOT @babel/plugin-syntax-decorators@7.29.7 OK for: @babel/plugin-proposal-decorators@7.29.7 want: ^7.29.7
3243 silly fetch manifest @babel/helper-replace-supers@^7.29.7
3244 silly packumentCache full:https://registry.npmjs.org/@babel%2fhelper-replace-supers cache-miss
3245 silly fetch manifest @babel/helper-optimise-call-expression@^7.29.7
3246 silly packumentCache full:https://registry.npmjs.org/@babel%2fhelper-optimise-call-expression cache-miss
3247 silly fetch manifest @babel/helper-member-expression-to-functions@^7.29.7
3248 silly packumentCache full:https://registry.npmjs.org/@babel%2fhelper-member-expression-to-functions cache-miss
3249 silly fetch manifest @babel/helper-skip-transparent-expression-wrappers@^7.29.7
3250 silly packumentCache full:https://registry.npmjs.org/@babel%2fhelper-skip-transparent-expression-wrappers cache-miss
3251 http fetch GET 200 https://registry.npmjs.org/@babel%2fhelper-optimise-call-expression 63ms (cache miss)
3252 silly packumentCache full:https://registry.npmjs.org/@babel%2fhelper-optimise-call-expression set size:undefined disposed:false
3253 http fetch GET 200 https://registry.npmjs.org/@babel%2fhelper-member-expression-to-functions 224ms (cache miss)
3254 silly packumentCache full:https://registry.npmjs.org/@babel%2fhelper-member-expression-to-functions set size:undefined disposed:false
3255 http fetch GET 200 https://registry.npmjs.org/@babel%2fhelper-replace-supers 340ms (cache miss)
3256 silly packumentCache full:https://registry.npmjs.org/@babel%2fhelper-replace-supers set size:undefined disposed:false
3257 http fetch GET 200 https://registry.npmjs.org/@babel%2fhelper-skip-transparent-expression-wrappers 517ms (cache miss)
3258 silly packumentCache full:https://registry.npmjs.org/@babel%2fhelper-skip-transparent-expression-wrappers set size:undefined disposed:false
3259 silly placeDep ROOT @babel/helper-annotate-as-pure@7.29.7 OK for: @babel/helper-create-class-features-plugin@7.29.7 want: ^7.29.7
3260 silly placeDep ROOT @babel/helper-member-expression-to-functions@7.29.7 OK for: @babel/helper-create-class-features-plugin@7.29.7 want: ^7.29.7
3261 silly placeDep ROOT @babel/helper-optimise-call-expression@7.29.7 OK for: @babel/helper-create-class-features-plugin@7.29.7 want: ^7.29.7
3262 silly placeDep ROOT @babel/helper-replace-supers@7.29.7 OK for: @babel/helper-create-class-features-plugin@7.29.7 want: ^7.29.7
3263 silly placeDep ROOT @babel/helper-skip-transparent-expression-wrappers@7.29.7 OK for: @babel/helper-create-class-features-plugin@7.29.7 want: ^7.29.7
3264 silly placeDep node_modules/@babel/helper-create-class-features-plugin semver@6.3.1 OK for: @babel/helper-create-class-features-plugin@7.29.7 want: ^6.3.1
3265 silly placeDep ROOT @babel/plugin-syntax-flow@7.29.7 OK for: @babel/plugin-transform-flow-strip-types@7.29.7 want: ^7.29.7
3266 silly placeDep ROOT @babel/plugin-transform-destructuring@7.29.7 OK for: @babel/plugin-transform-object-rest-spread@7.29.7 want: ^7.29.7
3267 silly placeDep ROOT babel-plugin-polyfill-corejs2@0.4.17 OK for: @babel/plugin-transform-runtime@7.29.7 want: ^0.4.14
3268 silly placeDep ROOT babel-plugin-polyfill-corejs3@0.13.0 OK for: @babel/plugin-transform-runtime@7.29.7 want: ^0.13.0
3269 silly placeDep ROOT babel-plugin-polyfill-regenerator@0.6.8 OK for: @babel/plugin-transform-runtime@7.29.7 want: ^0.6.5
3270 silly placeDep node_modules/@babel/plugin-transform-runtime semver@6.3.1 OK for: @babel/plugin-transform-runtime@7.29.7 want: ^6.3.1
3271 silly fetch manifest @babel/helper-define-polyfill-provider@^0.6.8
3272 silly packumentCache full:https://registry.npmjs.org/@babel%2fhelper-define-polyfill-provider cache-miss
3273 silly fetch manifest core-js-compat@^3.43.0
3274 silly packumentCache full:https://registry.npmjs.org/core-js-compat cache-miss
3275 silly fetch manifest @babel/helper-define-polyfill-provider@^0.6.5
3276 silly packumentCache full:https://registry.npmjs.org/@babel%2fhelper-define-polyfill-provider cache-miss
3277 silly fetch manifest @babel/helper-define-polyfill-provider@^0.6.8
3278 silly packumentCache full:https://registry.npmjs.org/@babel%2fhelper-define-polyfill-provider cache-miss
3279 http fetch GET 200 https://registry.npmjs.org/@babel%2fhelper-define-polyfill-provider 141ms (cache miss)
3280 silly packumentCache full:https://registry.npmjs.org/@babel%2fhelper-define-polyfill-provider set size:undefined disposed:false
3281 http fetch GET 200 https://registry.npmjs.org/@babel%2fhelper-define-polyfill-provider 155ms (cache miss)
3282 silly packumentCache full:https://registry.npmjs.org/@babel%2fhelper-define-polyfill-provider set size:undefined disposed:false
3283 http fetch GET 200 https://registry.npmjs.org/@babel%2fhelper-define-polyfill-provider 158ms (cache miss)
3284 silly packumentCache full:https://registry.npmjs.org/@babel%2fhelper-define-polyfill-provider set size:undefined disposed:false
3285 http fetch GET 200 https://registry.npmjs.org/core-js-compat 840ms (cache miss)
3286 silly packumentCache full:https://registry.npmjs.org/core-js-compat set size:undefined disposed:false
3287 silly placeDep ROOT @babel/plugin-transform-react-display-name@7.29.7 OK for: @babel/preset-react@7.29.7 want: ^7.29.7
3288 silly placeDep ROOT @babel/plugin-transform-react-jsx@7.29.7 OK for: @babel/preset-react@7.29.7 want: ^7.29.7
3289 silly placeDep ROOT @babel/plugin-transform-react-jsx-development@7.29.7 OK for: @babel/preset-react@7.29.7 want: ^7.29.7
3290 silly placeDep ROOT @babel/plugin-transform-react-pure-annotations@7.29.7 OK for: @babel/preset-react@7.29.7 want: ^7.29.7
3291 silly placeDep ROOT @babel/plugin-syntax-jsx@7.29.7 OK for: @babel/plugin-transform-react-jsx@7.29.7 want: ^7.29.7
3292 silly placeDep ROOT @babel/plugin-transform-typescript@7.29.7 OK for: @babel/preset-typescript@7.29.7 want: ^7.29.7
3293 silly fetch manifest @babel/plugin-syntax-typescript@^7.29.7
3294 silly packumentCache full:https://registry.npmjs.org/@babel%2fplugin-syntax-typescript cache-miss
3295 http cache https://registry.npmjs.org/@babel%2fplugin-syntax-typescript 3ms (cache hit)
3296 silly packumentCache full:https://registry.npmjs.org/@babel%2fplugin-syntax-typescript set size:221236 disposed:false
3297 silly placeDep ROOT @babel/plugin-syntax-typescript@7.29.7 OK for: @babel/plugin-transform-typescript@7.29.7 want: ^7.29.7
3298 silly placeDep ROOT @babel/plugin-syntax-dynamic-import@7.8.3 OK for: @react-native/babel-preset@0.81.5 want: ^7.8.3
3299 silly placeDep ROOT @babel/plugin-transform-arrow-functions@7.29.7 OK for: @react-native/babel-preset@0.81.5 want: ^7.24.7
3300 silly placeDep ROOT @babel/plugin-transform-async-generator-functions@7.29.7 OK for: @react-native/babel-preset@0.81.5 want: ^7.25.4
3301 silly placeDep ROOT @babel/plugin-transform-async-to-generator@7.29.7 OK for: @react-native/babel-preset@0.81.5 want: ^7.24.7
3302 silly placeDep ROOT @babel/plugin-transform-block-scoping@7.29.7 OK for: @react-native/babel-preset@0.81.5 want: ^7.25.0
3303 silly placeDep ROOT @babel/plugin-transform-class-properties@7.29.7 OK for: @react-native/babel-preset@0.81.5 want: ^7.25.4
3304 silly placeDep ROOT @babel/plugin-transform-classes@7.29.7 OK for: @react-native/babel-preset@0.81.5 want: ^7.25.4
3305 silly placeDep ROOT @babel/plugin-transform-computed-properties@7.29.7 OK for: @react-native/babel-preset@0.81.5 want: ^7.24.7
3306 silly placeDep ROOT @babel/plugin-transform-for-of@7.29.7 OK for: @react-native/babel-preset@0.81.5 want: ^7.24.7
3307 silly placeDep ROOT @babel/plugin-transform-function-name@7.29.7 OK for: @react-native/babel-preset@0.81.5 want: ^7.25.1
3308 silly placeDep ROOT @babel/plugin-transform-literals@7.29.7 OK for: @react-native/babel-preset@0.81.5 want: ^7.25.2
3309 silly placeDep ROOT @babel/plugin-transform-logical-assignment-operators@7.29.7 OK for: @react-native/babel-preset@0.81.5 want: ^7.24.7
3310 silly placeDep ROOT @babel/plugin-transform-named-capturing-groups-regex@7.29.7 OK for: @react-native/babel-preset@0.81.5 want: ^7.24.7
3311 silly placeDep ROOT @babel/plugin-transform-nullish-coalescing-operator@7.29.7 OK for: @react-native/babel-preset@0.81.5 want: ^7.24.7
3312 silly placeDep ROOT @babel/plugin-transform-numeric-separator@7.29.7 OK for: @react-native/babel-preset@0.81.5 want: ^7.24.7
3313 silly placeDep ROOT @babel/plugin-transform-optional-catch-binding@7.29.7 OK for: @react-native/babel-preset@0.81.5 want: ^7.24.7
3314 silly placeDep ROOT @babel/plugin-transform-optional-chaining@7.29.7 OK for: @react-native/babel-preset@0.81.5 want: ^7.24.8
3315 silly placeDep ROOT @babel/plugin-transform-react-jsx-self@7.29.7 OK for: @react-native/babel-preset@0.81.5 want: ^7.24.7
3316 silly placeDep ROOT @babel/plugin-transform-react-jsx-source@7.29.7 OK for: @react-native/babel-preset@0.81.5 want: ^7.24.7
3317 silly placeDep ROOT @babel/plugin-transform-regenerator@7.29.8 OK for: @react-native/babel-preset@0.81.5 want: ^7.24.7
3318 silly placeDep ROOT @babel/plugin-transform-shorthand-properties@7.29.7 OK for: @react-native/babel-preset@0.81.5 want: ^7.24.7
3319 silly placeDep ROOT @babel/plugin-transform-spread@7.29.8 OK for: @react-native/babel-preset@0.81.5 want: ^7.24.7
3320 silly placeDep ROOT @babel/plugin-transform-sticky-regex@7.29.7 OK for: @react-native/babel-preset@0.81.5 want: ^7.24.7
3321 silly placeDep ROOT @babel/plugin-transform-unicode-regex@7.29.7 OK for: @react-native/babel-preset@0.81.5 want: ^7.24.7
3322 silly placeDep ROOT @react-native/babel-plugin-codegen@0.81.5 OK for: @react-native/babel-preset@0.81.5 want: 0.81.5
3323 silly fetch manifest @babel/helper-remap-async-to-generator@^7.29.7
3324 silly packumentCache full:https://registry.npmjs.org/@babel%2fhelper-remap-async-to-generator cache-miss
3325 silly fetch manifest @babel/helper-remap-async-to-generator@^7.29.7
3326 silly packumentCache full:https://registry.npmjs.org/@babel%2fhelper-remap-async-to-generator cache-miss
3327 silly fetch manifest @babel/helper-create-regexp-features-plugin@^7.29.7
3328 silly packumentCache full:https://registry.npmjs.org/@babel%2fhelper-create-regexp-features-plugin cache-miss
3329 silly fetch manifest @babel/helper-create-regexp-features-plugin@^7.29.7
3330 silly packumentCache full:https://registry.npmjs.org/@babel%2fhelper-create-regexp-features-plugin cache-miss
3331 http cache https://registry.npmjs.org/@babel%2fhelper-create-regexp-features-plugin 2ms (cache hit)
3332 silly packumentCache full:https://registry.npmjs.org/@babel%2fhelper-create-regexp-features-plugin set size:189184 disposed:false
3333 http cache https://registry.npmjs.org/@babel%2fhelper-remap-async-to-generator 4ms (cache hit)
3334 silly packumentCache full:https://registry.npmjs.org/@babel%2fhelper-remap-async-to-generator set size:230688 disposed:false
3335 http cache https://registry.npmjs.org/@babel%2fhelper-remap-async-to-generator 6ms (cache hit)
3336 silly packumentCache full:https://registry.npmjs.org/@babel%2fhelper-remap-async-to-generator set size:230688 disposed:false
3337 silly packumentCache full:https://registry.npmjs.org/@babel%2fhelper-remap-async-to-generator dispose
3338 http cache https://registry.npmjs.org/@babel%2fhelper-create-regexp-features-plugin 8ms (cache hit)
3339 silly packumentCache full:https://registry.npmjs.org/@babel%2fhelper-create-regexp-features-plugin set size:189184 disposed:false
3340 silly packumentCache full:https://registry.npmjs.org/@babel%2fhelper-create-regexp-features-plugin dispose
3341 silly placeDep ROOT @babel/helper-remap-async-to-generator@7.29.7 OK for: @babel/plugin-transform-async-generator-functions@7.29.7 want: ^7.29.7
3342 silly fetch manifest @babel/helper-wrap-function@^7.29.7
3343 silly packumentCache full:https://registry.npmjs.org/@babel%2fhelper-wrap-function cache-miss
3344 http fetch GET 200 https://registry.npmjs.org/@babel%2fhelper-wrap-function 488ms (cache miss)
3345 silly packumentCache full:https://registry.npmjs.org/@babel%2fhelper-wrap-function set size:undefined disposed:false
3346 silly placeDep ROOT @babel/helper-wrap-function@7.29.7 OK for: @babel/helper-remap-async-to-generator@7.29.7 want: ^7.29.7
3347 silly placeDep ROOT @babel/helper-create-regexp-features-plugin@7.29.7 OK for: @babel/plugin-transform-named-capturing-groups-regex@7.29.7 want: ^7.29.7
3348 silly fetch manifest regexpu-core@^6.3.1
3349 silly packumentCache full:https://registry.npmjs.org/regexpu-core cache-miss
3350 http fetch GET 200 https://registry.npmjs.org/regexpu-core 101ms (cache miss)
3351 silly packumentCache full:https://registry.npmjs.org/regexpu-core set size:undefined disposed:false
3352 silly placeDep ROOT regexpu-core@6.4.0 OK for: @babel/helper-create-regexp-features-plugin@7.29.7 want: ^6.3.1
3353 silly placeDep node_modules/@babel/helper-create-regexp-features-plugin semver@6.3.1 OK for: @babel/helper-create-regexp-features-plugin@7.29.7 want: ^6.3.1
3354 silly fetch manifest regenerate@^1.4.2
3355 silly packumentCache full:https://registry.npmjs.org/regenerate cache-miss
3356 silly fetch manifest regenerate-unicode-properties@^10.2.2
3357 silly packumentCache full:https://registry.npmjs.org/regenerate-unicode-properties cache-miss
3358 silly fetch manifest regjsgen@^0.8.0
3359 silly packumentCache full:https://registry.npmjs.org/regjsgen cache-miss
3360 silly fetch manifest regjsparser@^0.13.0
3361 silly packumentCache full:https://registry.npmjs.org/regjsparser cache-miss
3362 silly fetch manifest unicode-match-property-ecmascript@^2.0.0
3363 silly packumentCache full:https://registry.npmjs.org/unicode-match-property-ecmascript cache-miss
3364 silly fetch manifest unicode-match-property-value-ecmascript@^2.2.1
3365 silly packumentCache full:https://registry.npmjs.org/unicode-match-property-value-ecmascript cache-miss
3366 http fetch GET 200 https://registry.npmjs.org/unicode-match-property-value-ecmascript 52ms (cache miss)
3367 silly packumentCache full:https://registry.npmjs.org/unicode-match-property-value-ecmascript set size:undefined disposed:false
3368 http fetch GET 200 https://registry.npmjs.org/regenerate-unicode-properties 54ms (cache miss)
3369 silly packumentCache full:https://registry.npmjs.org/regenerate-unicode-properties set size:undefined disposed:false
3370 http fetch GET 200 https://registry.npmjs.org/regjsgen 61ms (cache miss)
3371 silly packumentCache full:https://registry.npmjs.org/regjsgen set size:undefined disposed:false
3372 http fetch GET 200 https://registry.npmjs.org/unicode-match-property-ecmascript 64ms (cache miss)
3373 silly packumentCache full:https://registry.npmjs.org/unicode-match-property-ecmascript set size:undefined disposed:false
3374 http fetch GET 200 https://registry.npmjs.org/regenerate 181ms (cache miss)
3375 silly packumentCache full:https://registry.npmjs.org/regenerate set size:undefined disposed:false
3376 http fetch GET 200 https://registry.npmjs.org/regjsparser 270ms (cache miss)
3377 silly packumentCache full:https://registry.npmjs.org/regjsparser set size:undefined disposed:false
3378 silly fetch manifest @babel/core@^7.4.0 || ^8.0.0-0 <8.0.0
3379 silly packumentCache full:https://registry.npmjs.org/@babel%2fcore cache-hit
3380 silly placeDep ROOT @babel/helper-define-polyfill-provider@0.6.8 OK for: babel-plugin-polyfill-corejs2@0.4.17 want: ^0.6.8
3381 silly placeDep node_modules/babel-plugin-polyfill-corejs2 semver@6.3.1 OK for: babel-plugin-polyfill-corejs2@0.4.17 want: ^6.3.1
3382 silly fetch manifest lodash.debounce@^4.0.8
3383 silly packumentCache full:https://registry.npmjs.org/lodash.debounce cache-miss
3384 http fetch GET 200 https://registry.npmjs.org/lodash.debounce 50ms (cache miss)
3385 silly packumentCache full:https://registry.npmjs.org/lodash.debounce set size:undefined disposed:false
3386 silly placeDep ROOT lodash.debounce@4.0.8 OK for: @babel/helper-define-polyfill-provider@0.6.8 want: ^4.0.8
3387 silly placeDep ROOT core-js-compat@3.50.0 OK for: babel-plugin-polyfill-corejs3@0.13.0 want: ^3.43.0
3388 silly placeDep ROOT regenerate@1.4.2 OK for: regexpu-core@6.4.0 want: ^1.4.2
3389 silly placeDep ROOT regenerate-unicode-properties@10.2.2 OK for: regexpu-core@6.4.0 want: ^10.2.2
3390 silly placeDep ROOT regjsgen@0.8.0 OK for: regexpu-core@6.4.0 want: ^0.8.0
3391 silly placeDep ROOT regjsparser@0.13.2 OK for: regexpu-core@6.4.0 want: ^0.13.0
3392 silly placeDep ROOT unicode-match-property-ecmascript@2.0.0 OK for: regexpu-core@6.4.0 want: ^2.0.0
3393 silly placeDep ROOT unicode-match-property-value-ecmascript@2.2.1 OK for: regexpu-core@6.4.0 want: ^2.2.1
3394 silly fetch manifest unicode-canonical-property-names-ecmascript@^2.0.0
3395 silly packumentCache full:https://registry.npmjs.org/unicode-canonical-property-names-ecmascript cache-miss
3396 silly fetch manifest unicode-property-aliases-ecmascript@^2.0.0
3397 silly packumentCache full:https://registry.npmjs.org/unicode-property-aliases-ecmascript cache-miss
3398 http fetch GET 200 https://registry.npmjs.org/unicode-property-aliases-ecmascript 51ms (cache miss)
3399 silly packumentCache full:https://registry.npmjs.org/unicode-property-aliases-ecmascript set size:undefined disposed:false
3400 http fetch GET 200 https://registry.npmjs.org/unicode-canonical-property-names-ecmascript 53ms (cache miss)
3401 silly packumentCache full:https://registry.npmjs.org/unicode-canonical-property-names-ecmascript set size:undefined disposed:false
3402 silly placeDep ROOT unicode-canonical-property-names-ecmascript@2.0.1 OK for: unicode-match-property-ecmascript@2.0.0 want: ^2.0.0
3403 silly placeDep ROOT unicode-property-aliases-ecmascript@2.2.0 OK for: unicode-match-property-ecmascript@2.0.0 want: ^2.0.0
3404 silly placeDep node_modules/expo ansi-styles@4.3.0 OK for: chalk@4.1.2 want: ^4.1.0
3405 silly placeDep node_modules/expo supports-color@7.2.0 OK for: chalk@4.1.2 want: ^7.1.0
3406 silly placeDep node_modules/expo hermes-estree@0.29.1 OK for: hermes-parser@0.29.1 want: 0.29.1
3407 silly placeDep node_modules/expo brace-expansion@2.1.4 OK for: minimatch@9.0.9 want: ^2.0.2
3408 silly placeDep node_modules/expo balanced-match@1.0.2 OK for: brace-expansion@2.1.4 want: ^1.0.0
3409 silly placeDep node_modules/expo has-flag@4.0.0 OK for: supports-color@7.2.0 want: ^4.0.0
3410 silly placeDep node_modules/finalhandler ms@2.0.0 OK for: debug@2.6.9 want: 2.0.0
3411 silly placeDep node_modules/jest-message-util ansi-styles@4.3.0 OK for: chalk@4.1.2 want: ^4.1.0
3412 silly placeDep node_modules/jest-message-util supports-color@7.2.0 OK for: chalk@4.1.2 want: ^7.1.0
3413 silly placeDep node_modules/jest-message-util has-flag@4.0.0 OK for: supports-color@7.2.0 want: ^4.0.0
3414 silly placeDep node_modules/jest-util ansi-styles@4.3.0 OK for: chalk@4.1.2 want: ^4.1.0
3415 silly placeDep node_modules/jest-util supports-color@7.2.0 OK for: chalk@4.1.2 want: ^7.1.0
3416 silly placeDep node_modules/jest-util has-flag@4.0.0 OK for: supports-color@7.2.0 want: ^4.0.0
3417 silly placeDep node_modules/jest-validate ansi-styles@4.3.0 OK for: chalk@4.1.2 want: ^4.1.0
3418 silly placeDep node_modules/jest-validate supports-color@7.2.0 OK for: chalk@4.1.2 want: ^7.1.0
3419 silly placeDep node_modules/jest-validate has-flag@4.0.0 OK for: supports-color@7.2.0 want: ^4.0.0
3420 silly placeDep node_modules/jest-worker has-flag@4.0.0 OK for: supports-color@8.1.1 want: ^4.0.0
3421 silly placeDep node_modules/lighthouse-logger ms@2.0.0 OK for: debug@2.6.9 want: 2.0.0
3422 silly placeDep node_modules/metro ansi-styles@4.3.0 OK for: chalk@4.1.2 want: ^4.1.0
3423 silly placeDep node_modules/metro supports-color@7.2.0 OK for: chalk@4.1.2 want: ^7.1.0
3424 silly placeDep node_modules/metro has-flag@4.0.0 OK for: supports-color@7.2.0 want: ^4.0.0
3425 silly placeDep node_modules/ora ansi-regex@4.1.1 OK for: strip-ansi@5.2.0 want: ^4.1.0
3426 silly placeDep ROOT p-try@2.2.0 OK for: p-limit@2.3.0 want: ^2.0.0
3427 silly placeDep node_modules/react-native minimatch@3.1.5 OK for: glob@7.2.3 want: ^3.1.1
3428 silly placeDep node_modules/react-native brace-expansion@1.1.18 OK for: minimatch@3.1.5 want: ^1.1.7
3429 silly placeDep node_modules/react-native balanced-match@1.0.2 OK for: brace-expansion@1.1.18 want: ^1.0.0
3430 silly placeDep node_modules/rimraf minimatch@3.1.5 OK for: glob@7.2.3 want: ^3.1.1
3431 silly placeDep node_modules/rimraf brace-expansion@1.1.18 OK for: minimatch@3.1.5 want: ^1.1.7
3432 silly placeDep node_modules/rimraf balanced-match@1.0.2 OK for: brace-expansion@1.1.18 want: ^1.0.0
3433 silly placeDep node_modules/send/node_modules/debug ms@2.0.0 OK for: debug@2.6.9 want: 2.0.0
3434 silly placeDep node_modules/test-exclude brace-expansion@1.1.18 OK for: minimatch@3.1.5 want: ^1.1.7
3435 silly placeDep node_modules/test-exclude balanced-match@1.0.2 OK for: brace-expansion@1.1.18 want: ^1.0.0
3436 silly reify moves {}
3437 silly audit bulk request {
3437 silly audit   '@expo-google-fonts/noto-sans-telugu': [ '0.2.3' ],
3437 silly audit   '@react-native-async-storage/async-storage': [ '2.2.0' ],
3437 silly audit   'react-native': [ '0.81.5' ],
3437 silly audit   react: [ '19.1.0' ],
3437 silly audit   '@react-navigation/native': [ '7.3.16' ],
3437 silly audit   '@react-navigation/native-stack': [ '7.18.8' ],
3437 silly audit   'react-native-screens': [ '4.16.0' ],
3437 silly audit   'react-native-safe-area-context': [ '5.6.2' ],
3437 silly audit   '@types/react': [ '19.1.17' ],
3437 silly audit   expo: [ '54.0.36' ],
3437 silly audit   'expo-font': [ '14.0.12' ],
3437 silly audit   'expo-status-bar': [ '3.0.9' ],
3437 silly audit   i18next: [ '25.10.10' ],
3437 silly audit   'react-i18next': [ '16.6.6' ],
3437 silly audit   typescript: [ '5.9.3' ],
3437 silly audit   'merge-options': [ '3.0.4' ],
3437 silly audit   '@react-navigation/core': [ '7.21.12' ],
3437 silly audit   'escape-string-regexp': [ '4.0.0', '1.0.5', '2.0.0' ],
3437 silly audit   'fast-deep-equal': [ '3.1.3' ],
3437 silly audit   nanoid: [ '3.3.18' ],
3437 silly audit   'standard-navigation': [ '0.0.8' ],
3437 silly audit   'use-latest-callback': [ '0.2.6' ],
3437 silly audit   '@react-navigation/routers': [ '7.6.4' ],
3437 silly audit   'query-string': [ '7.1.3' ],
3437 silly audit   'react-is': [ '19.2.8', '18.3.1' ],
3437 silly audit   'use-sync-external-store': [ '1.6.0' ],
3437 silly audit   '@react-navigation/elements': [ '2.9.38' ],
3437 silly audit   color: [ '4.2.3' ],
3437 silly audit   'sf-symbols-typescript': [ '2.2.0' ],
3437 silly audit   'warn-once': [ '0.1.1' ],
3437 silly audit   csstype: [ '3.2.3' ],
3437 silly audit   'color-convert': [ '2.0.1', '1.9.3' ],
3437 silly audit   'color-string': [ '1.9.1' ],
3437 silly audit   'color-name': [ '1.1.4', '1.1.3' ],
3437 silly audit   'simple-swizzle': [ '0.2.4' ],
3437 silly audit   '@babel/runtime': [ '7.29.7' ],
3437 silly audit   '@expo/cli': [ '54.0.26' ],
3437 silly audit   '@expo/config': [ '12.0.14' ],
3437 silly audit   '@expo/config-plugins': [ '54.0.5' ],
3437 silly audit   '@expo/devtools': [ '0.1.8' ],
3437 silly audit   '@expo/fingerprint': [ '0.15.5' ],
3437 silly audit   '@expo/metro': [ '54.2.0' ],
3437 silly audit   '@expo/metro-config': [ '54.0.17' ],
3437 silly audit   '@expo/vector-icons': [ '15.1.1' ],
3437 silly audit   '@ungap/structured-clone': [ '1.3.3' ],
3437 silly audit   'babel-preset-expo': [ '54.0.12' ],
3437 silly audit   'react-refresh': [ '0.14.2' ],
3437 silly audit   'expo-asset': [ '12.0.13' ],
3437 silly audit   'expo-constants': [ '18.0.13' ],
3437 silly audit   'expo-file-system': [ '19.0.23' ],
3437 silly audit   'expo-keep-awake': [ '15.0.8' ],
3437 silly audit   'expo-modules-autolinking': [ '3.0.26' ],
3437 silly audit   'expo-modules-core': [ '3.0.30' ],
3437 silly audit   'pretty-format': [ '29.7.0' ],
3437 silly audit   'whatwg-url-without-unicode': [ '8.0.0-3' ],
3437 silly audit   '@babel/code-frame': [ '7.10.4', '7.29.7' ],
3437 silly audit   '@expo/config-types': [ '54.0.10' ],
3437 silly audit   '@expo/json-file': [ '10.2.0', '10.0.16', '11.0.1' ],
3437 silly audit   deepmerge: [ '4.3.1' ],
3437 silly audit   getenv: [ '2.0.0' ],
3437 silly audit   glob: [ '13.0.6', '7.2.3' ],
3437 silly audit   'require-from-string': [ '2.0.2' ],
3437 silly audit   'resolve-from': [ '5.0.0' ],
3437 silly audit   'resolve-workspace-root': [ '2.0.1' ],
3437 silly audit   semver: [ '7.8.5', '6.3.1' ],
3437 silly audit   slugify: [ '1.6.9' ],
3437 silly audit   sucrase: [ '3.35.1' ],
3437 silly audit   '@babel/highlight': [ '7.25.9' ],
3437 silly audit   '@babel/helper-validator-identifier': [ '7.29.7' ],
3437 silly audit   chalk: [ '2.4.2', '4.1.2' ],
3437 silly audit   'js-tokens': [ '4.0.0' ],
3437 silly audit   picocolors: [ '1.1.1' ],
3437 silly audit   '@expo/plist': [ '0.4.9' ],
3437 silly audit   '@expo/sdk-runtime-versions': [ '1.0.0' ],
3437 silly audit   debug: [ '4.4.3', '2.6.9', '3.2.7' ],
3437 silly audit   slash: [ '3.0.0' ],
3437 silly audit   xcode: [ '3.0.1' ],
3437 silly audit   xml2js: [ '0.6.0' ],
3437 silly audit   '@expo/spawn-async': [ '1.8.0' ],
3437 silly audit   arg: [ '5.0.2' ],
3437 silly audit   ignore: [ '5.3.2' ],
3437 silly audit   minimatch: [ '10.2.6', '3.1.5', '9.0.9' ],
3437 silly audit   'p-limit': [ '3.1.0', '2.3.0' ],
3437 silly audit   json5: [ '2.2.3' ],
3437 silly audit   metro: [ '0.83.3' ],
3437 silly audit   'metro-babel-transformer': [ '0.83.3' ],
3437 silly audit   'metro-cache': [ '0.83.3' ],
3437 silly audit   'metro-cache-key': [ '0.83.3' ],
3437 silly audit   'metro-config': [ '0.83.3' ],
3437 silly audit   'metro-core': [ '0.83.3' ],
3437 silly audit   'metro-file-map': [ '0.83.3' ],
3437 silly audit   'metro-minify-terser': [ '0.83.3' ],
3437 silly audit   'metro-resolver': [ '0.83.3' ],
3437 silly audit   'metro-runtime': [ '0.83.3' ],
3437 silly audit   'metro-source-map': [ '0.83.3' ],
3437 silly audit   'metro-symbolicate': [ '0.83.3' ],
3437 silly audit   'metro-transform-plugins': [ '0.83.3' ],
3437 silly audit   'metro-transform-worker': [ '0.83.3' ],
3437 silly audit   '@xmldom/xmldom': [ '0.8.13', '0.9.10' ],
3437 silly audit   'base64-js': [ '1.5.1' ],
3437 silly audit   xmlbuilder: [ '15.1.1', '11.0.1' ],
3437 silly audit   'cross-spawn': [ '7.0.6' ],
3437 silly audit   'ansi-styles': [ '3.2.1', '5.2.0', '4.3.0' ],
3437 silly audit   'supports-color': [ '5.5.0', '8.1.1', '7.2.0' ],
3437 silly audit   'path-key': [ '3.1.1' ],
3437 silly audit   'shebang-command': [ '2.0.0' ],
3437 silly audit   which: [ '2.0.2' ],
3437 silly audit   ms: [ '2.1.3', '2.0.0' ],
3437 silly audit   fontfaceobserver: [ '2.3.0' ],
3437 silly audit   commander: [ '7.2.0', '12.1.0', '4.1.1', '2.20.3' ],
3437 silly audit   invariant: [ '2.2.4' ],
3437 silly audit   'react-native-is-edge-to-edge': [ '1.3.1' ],
3437 silly audit   minipass: [ '7.1.3' ],
3437 silly audit   'path-scurry': [ '2.0.2' ],
3437 silly audit   'loose-envify': [ '1.4.0' ],
3437 silly audit   'is-plain-obj': [ '2.1.0' ],
3437 silly audit   '@babel/core': [ '7.29.7' ],
3437 silly audit   '@babel/generator': [ '7.29.8' ],
3437 silly audit   '@babel/parser': [ '7.29.8' ],
3437 silly audit   '@babel/template': [ '7.29.7' ],
3437 silly audit   '@babel/traverse': [ '7.29.8' ],
3437 silly audit   '@babel/types': [ '7.29.8' ],
3437 silly audit   accepts: [ '1.3.8' ],
3437 silly audit   'ci-info': [ '2.0.0', '3.9.0' ],
3437 silly audit   connect: [ '3.7.0' ],
3437 silly audit   'error-stack-parser': [ '2.1.4' ],
3437 silly audit   'flow-enums-runtime': [ '0.0.6' ],
3437 silly audit   'graceful-fs': [ '4.2.11' ],
3437 silly audit   'hermes-parser': [ '0.32.0', '0.29.1' ],
3437 silly audit   'image-size': [ '1.2.1' ],
3437 silly audit   'jest-worker': [ '29.7.0' ],
3437 silly audit   'jsc-safe-url': [ '0.2.4' ],
3437 silly audit   'lodash.throttle': [ '4.1.1' ],
3437 silly audit   'mime-types': [ '2.1.35' ],
3437 silly audit   nullthrows: [ '1.1.1' ],
3437 silly audit   'serialize-error': [ '2.1.0' ],
3437 silly audit   'source-map': [ '0.5.7', '0.6.1' ],
3437 silly audit   throat: [ '5.0.0' ],
3437 silly audit   ws: [ '7.5.13', '6.2.6', '8.21.3' ],
3437 silly audit   yargs: [ '17.7.3' ],
3437 silly audit   '@babel/helper-compilation-targets': [ '7.29.7' ],
3437 silly audit   '@babel/helper-module-transforms': [ '7.29.7' ],
3437 silly audit   '@babel/helpers': [ '7.29.7' ],
3437 silly audit   '@jridgewell/remapping': [ '2.3.5' ],
3437 silly audit   'convert-source-map': [ '2.0.0' ],
3437 silly audit   gensync: [ '1.0.0-beta.2' ],
3437 silly audit   '@jridgewell/gen-mapping': [ '0.3.13' ],
3437 silly audit   '@jridgewell/trace-mapping': [ '0.3.31' ],
3437 silly audit   jsesc: [ '3.1.0' ],
3437 silly audit   '@babel/compat-data': [ '7.29.7' ],
3437 silly audit   '@babel/helper-validator-option': [ '7.29.7' ],
3437 silly audit   browserslist: [ '4.28.8' ],
3437 silly audit   'lru-cache': [ '5.1.1', '11.5.2', '10.4.3' ],
3437 silly audit   '@babel/helper-module-imports': [ '7.29.7' ],
3437 silly audit   '@babel/helper-globals': [ '7.29.7' ],
3437 silly audit   '@babel/helper-string-parser': [ '7.29.7' ],
3437 silly audit   '@jridgewell/sourcemap-codec': [ '1.5.5' ],
3437 silly audit   '@jridgewell/resolve-uri': [ '3.1.2' ],
3437 silly audit   negotiator: [ '0.6.3', '0.6.4' ],
3437 silly audit   'baseline-browser-mapping': [ '2.11.13' ],
3437 silly audit   'caniuse-lite': [ '1.0.30001809' ],
3437 silly audit   'electron-to-chromium': [ '1.5.404' ],
3437 silly audit   'node-releases': [ '2.0.53' ],
3437 silly audit   'update-browserslist-db': [ '1.3.1' ],
3437 silly audit   finalhandler: [ '1.1.2' ],
3437 silly audit   parseurl: [ '1.3.3' ],
3437 silly audit   'utils-merge': [ '1.0.1' ],
3437 silly audit   stackframe: [ '1.3.4' ],
3437 silly audit   encodeurl: [ '1.0.2', '2.0.0' ],
3437 silly audit   'escape-html': [ '1.0.3' ],
3437 silly audit   'on-finished': [ '2.3.0', '2.4.1' ],
3437 silly audit   statuses: [ '1.5.0', '2.0.2' ],
3437 silly audit   unpipe: [ '1.0.0' ],
3437 silly audit   'hermes-estree': [ '0.32.0', '0.29.1' ],
3437 silly audit   queue: [ '6.0.2' ],
3437 silly audit   '@types/node': [ '26.2.0' ],
3437 silly audit   'jest-util': [ '29.7.0' ],
3437 silly audit   'merge-stream': [ '2.0.0' ],
3437 silly audit   'undici-types': [ '8.3.0' ],
3437 silly audit   '@jest/types': [ '29.6.3' ],
3437 silly audit   picomatch: [ '2.3.2', '4.0.5' ],
3437 silly audit   '@jest/schemas': [ '29.6.3' ],
3437 silly audit   '@types/istanbul-lib-coverage': [ '2.0.6' ],
3437 silly audit   '@types/istanbul-reports': [ '3.0.4' ],
3437 silly audit   '@types/yargs': [ '17.0.35' ],
3437 silly audit   '@sinclair/typebox': [ '0.27.12' ],
3437 silly audit   '@types/istanbul-lib-report': [ '3.0.3' ],
3437 silly audit   '@types/yargs-parser': [ '21.0.3' ],
3437 silly audit   yallist: [ '3.1.1', '5.0.0' ],
3437 silly audit   'exponential-backoff': [ '3.1.3' ],
3437 silly audit   'https-proxy-agent': [ '7.0.6' ],
3437 silly audit   'agent-base': [ '7.1.4' ],
3437 silly audit   'jest-validate': [ '29.7.0' ],
3437 silly audit   yaml: [ '2.9.0' ],
3437 silly audit   camelcase: [ '6.3.0', '5.3.1' ],
3437 silly audit   'jest-get-type': [ '29.6.3' ],
3437 silly audit   leven: [ '3.1.0' ],
3437 silly audit   'fb-watchman': [ '2.0.2' ],
3437 silly audit   micromatch: [ '4.0.8' ],
3437 silly audit   walker: [ '1.0.8' ],
3437 silly audit   bser: [ '2.1.1' ],
3437 silly audit   'node-int64': [ '0.4.0' ],
3437 silly audit   terser: [ '5.49.2' ],
3437 silly audit   ob1: [ '0.83.3' ],
3437 silly audit   vlq: [ '1.0.1' ],
3437 silly audit   braces: [ '3.0.3' ],
3437 silly audit   'fill-range': [ '7.1.1' ],
3437 silly audit   'to-regex-range': [ '5.0.1' ],
3437 silly audit   'mime-db': [ '1.52.0' ],
3437 silly audit   'brace-expansion': [ '5.0.9', '1.1.18', '2.1.4' ],
3437 silly audit   'balanced-match': [ '4.0.4', '1.0.2' ],
3437 silly audit   'ee-first': [ '1.1.1' ],
3437 silly audit   'yocto-queue': [ '0.1.0' ],
3437 silly audit   'decode-uri-component': [ '0.2.2' ],
3437 silly audit   'filter-obj': [ '1.1.0' ],
3437 silly audit   'split-on-first': [ '1.1.0' ],
3437 silly audit   'strict-uri-encode': [ '2.0.0' ],
3437 silly audit   inherits: [ '2.0.4' ],
3437 silly audit   'html-parse-stringify': [ '3.1.0' ],
3437 silly audit   'void-elements': [ '3.1.0' ],
3437 silly audit   '@jest/create-cache-key-function': [ '29.7.0' ],
3437 silly audit   '@react-native/assets-registry': [ '0.81.5' ],
3437 silly audit   '@react-native/codegen': [ '0.81.5' ],
3437 silly audit   '@react-native/community-cli-plugin': [ '0.81.5' ],
3437 silly audit   '@react-native/gradle-plugin': [ '0.81.5' ],
3437 silly audit   '@react-native/js-polyfills': [ '0.81.5' ],
3437 silly audit   '@react-native/normalize-colors': [ '0.81.5' ],
3437 silly audit   '@react-native/virtualized-lists': [ '0.81.5' ],
3437 silly audit   'abort-controller': [ '3.0.0' ],
3437 silly audit   anser: [ '1.4.10' ],
3437 silly audit   'ansi-regex': [ '5.0.1', '4.1.1' ],
3437 silly audit   'babel-jest': [ '29.7.0' ],
3437 silly audit   'babel-plugin-syntax-hermes-parser': [ '0.29.1' ],
3437 silly audit   'jest-environment-node': [ '29.7.0' ],
3437 silly audit   'memoize-one': [ '5.2.1' ],
3437 silly audit   promise: [ '8.3.0' ],
3437 silly audit   'react-devtools-core': [ '6.1.5' ],
3437 silly audit   'regenerator-runtime': [ '0.13.11' ],
3437 silly audit   scheduler: [ '0.26.0' ],
3437 silly audit   'stacktrace-parser': [ '0.1.11' ],
3437 silly audit   'whatwg-fetch': [ '3.6.20' ],
3437 silly audit   '@react-native/dev-middleware': [ '0.81.5' ],
3437 silly audit   '@isaacs/ttlcache': [ '1.4.1' ],
3437 silly audit   '@react-native/debugger-frontend': [ '0.81.5' ],
3437 silly audit   'chrome-launcher': [ '0.15.2' ],
3437 silly audit   'chromium-edge-launcher': [ '0.2.0' ],
3437 silly audit   open: [ '7.4.2', '8.4.2' ],
3437 silly audit   'serve-static': [ '1.16.3' ],
3437 silly audit   'event-target-shim': [ '5.0.1' ],
3437 silly audit   '@jest/transform': [ '29.7.0' ],
3437 silly audit   '@types/babel__core': [ '7.20.5' ],
3437 silly audit   'babel-plugin-istanbul': [ '6.1.1' ],
3437 silly audit   'babel-preset-jest': [ '29.6.3' ],
3437 silly audit   'fast-json-stable-stringify': [ '2.1.0' ],
3437 silly audit   'jest-haste-map': [ '29.7.0' ],
3437 silly audit   'jest-regex-util': [ '29.6.3' ],
3437 silly audit   pirates: [ '4.0.7' ],
3437 silly audit   'write-file-atomic': [ '4.0.2' ],
3437 silly audit   '@types/babel__generator': [ '7.27.0' ],
3437 silly audit   '@types/babel__template': [ '7.4.4' ],
3437 silly audit   '@types/babel__traverse': [ '7.28.0' ],
3437 silly audit   '@babel/helper-plugin-utils': [ '7.29.7' ],
3437 silly audit   '@istanbuljs/load-nyc-config': [ '1.1.0' ],
3437 silly audit   '@istanbuljs/schema': [ '0.1.6' ],
3437 silly audit   'istanbul-lib-instrument': [ '5.2.1' ],
3437 silly audit   'test-exclude': [ '6.0.0' ],
3437 silly audit   'find-up': [ '4.1.0' ],
3437 silly audit   'get-package-type': [ '0.1.0' ],
3437 silly audit   'js-yaml': [ '3.15.1', '4.3.1' ],
3437 silly audit   'babel-plugin-jest-hoist': [ '29.6.3' ],
3437 silly audit   'babel-preset-current-node-syntax': [ '1.2.0' ],
3437 silly audit   '@babel/plugin-syntax-async-generators': [ '7.8.4' ],
3437 silly audit   '@babel/plugin-syntax-bigint': [ '7.8.3' ],
3437 silly audit   '@babel/plugin-syntax-class-properties': [ '7.12.13' ],
3437 silly audit   '@babel/plugin-syntax-class-static-block': [ '7.14.5' ],
3437 silly audit   '@babel/plugin-syntax-import-attributes': [ '7.29.7' ],
3437 silly audit   '@babel/plugin-syntax-import-meta': [ '7.10.4' ],
3437 silly audit   '@babel/plugin-syntax-json-strings': [ '7.8.3' ],
3437 silly audit   '@babel/plugin-syntax-logical-assignment-operators': [ '7.10.4' ],
3437 silly audit   '@babel/plugin-syntax-nullish-coalescing-operator': [ '7.8.3' ],
3437 silly audit   '@babel/plugin-syntax-numeric-separator': [ '7.10.4' ],
3437 silly audit   '@babel/plugin-syntax-object-rest-spread': [ '7.8.3' ],
3437 silly audit   '@babel/plugin-syntax-optional-catch-binding': [ '7.8.3' ],
3437 silly audit   '@babel/plugin-syntax-optional-chaining': [ '7.8.3' ],
3437 silly audit   '@babel/plugin-syntax-private-property-in-object': [ '7.14.5' ],
3437 silly audit   '@babel/plugin-syntax-top-level-await': [ '7.14.5' ],
3437 silly audit   'is-wsl': [ '2.2.0' ],
3437 silly audit   'lighthouse-logger': [ '1.4.2' ],
3437 silly audit   mkdirp: [ '1.0.4' ],
3437 silly audit   rimraf: [ '3.0.2' ],
3437 silly audit   'locate-path': [ '5.0.0' ],
3437 silly audit   'path-exists': [ '4.0.0' ],
3437 silly audit   'is-docker': [ '2.2.1' ],
3437 silly audit   'istanbul-lib-coverage': [ '3.2.2' ],
3437 silly audit   '@jest/environment': [ '29.7.0' ],
3437 silly audit   '@jest/fake-timers': [ '29.7.0' ],
3437 silly audit   'jest-mock': [ '29.7.0' ],
3437 silly audit   '@sinonjs/fake-timers': [ '10.3.0' ],
3437 silly audit   'jest-message-util': [ '29.7.0' ],
3437 silly audit   '@sinonjs/commons': [ '3.0.1' ],
3437 silly audit   'type-detect': [ '4.0.8' ],
3437 silly audit   '@types/graceful-fs': [ '4.1.9' ],
3437 silly audit   anymatch: [ '3.1.3' ],
3437 silly audit   fsevents: [ '2.3.3' ],
3437 silly audit   'normalize-path': [ '3.0.0' ],
3437 silly audit   '@types/stack-utils': [ '2.0.3' ],
3437 silly audit   'stack-utils': [ '2.0.6' ],
3437 silly audit   argparse: [ '1.0.10', '2.0.1' ],
3437 silly audit   esprima: [ '4.0.1' ],
3437 silly audit   'sprintf-js': [ '1.0.3' ],
3437 silly audit   marky: [ '1.3.0' ],
3437 silly audit   'p-locate': [ '4.1.0' ],
3437 silly audit   asap: [ '2.0.6' ],
3437 silly audit   'shell-quote': [ '1.10.0' ],
3437 silly audit   'react-freeze': [ '1.0.4' ],
3437 silly audit   send: [ '0.19.2' ],
3437 silly audit   depd: [ '2.0.0' ],
3437 silly audit   destroy: [ '1.2.0' ],
3437 silly audit   etag: [ '1.8.1' ],
3437 silly audit   fresh: [ '0.5.2' ],
3437 silly audit   'http-errors': [ '2.0.1' ],
3437 silly audit   mime: [ '1.6.0' ],
3437 silly audit   'range-parser': [ '1.2.1' ],
3437 silly audit   setprototypeof: [ '1.2.0' ],
3437 silly audit   toidentifier: [ '1.0.1' ],
3437 silly audit   'shebang-regex': [ '3.0.0' ],
3437 silly audit   'is-arrayish': [ '0.3.4' ],
3437 silly audit   'type-fest': [ '0.7.1', '0.21.3' ],
3437 silly audit   'lines-and-columns': [ '1.2.4' ],
3437 silly audit   mz: [ '2.7.0' ],
3437 silly audit   tinyglobby: [ '0.2.17' ],
3437 silly audit   'ts-interface-checker': [ '0.1.13' ],
3437 silly audit   'any-promise': [ '1.3.0' ],
3437 silly audit   'object-assign': [ '4.1.1' ],
3437 silly audit   'thenify-all': [ '1.6.0' ],
3437 silly audit   'has-flag': [ '3.0.0', '4.0.0' ],
3437 silly audit   '@jridgewell/source-map': [ '0.3.11' ],
3437 silly audit   acorn: [ '8.18.0' ],
3437 silly audit   'source-map-support': [ '0.5.21' ],
3437 silly audit   'buffer-from': [ '1.1.2' ],
3437 silly audit   thenify: [ '3.3.1' ],
3437 silly audit   fdir: [ '6.5.0' ],
3437 silly audit   'is-number': [ '7.0.0' ],
3437 silly audit   escalade: [ '3.2.0' ],
3437 silly audit   makeerror: [ '1.0.12' ],
3437 silly audit   tmpl: [ '1.0.5' ],
3437 silly audit   buffer: [ '5.7.1' ],
3437 silly audit   punycode: [ '2.3.1' ],
3437 silly audit   'webidl-conversions': [ '5.0.0' ],
3437 silly audit   ieee754: [ '1.2.1' ],
3437 silly audit   isexe: [ '2.0.0' ],
3437 silly audit   imurmurhash: [ '0.1.4' ],
3437 silly audit   'signal-exit': [ '3.0.7' ],
3437 silly audit   'simple-plist': [ '1.3.1' ],
3437 silly audit   uuid: [ '7.0.3' ],
3437 silly audit   'bplist-creator': [ '0.1.0' ],
3437 silly audit   'bplist-parser': [ '0.3.1' ],
3437 silly audit   plist: [ '3.1.1' ],
3437 silly audit   'stream-buffers': [ '2.2.0' ],
3437 silly audit   'big-integer': [ '1.6.52' ],
3437 silly audit   sax: [ '1.6.1' ],
3437 silly audit   cliui: [ '8.0.1' ],
3437 silly audit   'get-caller-file': [ '2.0.5' ],
3437 silly audit   'require-directory': [ '2.1.1' ],
3437 silly audit   'string-width': [ '4.2.3' ],
3437 silly audit   y18n: [ '5.0.8' ],
3437 silly audit   'yargs-parser': [ '21.1.1' ],
3437 silly audit   'strip-ansi': [ '6.0.1', '5.2.0' ],
3437 silly audit   'wrap-ansi': [ '7.0.0' ],
3437 silly audit   'emoji-regex': [ '8.0.0' ],
3437 silly audit   'is-fullwidth-code-point': [ '3.0.0' ],
3437 silly audit   'fs.realpath': [ '1.0.0' ],
3437 silly audit   inflight: [ '1.0.6' ],
3437 silly audit   once: [ '1.4.0' ],
3437 silly audit   'path-is-absolute': [ '1.0.1' ],
3437 silly audit   wrappy: [ '1.0.2' ],
3437 silly audit   'concat-map': [ '0.0.1' ],
3437 silly audit   'async-limiter': [ '1.0.1' ],
3437 silly audit   '@0no-co/graphql.web': [ '1.3.3' ],
3437 silly audit   '@expo/code-signing-certificates': [ '0.0.6' ],
3437 silly audit   '@expo/devcert': [ '1.2.1' ],
3437 silly audit   '@expo/env': [ '2.0.12' ],
3437 silly audit   '@expo/image-utils': [ '0.8.15' ],
3437 silly audit   '@expo/osascript': [ '2.7.1' ],
3437 silly audit   '@expo/package-manager': [ '1.13.1' ],
3437 silly audit   '@expo/prebuild-config': [ '54.0.9' ],
3437 silly audit   '@expo/schema-utils': [ '0.1.9' ],
3437 silly audit   '@expo/ws-tunnel': [ '1.0.6' ],
3437 silly audit   '@expo/xcpretty': [ '4.4.4' ],
3437 silly audit   '@urql/core': [ '5.2.0' ],
3437 silly audit   '@urql/exchange-retry': [ '1.3.2' ],
3437 silly audit   'better-opn': [ '3.0.2' ],
3437 silly audit   compression: [ '1.8.1' ],
3437 silly audit   'env-editor': [ '0.4.2' ],
3437 silly audit   'expo-server': [ '1.0.7' ],
3437 silly audit   'freeport-async': [ '2.0.0' ],
3437 silly audit   'lan-network': [ '0.2.1' ],
3437 silly audit   'node-forge': [ '1.4.0' ],
3437 silly audit   'npm-package-arg': [ '11.0.3' ],
3437 silly audit   ora: [ '3.4.0' ],
3437 silly audit   'pretty-bytes': [ '5.6.0' ],
3437 silly audit   progress: [ '2.0.3' ],
3437 silly audit   prompts: [ '2.4.2' ],
3437 silly audit   'qrcode-terminal': [ '0.11.0' ],
3437 silly audit   requireg: [ '0.2.2' ],
3437 silly audit   resolve: [ '1.22.12', '1.7.1' ],
3437 silly audit   'resolve.exports': [ '2.0.3' ],
3437 silly audit   'structured-headers': [ '0.4.1' ],
3437 silly audit   tar: [ '7.5.22' ],
3437 silly audit   'terminal-link': [ '2.1.1' ],
3437 silly audit   undici: [ '6.28.0' ],
3437 silly audit   '@expo/sudo-prompt': [ '9.3.2' ],
3437 silly audit   dotenv: [ '16.4.7' ],
3437 silly audit   'dotenv-expand': [ '11.0.7' ],
3437 silly audit   '@expo/require-utils': [ '55.0.6' ],
3437 silly audit   'jimp-compact': [ '0.16.1' ],
3437 silly audit   'parse-png': [ '2.1.0' ],
3437 silly audit   '@babel/plugin-transform-modules-commonjs': [ '7.29.7' ],
3437 silly audit   wonka: [ '6.3.6' ],
3437 silly audit   bytes: [ '3.1.2' ],
3437 silly audit   compressible: [ '2.0.18' ],
3437 silly audit   'on-headers': [ '1.1.0' ],
3437 silly audit   'safe-buffer': [ '5.2.1' ],
3437 silly audit   vary: [ '1.1.2' ],
3437 silly audit   'hosted-git-info': [ '7.0.2' ],
3437 silly audit   'proc-log': [ '4.2.0' ],
3437 silly audit   'validate-npm-package-name': [ '5.0.1' ],
3437 silly audit   'cli-cursor': [ '2.1.0' ],
3437 silly audit   'cli-spinners': [ '2.9.2' ],
3437 silly audit   'log-symbols': [ '2.2.0' ],
3437 silly audit   wcwidth: [ '1.0.1' ],
3437 silly audit   'restore-cursor': [ '2.0.0' ],
3437 silly audit   pngjs: [ '3.4.0' ],
3437 silly audit   kleur: [ '3.0.3' ],
3437 silly audit   sisteransi: [ '1.0.5' ],
3437 silly audit   'nested-error-stacks': [ '2.0.1' ],
3437 silly audit   rc: [ '1.2.8' ],
3437 silly audit   'deep-extend': [ '0.6.0' ],
3437 silly audit   ini: [ '1.3.8' ],
3437 silly audit   minimist: [ '1.2.8' ],
3437 silly audit   'strip-json-comments': [ '2.0.1' ],
3437 silly audit   'es-errors': [ '1.3.0' ],
3437 silly audit   'is-core-module': [ '2.16.2' ],
3437 silly audit   'path-parse': [ '1.0.7' ],
3437 silly audit   'supports-preserve-symlinks-flag': [ '1.0.0' ],
3437 silly audit   hasown: [ '2.0.4' ],
3437 silly audit   'function-bind': [ '1.1.2' ],
3437 silly audit   onetime: [ '2.0.1' ],
3437 silly audit   'mimic-fn': [ '1.2.0' ],
3437 silly audit   '@isaacs/fs-minipass': [ '4.0.1' ],
3437 silly audit   chownr: [ '3.0.0' ],
3437 silly audit   minizlib: [ '3.1.0' ],
3437 silly audit   'ansi-escapes': [ '4.3.2' ],
3437 silly audit   'supports-hyperlinks': [ '2.3.0' ],
3437 silly audit   defaults: [ '1.0.4' ],
3437 silly audit   clone: [ '1.0.4' ],
3437 silly audit   'define-lazy-prop': [ '2.0.0' ],
3437 silly audit   lightningcss: [ '1.33.0' ],
3437 silly audit   postcss: [ '8.4.49' ],
3437 silly audit   'detect-libc': [ '2.1.2' ],
3437 silly audit   'lightningcss-android-arm64': [ '1.33.0' ],
3437 silly audit   'lightningcss-darwin-arm64': [ '1.33.0' ],
3437 silly audit   'lightningcss-darwin-x64': [ '1.33.0' ],
3437 silly audit   'lightningcss-freebsd-x64': [ '1.33.0' ],
3437 silly audit   'lightningcss-linux-arm-gnueabihf': [ '1.33.0' ],
3437 silly audit   'lightningcss-linux-arm64-gnu': [ '1.33.0' ],
3437 silly audit   'lightningcss-linux-arm64-musl': [ '1.33.0' ],
3437 silly audit   'lightningcss-linux-x64-gnu': [ '1.33.0' ],
3437 silly audit   'lightningcss-linux-x64-musl': [ '1.33.0' ],
3437 silly audit   'lightningcss-win32-arm64-msvc': [ '1.33.0' ],
3437 silly audit   'lightningcss-win32-x64-msvc': [ '1.33.0' ],
3437 silly audit   'source-map-js': [ '1.2.1' ],
3437 silly audit   '@babel/plugin-proposal-decorators': [ '7.29.7' ],
3437 silly audit   '@babel/plugin-proposal-export-default-from': [ '7.29.7' ],
3437 silly audit   '@babel/plugin-syntax-export-default-from': [ '7.29.7' ],
3437 silly audit   '@babel/plugin-transform-class-static-block': [ '7.29.7' ],
3437 silly audit   '@babel/plugin-transform-export-namespace-from': [ '7.29.7' ],
3437 silly audit   '@babel/plugin-transform-flow-strip-types': [ '7.29.7' ],
3437 silly audit   '@babel/plugin-transform-object-rest-spread': [ '7.29.7' ],
3437 silly audit   '@babel/plugin-transform-parameters': [ '7.29.7' ],
3437 silly audit   '@babel/plugin-transform-private-methods': [ '7.29.7' ],
3437 silly audit   '@babel/plugin-transform-private-property-in-object': [ '7.29.7' ],
3437 silly audit   '@babel/plugin-transform-runtime': [ '7.29.7' ],
3437 silly audit   '@babel/preset-react': [ '7.29.7' ],
3437 silly audit   '@babel/preset-typescript': [ '7.29.7' ],
3437 silly audit   '@react-native/babel-preset': [ '0.81.5' ],
3437 silly audit   'babel-plugin-react-compiler': [ '1.0.0' ],
3437 silly audit   'babel-plugin-react-native-web': [ '0.21.2' ],
3437 silly audit   'babel-plugin-transform-flow-enums': [ '0.0.2' ],
3437 silly audit   '@babel/helper-create-class-features-plugin': [ '7.29.7' ],
3437 silly audit   '@babel/plugin-syntax-decorators': [ '7.29.7' ],
3437 silly audit   '@babel/helper-annotate-as-pure': [ '7.29.7' ],
3437 silly audit   '@babel/helper-member-expression-to-functions': [ '7.29.7' ],
3437 silly audit   '@babel/helper-optimise-call-expression': [ '7.29.7' ],
3437 silly audit   '@babel/helper-replace-supers': [ '7.29.7' ],
3437 silly audit   '@babel/helper-skip-transparent-expression-wrappers': [ '7.29.7' ],
3437 silly audit   '@babel/plugin-syntax-flow': [ '7.29.7' ],
3437 silly audit   '@babel/plugin-transform-destructuring': [ '7.29.7' ],
3437 silly audit   'babel-plugin-polyfill-corejs2': [ '0.4.17' ],
3437 silly audit   'babel-plugin-polyfill-corejs3': [ '0.13.0' ],
3437 silly audit   'babel-plugin-polyfill-regenerator': [ '0.6.8' ],
3437 silly audit   '@babel/plugin-transform-react-display-name': [ '7.29.7' ],
3437 silly audit   '@babel/plugin-transform-react-jsx': [ '7.29.7' ],
3437 silly audit   '@babel/plugin-transform-react-jsx-development': [ '7.29.7' ],
3437 silly audit   '@babel/plugin-transform-react-pure-annotations': [ '7.29.7' ],
3437 silly audit   '@babel/plugin-syntax-jsx': [ '7.29.7' ],
3437 silly audit   '@babel/plugin-transform-typescript': [ '7.29.7' ],
3437 silly audit   '@babel/plugin-syntax-typescript': [ '7.29.7' ],
3437 silly audit   '@babel/plugin-syntax-dynamic-import': [ '7.8.3' ],
3437 silly audit   '@babel/plugin-transform-arrow-functions': [ '7.29.7' ],
3437 silly audit   '@babel/plugin-transform-async-generator-functions': [ '7.29.7' ],
3437 silly audit   '@babel/plugin-transform-async-to-generator': [ '7.29.7' ],
3437 silly audit   '@babel/plugin-transform-block-scoping': [ '7.29.7' ],
3437 silly audit   '@babel/plugin-transform-class-properties': [ '7.29.7' ],
3437 silly audit   '@babel/plugin-transform-classes': [ '7.29.7' ],
3437 silly audit   '@babel/plugin-transform-computed-properties': [ '7.29.7' ],
3437 silly audit   '@babel/plugin-transform-for-of': [ '7.29.7' ],
3437 silly audit   '@babel/plugin-transform-function-name': [ '7.29.7' ],
3437 silly audit   '@babel/plugin-transform-literals': [ '7.29.7' ],
3437 silly audit   '@babel/plugin-transform-logical-assignment-operators': [ '7.29.7' ],
3437 silly audit   '@babel/plugin-transform-named-capturing-groups-regex': [ '7.29.7' ],
3437 silly audit   '@babel/plugin-transform-nullish-coalescing-operator': [ '7.29.7' ],
3437 silly audit   '@babel/plugin-transform-numeric-separator': [ '7.29.7' ],
3437 silly audit   '@babel/plugin-transform-optional-catch-binding': [ '7.29.7' ],
3437 silly audit   '@babel/plugin-transform-optional-chaining': [ '7.29.7' ],
3437 silly audit   '@babel/plugin-transform-react-jsx-self': [ '7.29.7' ],
3437 silly audit   '@babel/plugin-transform-react-jsx-source': [ '7.29.7' ],
3437 silly audit   '@babel/plugin-transform-regenerator': [ '7.29.8' ],
3437 silly audit   '@babel/plugin-transform-shorthand-properties': [ '7.29.7' ],
3437 silly audit   '@babel/plugin-transform-spread': [ '7.29.8' ],
3437 silly audit   '@babel/plugin-transform-sticky-regex': [ '7.29.7' ],
3437 silly audit   '@babel/plugin-transform-unicode-regex': [ '7.29.7' ],
3437 silly audit   '@react-native/babel-plugin-codegen': [ '0.81.5' ],
3437 silly audit   '@babel/helper-remap-async-to-generator': [ '7.29.7' ],
3437 silly audit   '@babel/helper-wrap-function': [ '7.29.7' ],
3437 silly audit   '@babel/helper-create-regexp-features-plugin': [ '7.29.7' ],
3437 silly audit   'regexpu-core': [ '6.4.0' ],
3437 silly audit   '@babel/helper-define-polyfill-provider': [ '0.6.8' ],
3437 silly audit   'lodash.debounce': [ '4.0.8' ],
3437 silly audit   'core-js-compat': [ '3.50.0' ],
3437 silly audit   regenerate: [ '1.4.2' ],
3437 silly audit   'regenerate-unicode-properties': [ '10.2.2' ],
3437 silly audit   regjsgen: [ '0.8.0' ],
3437 silly audit   regjsparser: [ '0.13.2' ],
3437 silly audit   'unicode-match-property-ecmascript': [ '2.0.0' ],
3437 silly audit   'unicode-match-property-value-ecmascript': [ '2.2.1' ],
3437 silly audit   'unicode-canonical-property-names-ecmascript': [ '2.0.1' ],
3437 silly audit   'unicode-property-aliases-ecmascript': [ '2.2.0' ],
3437 silly audit   'p-try': [ '2.2.0' ]
3437 silly audit }
3438 http cache p-try@https://registry.npmjs.org/p-try/-/p-try-2.2.0.tgz 0ms (cache hit)
3439 http cache unicode-property-aliases-ecmascript@https://registry.npmjs.org/unicode-property-aliases-ecmascript/-/unicode-property-aliases-ecmascript-2.2.0.tgz 0ms (cache hit)
3440 http cache unicode-match-property-value-ecmascript@https://registry.npmjs.org/unicode-match-property-value-ecmascript/-/unicode-match-property-value-ecmascript-2.2.1.tgz 0ms (cache hit)
3441 http cache unicode-canonical-property-names-ecmascript@https://registry.npmjs.org/unicode-canonical-property-names-ecmascript/-/unicode-canonical-property-names-ecmascript-2.0.1.tgz 0ms (cache hit)
3442 http cache unicode-match-property-ecmascript@https://registry.npmjs.org/unicode-match-property-ecmascript/-/unicode-match-property-ecmascript-2.0.0.tgz 0ms (cache hit)
3443 http cache regjsparser@https://registry.npmjs.org/regjsparser/-/regjsparser-0.13.2.tgz 0ms (cache hit)
3444 http cache regjsgen@https://registry.npmjs.org/regjsgen/-/regjsgen-0.8.0.tgz 0ms (cache hit)
3445 http cache regenerate-unicode-properties@https://registry.npmjs.org/regenerate-unicode-properties/-/regenerate-unicode-properties-10.2.2.tgz 0ms (cache hit)
3446 http cache regenerate@https://registry.npmjs.org/regenerate/-/regenerate-1.4.2.tgz 0ms (cache hit)
3447 http cache core-js-compat@https://registry.npmjs.org/core-js-compat/-/core-js-compat-3.50.0.tgz 0ms (cache hit)
3448 http cache lodash.debounce@https://registry.npmjs.org/lodash.debounce/-/lodash.debounce-4.0.8.tgz 0ms (cache hit)
3449 http cache @babel/helper-define-polyfill-provider@https://registry.npmjs.org/@babel/helper-define-polyfill-provider/-/helper-define-polyfill-provider-0.6.8.tgz 0ms (cache hit)
3450 http cache @babel/helper-create-regexp-features-plugin@https://registry.npmjs.org/@babel/helper-create-regexp-features-plugin/-/helper-create-regexp-features-plugin-7.29.7.tgz 0ms (cache hit)
3451 http cache @babel/helper-wrap-function@https://registry.npmjs.org/@babel/helper-wrap-function/-/helper-wrap-function-7.29.7.tgz 0ms (cache hit)
3452 http cache @babel/helper-remap-async-to-generator@https://registry.npmjs.org/@babel/helper-remap-async-to-generator/-/helper-remap-async-to-generator-7.29.7.tgz 0ms (cache hit)
3453 http cache @babel/plugin-transform-unicode-regex@https://registry.npmjs.org/@babel/plugin-transform-unicode-regex/-/plugin-transform-unicode-regex-7.29.7.tgz 0ms (cache hit)
3454 http cache @babel/plugin-transform-sticky-regex@https://registry.npmjs.org/@babel/plugin-transform-sticky-regex/-/plugin-transform-sticky-regex-7.29.7.tgz 0ms (cache hit)
3455 http cache regexpu-core@https://registry.npmjs.org/regexpu-core/-/regexpu-core-6.4.0.tgz 0ms (cache hit)
3456 http cache @babel/plugin-transform-spread@https://registry.npmjs.org/@babel/plugin-transform-spread/-/plugin-transform-spread-7.29.8.tgz 0ms (cache hit)
3457 http cache @react-native/babel-plugin-codegen@https://registry.npmjs.org/@react-native/babel-plugin-codegen/-/babel-plugin-codegen-0.81.5.tgz 0ms (cache hit)
3458 http cache @babel/plugin-transform-shorthand-properties@https://registry.npmjs.org/@babel/plugin-transform-shorthand-properties/-/plugin-transform-shorthand-properties-7.29.7.tgz 0ms (cache hit)
3459 http cache @babel/plugin-transform-react-jsx-source@https://registry.npmjs.org/@babel/plugin-transform-react-jsx-source/-/plugin-transform-react-jsx-source-7.29.7.tgz 0ms (cache hit)
3460 http cache @babel/plugin-transform-react-jsx-self@https://registry.npmjs.org/@babel/plugin-transform-react-jsx-self/-/plugin-transform-react-jsx-self-7.29.7.tgz 0ms (cache hit)
3461 http cache @babel/plugin-transform-optional-catch-binding@https://registry.npmjs.org/@babel/plugin-transform-optional-catch-binding/-/plugin-transform-optional-catch-binding-7.29.7.tgz 0ms (cache hit)
3462 http cache @babel/plugin-transform-numeric-separator@https://registry.npmjs.org/@babel/plugin-transform-numeric-separator/-/plugin-transform-numeric-separator-7.29.7.tgz 0ms (cache hit)
3463 http cache @babel/plugin-transform-regenerator@https://registry.npmjs.org/@babel/plugin-transform-regenerator/-/plugin-transform-regenerator-7.29.8.tgz 0ms (cache hit)
3464 http cache @babel/plugin-transform-nullish-coalescing-operator@https://registry.npmjs.org/@babel/plugin-transform-nullish-coalescing-operator/-/plugin-transform-nullish-coalescing-operator-7.29.7.tgz 0ms (cache hit)
3465 http cache @babel/plugin-transform-optional-chaining@https://registry.npmjs.org/@babel/plugin-transform-optional-chaining/-/plugin-transform-optional-chaining-7.29.7.tgz 0ms (cache hit)
3466 http cache @babel/plugin-transform-named-capturing-groups-regex@https://registry.npmjs.org/@babel/plugin-transform-named-capturing-groups-regex/-/plugin-transform-named-capturing-groups-regex-7.29.7.tgz 0ms (cache hit)
3467 http cache @babel/plugin-transform-literals@https://registry.npmjs.org/@babel/plugin-transform-literals/-/plugin-transform-literals-7.29.7.tgz 0ms (cache hit)
3468 http cache @babel/plugin-transform-for-of@https://registry.npmjs.org/@babel/plugin-transform-for-of/-/plugin-transform-for-of-7.29.7.tgz 0ms (cache hit)
3469 http cache @babel/plugin-transform-logical-assignment-operators@https://registry.npmjs.org/@babel/plugin-transform-logical-assignment-operators/-/plugin-transform-logical-assignment-operators-7.29.7.tgz 0ms (cache hit)
3470 http cache @babel/plugin-transform-function-name@https://registry.npmjs.org/@babel/plugin-transform-function-name/-/plugin-transform-function-name-7.29.7.tgz 0ms (cache hit)
3471 http cache @babel/plugin-transform-classes@https://registry.npmjs.org/@babel/plugin-transform-classes/-/plugin-transform-classes-7.29.7.tgz 0ms (cache hit)
3472 http cache @babel/plugin-transform-computed-properties@https://registry.npmjs.org/@babel/plugin-transform-computed-properties/-/plugin-transform-computed-properties-7.29.7.tgz 0ms (cache hit)
3473 http cache @babel/plugin-transform-class-properties@https://registry.npmjs.org/@babel/plugin-transform-class-properties/-/plugin-transform-class-properties-7.29.7.tgz 0ms (cache hit)
3474 http cache @babel/plugin-transform-async-to-generator@https://registry.npmjs.org/@babel/plugin-transform-async-to-generator/-/plugin-transform-async-to-generator-7.29.7.tgz 0ms (cache hit)
3475 http cache @babel/plugin-transform-block-scoping@https://registry.npmjs.org/@babel/plugin-transform-block-scoping/-/plugin-transform-block-scoping-7.29.7.tgz 0ms (cache hit)
3476 http cache @babel/plugin-transform-async-generator-functions@https://registry.npmjs.org/@babel/plugin-transform-async-generator-functions/-/plugin-transform-async-generator-functions-7.29.7.tgz 0ms (cache hit)
3477 http cache @babel/plugin-transform-arrow-functions@https://registry.npmjs.org/@babel/plugin-transform-arrow-functions/-/plugin-transform-arrow-functions-7.29.7.tgz 0ms (cache hit)
3478 http cache @babel/plugin-syntax-dynamic-import@https://registry.npmjs.org/@babel/plugin-syntax-dynamic-import/-/plugin-syntax-dynamic-import-7.8.3.tgz 0ms (cache hit)
3479 http cache @babel/plugin-syntax-typescript@https://registry.npmjs.org/@babel/plugin-syntax-typescript/-/plugin-syntax-typescript-7.29.7.tgz 0ms (cache hit)
3480 http cache @babel/plugin-transform-react-pure-annotations@https://registry.npmjs.org/@babel/plugin-transform-react-pure-annotations/-/plugin-transform-react-pure-annotations-7.29.7.tgz 0ms (cache hit)
3481 http cache @babel/plugin-syntax-jsx@https://registry.npmjs.org/@babel/plugin-syntax-jsx/-/plugin-syntax-jsx-7.29.7.tgz 0ms (cache hit)
3482 http cache @babel/plugin-transform-typescript@https://registry.npmjs.org/@babel/plugin-transform-typescript/-/plugin-transform-typescript-7.29.7.tgz 0ms (cache hit)
3483 http cache @babel/plugin-transform-react-jsx-development@https://registry.npmjs.org/@babel/plugin-transform-react-jsx-development/-/plugin-transform-react-jsx-development-7.29.7.tgz 0ms (cache hit)
3484 http cache @babel/plugin-transform-react-display-name@https://registry.npmjs.org/@babel/plugin-transform-react-display-name/-/plugin-transform-react-display-name-7.29.7.tgz 0ms (cache hit)
3485 http cache @babel/plugin-transform-react-jsx@https://registry.npmjs.org/@babel/plugin-transform-react-jsx/-/plugin-transform-react-jsx-7.29.7.tgz 0ms (cache hit)
3486 http cache babel-plugin-polyfill-corejs2@https://registry.npmjs.org/babel-plugin-polyfill-corejs2/-/babel-plugin-polyfill-corejs2-0.4.17.tgz 0ms (cache hit)
3487 http cache @babel/plugin-transform-destructuring@https://registry.npmjs.org/@babel/plugin-transform-destructuring/-/plugin-transform-destructuring-7.29.7.tgz 0ms (cache hit)
3488 http cache babel-plugin-polyfill-corejs3@https://registry.npmjs.org/babel-plugin-polyfill-corejs3/-/babel-plugin-polyfill-corejs3-0.13.0.tgz 0ms (cache hit)
3489 http cache babel-plugin-polyfill-regenerator@https://registry.npmjs.org/babel-plugin-polyfill-regenerator/-/babel-plugin-polyfill-regenerator-0.6.8.tgz 0ms (cache hit)
3490 http cache @babel/helper-skip-transparent-expression-wrappers@https://registry.npmjs.org/@babel/helper-skip-transparent-expression-wrappers/-/helper-skip-transparent-expression-wrappers-7.29.7.tgz 0ms (cache hit)
3491 http cache @babel/plugin-syntax-flow@https://registry.npmjs.org/@babel/plugin-syntax-flow/-/plugin-syntax-flow-7.29.7.tgz 0ms (cache hit)
3492 http cache @babel/helper-replace-supers@https://registry.npmjs.org/@babel/helper-replace-supers/-/helper-replace-supers-7.29.7.tgz 0ms (cache hit)
3493 http cache @babel/helper-member-expression-to-functions@https://registry.npmjs.org/@babel/helper-member-expression-to-functions/-/helper-member-expression-to-functions-7.29.7.tgz 0ms (cache hit)
3494 http cache @babel/helper-optimise-call-expression@https://registry.npmjs.org/@babel/helper-optimise-call-expression/-/helper-optimise-call-expression-7.29.7.tgz 0ms (cache hit)
3495 http cache @babel/helper-create-class-features-plugin@https://registry.npmjs.org/@babel/helper-create-class-features-plugin/-/helper-create-class-features-plugin-7.29.7.tgz 0ms (cache hit)
3496 http cache @babel/helper-annotate-as-pure@https://registry.npmjs.org/@babel/helper-annotate-as-pure/-/helper-annotate-as-pure-7.29.7.tgz 0ms (cache hit)
3497 http cache babel-plugin-react-native-web@https://registry.npmjs.org/babel-plugin-react-native-web/-/babel-plugin-react-native-web-0.21.2.tgz 0ms (cache hit)
3498 http cache babel-plugin-transform-flow-enums@https://registry.npmjs.org/babel-plugin-transform-flow-enums/-/babel-plugin-transform-flow-enums-0.0.2.tgz 1ms (cache hit)
3499 http cache @babel/plugin-syntax-decorators@https://registry.npmjs.org/@babel/plugin-syntax-decorators/-/plugin-syntax-decorators-7.29.7.tgz 0ms (cache hit)
3500 http cache babel-plugin-react-compiler@https://registry.npmjs.org/babel-plugin-react-compiler/-/babel-plugin-react-compiler-1.0.0.tgz 0ms (cache hit)
3501 http cache @react-native/babel-preset@https://registry.npmjs.org/@react-native/babel-preset/-/babel-preset-0.81.5.tgz 0ms (cache hit)
3502 http cache @babel/plugin-transform-private-property-in-object@https://registry.npmjs.org/@babel/plugin-transform-private-property-in-object/-/plugin-transform-private-property-in-object-7.29.7.tgz 0ms (cache hit)
3503 http cache @babel/plugin-transform-runtime@https://registry.npmjs.org/@babel/plugin-transform-runtime/-/plugin-transform-runtime-7.29.7.tgz 0ms (cache hit)
3504 http cache @babel/preset-react@https://registry.npmjs.org/@babel/preset-react/-/preset-react-7.29.7.tgz 0ms (cache hit)
3505 http cache @babel/preset-typescript@https://registry.npmjs.org/@babel/preset-typescript/-/preset-typescript-7.29.7.tgz 0ms (cache hit)
3506 http cache @babel/plugin-transform-parameters@https://registry.npmjs.org/@babel/plugin-transform-parameters/-/plugin-transform-parameters-7.29.7.tgz 0ms (cache hit)
3507 http cache @babel/plugin-transform-private-methods@https://registry.npmjs.org/@babel/plugin-transform-private-methods/-/plugin-transform-private-methods-7.29.7.tgz 0ms (cache hit)
3508 http cache @babel/plugin-transform-object-rest-spread@https://registry.npmjs.org/@babel/plugin-transform-object-rest-spread/-/plugin-transform-object-rest-spread-7.29.7.tgz 0ms (cache hit)
3509 http cache @babel/plugin-transform-flow-strip-types@https://registry.npmjs.org/@babel/plugin-transform-flow-strip-types/-/plugin-transform-flow-strip-types-7.29.7.tgz 0ms (cache hit)
3510 http cache @babel/plugin-transform-export-namespace-from@https://registry.npmjs.org/@babel/plugin-transform-export-namespace-from/-/plugin-transform-export-namespace-from-7.29.7.tgz 0ms (cache hit)
3511 http cache @babel/plugin-transform-class-static-block@https://registry.npmjs.org/@babel/plugin-transform-class-static-block/-/plugin-transform-class-static-block-7.29.7.tgz 0ms (cache hit)
3512 http cache @babel/plugin-proposal-decorators@https://registry.npmjs.org/@babel/plugin-proposal-decorators/-/plugin-proposal-decorators-7.29.7.tgz 0ms (cache hit)
3513 http cache source-map-js@https://registry.npmjs.org/source-map-js/-/source-map-js-1.2.1.tgz 0ms (cache hit)
3514 http cache @babel/plugin-syntax-export-default-from@https://registry.npmjs.org/@babel/plugin-syntax-export-default-from/-/plugin-syntax-export-default-from-7.29.7.tgz 0ms (cache hit)
3515 http cache @babel/plugin-proposal-export-default-from@https://registry.npmjs.org/@babel/plugin-proposal-export-default-from/-/plugin-proposal-export-default-from-7.29.7.tgz 0ms (cache hit)
3516 http cache lightningcss-darwin-arm64@https://registry.npmjs.org/lightningcss-darwin-arm64/-/lightningcss-darwin-arm64-1.33.0.tgz 0ms (cache hit)
3517 http cache detect-libc@https://registry.npmjs.org/detect-libc/-/detect-libc-2.1.2.tgz 0ms (cache hit)
3518 http cache postcss@https://registry.npmjs.org/postcss/-/postcss-8.4.49.tgz 0ms (cache hit)
3519 http cache clone@https://registry.npmjs.org/clone/-/clone-1.0.4.tgz 0ms (cache hit)
3520 http cache define-lazy-prop@https://registry.npmjs.org/define-lazy-prop/-/define-lazy-prop-2.0.0.tgz 0ms (cache hit)
3521 http cache lightningcss@https://registry.npmjs.org/lightningcss/-/lightningcss-1.33.0.tgz 0ms (cache hit)
3522 http cache ansi-escapes@https://registry.npmjs.org/ansi-escapes/-/ansi-escapes-4.3.2.tgz 0ms (cache hit)
3523 http cache supports-hyperlinks@https://registry.npmjs.org/supports-hyperlinks/-/supports-hyperlinks-2.3.0.tgz 0ms (cache hit)
3524 http cache defaults@https://registry.npmjs.org/defaults/-/defaults-1.0.4.tgz 0ms (cache hit)
3525 http cache minizlib@https://registry.npmjs.org/minizlib/-/minizlib-3.1.0.tgz 0ms (cache hit)
3526 http cache @isaacs/fs-minipass@https://registry.npmjs.org/@isaacs/fs-minipass/-/fs-minipass-4.0.1.tgz 0ms (cache hit)
3527 http cache chownr@https://registry.npmjs.org/chownr/-/chownr-3.0.0.tgz 0ms (cache hit)
3528 http cache hasown@https://registry.npmjs.org/hasown/-/hasown-2.0.4.tgz 0ms (cache hit)
3529 http cache function-bind@https://registry.npmjs.org/function-bind/-/function-bind-1.1.2.tgz 0ms (cache hit)
3530 http cache mimic-fn@https://registry.npmjs.org/mimic-fn/-/mimic-fn-1.2.0.tgz 0ms (cache hit)
3531 http cache onetime@https://registry.npmjs.org/onetime/-/onetime-2.0.1.tgz 0ms (cache hit)
3532 http cache supports-preserve-symlinks-flag@https://registry.npmjs.org/supports-preserve-symlinks-flag/-/supports-preserve-symlinks-flag-1.0.0.tgz 0ms (cache hit)
3533 http cache path-parse@https://registry.npmjs.org/path-parse/-/path-parse-1.0.7.tgz 0ms (cache hit)
3534 http cache strip-json-comments@https://registry.npmjs.org/strip-json-comments/-/strip-json-comments-2.0.1.tgz 0ms (cache hit)
3535 http cache minimist@https://registry.npmjs.org/minimist/-/minimist-1.2.8.tgz 0ms (cache hit)
3536 http cache is-core-module@https://registry.npmjs.org/is-core-module/-/is-core-module-2.16.2.tgz 0ms (cache hit)
3537 http cache es-errors@https://registry.npmjs.org/es-errors/-/es-errors-1.3.0.tgz 0ms (cache hit)
3538 http cache deep-extend@https://registry.npmjs.org/deep-extend/-/deep-extend-0.6.0.tgz 0ms (cache hit)
3539 http cache ini@https://registry.npmjs.org/ini/-/ini-1.3.8.tgz 0ms (cache hit)
3540 http cache sisteransi@https://registry.npmjs.org/sisteransi/-/sisteransi-1.0.5.tgz 0ms (cache hit)
3541 http cache kleur@https://registry.npmjs.org/kleur/-/kleur-3.0.3.tgz 0ms (cache hit)
3542 http cache rc@https://registry.npmjs.org/rc/-/rc-1.2.8.tgz 0ms (cache hit)
3543 http cache pngjs@https://registry.npmjs.org/pngjs/-/pngjs-3.4.0.tgz 0ms (cache hit)
3544 http cache nested-error-stacks@https://registry.npmjs.org/nested-error-stacks/-/nested-error-stacks-2.0.1.tgz 0ms (cache hit)
3545 http cache restore-cursor@https://registry.npmjs.org/restore-cursor/-/restore-cursor-2.0.0.tgz 0ms (cache hit)
3546 http cache wcwidth@https://registry.npmjs.org/wcwidth/-/wcwidth-1.0.1.tgz 0ms (cache hit)
3547 http cache cli-cursor@https://registry.npmjs.org/cli-cursor/-/cli-cursor-2.1.0.tgz 0ms (cache hit)
3548 http cache validate-npm-package-name@https://registry.npmjs.org/validate-npm-package-name/-/validate-npm-package-name-5.0.1.tgz 0ms (cache hit)
3549 http cache proc-log@https://registry.npmjs.org/proc-log/-/proc-log-4.2.0.tgz 0ms (cache hit)
3550 http cache log-symbols@https://registry.npmjs.org/log-symbols/-/log-symbols-2.2.0.tgz 0ms (cache hit)
3551 http cache cli-spinners@https://registry.npmjs.org/cli-spinners/-/cli-spinners-2.9.2.tgz 0ms (cache hit)
3552 http cache hosted-git-info@https://registry.npmjs.org/hosted-git-info/-/hosted-git-info-7.0.2.tgz 0ms (cache hit)
3553 http cache vary@https://registry.npmjs.org/vary/-/vary-1.1.2.tgz 0ms (cache hit)
3554 http cache bytes@https://registry.npmjs.org/bytes/-/bytes-3.1.2.tgz 0ms (cache hit)
3555 http cache compressible@https://registry.npmjs.org/compressible/-/compressible-2.0.18.tgz 0ms (cache hit)
3556 http cache safe-buffer@https://registry.npmjs.org/safe-buffer/-/safe-buffer-5.2.1.tgz 0ms (cache hit)
3557 http cache on-headers@https://registry.npmjs.org/on-headers/-/on-headers-1.1.0.tgz 0ms (cache hit)
3558 http cache @babel/plugin-transform-modules-commonjs@https://registry.npmjs.org/@babel/plugin-transform-modules-commonjs/-/plugin-transform-modules-commonjs-7.29.7.tgz 0ms (cache hit)
3559 http cache wonka@https://registry.npmjs.org/wonka/-/wonka-6.3.6.tgz 0ms (cache hit)
3560 http cache dotenv-expand@https://registry.npmjs.org/dotenv-expand/-/dotenv-expand-11.0.7.tgz 0ms (cache hit)
3561 http cache @expo/require-utils@https://registry.npmjs.org/@expo/require-utils/-/require-utils-55.0.6.tgz 0ms (cache hit)
3562 http cache jimp-compact@https://registry.npmjs.org/jimp-compact/-/jimp-compact-0.16.1.tgz 0ms (cache hit)
3563 http cache parse-png@https://registry.npmjs.org/parse-png/-/parse-png-2.1.0.tgz 0ms (cache hit)
3564 http cache dotenv@https://registry.npmjs.org/dotenv/-/dotenv-16.4.7.tgz 0ms (cache hit)
3565 http cache @expo/sudo-prompt@https://registry.npmjs.org/@expo/sudo-prompt/-/sudo-prompt-9.3.2.tgz 0ms (cache hit)
3566 http cache terminal-link@https://registry.npmjs.org/terminal-link/-/terminal-link-2.1.1.tgz 0ms (cache hit)
3567 http cache undici@https://registry.npmjs.org/undici/-/undici-6.28.0.tgz 0ms (cache hit)
3568 http cache structured-headers@https://registry.npmjs.org/structured-headers/-/structured-headers-0.4.1.tgz 0ms (cache hit)
3569 http cache requireg@https://registry.npmjs.org/requireg/-/requireg-0.2.2.tgz 0ms (cache hit)
3570 http cache tar@https://registry.npmjs.org/tar/-/tar-7.5.22.tgz 0ms (cache hit)
3571 http cache resolve.exports@https://registry.npmjs.org/resolve.exports/-/resolve.exports-2.0.3.tgz 0ms (cache hit)
3572 http cache resolve@https://registry.npmjs.org/resolve/-/resolve-1.22.12.tgz 0ms (cache hit)
3573 http cache qrcode-terminal@https://registry.npmjs.org/qrcode-terminal/-/qrcode-terminal-0.11.0.tgz 0ms (cache hit)
3574 http cache prompts@https://registry.npmjs.org/prompts/-/prompts-2.4.2.tgz 0ms (cache hit)
3575 http cache npm-package-arg@https://registry.npmjs.org/npm-package-arg/-/npm-package-arg-11.0.3.tgz 0ms (cache hit)
3576 http cache ora@https://registry.npmjs.org/ora/-/ora-3.4.0.tgz 0ms (cache hit)
3577 http cache pretty-bytes@https://registry.npmjs.org/pretty-bytes/-/pretty-bytes-5.6.0.tgz 0ms (cache hit)
3578 http cache progress@https://registry.npmjs.org/progress/-/progress-2.0.3.tgz 0ms (cache hit)
3579 http cache node-forge@https://registry.npmjs.org/node-forge/-/node-forge-1.4.0.tgz 0ms (cache hit)
3580 http cache lan-network@https://registry.npmjs.org/lan-network/-/lan-network-0.2.1.tgz 0ms (cache hit)
3581 http cache env-editor@https://registry.npmjs.org/env-editor/-/env-editor-0.4.2.tgz 0ms (cache hit)
3582 http cache expo-server@https://registry.npmjs.org/expo-server/-/expo-server-1.0.7.tgz 0ms (cache hit)
3583 http cache better-opn@https://registry.npmjs.org/better-opn/-/better-opn-3.0.2.tgz 0ms (cache hit)
3584 http cache freeport-async@https://registry.npmjs.org/freeport-async/-/freeport-async-2.0.0.tgz 0ms (cache hit)
3585 http cache compression@https://registry.npmjs.org/compression/-/compression-1.8.1.tgz 0ms (cache hit)
3586 http cache @urql/exchange-retry@https://registry.npmjs.org/@urql/exchange-retry/-/exchange-retry-1.3.2.tgz 0ms (cache hit)
3587 http cache @expo/schema-utils@https://registry.npmjs.org/@expo/schema-utils/-/schema-utils-0.1.9.tgz 0ms (cache hit)
3588 http cache @expo/ws-tunnel@https://registry.npmjs.org/@expo/ws-tunnel/-/ws-tunnel-1.0.6.tgz 0ms (cache hit)
3589 http cache @urql/core@https://registry.npmjs.org/@urql/core/-/core-5.2.0.tgz 0ms (cache hit)
3590 http cache @expo/xcpretty@https://registry.npmjs.org/@expo/xcpretty/-/xcpretty-4.4.4.tgz 0ms (cache hit)
3591 http cache @expo/osascript@https://registry.npmjs.org/@expo/osascript/-/osascript-2.7.1.tgz 0ms (cache hit)
3592 http cache @expo/package-manager@https://registry.npmjs.org/@expo/package-manager/-/package-manager-1.13.1.tgz 0ms (cache hit)
3593 http cache @expo/image-utils@https://registry.npmjs.org/@expo/image-utils/-/image-utils-0.8.15.tgz 0ms (cache hit)
3594 http cache @expo/code-signing-certificates@https://registry.npmjs.org/@expo/code-signing-certificates/-/code-signing-certificates-0.0.6.tgz 0ms (cache hit)
3595 http cache @expo/devcert@https://registry.npmjs.org/@expo/devcert/-/devcert-1.2.1.tgz 0ms (cache hit)
3596 http cache @expo/env@https://registry.npmjs.org/@expo/env/-/env-2.0.12.tgz 0ms (cache hit)
3597 http cache async-limiter@https://registry.npmjs.org/async-limiter/-/async-limiter-1.0.1.tgz 0ms (cache hit)
3598 http cache concat-map@https://registry.npmjs.org/concat-map/-/concat-map-0.0.1.tgz 0ms (cache hit)
3599 http cache @0no-co/graphql.web@https://registry.npmjs.org/@0no-co/graphql.web/-/graphql.web-1.3.3.tgz 0ms (cache hit)
3600 http cache wrappy@https://registry.npmjs.org/wrappy/-/wrappy-1.0.2.tgz 0ms (cache hit)
3601 http cache once@https://registry.npmjs.org/once/-/once-1.4.0.tgz 0ms (cache hit)
3602 http cache path-is-absolute@https://registry.npmjs.org/path-is-absolute/-/path-is-absolute-1.0.1.tgz 0ms (cache hit)
3603 http cache is-fullwidth-code-point@https://registry.npmjs.org/is-fullwidth-code-point/-/is-fullwidth-code-point-3.0.0.tgz 0ms (cache hit)
3604 http cache emoji-regex@https://registry.npmjs.org/emoji-regex/-/emoji-regex-8.0.0.tgz 0ms (cache hit)
3605 http cache fs.realpath@https://registry.npmjs.org/fs.realpath/-/fs.realpath-1.0.0.tgz 0ms (cache hit)
3606 http cache inflight@https://registry.npmjs.org/inflight/-/inflight-1.0.6.tgz 0ms (cache hit)
3607 http cache strip-ansi@https://registry.npmjs.org/strip-ansi/-/strip-ansi-6.0.1.tgz 0ms (cache hit)
3608 http cache wrap-ansi@https://registry.npmjs.org/wrap-ansi/-/wrap-ansi-7.0.0.tgz 0ms (cache hit)
3609 http cache y18n@https://registry.npmjs.org/y18n/-/y18n-5.0.8.tgz 0ms (cache hit)
3610 http cache yargs-parser@https://registry.npmjs.org/yargs-parser/-/yargs-parser-21.1.1.tgz 0ms (cache hit)
3611 http cache string-width@https://registry.npmjs.org/string-width/-/string-width-4.2.3.tgz 0ms (cache hit)
3612 http cache require-directory@https://registry.npmjs.org/require-directory/-/require-directory-2.1.1.tgz 0ms (cache hit)
3613 http cache big-integer@https://registry.npmjs.org/big-integer/-/big-integer-1.6.52.tgz 0ms (cache hit)
3614 http cache sax@https://registry.npmjs.org/sax/-/sax-1.6.1.tgz 0ms (cache hit)
3615 http cache cliui@https://registry.npmjs.org/cliui/-/cliui-8.0.1.tgz 0ms (cache hit)
3616 http cache get-caller-file@https://registry.npmjs.org/get-caller-file/-/get-caller-file-2.0.5.tgz 0ms (cache hit)
3617 http cache stream-buffers@https://registry.npmjs.org/stream-buffers/-/stream-buffers-2.2.0.tgz 0ms (cache hit)
3618 http cache plist@https://registry.npmjs.org/plist/-/plist-3.1.1.tgz 0ms (cache hit)
3619 http cache uuid@https://registry.npmjs.org/uuid/-/uuid-7.0.3.tgz 0ms (cache hit)
3620 http cache bplist-creator@https://registry.npmjs.org/bplist-creator/-/bplist-creator-0.1.0.tgz 0ms (cache hit)
3621 http cache bplist-parser@https://registry.npmjs.org/bplist-parser/-/bplist-parser-0.3.1.tgz 0ms (cache hit)
3622 http cache simple-plist@https://registry.npmjs.org/simple-plist/-/simple-plist-1.3.1.tgz 0ms (cache hit)
3623 http cache signal-exit@https://registry.npmjs.org/signal-exit/-/signal-exit-3.0.7.tgz 0ms (cache hit)
3624 http cache ieee754@https://registry.npmjs.org/ieee754/-/ieee754-1.2.1.tgz 0ms (cache hit)
3625 http cache imurmurhash@https://registry.npmjs.org/imurmurhash/-/imurmurhash-0.1.4.tgz 0ms (cache hit)
3626 http cache isexe@https://registry.npmjs.org/isexe/-/isexe-2.0.0.tgz 0ms (cache hit)
3627 http cache webidl-conversions@https://registry.npmjs.org/webidl-conversions/-/webidl-conversions-5.0.0.tgz 0ms (cache hit)
3628 http cache punycode@https://registry.npmjs.org/punycode/-/punycode-2.3.1.tgz 0ms (cache hit)
3629 http cache escalade@https://registry.npmjs.org/escalade/-/escalade-3.2.0.tgz 0ms (cache hit)
3630 http cache makeerror@https://registry.npmjs.org/makeerror/-/makeerror-1.0.12.tgz 1ms (cache hit)
3631 http cache buffer@https://registry.npmjs.org/buffer/-/buffer-5.7.1.tgz 0ms (cache hit)
3632 http cache tmpl@https://registry.npmjs.org/tmpl/-/tmpl-1.0.5.tgz 0ms (cache hit)
3633 http cache thenify@https://registry.npmjs.org/thenify/-/thenify-3.3.1.tgz 0ms (cache hit)
3634 http cache is-number@https://registry.npmjs.org/is-number/-/is-number-7.0.0.tgz 0ms (cache hit)
3635 http cache acorn@https://registry.npmjs.org/acorn/-/acorn-8.18.0.tgz 0ms (cache hit)
3636 http cache @jridgewell/source-map@https://registry.npmjs.org/@jridgewell/source-map/-/source-map-0.3.11.tgz 0ms (cache hit)
3637 http cache buffer-from@https://registry.npmjs.org/buffer-from/-/buffer-from-1.1.2.tgz 0ms (cache hit)
3638 http cache source-map-support@https://registry.npmjs.org/source-map-support/-/source-map-support-0.5.21.tgz 0ms (cache hit)
3639 http cache thenify-all@https://registry.npmjs.org/thenify-all/-/thenify-all-1.6.0.tgz 0ms (cache hit)
3640 http cache has-flag@https://registry.npmjs.org/has-flag/-/has-flag-3.0.0.tgz 0ms (cache hit)
3641 http cache object-assign@https://registry.npmjs.org/object-assign/-/object-assign-4.1.1.tgz 0ms (cache hit)
3642 http cache any-promise@https://registry.npmjs.org/any-promise/-/any-promise-1.3.0.tgz 0ms (cache hit)
3643 http cache ts-interface-checker@https://registry.npmjs.org/ts-interface-checker/-/ts-interface-checker-0.1.13.tgz 0ms (cache hit)
3644 http cache tinyglobby@https://registry.npmjs.org/tinyglobby/-/tinyglobby-0.2.17.tgz 0ms (cache hit)
3645 http cache is-arrayish@https://registry.npmjs.org/is-arrayish/-/is-arrayish-0.3.4.tgz 0ms (cache hit)
3646 http cache type-fest@https://registry.npmjs.org/type-fest/-/type-fest-0.7.1.tgz 0ms (cache hit)
3647 http cache lines-and-columns@https://registry.npmjs.org/lines-and-columns/-/lines-and-columns-1.2.4.tgz 0ms (cache hit)
3648 http cache mz@https://registry.npmjs.org/mz/-/mz-2.7.0.tgz 0ms (cache hit)
3649 http cache toidentifier@https://registry.npmjs.org/toidentifier/-/toidentifier-1.0.1.tgz 0ms (cache hit)
3650 http cache shebang-regex@https://registry.npmjs.org/shebang-regex/-/shebang-regex-3.0.0.tgz 0ms (cache hit)
3651 http cache mime@https://registry.npmjs.org/mime/-/mime-1.6.0.tgz 0ms (cache hit)
3652 http cache http-errors@https://registry.npmjs.org/http-errors/-/http-errors-2.0.1.tgz 0ms (cache hit)
3653 http cache fresh@https://registry.npmjs.org/fresh/-/fresh-0.5.2.tgz 0ms (cache hit)
3654 http cache etag@https://registry.npmjs.org/etag/-/etag-1.8.1.tgz 0ms (cache hit)
3655 http cache destroy@https://registry.npmjs.org/destroy/-/destroy-1.2.0.tgz 0ms (cache hit)
3656 http cache setprototypeof@https://registry.npmjs.org/setprototypeof/-/setprototypeof-1.2.0.tgz 0ms (cache hit)
3657 http cache range-parser@https://registry.npmjs.org/range-parser/-/range-parser-1.2.1.tgz 0ms (cache hit)
3658 http cache depd@https://registry.npmjs.org/depd/-/depd-2.0.0.tgz 0ms (cache hit)
3659 http cache send@https://registry.npmjs.org/send/-/send-0.19.2.tgz 0ms (cache hit)
3660 http cache asap@https://registry.npmjs.org/asap/-/asap-2.0.6.tgz 0ms (cache hit)
3661 http cache p-locate@https://registry.npmjs.org/p-locate/-/p-locate-4.1.0.tgz 0ms (cache hit)
3662 http cache marky@https://registry.npmjs.org/marky/-/marky-1.3.0.tgz 0ms (cache hit)
3663 http cache react-freeze@https://registry.npmjs.org/react-freeze/-/react-freeze-1.0.4.tgz 0ms (cache hit)
3664 http cache shell-quote@https://registry.npmjs.org/shell-quote/-/shell-quote-1.10.0.tgz 0ms (cache hit)
3665 http cache esprima@https://registry.npmjs.org/esprima/-/esprima-4.0.1.tgz 0ms (cache hit)
3666 http cache sprintf-js@https://registry.npmjs.org/sprintf-js/-/sprintf-js-1.0.3.tgz 0ms (cache hit)
3667 http cache argparse@https://registry.npmjs.org/argparse/-/argparse-1.0.10.tgz 0ms (cache hit)
3668 http cache @types/stack-utils@https://registry.npmjs.org/@types/stack-utils/-/stack-utils-2.0.3.tgz 0ms (cache hit)
3669 http cache stack-utils@https://registry.npmjs.org/stack-utils/-/stack-utils-2.0.6.tgz 0ms (cache hit)
3670 http cache normalize-path@https://registry.npmjs.org/normalize-path/-/normalize-path-3.0.0.tgz 0ms (cache hit)
3671 http cache anymatch@https://registry.npmjs.org/anymatch/-/anymatch-3.1.3.tgz 0ms (cache hit)
3672 http cache fsevents@https://registry.npmjs.org/fsevents/-/fsevents-2.3.3.tgz 0ms (cache hit)
3673 http cache @sinonjs/commons@https://registry.npmjs.org/@sinonjs/commons/-/commons-3.0.1.tgz 0ms (cache hit)
3674 http cache @types/graceful-fs@https://registry.npmjs.org/@types/graceful-fs/-/graceful-fs-4.1.9.tgz 0ms (cache hit)
3675 http cache type-detect@https://registry.npmjs.org/type-detect/-/type-detect-4.0.8.tgz 0ms (cache hit)
3676 http cache jest-mock@https://registry.npmjs.org/jest-mock/-/jest-mock-29.7.0.tgz 0ms (cache hit)
3677 http cache @jest/fake-timers@https://registry.npmjs.org/@jest/fake-timers/-/fake-timers-29.7.0.tgz 0ms (cache hit)
3678 http cache @sinonjs/fake-timers@https://registry.npmjs.org/@sinonjs/fake-timers/-/fake-timers-10.3.0.tgz 0ms (cache hit)
3679 http cache istanbul-lib-coverage@https://registry.npmjs.org/istanbul-lib-coverage/-/istanbul-lib-coverage-3.2.2.tgz 0ms (cache hit)
3680 http cache jest-message-util@https://registry.npmjs.org/jest-message-util/-/jest-message-util-29.7.0.tgz 0ms (cache hit)
3681 http cache @jest/environment@https://registry.npmjs.org/@jest/environment/-/environment-29.7.0.tgz 0ms (cache hit)
3682 http cache rimraf@https://registry.npmjs.org/rimraf/-/rimraf-3.0.2.tgz 0ms (cache hit)
3683 http cache path-exists@https://registry.npmjs.org/path-exists/-/path-exists-4.0.0.tgz 0ms (cache hit)
3684 http cache mkdirp@https://registry.npmjs.org/mkdirp/-/mkdirp-1.0.4.tgz 0ms (cache hit)
3685 http cache locate-path@https://registry.npmjs.org/locate-path/-/locate-path-5.0.0.tgz 0ms (cache hit)
3686 http cache lighthouse-logger@https://registry.npmjs.org/lighthouse-logger/-/lighthouse-logger-1.4.2.tgz 0ms (cache hit)
3687 http cache is-docker@https://registry.npmjs.org/is-docker/-/is-docker-2.2.1.tgz 0ms (cache hit)
3688 http cache is-wsl@https://registry.npmjs.org/is-wsl/-/is-wsl-2.2.0.tgz 0ms (cache hit)
3689 http cache @babel/plugin-syntax-top-level-await@https://registry.npmjs.org/@babel/plugin-syntax-top-level-await/-/plugin-syntax-top-level-await-7.14.5.tgz 0ms (cache hit)
3690 http cache @babel/plugin-syntax-optional-catch-binding@https://registry.npmjs.org/@babel/plugin-syntax-optional-catch-binding/-/plugin-syntax-optional-catch-binding-7.8.3.tgz 0ms (cache hit)
3691 http cache @babel/plugin-syntax-object-rest-spread@https://registry.npmjs.org/@babel/plugin-syntax-object-rest-spread/-/plugin-syntax-object-rest-spread-7.8.3.tgz 0ms (cache hit)
3692 http cache @babel/plugin-syntax-optional-chaining@https://registry.npmjs.org/@babel/plugin-syntax-optional-chaining/-/plugin-syntax-optional-chaining-7.8.3.tgz 0ms (cache hit)
3693 http cache @babel/plugin-syntax-private-property-in-object@https://registry.npmjs.org/@babel/plugin-syntax-private-property-in-object/-/plugin-syntax-private-property-in-object-7.14.5.tgz 0ms (cache hit)
3694 http cache @babel/plugin-syntax-nullish-coalescing-operator@https://registry.npmjs.org/@babel/plugin-syntax-nullish-coalescing-operator/-/plugin-syntax-nullish-coalescing-operator-7.8.3.tgz 0ms (cache hit)
3695 http cache @babel/plugin-syntax-numeric-separator@https://registry.npmjs.org/@babel/plugin-syntax-numeric-separator/-/plugin-syntax-numeric-separator-7.10.4.tgz 0ms (cache hit)
3696 http cache @babel/plugin-syntax-json-strings@https://registry.npmjs.org/@babel/plugin-syntax-json-strings/-/plugin-syntax-json-strings-7.8.3.tgz 0ms (cache hit)
3697 http cache @babel/plugin-syntax-logical-assignment-operators@https://registry.npmjs.org/@babel/plugin-syntax-logical-assignment-operators/-/plugin-syntax-logical-assignment-operators-7.10.4.tgz 0ms (cache hit)
3698 http cache @babel/plugin-syntax-import-meta@https://registry.npmjs.org/@babel/plugin-syntax-import-meta/-/plugin-syntax-import-meta-7.10.4.tgz 0ms (cache hit)
3699 http cache @babel/plugin-syntax-import-attributes@https://registry.npmjs.org/@babel/plugin-syntax-import-attributes/-/plugin-syntax-import-attributes-7.29.7.tgz 0ms (cache hit)
3700 http cache @babel/plugin-syntax-class-static-block@https://registry.npmjs.org/@babel/plugin-syntax-class-static-block/-/plugin-syntax-class-static-block-7.14.5.tgz 0ms (cache hit)
3701 http cache @babel/plugin-syntax-async-generators@https://registry.npmjs.org/@babel/plugin-syntax-async-generators/-/plugin-syntax-async-generators-7.8.4.tgz 0ms (cache hit)
3702 http cache @babel/plugin-syntax-bigint@https://registry.npmjs.org/@babel/plugin-syntax-bigint/-/plugin-syntax-bigint-7.8.3.tgz 0ms (cache hit)
3703 http cache @babel/plugin-syntax-class-properties@https://registry.npmjs.org/@babel/plugin-syntax-class-properties/-/plugin-syntax-class-properties-7.12.13.tgz 0ms (cache hit)
3704 http cache js-yaml@https://registry.npmjs.org/js-yaml/-/js-yaml-3.15.1.tgz 0ms (cache hit)
3705 http cache babel-plugin-jest-hoist@https://registry.npmjs.org/babel-plugin-jest-hoist/-/babel-plugin-jest-hoist-29.6.3.tgz 0ms (cache hit)
3706 http cache babel-preset-current-node-syntax@https://registry.npmjs.org/babel-preset-current-node-syntax/-/babel-preset-current-node-syntax-1.2.0.tgz 0ms (cache hit)
3707 http cache get-package-type@https://registry.npmjs.org/get-package-type/-/get-package-type-0.1.0.tgz 0ms (cache hit)
3708 http cache find-up@https://registry.npmjs.org/find-up/-/find-up-4.1.0.tgz 0ms (cache hit)
3709 http cache test-exclude@https://registry.npmjs.org/test-exclude/-/test-exclude-6.0.0.tgz 0ms (cache hit)
3710 http cache istanbul-lib-instrument@https://registry.npmjs.org/istanbul-lib-instrument/-/istanbul-lib-instrument-5.2.1.tgz 0ms (cache hit)
3711 http cache @babel/helper-plugin-utils@https://registry.npmjs.org/@babel/helper-plugin-utils/-/helper-plugin-utils-7.29.7.tgz 0ms (cache hit)
3712 http cache @istanbuljs/load-nyc-config@https://registry.npmjs.org/@istanbuljs/load-nyc-config/-/load-nyc-config-1.1.0.tgz 0ms (cache hit)
3713 http cache @istanbuljs/schema@https://registry.npmjs.org/@istanbuljs/schema/-/schema-0.1.6.tgz 0ms (cache hit)
3714 http cache @types/babel__traverse@https://registry.npmjs.org/@types/babel__traverse/-/babel__traverse-7.28.0.tgz 0ms (cache hit)
3715 http cache @types/babel__template@https://registry.npmjs.org/@types/babel__template/-/babel__template-7.4.4.tgz 0ms (cache hit)
3716 http cache @types/babel__generator@https://registry.npmjs.org/@types/babel__generator/-/babel__generator-7.27.0.tgz 0ms (cache hit)
3717 http cache pirates@https://registry.npmjs.org/pirates/-/pirates-4.0.7.tgz 0ms (cache hit)
3718 http cache write-file-atomic@https://registry.npmjs.org/write-file-atomic/-/write-file-atomic-4.0.2.tgz 0ms (cache hit)
3719 http cache jest-regex-util@https://registry.npmjs.org/jest-regex-util/-/jest-regex-util-29.6.3.tgz 0ms (cache hit)
3720 http cache jest-haste-map@https://registry.npmjs.org/jest-haste-map/-/jest-haste-map-29.7.0.tgz 0ms (cache hit)
3721 http cache @types/babel__core@https://registry.npmjs.org/@types/babel__core/-/babel__core-7.20.5.tgz 0ms (cache hit)
3722 http cache babel-plugin-istanbul@https://registry.npmjs.org/babel-plugin-istanbul/-/babel-plugin-istanbul-6.1.1.tgz 0ms (cache hit)
3723 http cache babel-preset-jest@https://registry.npmjs.org/babel-preset-jest/-/babel-preset-jest-29.6.3.tgz 0ms (cache hit)
3724 http cache fast-json-stable-stringify@https://registry.npmjs.org/fast-json-stable-stringify/-/fast-json-stable-stringify-2.1.0.tgz 0ms (cache hit)
3725 http cache event-target-shim@https://registry.npmjs.org/event-target-shim/-/event-target-shim-5.0.1.tgz 0ms (cache hit)
3726 http cache @jest/transform@https://registry.npmjs.org/@jest/transform/-/transform-29.7.0.tgz 0ms (cache hit)
3727 http cache chrome-launcher@https://registry.npmjs.org/chrome-launcher/-/chrome-launcher-0.15.2.tgz 0ms (cache hit)
3728 http cache open@https://registry.npmjs.org/open/-/open-7.4.2.tgz 0ms (cache hit)
3729 http cache serve-static@https://registry.npmjs.org/serve-static/-/serve-static-1.16.3.tgz 0ms (cache hit)
3730 http cache @isaacs/ttlcache@https://registry.npmjs.org/@isaacs/ttlcache/-/ttlcache-1.4.1.tgz 0ms (cache hit)
3731 http cache @react-native/debugger-frontend@https://registry.npmjs.org/@react-native/debugger-frontend/-/debugger-frontend-0.81.5.tgz 0ms (cache hit)
3732 http cache @react-native/dev-middleware@https://registry.npmjs.org/@react-native/dev-middleware/-/dev-middleware-0.81.5.tgz 0ms (cache hit)
3733 http cache scheduler@https://registry.npmjs.org/scheduler/-/scheduler-0.26.0.tgz 0ms (cache hit)
3734 http cache stacktrace-parser@https://registry.npmjs.org/stacktrace-parser/-/stacktrace-parser-0.1.11.tgz 0ms (cache hit)
3735 http cache whatwg-fetch@https://registry.npmjs.org/whatwg-fetch/-/whatwg-fetch-3.6.20.tgz 0ms (cache hit)
3736 http cache regenerator-runtime@https://registry.npmjs.org/regenerator-runtime/-/regenerator-runtime-0.13.11.tgz 0ms (cache hit)
3737 http cache react-devtools-core@https://registry.npmjs.org/react-devtools-core/-/react-devtools-core-6.1.5.tgz 0ms (cache hit)
3738 http cache promise@https://registry.npmjs.org/promise/-/promise-8.3.0.tgz 0ms (cache hit)
3739 http cache memoize-one@https://registry.npmjs.org/memoize-one/-/memoize-one-5.2.1.tgz 0ms (cache hit)
3740 http cache jest-environment-node@https://registry.npmjs.org/jest-environment-node/-/jest-environment-node-29.7.0.tgz 0ms (cache hit)
3741 http cache babel-plugin-syntax-hermes-parser@https://registry.npmjs.org/babel-plugin-syntax-hermes-parser/-/babel-plugin-syntax-hermes-parser-0.29.1.tgz 0ms (cache hit)
3742 http cache babel-jest@https://registry.npmjs.org/babel-jest/-/babel-jest-29.7.0.tgz 0ms (cache hit)
3743 http cache ansi-regex@https://registry.npmjs.org/ansi-regex/-/ansi-regex-5.0.1.tgz 0ms (cache hit)
3744 http cache anser@https://registry.npmjs.org/anser/-/anser-1.4.10.tgz 0ms (cache hit)
3745 http cache abort-controller@https://registry.npmjs.org/abort-controller/-/abort-controller-3.0.0.tgz 0ms (cache hit)
3746 http cache @react-native/normalize-colors@https://registry.npmjs.org/@react-native/normalize-colors/-/normalize-colors-0.81.5.tgz 0ms (cache hit)
3747 http cache @react-native/js-polyfills@https://registry.npmjs.org/@react-native/js-polyfills/-/js-polyfills-0.81.5.tgz 0ms (cache hit)
3748 http cache @react-native/gradle-plugin@https://registry.npmjs.org/@react-native/gradle-plugin/-/gradle-plugin-0.81.5.tgz 0ms (cache hit)
3749 http cache @react-native/community-cli-plugin@https://registry.npmjs.org/@react-native/community-cli-plugin/-/community-cli-plugin-0.81.5.tgz 0ms (cache hit)
3750 http cache @react-native/assets-registry@https://registry.npmjs.org/@react-native/assets-registry/-/assets-registry-0.81.5.tgz 0ms (cache hit)
3751 http cache @react-native/codegen@https://registry.npmjs.org/@react-native/codegen/-/codegen-0.81.5.tgz 0ms (cache hit)
3752 http cache @jest/create-cache-key-function@https://registry.npmjs.org/@jest/create-cache-key-function/-/create-cache-key-function-29.7.0.tgz 0ms (cache hit)
3753 http cache void-elements@https://registry.npmjs.org/void-elements/-/void-elements-3.1.0.tgz 0ms (cache hit)
3754 http cache inherits@https://registry.npmjs.org/inherits/-/inherits-2.0.4.tgz 0ms (cache hit)
3755 http cache html-parse-stringify@https://registry.npmjs.org/html-parse-stringify/-/html-parse-stringify-3.1.0.tgz 0ms (cache hit)
3756 http cache chromium-edge-launcher@https://registry.npmjs.org/chromium-edge-launcher/-/chromium-edge-launcher-0.2.0.tgz 0ms (cache hit)
3757 http cache strict-uri-encode@https://registry.npmjs.org/strict-uri-encode/-/strict-uri-encode-2.0.0.tgz 0ms (cache hit)
3758 http cache split-on-first@https://registry.npmjs.org/split-on-first/-/split-on-first-1.1.0.tgz 0ms (cache hit)
3759 http cache filter-obj@https://registry.npmjs.org/filter-obj/-/filter-obj-1.1.0.tgz 0ms (cache hit)
3760 http cache yocto-queue@https://registry.npmjs.org/yocto-queue/-/yocto-queue-0.1.0.tgz 0ms (cache hit)
3761 http cache ee-first@https://registry.npmjs.org/ee-first/-/ee-first-1.1.1.tgz 0ms (cache hit)
3762 http cache brace-expansion@https://registry.npmjs.org/brace-expansion/-/brace-expansion-5.0.9.tgz 0ms (cache hit)
3763 http cache balanced-match@https://registry.npmjs.org/balanced-match/-/balanced-match-4.0.4.tgz 0ms (cache hit)
3764 http cache decode-uri-component@https://registry.npmjs.org/decode-uri-component/-/decode-uri-component-0.2.2.tgz 0ms (cache hit)
3765 http cache mime-db@https://registry.npmjs.org/mime-db/-/mime-db-1.52.0.tgz 0ms (cache hit)
3766 http cache fill-range@https://registry.npmjs.org/fill-range/-/fill-range-7.1.1.tgz 0ms (cache hit)
3767 http cache to-regex-range@https://registry.npmjs.org/to-regex-range/-/to-regex-range-5.0.1.tgz 0ms (cache hit)
3768 http cache braces@https://registry.npmjs.org/braces/-/braces-3.0.3.tgz 0ms (cache hit)
3769 http cache ob1@https://registry.npmjs.org/ob1/-/ob1-0.83.3.tgz 0ms (cache hit)
3770 http cache @babel/traverse--for-generate-function-map@https://registry.npmjs.org/@babel/traverse/-/traverse-7.29.8.tgz 0ms (cache hit)
3771 http cache vlq@https://registry.npmjs.org/vlq/-/vlq-1.0.1.tgz 0ms (cache hit)
3772 http cache bser@https://registry.npmjs.org/bser/-/bser-2.1.1.tgz 0ms (cache hit)
3773 http cache node-int64@https://registry.npmjs.org/node-int64/-/node-int64-0.4.0.tgz 0ms (cache hit)
3774 http cache walker@https://registry.npmjs.org/walker/-/walker-1.0.8.tgz 0ms (cache hit)
3775 http cache terser@https://registry.npmjs.org/terser/-/terser-5.49.2.tgz 0ms (cache hit)
3776 http cache micromatch@https://registry.npmjs.org/micromatch/-/micromatch-4.0.8.tgz 0ms (cache hit)
3777 http cache fb-watchman@https://registry.npmjs.org/fb-watchman/-/fb-watchman-2.0.2.tgz 0ms (cache hit)
3778 http cache leven@https://registry.npmjs.org/leven/-/leven-3.1.0.tgz 0ms (cache hit)
3779 http cache jest-get-type@https://registry.npmjs.org/jest-get-type/-/jest-get-type-29.6.3.tgz 0ms (cache hit)
3780 http cache yaml@https://registry.npmjs.org/yaml/-/yaml-2.9.0.tgz 0ms (cache hit)
3781 http cache jest-validate@https://registry.npmjs.org/jest-validate/-/jest-validate-29.7.0.tgz 0ms (cache hit)
3782 http cache camelcase@https://registry.npmjs.org/camelcase/-/camelcase-6.3.0.tgz 0ms (cache hit)
3783 http cache yallist@https://registry.npmjs.org/yallist/-/yallist-3.1.1.tgz 0ms (cache hit)
3784 http cache exponential-backoff@https://registry.npmjs.org/exponential-backoff/-/exponential-backoff-3.1.3.tgz 0ms (cache hit)
3785 http cache agent-base@https://registry.npmjs.org/agent-base/-/agent-base-7.1.4.tgz 0ms (cache hit)
3786 http cache @types/istanbul-lib-report@https://registry.npmjs.org/@types/istanbul-lib-report/-/istanbul-lib-report-3.0.3.tgz 0ms (cache hit)
3787 http cache @types/yargs-parser@https://registry.npmjs.org/@types/yargs-parser/-/yargs-parser-21.0.3.tgz 0ms (cache hit)
3788 http cache https-proxy-agent@https://registry.npmjs.org/https-proxy-agent/-/https-proxy-agent-7.0.6.tgz 0ms (cache hit)
3789 http cache @sinclair/typebox@https://registry.npmjs.org/@sinclair/typebox/-/typebox-0.27.12.tgz 0ms (cache hit)
3790 http cache @types/yargs@https://registry.npmjs.org/@types/yargs/-/yargs-17.0.35.tgz 0ms (cache hit)
3791 http cache @types/istanbul-reports@https://registry.npmjs.org/@types/istanbul-reports/-/istanbul-reports-3.0.4.tgz 0ms (cache hit)
3792 http cache @types/istanbul-lib-coverage@https://registry.npmjs.org/@types/istanbul-lib-coverage/-/istanbul-lib-coverage-2.0.6.tgz 0ms (cache hit)
3793 http cache picomatch@https://registry.npmjs.org/picomatch/-/picomatch-2.3.2.tgz 0ms (cache hit)
3794 http cache undici-types@https://registry.npmjs.org/undici-types/-/undici-types-8.3.0.tgz 0ms (cache hit)
3795 http cache @jest/types@https://registry.npmjs.org/@jest/types/-/types-29.6.3.tgz 0ms (cache hit)
3796 http cache @jest/schemas@https://registry.npmjs.org/@jest/schemas/-/schemas-29.6.3.tgz 0ms (cache hit)
3797 http cache merge-stream@https://registry.npmjs.org/merge-stream/-/merge-stream-2.0.0.tgz 0ms (cache hit)
3798 http cache jest-util@https://registry.npmjs.org/jest-util/-/jest-util-29.7.0.tgz 0ms (cache hit)
3799 http cache @types/node@https://registry.npmjs.org/@types/node/-/node-26.2.0.tgz 0ms (cache hit)
3800 http cache queue@https://registry.npmjs.org/queue/-/queue-6.0.2.tgz 0ms (cache hit)
3801 http cache hermes-estree@https://registry.npmjs.org/hermes-estree/-/hermes-estree-0.32.0.tgz 0ms (cache hit)
3802 http cache unpipe@https://registry.npmjs.org/unpipe/-/unpipe-1.0.0.tgz 0ms (cache hit)
3803 http cache statuses@https://registry.npmjs.org/statuses/-/statuses-1.5.0.tgz 0ms (cache hit)
3804 http cache escape-html@https://registry.npmjs.org/escape-html/-/escape-html-1.0.3.tgz 0ms (cache hit)
3805 http cache on-finished@https://registry.npmjs.org/on-finished/-/on-finished-2.3.0.tgz 0ms (cache hit)
3806 http cache encodeurl@https://registry.npmjs.org/encodeurl/-/encodeurl-1.0.2.tgz 0ms (cache hit)
3807 http cache stackframe@https://registry.npmjs.org/stackframe/-/stackframe-1.3.4.tgz 0ms (cache hit)
3808 http cache parseurl@https://registry.npmjs.org/parseurl/-/parseurl-1.3.3.tgz 0ms (cache hit)
3809 http cache utils-merge@https://registry.npmjs.org/utils-merge/-/utils-merge-1.0.1.tgz 0ms (cache hit)
3810 http cache finalhandler@https://registry.npmjs.org/finalhandler/-/finalhandler-1.1.2.tgz 0ms (cache hit)
3811 http cache update-browserslist-db@https://registry.npmjs.org/update-browserslist-db/-/update-browserslist-db-1.3.1.tgz 0ms (cache hit)
3812 http cache electron-to-chromium@https://registry.npmjs.org/electron-to-chromium/-/electron-to-chromium-1.5.404.tgz 0ms (cache hit)
3813 http cache node-releases@https://registry.npmjs.org/node-releases/-/node-releases-2.0.53.tgz 0ms (cache hit)
3814 http cache caniuse-lite@https://registry.npmjs.org/caniuse-lite/-/caniuse-lite-1.0.30001809.tgz 0ms (cache hit)
3815 http cache baseline-browser-mapping@https://registry.npmjs.org/baseline-browser-mapping/-/baseline-browser-mapping-2.11.13.tgz 0ms (cache hit)
3816 http cache negotiator@https://registry.npmjs.org/negotiator/-/negotiator-0.6.3.tgz 0ms (cache hit)
3817 http cache @jridgewell/resolve-uri@https://registry.npmjs.org/@jridgewell/resolve-uri/-/resolve-uri-3.1.2.tgz 0ms (cache hit)
3818 http cache @jridgewell/sourcemap-codec@https://registry.npmjs.org/@jridgewell/sourcemap-codec/-/sourcemap-codec-1.5.5.tgz 0ms (cache hit)
3819 http cache @babel/helper-string-parser@https://registry.npmjs.org/@babel/helper-string-parser/-/helper-string-parser-7.29.7.tgz 0ms (cache hit)
3820 http cache @babel/helper-globals@https://registry.npmjs.org/@babel/helper-globals/-/helper-globals-7.29.7.tgz 0ms (cache hit)
3821 http cache lru-cache@https://registry.npmjs.org/lru-cache/-/lru-cache-5.1.1.tgz 0ms (cache hit)
3822 http cache browserslist@https://registry.npmjs.org/browserslist/-/browserslist-4.28.8.tgz 0ms (cache hit)
3823 http cache @babel/helper-module-imports@https://registry.npmjs.org/@babel/helper-module-imports/-/helper-module-imports-7.29.7.tgz 0ms (cache hit)
3824 http cache @babel/helper-validator-option@https://registry.npmjs.org/@babel/helper-validator-option/-/helper-validator-option-7.29.7.tgz 0ms (cache hit)
3825 http cache jsesc@https://registry.npmjs.org/jsesc/-/jsesc-3.1.0.tgz 0ms (cache hit)
3826 http cache @babel/compat-data@https://registry.npmjs.org/@babel/compat-data/-/compat-data-7.29.7.tgz 0ms (cache hit)
3827 http cache @jridgewell/trace-mapping@https://registry.npmjs.org/@jridgewell/trace-mapping/-/trace-mapping-0.3.31.tgz 0ms (cache hit)
3828 http cache @jridgewell/gen-mapping@https://registry.npmjs.org/@jridgewell/gen-mapping/-/gen-mapping-0.3.13.tgz 0ms (cache hit)
3829 http cache gensync@https://registry.npmjs.org/gensync/-/gensync-1.0.0-beta.2.tgz 0ms (cache hit)
3830 http cache convert-source-map@https://registry.npmjs.org/convert-source-map/-/convert-source-map-2.0.0.tgz 0ms (cache hit)
3831 http cache @jridgewell/remapping@https://registry.npmjs.org/@jridgewell/remapping/-/remapping-2.3.5.tgz 0ms (cache hit)
3832 http cache @babel/helpers@https://registry.npmjs.org/@babel/helpers/-/helpers-7.29.7.tgz 0ms (cache hit)
3833 http cache @babel/helper-module-transforms@https://registry.npmjs.org/@babel/helper-module-transforms/-/helper-module-transforms-7.29.7.tgz 0ms (cache hit)
3834 http cache @babel/helper-compilation-targets@https://registry.npmjs.org/@babel/helper-compilation-targets/-/helper-compilation-targets-7.29.7.tgz 0ms (cache hit)
3835 http cache yargs@https://registry.npmjs.org/yargs/-/yargs-17.7.3.tgz 0ms (cache hit)
3836 http cache ws@https://registry.npmjs.org/ws/-/ws-7.5.13.tgz 0ms (cache hit)
3837 http cache throat@https://registry.npmjs.org/throat/-/throat-5.0.0.tgz 0ms (cache hit)
3838 http cache source-map@https://registry.npmjs.org/source-map/-/source-map-0.5.7.tgz 0ms (cache hit)
3839 http cache serialize-error@https://registry.npmjs.org/serialize-error/-/serialize-error-2.1.0.tgz 0ms (cache hit)
3840 http cache nullthrows@https://registry.npmjs.org/nullthrows/-/nullthrows-1.1.1.tgz 0ms (cache hit)
3841 http cache mime-types@https://registry.npmjs.org/mime-types/-/mime-types-2.1.35.tgz 0ms (cache hit)
3842 http cache lodash.throttle@https://registry.npmjs.org/lodash.throttle/-/lodash.throttle-4.1.1.tgz 0ms (cache hit)
3843 http cache jsc-safe-url@https://registry.npmjs.org/jsc-safe-url/-/jsc-safe-url-0.2.4.tgz 0ms (cache hit)
3844 http cache jest-worker@https://registry.npmjs.org/jest-worker/-/jest-worker-29.7.0.tgz 0ms (cache hit)
3845 http cache image-size@https://registry.npmjs.org/image-size/-/image-size-1.2.1.tgz 0ms (cache hit)
3846 http cache hermes-parser@https://registry.npmjs.org/hermes-parser/-/hermes-parser-0.32.0.tgz 0ms (cache hit)
3847 http cache graceful-fs@https://registry.npmjs.org/graceful-fs/-/graceful-fs-4.2.11.tgz 0ms (cache hit)
3848 http cache flow-enums-runtime@https://registry.npmjs.org/flow-enums-runtime/-/flow-enums-runtime-0.0.6.tgz 0ms (cache hit)
3849 http cache error-stack-parser@https://registry.npmjs.org/error-stack-parser/-/error-stack-parser-2.1.4.tgz 0ms (cache hit)
3850 http cache connect@https://registry.npmjs.org/connect/-/connect-3.7.0.tgz 0ms (cache hit)
3851 http cache ci-info@https://registry.npmjs.org/ci-info/-/ci-info-2.0.0.tgz 0ms (cache hit)
3852 http cache accepts@https://registry.npmjs.org/accepts/-/accepts-1.3.8.tgz 0ms (cache hit)
3853 http cache @babel/types@https://registry.npmjs.org/@babel/types/-/types-7.29.8.tgz 0ms (cache hit)
3854 http cache @babel/traverse@https://registry.npmjs.org/@babel/traverse/-/traverse-7.29.8.tgz 0ms (cache hit)
3855 http cache @babel/template@https://registry.npmjs.org/@babel/template/-/template-7.29.7.tgz 0ms (cache hit)
3856 http cache @babel/parser@https://registry.npmjs.org/@babel/parser/-/parser-7.29.8.tgz 0ms (cache hit)
3857 http cache @babel/core@https://registry.npmjs.org/@babel/core/-/core-7.29.7.tgz 0ms (cache hit)
3858 http cache is-plain-obj@https://registry.npmjs.org/is-plain-obj/-/is-plain-obj-2.1.0.tgz 0ms (cache hit)
3859 http cache loose-envify@https://registry.npmjs.org/loose-envify/-/loose-envify-1.4.0.tgz 0ms (cache hit)
3860 http cache path-scurry@https://registry.npmjs.org/path-scurry/-/path-scurry-2.0.2.tgz 0ms (cache hit)
3861 http cache minipass@https://registry.npmjs.org/minipass/-/minipass-7.1.3.tgz 0ms (cache hit)
3862 http cache react-native-is-edge-to-edge@https://registry.npmjs.org/react-native-is-edge-to-edge/-/react-native-is-edge-to-edge-1.3.1.tgz 0ms (cache hit)
3863 http cache invariant@https://registry.npmjs.org/invariant/-/invariant-2.2.4.tgz 0ms (cache hit)
3864 http cache commander@https://registry.npmjs.org/commander/-/commander-7.2.0.tgz 0ms (cache hit)
3865 http cache fontfaceobserver@https://registry.npmjs.org/fontfaceobserver/-/fontfaceobserver-2.3.0.tgz 0ms (cache hit)
3866 http cache which@https://registry.npmjs.org/which/-/which-2.0.2.tgz 0ms (cache hit)
3867 http cache shebang-command@https://registry.npmjs.org/shebang-command/-/shebang-command-2.0.0.tgz 0ms (cache hit)
3868 http cache path-key@https://registry.npmjs.org/path-key/-/path-key-3.1.1.tgz 0ms (cache hit)
3869 http cache ansi-styles@https://registry.npmjs.org/ansi-styles/-/ansi-styles-3.2.1.tgz 0ms (cache hit)
3870 http cache @babel/generator@https://registry.npmjs.org/@babel/generator/-/generator-7.29.8.tgz 0ms (cache hit)
3871 http cache cross-spawn@https://registry.npmjs.org/cross-spawn/-/cross-spawn-7.0.6.tgz 0ms (cache hit)
3872 http cache xmlbuilder@https://registry.npmjs.org/xmlbuilder/-/xmlbuilder-15.1.1.tgz 0ms (cache hit)
3873 http cache base64-js@https://registry.npmjs.org/base64-js/-/base64-js-1.5.1.tgz 0ms (cache hit)
3874 http cache @xmldom/xmldom@https://registry.npmjs.org/@xmldom/xmldom/-/xmldom-0.8.13.tgz 0ms (cache hit)
3875 http cache metro-transform-worker@https://registry.npmjs.org/metro-transform-worker/-/metro-transform-worker-0.83.3.tgz 0ms (cache hit)
3876 http cache metro-transform-plugins@https://registry.npmjs.org/metro-transform-plugins/-/metro-transform-plugins-0.83.3.tgz 0ms (cache hit)
3877 http cache metro-symbolicate@https://registry.npmjs.org/metro-symbolicate/-/metro-symbolicate-0.83.3.tgz 0ms (cache hit)
3878 http cache metro-source-map@https://registry.npmjs.org/metro-source-map/-/metro-source-map-0.83.3.tgz 0ms (cache hit)
3879 http cache metro-runtime@https://registry.npmjs.org/metro-runtime/-/metro-runtime-0.83.3.tgz 0ms (cache hit)
3880 http cache metro-resolver@https://registry.npmjs.org/metro-resolver/-/metro-resolver-0.83.3.tgz 0ms (cache hit)
3881 http cache metro-minify-terser@https://registry.npmjs.org/metro-minify-terser/-/metro-minify-terser-0.83.3.tgz 0ms (cache hit)
3882 http cache metro-file-map@https://registry.npmjs.org/metro-file-map/-/metro-file-map-0.83.3.tgz 0ms (cache hit)
3883 http cache metro-core@https://registry.npmjs.org/metro-core/-/metro-core-0.83.3.tgz 0ms (cache hit)
3884 http cache metro-config@https://registry.npmjs.org/metro-config/-/metro-config-0.83.3.tgz 0ms (cache hit)
3885 http cache metro-cache-key@https://registry.npmjs.org/metro-cache-key/-/metro-cache-key-0.83.3.tgz 0ms (cache hit)
3886 http cache metro-cache@https://registry.npmjs.org/metro-cache/-/metro-cache-0.83.3.tgz 0ms (cache hit)
3887 http cache metro-babel-transformer@https://registry.npmjs.org/metro-babel-transformer/-/metro-babel-transformer-0.83.3.tgz 0ms (cache hit)
3888 http cache metro@https://registry.npmjs.org/metro/-/metro-0.83.3.tgz 0ms (cache hit)
3889 http cache json5@https://registry.npmjs.org/json5/-/json5-2.2.3.tgz 0ms (cache hit)
3890 http cache p-limit@https://registry.npmjs.org/p-limit/-/p-limit-3.1.0.tgz 0ms (cache hit)
3891 http cache minimatch@https://registry.npmjs.org/minimatch/-/minimatch-10.2.6.tgz 0ms (cache hit)
3892 http cache ignore@https://registry.npmjs.org/ignore/-/ignore-5.3.2.tgz 0ms (cache hit)
3893 http cache arg@https://registry.npmjs.org/arg/-/arg-5.0.2.tgz 0ms (cache hit)
3894 http cache @expo/spawn-async@https://registry.npmjs.org/@expo/spawn-async/-/spawn-async-1.8.0.tgz 0ms (cache hit)
3895 http cache xml2js@https://registry.npmjs.org/xml2js/-/xml2js-0.6.0.tgz 0ms (cache hit)
3896 http cache xcode@https://registry.npmjs.org/xcode/-/xcode-3.0.1.tgz 0ms (cache hit)
3897 http cache slash@https://registry.npmjs.org/slash/-/slash-3.0.0.tgz 0ms (cache hit)
3898 http cache debug@https://registry.npmjs.org/debug/-/debug-4.4.3.tgz 0ms (cache hit)
3899 http cache @expo/sdk-runtime-versions@https://registry.npmjs.org/@expo/sdk-runtime-versions/-/sdk-runtime-versions-1.0.0.tgz 0ms (cache hit)
3900 http cache @expo/plist@https://registry.npmjs.org/@expo/plist/-/plist-0.4.9.tgz 0ms (cache hit)
3901 http cache picocolors@https://registry.npmjs.org/picocolors/-/picocolors-1.1.1.tgz 0ms (cache hit)
3902 http cache js-tokens@https://registry.npmjs.org/js-tokens/-/js-tokens-4.0.0.tgz 0ms (cache hit)
3903 http cache chalk@https://registry.npmjs.org/chalk/-/chalk-2.4.2.tgz 0ms (cache hit)
3904 http cache @babel/helper-validator-identifier@https://registry.npmjs.org/@babel/helper-validator-identifier/-/helper-validator-identifier-7.29.7.tgz 0ms (cache hit)
3905 http cache @babel/highlight@https://registry.npmjs.org/@babel/highlight/-/highlight-7.25.9.tgz 0ms (cache hit)
3906 http cache sucrase@https://registry.npmjs.org/sucrase/-/sucrase-3.35.1.tgz 0ms (cache hit)
3907 http cache slugify@https://registry.npmjs.org/slugify/-/slugify-1.6.9.tgz 0ms (cache hit)
3908 http cache semver@https://registry.npmjs.org/semver/-/semver-7.8.5.tgz 0ms (cache hit)
3909 http cache ms@https://registry.npmjs.org/ms/-/ms-2.1.3.tgz 0ms (cache hit)
3910 http cache resolve-from@https://registry.npmjs.org/resolve-from/-/resolve-from-5.0.0.tgz 0ms (cache hit)
3911 http cache require-from-string@https://registry.npmjs.org/require-from-string/-/require-from-string-2.0.2.tgz 0ms (cache hit)
3912 http cache glob@https://registry.npmjs.org/glob/-/glob-13.0.6.tgz 0ms (cache hit)
3913 http cache getenv@https://registry.npmjs.org/getenv/-/getenv-2.0.0.tgz 0ms (cache hit)
3914 http cache deepmerge@https://registry.npmjs.org/deepmerge/-/deepmerge-4.3.1.tgz 0ms (cache hit)
3915 http cache @expo/json-file@https://registry.npmjs.org/@expo/json-file/-/json-file-10.2.0.tgz 0ms (cache hit)
3916 http cache @expo/config-types@https://registry.npmjs.org/@expo/config-types/-/config-types-54.0.10.tgz 0ms (cache hit)
3917 http cache @babel/code-frame@https://registry.npmjs.org/@babel/code-frame/-/code-frame-7.10.4.tgz 0ms (cache hit)
3918 http cache whatwg-url-without-unicode@https://registry.npmjs.org/whatwg-url-without-unicode/-/whatwg-url-without-unicode-8.0.0-3.tgz 0ms (cache hit)
3919 http cache pretty-format@https://registry.npmjs.org/pretty-format/-/pretty-format-29.7.0.tgz 0ms (cache hit)
3920 http cache expo-modules-core@https://registry.npmjs.org/expo-modules-core/-/expo-modules-core-3.0.30.tgz 0ms (cache hit)
3921 http cache expo-modules-autolinking@https://registry.npmjs.org/expo-modules-autolinking/-/expo-modules-autolinking-3.0.26.tgz 0ms (cache hit)
3922 http cache react-refresh@https://registry.npmjs.org/react-refresh/-/react-refresh-0.14.2.tgz 0ms (cache hit)
3923 http cache @ungap/structured-clone@https://registry.npmjs.org/@ungap/structured-clone/-/structured-clone-1.3.3.tgz 0ms (cache hit)
3924 http cache @expo/metro@https://registry.npmjs.org/@expo/metro/-/metro-54.2.0.tgz 0ms (cache hit)
3925 http cache @expo/fingerprint@https://registry.npmjs.org/@expo/fingerprint/-/fingerprint-0.15.5.tgz 0ms (cache hit)
3926 http cache @expo/devtools@https://registry.npmjs.org/@expo/devtools/-/devtools-0.1.8.tgz 0ms (cache hit)
3927 http cache @expo/config-plugins@https://registry.npmjs.org/@expo/config-plugins/-/config-plugins-54.0.5.tgz 0ms (cache hit)
3928 http cache @expo/config@https://registry.npmjs.org/@expo/config/-/config-12.0.14.tgz 0ms (cache hit)
3929 http cache @babel/runtime@https://registry.npmjs.org/@babel/runtime/-/runtime-7.29.7.tgz 0ms (cache hit)
3930 http cache simple-swizzle@https://registry.npmjs.org/simple-swizzle/-/simple-swizzle-0.2.4.tgz 0ms (cache hit)
3931 http cache color-name@https://registry.npmjs.org/color-name/-/color-name-1.1.4.tgz 0ms (cache hit)
3932 http cache color-string@https://registry.npmjs.org/color-string/-/color-string-1.9.1.tgz 0ms (cache hit)
3933 http cache color-convert@https://registry.npmjs.org/color-convert/-/color-convert-2.0.1.tgz 0ms (cache hit)
3934 http cache csstype@https://registry.npmjs.org/csstype/-/csstype-3.2.3.tgz 0ms (cache hit)
3935 http cache warn-once@https://registry.npmjs.org/warn-once/-/warn-once-0.1.1.tgz 0ms (cache hit)
3936 http cache sf-symbols-typescript@https://registry.npmjs.org/sf-symbols-typescript/-/sf-symbols-typescript-2.2.0.tgz 0ms (cache hit)
3937 http cache color@https://registry.npmjs.org/color/-/color-4.2.3.tgz 0ms (cache hit)
3938 http cache @react-navigation/elements@https://registry.npmjs.org/@react-navigation/elements/-/elements-2.9.38.tgz 0ms (cache hit)
3939 http cache use-sync-external-store@https://registry.npmjs.org/use-sync-external-store/-/use-sync-external-store-1.6.0.tgz 0ms (cache hit)
3940 http cache react-is@https://registry.npmjs.org/react-is/-/react-is-19.2.8.tgz 0ms (cache hit)
3941 http cache query-string@https://registry.npmjs.org/query-string/-/query-string-7.1.3.tgz 0ms (cache hit)
3942 http cache @react-navigation/routers@https://registry.npmjs.org/@react-navigation/routers/-/routers-7.6.4.tgz 0ms (cache hit)
3943 http cache use-latest-callback@https://registry.npmjs.org/use-latest-callback/-/use-latest-callback-0.2.6.tgz 0ms (cache hit)
3944 http cache standard-navigation@https://registry.npmjs.org/standard-navigation/-/standard-navigation-0.0.8.tgz 0ms (cache hit)
3945 http cache nanoid@https://registry.npmjs.org/nanoid/-/nanoid-3.3.18.tgz 0ms (cache hit)
3946 http cache fast-deep-equal@https://registry.npmjs.org/fast-deep-equal/-/fast-deep-equal-3.1.3.tgz 0ms (cache hit)
3947 http cache escape-string-regexp@https://registry.npmjs.org/escape-string-regexp/-/escape-string-regexp-4.0.0.tgz 0ms (cache hit)
3948 http cache @react-navigation/core@https://registry.npmjs.org/@react-navigation/core/-/core-7.21.12.tgz 0ms (cache hit)
3949 http cache merge-options@https://registry.npmjs.org/merge-options/-/merge-options-3.0.4.tgz 0ms (cache hit)
3950 http cache typescript@https://registry.npmjs.org/typescript/-/typescript-5.9.3.tgz 0ms (cache hit)
3951 http cache react-i18next@https://registry.npmjs.org/react-i18next/-/react-i18next-16.6.6.tgz 0ms (cache hit)
3952 http cache i18next@https://registry.npmjs.org/i18next/-/i18next-25.10.10.tgz 0ms (cache hit)
3953 http cache expo-status-bar@https://registry.npmjs.org/expo-status-bar/-/expo-status-bar-3.0.9.tgz 0ms (cache hit)
3954 http cache expo-font@https://registry.npmjs.org/expo-font/-/expo-font-14.0.12.tgz 0ms (cache hit)
3955 http cache expo@https://registry.npmjs.org/expo/-/expo-54.0.36.tgz 0ms (cache hit)
3956 http cache @types/react@https://registry.npmjs.org/@types/react/-/react-19.1.17.tgz 0ms (cache hit)
3957 http cache react-native-safe-area-context@https://registry.npmjs.org/react-native-safe-area-context/-/react-native-safe-area-context-5.6.2.tgz 0ms (cache hit)
3958 http cache react-native-screens@https://registry.npmjs.org/react-native-screens/-/react-native-screens-4.16.0.tgz 0ms (cache hit)
3959 http cache @react-navigation/native-stack@https://registry.npmjs.org/@react-navigation/native-stack/-/native-stack-7.18.8.tgz 0ms (cache hit)
3960 http cache @react-navigation/native@https://registry.npmjs.org/@react-navigation/native/-/native-7.3.16.tgz 0ms (cache hit)
3961 http cache react@https://registry.npmjs.org/react/-/react-19.1.0.tgz 0ms (cache hit)
3962 http cache react-native@https://registry.npmjs.org/react-native/-/react-native-0.81.5.tgz 0ms (cache hit)
3963 http cache @react-native-async-storage/async-storage@https://registry.npmjs.org/@react-native-async-storage/async-storage/-/async-storage-2.2.0.tgz 0ms (cache hit)
3964 http cache @expo-google-fonts/noto-sans-telugu@https://registry.npmjs.org/@expo-google-fonts/noto-sans-telugu/-/noto-sans-telugu-0.2.3.tgz 0ms (cache hit)
3965 http cache semver@https://registry.npmjs.org/semver/-/semver-6.3.1.tgz 0ms (cache hit)
3966 http cache semver@https://registry.npmjs.org/semver/-/semver-6.3.1.tgz 0ms (cache hit)
3967 http cache semver@https://registry.npmjs.org/semver/-/semver-6.3.1.tgz 0ms (cache hit)
3968 http cache semver@https://registry.npmjs.org/semver/-/semver-6.3.1.tgz 0ms (cache hit)
3969 http cache supports-color@https://registry.npmjs.org/supports-color/-/supports-color-7.2.0.tgz 0ms (cache hit)
3970 http cache has-flag@https://registry.npmjs.org/has-flag/-/has-flag-4.0.0.tgz 0ms (cache hit)
3971 http cache type-fest@https://registry.npmjs.org/type-fest/-/type-fest-0.21.3.tgz 0ms (cache hit)
3972 http cache lru-cache@https://registry.npmjs.org/lru-cache/-/lru-cache-10.4.3.tgz 0ms (cache hit)
3973 http cache @babel/code-frame@https://registry.npmjs.org/@babel/code-frame/-/code-frame-7.29.7.tgz 0ms (cache hit)
3974 http cache yallist@https://registry.npmjs.org/yallist/-/yallist-5.0.0.tgz 0ms (cache hit)
3975 http cache resolve@https://registry.npmjs.org/resolve/-/resolve-1.7.1.tgz 0ms (cache hit)
3976 http cache ansi-regex@https://registry.npmjs.org/ansi-regex/-/ansi-regex-4.1.1.tgz 0ms (cache hit)
3977 http cache strip-ansi@https://registry.npmjs.org/strip-ansi/-/strip-ansi-5.2.0.tgz 0ms (cache hit)
3978 http cache ms@https://registry.npmjs.org/ms/-/ms-2.0.0.tgz 0ms (cache hit)
3979 http cache negotiator@https://registry.npmjs.org/negotiator/-/negotiator-0.6.4.tgz 0ms (cache hit)
3980 http cache debug@https://registry.npmjs.org/debug/-/debug-2.6.9.tgz 0ms (cache hit)
3981 http cache open@https://registry.npmjs.org/open/-/open-8.4.2.tgz 0ms (cache hit)
3982 http cache has-flag@https://registry.npmjs.org/has-flag/-/has-flag-4.0.0.tgz 0ms (cache hit)
3983 http cache argparse@https://registry.npmjs.org/argparse/-/argparse-2.0.1.tgz 0ms (cache hit)
3984 http cache supports-color@https://registry.npmjs.org/supports-color/-/supports-color-7.2.0.tgz 0ms (cache hit)
3985 http cache ansi-styles@https://registry.npmjs.org/ansi-styles/-/ansi-styles-4.3.0.tgz 0ms (cache hit)
3986 http cache js-yaml@https://registry.npmjs.org/js-yaml/-/js-yaml-4.3.1.tgz 0ms (cache hit)
3987 http cache chalk@https://registry.npmjs.org/chalk/-/chalk-4.1.2.tgz 0ms (cache hit)
3988 http cache @babel/code-frame@https://registry.npmjs.org/@babel/code-frame/-/code-frame-7.29.7.tgz 0ms (cache hit)
3989 http cache has-flag@https://registry.npmjs.org/has-flag/-/has-flag-4.0.0.tgz 0ms (cache hit)
3990 http cache supports-color@https://registry.npmjs.org/supports-color/-/supports-color-7.2.0.tgz 0ms (cache hit)
3991 http cache ansi-styles@https://registry.npmjs.org/ansi-styles/-/ansi-styles-4.3.0.tgz 0ms (cache hit)
3992 http cache @babel/code-frame@https://registry.npmjs.org/@babel/code-frame/-/code-frame-7.29.7.tgz 0ms (cache hit)
3993 http cache chalk@https://registry.npmjs.org/chalk/-/chalk-4.1.2.tgz 0ms (cache hit)
3994 http cache @expo/json-file@https://registry.npmjs.org/@expo/json-file/-/json-file-11.0.1.tgz 0ms (cache hit)
3995 http cache has-flag@https://registry.npmjs.org/has-flag/-/has-flag-4.0.0.tgz 0ms (cache hit)
3996 http cache supports-color@https://registry.npmjs.org/supports-color/-/supports-color-7.2.0.tgz 0ms (cache hit)
3997 http cache ansi-styles@https://registry.npmjs.org/ansi-styles/-/ansi-styles-4.3.0.tgz 0ms (cache hit)
3998 http cache chalk@https://registry.npmjs.org/chalk/-/chalk-4.1.2.tgz 0ms (cache hit)
3999 http cache has-flag@https://registry.npmjs.org/has-flag/-/has-flag-4.0.0.tgz 0ms (cache hit)
4000 http cache supports-color@https://registry.npmjs.org/supports-color/-/supports-color-7.2.0.tgz 0ms (cache hit)
4001 http cache ansi-styles@https://registry.npmjs.org/ansi-styles/-/ansi-styles-4.3.0.tgz 0ms (cache hit)
4002 http cache chalk@https://registry.npmjs.org/chalk/-/chalk-4.1.2.tgz 0ms (cache hit)
4003 http cache debug@https://registry.npmjs.org/debug/-/debug-3.2.7.tgz 0ms (cache hit)
4004 http cache ansi-styles@https://registry.npmjs.org/ansi-styles/-/ansi-styles-4.3.0.tgz 0ms (cache hit)
4005 http cache @xmldom/xmldom@https://registry.npmjs.org/@xmldom/xmldom/-/xmldom-0.9.10.tgz 0ms (cache hit)
4006 http cache source-map@https://registry.npmjs.org/source-map/-/source-map-0.6.1.tgz 0ms (cache hit)
4007 http cache picomatch@https://registry.npmjs.org/picomatch/-/picomatch-4.0.5.tgz 0ms (cache hit)
4008 http cache fdir@https://registry.npmjs.org/fdir/-/fdir-6.5.0.tgz 0ms (cache hit)
4009 http cache statuses@https://registry.npmjs.org/statuses/-/statuses-2.0.2.tgz 0ms (cache hit)
4010 http cache on-finished@https://registry.npmjs.org/on-finished/-/on-finished-2.4.1.tgz 0ms (cache hit)
4011 http cache debug@https://registry.npmjs.org/debug/-/debug-2.6.9.tgz 0ms (cache hit)
4012 http cache ms@https://registry.npmjs.org/ms/-/ms-2.0.0.tgz 0ms (cache hit)
4013 http cache p-limit@https://registry.npmjs.org/p-limit/-/p-limit-2.3.0.tgz 0ms (cache hit)
4014 http cache encodeurl@https://registry.npmjs.org/encodeurl/-/encodeurl-2.0.0.tgz 0ms (cache hit)
4015 http cache statuses@https://registry.npmjs.org/statuses/-/statuses-2.0.2.tgz 0ms (cache hit)
4016 http cache escape-string-regexp@https://registry.npmjs.org/escape-string-regexp/-/escape-string-regexp-2.0.0.tgz 0ms (cache hit)
4017 http cache has-flag@https://registry.npmjs.org/has-flag/-/has-flag-4.0.0.tgz 0ms (cache hit)
4018 http cache supports-color@https://registry.npmjs.org/supports-color/-/supports-color-7.2.0.tgz 0ms (cache hit)
4019 http cache chalk@https://registry.npmjs.org/chalk/-/chalk-4.1.2.tgz 0ms (cache hit)
4020 http cache ansi-styles@https://registry.npmjs.org/ansi-styles/-/ansi-styles-4.3.0.tgz 0ms (cache hit)
4021 http cache @babel/code-frame@https://registry.npmjs.org/@babel/code-frame/-/code-frame-7.29.7.tgz 0ms (cache hit)
4022 http cache balanced-match@https://registry.npmjs.org/balanced-match/-/balanced-match-1.0.2.tgz 0ms (cache hit)
4023 http cache brace-expansion@https://registry.npmjs.org/brace-expansion/-/brace-expansion-1.1.18.tgz 0ms (cache hit)
4024 http cache minimatch@https://registry.npmjs.org/minimatch/-/minimatch-3.1.5.tgz 0ms (cache hit)
4025 http cache glob@https://registry.npmjs.org/glob/-/glob-7.2.3.tgz 0ms (cache hit)
4026 http cache ms@https://registry.npmjs.org/ms/-/ms-2.0.0.tgz 0ms (cache hit)
4027 http cache debug@https://registry.npmjs.org/debug/-/debug-2.6.9.tgz 0ms (cache hit)
4028 http cache balanced-match@https://registry.npmjs.org/balanced-match/-/balanced-match-1.0.2.tgz 0ms (cache hit)
4029 http cache brace-expansion@https://registry.npmjs.org/brace-expansion/-/brace-expansion-1.1.18.tgz 0ms (cache hit)
4030 http cache minimatch@https://registry.npmjs.org/minimatch/-/minimatch-3.1.5.tgz 0ms (cache hit)
4031 http cache semver@https://registry.npmjs.org/semver/-/semver-6.3.1.tgz 0ms (cache hit)
4032 http cache glob@https://registry.npmjs.org/glob/-/glob-7.2.3.tgz 0ms (cache hit)
4033 http cache camelcase@https://registry.npmjs.org/camelcase/-/camelcase-5.3.1.tgz 0ms (cache hit)
4034 http cache supports-color@https://registry.npmjs.org/supports-color/-/supports-color-7.2.0.tgz 0ms (cache hit)
4035 http cache has-flag@https://registry.npmjs.org/has-flag/-/has-flag-4.0.0.tgz 0ms (cache hit)
4036 http cache chalk@https://registry.npmjs.org/chalk/-/chalk-4.1.2.tgz 0ms (cache hit)
4037 http cache encodeurl@https://registry.npmjs.org/encodeurl/-/encodeurl-2.0.0.tgz 0ms (cache hit)
4038 http cache ansi-styles@https://registry.npmjs.org/ansi-styles/-/ansi-styles-4.3.0.tgz 0ms (cache hit)
4039 http cache ws@https://registry.npmjs.org/ws/-/ws-6.2.6.tgz 0ms (cache hit)
4040 http cache hermes-estree@https://registry.npmjs.org/hermes-estree/-/hermes-estree-0.29.1.tgz 0ms (cache hit)
4041 http cache hermes-parser@https://registry.npmjs.org/hermes-parser/-/hermes-parser-0.29.1.tgz 0ms (cache hit)
4042 http cache has-flag@https://registry.npmjs.org/has-flag/-/has-flag-4.0.0.tgz 0ms (cache hit)
4043 http cache supports-color@https://registry.npmjs.org/supports-color/-/supports-color-7.2.0.tgz 0ms (cache hit)
4044 http cache ansi-styles@https://registry.npmjs.org/ansi-styles/-/ansi-styles-4.3.0.tgz 0ms (cache hit)
4045 http cache chalk@https://registry.npmjs.org/chalk/-/chalk-4.1.2.tgz 0ms (cache hit)
4046 http cache balanced-match@https://registry.npmjs.org/balanced-match/-/balanced-match-1.0.2.tgz 0ms (cache hit)
4047 http cache brace-expansion@https://registry.npmjs.org/brace-expansion/-/brace-expansion-1.1.18.tgz 0ms (cache hit)
4048 http cache hermes-estree@https://registry.npmjs.org/hermes-estree/-/hermes-estree-0.29.1.tgz 0ms (cache hit)
4049 http cache minimatch@https://registry.npmjs.org/minimatch/-/minimatch-3.1.5.tgz 0ms (cache hit)
4050 http cache hermes-parser@https://registry.npmjs.org/hermes-parser/-/hermes-parser-0.29.1.tgz 0ms (cache hit)
4051 http cache glob@https://registry.npmjs.org/glob/-/glob-7.2.3.tgz 0ms (cache hit)
4052 http cache @babel/code-frame@https://registry.npmjs.org/@babel/code-frame/-/code-frame-7.29.7.tgz 0ms (cache hit)
4053 http cache commander@https://registry.npmjs.org/commander/-/commander-2.20.3.tgz 0ms (cache hit)
4054 http cache has-flag@https://registry.npmjs.org/has-flag/-/has-flag-4.0.0.tgz 0ms (cache hit)
4055 http cache ansi-styles@https://registry.npmjs.org/ansi-styles/-/ansi-styles-4.3.0.tgz 0ms (cache hit)
4056 http cache supports-color@https://registry.npmjs.org/supports-color/-/supports-color-7.2.0.tgz 0ms (cache hit)
4057 http cache chalk@https://registry.npmjs.org/chalk/-/chalk-4.1.2.tgz 0ms (cache hit)
4058 http cache has-flag@https://registry.npmjs.org/has-flag/-/has-flag-4.0.0.tgz 0ms (cache hit)
4059 http cache supports-color@https://registry.npmjs.org/supports-color/-/supports-color-7.2.0.tgz 0ms (cache hit)
4060 http cache ansi-styles@https://registry.npmjs.org/ansi-styles/-/ansi-styles-4.3.0.tgz 0ms (cache hit)
4061 http cache chalk@https://registry.npmjs.org/chalk/-/chalk-4.1.2.tgz 0ms (cache hit)
4062 http cache has-flag@https://registry.npmjs.org/has-flag/-/has-flag-4.0.0.tgz 0ms (cache hit)
4063 http cache supports-color@https://registry.npmjs.org/supports-color/-/supports-color-7.2.0.tgz 0ms (cache hit)
4064 http cache ansi-styles@https://registry.npmjs.org/ansi-styles/-/ansi-styles-4.3.0.tgz 0ms (cache hit)
4065 http cache chalk@https://registry.npmjs.org/chalk/-/chalk-4.1.2.tgz 0ms (cache hit)
4066 http cache ci-info@https://registry.npmjs.org/ci-info/-/ci-info-3.9.0.tgz 0ms (cache hit)
4067 http cache ms@https://registry.npmjs.org/ms/-/ms-2.0.0.tgz 0ms (cache hit)
4068 http cache debug@https://registry.npmjs.org/debug/-/debug-2.6.9.tgz 0ms (cache hit)
4069 http cache semver@https://registry.npmjs.org/semver/-/semver-6.3.1.tgz 0ms (cache hit)
4070 http cache has-flag@https://registry.npmjs.org/has-flag/-/has-flag-4.0.0.tgz 0ms (cache hit)
4071 http cache supports-color@https://registry.npmjs.org/supports-color/-/supports-color-8.1.1.tgz 0ms (cache hit)
4072 http cache ms@https://registry.npmjs.org/ms/-/ms-2.0.0.tgz 0ms (cache hit)
4073 http cache debug@https://registry.npmjs.org/debug/-/debug-2.6.9.tgz 0ms (cache hit)
4074 http cache @babel/code-frame@https://registry.npmjs.org/@babel/code-frame/-/code-frame-7.29.7.tgz 0ms (cache hit)
4075 http cache @babel/code-frame@https://registry.npmjs.org/@babel/code-frame/-/code-frame-7.29.7.tgz 0ms (cache hit)
4076 http cache semver@https://registry.npmjs.org/semver/-/semver-6.3.1.tgz 0ms (cache hit)
4077 http cache @babel/code-frame@https://registry.npmjs.org/@babel/code-frame/-/code-frame-7.29.7.tgz 0ms (cache hit)
4078 http cache lru-cache@https://registry.npmjs.org/lru-cache/-/lru-cache-11.5.2.tgz 0ms (cache hit)
4079 http cache color-name@https://registry.npmjs.org/color-name/-/color-name-1.1.3.tgz 0ms (cache hit)
4080 http cache color-convert@https://registry.npmjs.org/color-convert/-/color-convert-1.9.3.tgz 0ms (cache hit)
4081 http cache has-flag@https://registry.npmjs.org/has-flag/-/has-flag-4.0.0.tgz 0ms (cache hit)
4082 http cache supports-color@https://registry.npmjs.org/supports-color/-/supports-color-7.2.0.tgz 0ms (cache hit)
4083 http cache ansi-styles@https://registry.npmjs.org/ansi-styles/-/ansi-styles-4.3.0.tgz 0ms (cache hit)
4084 http cache chalk@https://registry.npmjs.org/chalk/-/chalk-4.1.2.tgz 0ms (cache hit)
4085 http cache @babel/code-frame@https://registry.npmjs.org/@babel/code-frame/-/code-frame-7.29.7.tgz 0ms (cache hit)
4086 http cache xmlbuilder@https://registry.npmjs.org/xmlbuilder/-/xmlbuilder-11.0.1.tgz 0ms (cache hit)
4087 http cache escape-string-regexp@https://registry.npmjs.org/escape-string-regexp/-/escape-string-regexp-1.0.5.tgz 0ms (cache hit)
4088 http cache commander@https://registry.npmjs.org/commander/-/commander-4.1.1.tgz 0ms (cache hit)
4089 http cache @babel/code-frame@https://registry.npmjs.org/@babel/code-frame/-/code-frame-7.29.7.tgz 0ms (cache hit)
4090 http cache react-is@https://registry.npmjs.org/react-is/-/react-is-18.3.1.tgz 0ms (cache hit)
4091 http cache ansi-styles@https://registry.npmjs.org/ansi-styles/-/ansi-styles-5.2.0.tgz 0ms (cache hit)
4092 http cache has-flag@https://registry.npmjs.org/has-flag/-/has-flag-4.0.0.tgz 0ms (cache hit)
4093 http cache supports-color@https://registry.npmjs.org/supports-color/-/supports-color-7.2.0.tgz 0ms (cache hit)
4094 http cache chalk@https://registry.npmjs.org/chalk/-/chalk-4.1.2.tgz 0ms (cache hit)
4095 http cache ansi-styles@https://registry.npmjs.org/ansi-styles/-/ansi-styles-4.3.0.tgz 0ms (cache hit)
4096 http cache has-flag@https://registry.npmjs.org/has-flag/-/has-flag-4.0.0.tgz 0ms (cache hit)
4097 http cache supports-color@https://registry.npmjs.org/supports-color/-/supports-color-7.2.0.tgz 0ms (cache hit)
4098 http cache ansi-styles@https://registry.npmjs.org/ansi-styles/-/ansi-styles-4.3.0.tgz 0ms (cache hit)
4099 http cache chalk@https://registry.npmjs.org/chalk/-/chalk-4.1.2.tgz 0ms (cache hit)
4100 http cache supports-color@https://registry.npmjs.org/supports-color/-/supports-color-7.2.0.tgz 0ms (cache hit)
4101 http cache ansi-styles@https://registry.npmjs.org/ansi-styles/-/ansi-styles-4.3.0.tgz 0ms (cache hit)
4102 http cache has-flag@https://registry.npmjs.org/has-flag/-/has-flag-4.0.0.tgz 0ms (cache hit)
4103 http cache chalk@https://registry.npmjs.org/chalk/-/chalk-4.1.2.tgz 0ms (cache hit)
4104 http cache has-flag@https://registry.npmjs.org/has-flag/-/has-flag-4.0.0.tgz 0ms (cache hit)
4105 http cache supports-color@https://registry.npmjs.org/supports-color/-/supports-color-7.2.0.tgz 0ms (cache hit)
4106 http cache chalk@https://registry.npmjs.org/chalk/-/chalk-4.1.2.tgz 0ms (cache hit)
4107 http cache @expo/json-file@https://registry.npmjs.org/@expo/json-file/-/json-file-10.0.16.tgz 0ms (cache hit)
4108 http cache ansi-styles@https://registry.npmjs.org/ansi-styles/-/ansi-styles-4.3.0.tgz 0ms (cache hit)
4109 http cache balanced-match@https://registry.npmjs.org/balanced-match/-/balanced-match-1.0.2.tgz 0ms (cache hit)
4110 http cache hermes-estree@https://registry.npmjs.org/hermes-estree/-/hermes-estree-0.29.1.tgz 0ms (cache hit)
4111 http cache has-flag@https://registry.npmjs.org/has-flag/-/has-flag-4.0.0.tgz 0ms (cache hit)
4112 http cache brace-expansion@https://registry.npmjs.org/brace-expansion/-/brace-expansion-2.1.4.tgz 0ms (cache hit)
4113 http cache ansi-styles@https://registry.npmjs.org/ansi-styles/-/ansi-styles-4.3.0.tgz 0ms (cache hit)
4114 http cache hermes-parser@https://registry.npmjs.org/hermes-parser/-/hermes-parser-0.29.1.tgz 0ms (cache hit)
4115 http cache @expo/json-file@https://registry.npmjs.org/@expo/json-file/-/json-file-10.0.16.tgz 0ms (cache hit)
4116 http cache @babel/code-frame@https://registry.npmjs.org/@babel/code-frame/-/code-frame-7.10.4.tgz 0ms (cache hit)
4117 http cache ws@https://registry.npmjs.org/ws/-/ws-8.21.3.tgz 0ms (cache hit)
4118 http cache @babel/code-frame@https://registry.npmjs.org/@babel/code-frame/-/code-frame-7.29.7.tgz 0ms (cache hit)
4119 http cache minimatch@https://registry.npmjs.org/minimatch/-/minimatch-9.0.9.tgz 0ms (cache hit)
4120 http cache supports-color@https://registry.npmjs.org/supports-color/-/supports-color-5.5.0.tgz 0ms (cache hit)
4121 http cache picomatch@https://registry.npmjs.org/picomatch/-/picomatch-4.0.5.tgz 0ms (cache hit)
4122 http cache ci-info@https://registry.npmjs.org/ci-info/-/ci-info-3.9.0.tgz 1ms (cache hit)
4123 http cache expo-keep-awake@https://registry.npmjs.org/expo-keep-awake/-/expo-keep-awake-15.0.8.tgz 0ms (cache hit)
4124 http cache chalk@https://registry.npmjs.org/chalk/-/chalk-4.1.2.tgz 0ms (cache hit)
4125 http cache expo-file-system@https://registry.npmjs.org/expo-file-system/-/expo-file-system-19.0.23.tgz 0ms (cache hit)
4126 http cache supports-color@https://registry.npmjs.org/supports-color/-/supports-color-7.2.0.tgz 0ms (cache hit)
4127 http cache expo-asset@https://registry.npmjs.org/expo-asset/-/expo-asset-12.0.13.tgz 0ms (cache hit)
4128 http cache expo-constants@https://registry.npmjs.org/expo-constants/-/expo-constants-18.0.13.tgz 0ms (cache hit)
4129 http cache babel-preset-expo@https://registry.npmjs.org/babel-preset-expo/-/babel-preset-expo-54.0.12.tgz 0ms (cache hit)
4130 http cache @expo/vector-icons@https://registry.npmjs.org/@expo/vector-icons/-/vector-icons-15.1.1.tgz 0ms (cache hit)
4131 http cache @expo/metro-config@https://registry.npmjs.org/@expo/metro-config/-/metro-config-54.0.17.tgz 0ms (cache hit)
4132 http cache @expo/cli@https://registry.npmjs.org/@expo/cli/-/cli-54.0.26.tgz 0ms (cache hit)
4133 http cache @expo/prebuild-config@https://registry.npmjs.org/@expo/prebuild-config/-/prebuild-config-54.0.9.tgz 0ms (cache hit)
4134 http cache balanced-match@https://registry.npmjs.org/balanced-match/-/balanced-match-1.0.2.tgz 0ms (cache hit)
4135 http cache brace-expansion@https://registry.npmjs.org/brace-expansion/-/brace-expansion-1.1.18.tgz 0ms (cache hit)
4136 http cache minimatch@https://registry.npmjs.org/minimatch/-/minimatch-3.1.5.tgz 0ms (cache hit)
4137 http cache ws@https://registry.npmjs.org/ws/-/ws-6.2.6.tgz 0ms (cache hit)
4138 http cache commander@https://registry.npmjs.org/commander/-/commander-12.1.0.tgz 0ms (cache hit)
4139 silly tarball no local data for p-try@https://registry.npmjs.org/p-try/-/p-try-2.2.0.tgz. Extracting by manifest.
4140 silly tarball no local data for unicode-property-aliases-ecmascript@https://registry.npmjs.org/unicode-property-aliases-ecmascript/-/unicode-property-aliases-ecmascript-2.2.0.tgz. Extracting by manifest.
4141 silly tarball no local data for unicode-match-property-value-ecmascript@https://registry.npmjs.org/unicode-match-property-value-ecmascript/-/unicode-match-property-value-ecmascript-2.2.1.tgz. Extracting by manifest.
4142 silly tarball no local data for unicode-canonical-property-names-ecmascript@https://registry.npmjs.org/unicode-canonical-property-names-ecmascript/-/unicode-canonical-property-names-ecmascript-2.0.1.tgz. Extracting by manifest.
4143 silly tarball no local data for unicode-match-property-ecmascript@https://registry.npmjs.org/unicode-match-property-ecmascript/-/unicode-match-property-ecmascript-2.0.0.tgz. Extracting by manifest.
4144 http cache glob@https://registry.npmjs.org/glob/-/glob-7.2.3.tgz 0ms (cache hit)
4145 http cache @react-native/virtualized-lists@https://registry.npmjs.org/@react-native/virtualized-lists/-/virtualized-lists-0.81.5.tgz 0ms (cache hit)
4146 http cache resolve-workspace-root@https://registry.npmjs.org/resolve-workspace-root/-/resolve-workspace-root-2.0.1.tgz 0ms (cache hit)
4147 silly tarball no local data for regjsparser@https://registry.npmjs.org/regjsparser/-/regjsparser-0.13.2.tgz. Extracting by manifest.
4148 silly tarball no local data for regenerate-unicode-properties@https://registry.npmjs.org/regenerate-unicode-properties/-/regenerate-unicode-properties-10.2.2.tgz. Extracting by manifest.
4149 silly tarball no local data for regjsgen@https://registry.npmjs.org/regjsgen/-/regjsgen-0.8.0.tgz. Extracting by manifest.
4150 silly tarball no local data for core-js-compat@https://registry.npmjs.org/core-js-compat/-/core-js-compat-3.50.0.tgz. Extracting by manifest.
4151 silly tarball no local data for regenerate@https://registry.npmjs.org/regenerate/-/regenerate-1.4.2.tgz. Extracting by manifest.
4152 silly tarball no local data for lodash.debounce@https://registry.npmjs.org/lodash.debounce/-/lodash.debounce-4.0.8.tgz. Extracting by manifest.
4153 silly tarball no local data for @babel/helper-create-regexp-features-plugin@https://registry.npmjs.org/@babel/helper-create-regexp-features-plugin/-/helper-create-regexp-features-plugin-7.29.7.tgz. Extracting by manifest.
4154 silly tarball no local data for @babel/helper-define-polyfill-provider@https://registry.npmjs.org/@babel/helper-define-polyfill-provider/-/helper-define-polyfill-provider-0.6.8.tgz. Extracting by manifest.
4155 silly tarball no local data for @babel/helper-wrap-function@https://registry.npmjs.org/@babel/helper-wrap-function/-/helper-wrap-function-7.29.7.tgz. Extracting by manifest.
4156 silly tarball no local data for @babel/helper-remap-async-to-generator@https://registry.npmjs.org/@babel/helper-remap-async-to-generator/-/helper-remap-async-to-generator-7.29.7.tgz. Extracting by manifest.
4157 silly tarball no local data for @babel/plugin-transform-unicode-regex@https://registry.npmjs.org/@babel/plugin-transform-unicode-regex/-/plugin-transform-unicode-regex-7.29.7.tgz. Extracting by manifest.
4158 silly tarball no local data for @babel/plugin-transform-sticky-regex@https://registry.npmjs.org/@babel/plugin-transform-sticky-regex/-/plugin-transform-sticky-regex-7.29.7.tgz. Extracting by manifest.
4159 silly tarball no local data for regexpu-core@https://registry.npmjs.org/regexpu-core/-/regexpu-core-6.4.0.tgz. Extracting by manifest.
4160 silly tarball no local data for @babel/plugin-transform-spread@https://registry.npmjs.org/@babel/plugin-transform-spread/-/plugin-transform-spread-7.29.8.tgz. Extracting by manifest.
4161 silly tarball no local data for @react-native/babel-plugin-codegen@https://registry.npmjs.org/@react-native/babel-plugin-codegen/-/babel-plugin-codegen-0.81.5.tgz. Extracting by manifest.
4162 silly tarball no local data for @babel/plugin-transform-shorthand-properties@https://registry.npmjs.org/@babel/plugin-transform-shorthand-properties/-/plugin-transform-shorthand-properties-7.29.7.tgz. Extracting by manifest.
4163 silly tarball no local data for @babel/plugin-transform-react-jsx-source@https://registry.npmjs.org/@babel/plugin-transform-react-jsx-source/-/plugin-transform-react-jsx-source-7.29.7.tgz. Extracting by manifest.
4164 silly tarball no local data for @babel/plugin-transform-react-jsx-self@https://registry.npmjs.org/@babel/plugin-transform-react-jsx-self/-/plugin-transform-react-jsx-self-7.29.7.tgz. Extracting by manifest.
4165 silly tarball no local data for @babel/plugin-transform-optional-catch-binding@https://registry.npmjs.org/@babel/plugin-transform-optional-catch-binding/-/plugin-transform-optional-catch-binding-7.29.7.tgz. Extracting by manifest.
4166 silly tarball no local data for @babel/plugin-transform-numeric-separator@https://registry.npmjs.org/@babel/plugin-transform-numeric-separator/-/plugin-transform-numeric-separator-7.29.7.tgz. Extracting by manifest.
4167 silly tarball no local data for @babel/plugin-transform-regenerator@https://registry.npmjs.org/@babel/plugin-transform-regenerator/-/plugin-transform-regenerator-7.29.8.tgz. Extracting by manifest.
4168 silly tarball no local data for @babel/plugin-transform-nullish-coalescing-operator@https://registry.npmjs.org/@babel/plugin-transform-nullish-coalescing-operator/-/plugin-transform-nullish-coalescing-operator-7.29.7.tgz. Extracting by manifest.
4169 silly tarball no local data for @babel/plugin-transform-optional-chaining@https://registry.npmjs.org/@babel/plugin-transform-optional-chaining/-/plugin-transform-optional-chaining-7.29.7.tgz. Extracting by manifest.
4170 silly tarball no local data for @babel/plugin-transform-named-capturing-groups-regex@https://registry.npmjs.org/@babel/plugin-transform-named-capturing-groups-regex/-/plugin-transform-named-capturing-groups-regex-7.29.7.tgz. Extracting by manifest.
4171 silly tarball no local data for @babel/plugin-transform-literals@https://registry.npmjs.org/@babel/plugin-transform-literals/-/plugin-transform-literals-7.29.7.tgz. Extracting by manifest.
4172 silly tarball no local data for @babel/plugin-transform-for-of@https://registry.npmjs.org/@babel/plugin-transform-for-of/-/plugin-transform-for-of-7.29.7.tgz. Extracting by manifest.
4173 silly tarball no local data for @babel/plugin-transform-logical-assignment-operators@https://registry.npmjs.org/@babel/plugin-transform-logical-assignment-operators/-/plugin-transform-logical-assignment-operators-7.29.7.tgz. Extracting by manifest.
4174 silly tarball no local data for @babel/plugin-transform-function-name@https://registry.npmjs.org/@babel/plugin-transform-function-name/-/plugin-transform-function-name-7.29.7.tgz. Extracting by manifest.
4175 silly tarball no local data for @babel/plugin-transform-classes@https://registry.npmjs.org/@babel/plugin-transform-classes/-/plugin-transform-classes-7.29.7.tgz. Extracting by manifest.
4176 silly tarball no local data for @babel/plugin-transform-computed-properties@https://registry.npmjs.org/@babel/plugin-transform-computed-properties/-/plugin-transform-computed-properties-7.29.7.tgz. Extracting by manifest.
4177 silly tarball no local data for @babel/plugin-transform-class-properties@https://registry.npmjs.org/@babel/plugin-transform-class-properties/-/plugin-transform-class-properties-7.29.7.tgz. Extracting by manifest.
4178 silly tarball no local data for @babel/plugin-transform-async-to-generator@https://registry.npmjs.org/@babel/plugin-transform-async-to-generator/-/plugin-transform-async-to-generator-7.29.7.tgz. Extracting by manifest.
4179 silly tarball no local data for @babel/plugin-transform-block-scoping@https://registry.npmjs.org/@babel/plugin-transform-block-scoping/-/plugin-transform-block-scoping-7.29.7.tgz. Extracting by manifest.
4180 silly tarball no local data for @babel/plugin-transform-async-generator-functions@https://registry.npmjs.org/@babel/plugin-transform-async-generator-functions/-/plugin-transform-async-generator-functions-7.29.7.tgz. Extracting by manifest.
4181 silly tarball no local data for @babel/plugin-transform-arrow-functions@https://registry.npmjs.org/@babel/plugin-transform-arrow-functions/-/plugin-transform-arrow-functions-7.29.7.tgz. Extracting by manifest.
4182 silly tarball no local data for @babel/plugin-syntax-dynamic-import@https://registry.npmjs.org/@babel/plugin-syntax-dynamic-import/-/plugin-syntax-dynamic-import-7.8.3.tgz. Extracting by manifest.
4183 silly tarball no local data for @babel/plugin-syntax-typescript@https://registry.npmjs.org/@babel/plugin-syntax-typescript/-/plugin-syntax-typescript-7.29.7.tgz. Extracting by manifest.
4184 silly tarball no local data for @babel/plugin-transform-react-pure-annotations@https://registry.npmjs.org/@babel/plugin-transform-react-pure-annotations/-/plugin-transform-react-pure-annotations-7.29.7.tgz. Extracting by manifest.
4185 silly tarball no local data for @babel/plugin-syntax-jsx@https://registry.npmjs.org/@babel/plugin-syntax-jsx/-/plugin-syntax-jsx-7.29.7.tgz. Extracting by manifest.
4186 silly tarball no local data for @babel/plugin-transform-typescript@https://registry.npmjs.org/@babel/plugin-transform-typescript/-/plugin-transform-typescript-7.29.7.tgz. Extracting by manifest.
4187 silly tarball no local data for @babel/plugin-transform-react-jsx-development@https://registry.npmjs.org/@babel/plugin-transform-react-jsx-development/-/plugin-transform-react-jsx-development-7.29.7.tgz. Extracting by manifest.
4188 silly tarball no local data for @babel/plugin-transform-react-display-name@https://registry.npmjs.org/@babel/plugin-transform-react-display-name/-/plugin-transform-react-display-name-7.29.7.tgz. Extracting by manifest.
4189 silly tarball no local data for @babel/plugin-transform-react-jsx@https://registry.npmjs.org/@babel/plugin-transform-react-jsx/-/plugin-transform-react-jsx-7.29.7.tgz. Extracting by manifest.
4190 silly tarball no local data for babel-plugin-polyfill-corejs2@https://registry.npmjs.org/babel-plugin-polyfill-corejs2/-/babel-plugin-polyfill-corejs2-0.4.17.tgz. Extracting by manifest.
4191 silly tarball no local data for @babel/plugin-transform-destructuring@https://registry.npmjs.org/@babel/plugin-transform-destructuring/-/plugin-transform-destructuring-7.29.7.tgz. Extracting by manifest.
4192 silly tarball no local data for babel-plugin-polyfill-corejs3@https://registry.npmjs.org/babel-plugin-polyfill-corejs3/-/babel-plugin-polyfill-corejs3-0.13.0.tgz. Extracting by manifest.
4193 silly tarball no local data for babel-plugin-polyfill-regenerator@https://registry.npmjs.org/babel-plugin-polyfill-regenerator/-/babel-plugin-polyfill-regenerator-0.6.8.tgz. Extracting by manifest.
4194 silly tarball no local data for @babel/helper-skip-transparent-expression-wrappers@https://registry.npmjs.org/@babel/helper-skip-transparent-expression-wrappers/-/helper-skip-transparent-expression-wrappers-7.29.7.tgz. Extracting by manifest.
4195 silly tarball no local data for @babel/plugin-syntax-flow@https://registry.npmjs.org/@babel/plugin-syntax-flow/-/plugin-syntax-flow-7.29.7.tgz. Extracting by manifest.
4196 silly tarball no local data for @babel/helper-replace-supers@https://registry.npmjs.org/@babel/helper-replace-supers/-/helper-replace-supers-7.29.7.tgz. Extracting by manifest.
4197 silly tarball no local data for @babel/helper-member-expression-to-functions@https://registry.npmjs.org/@babel/helper-member-expression-to-functions/-/helper-member-expression-to-functions-7.29.7.tgz. Extracting by manifest.
4198 silly tarball no local data for @babel/helper-optimise-call-expression@https://registry.npmjs.org/@babel/helper-optimise-call-expression/-/helper-optimise-call-expression-7.29.7.tgz. Extracting by manifest.
4199 silly tarball no local data for @babel/helper-create-class-features-plugin@https://registry.npmjs.org/@babel/helper-create-class-features-plugin/-/helper-create-class-features-plugin-7.29.7.tgz. Extracting by manifest.
4200 silly tarball no local data for @babel/helper-annotate-as-pure@https://registry.npmjs.org/@babel/helper-annotate-as-pure/-/helper-annotate-as-pure-7.29.7.tgz. Extracting by manifest.
4201 silly tarball no local data for babel-plugin-react-native-web@https://registry.npmjs.org/babel-plugin-react-native-web/-/babel-plugin-react-native-web-0.21.2.tgz. Extracting by manifest.
4202 silly tarball no local data for babel-plugin-transform-flow-enums@https://registry.npmjs.org/babel-plugin-transform-flow-enums/-/babel-plugin-transform-flow-enums-0.0.2.tgz. Extracting by manifest.
4203 silly tarball no local data for @babel/plugin-syntax-decorators@https://registry.npmjs.org/@babel/plugin-syntax-decorators/-/plugin-syntax-decorators-7.29.7.tgz. Extracting by manifest.
4204 silly tarball no local data for babel-plugin-react-compiler@https://registry.npmjs.org/babel-plugin-react-compiler/-/babel-plugin-react-compiler-1.0.0.tgz. Extracting by manifest.
4205 silly tarball no local data for @react-native/babel-preset@https://registry.npmjs.org/@react-native/babel-preset/-/babel-preset-0.81.5.tgz. Extracting by manifest.
4206 silly tarball no local data for @babel/plugin-transform-private-property-in-object@https://registry.npmjs.org/@babel/plugin-transform-private-property-in-object/-/plugin-transform-private-property-in-object-7.29.7.tgz. Extracting by manifest.
4207 silly tarball no local data for @babel/plugin-transform-runtime@https://registry.npmjs.org/@babel/plugin-transform-runtime/-/plugin-transform-runtime-7.29.7.tgz. Extracting by manifest.
4208 silly tarball no local data for @babel/preset-react@https://registry.npmjs.org/@babel/preset-react/-/preset-react-7.29.7.tgz. Extracting by manifest.
4209 silly tarball no local data for @babel/preset-typescript@https://registry.npmjs.org/@babel/preset-typescript/-/preset-typescript-7.29.7.tgz. Extracting by manifest.
4210 silly tarball no local data for @babel/plugin-transform-parameters@https://registry.npmjs.org/@babel/plugin-transform-parameters/-/plugin-transform-parameters-7.29.7.tgz. Extracting by manifest.
4211 silly tarball no local data for @babel/plugin-transform-private-methods@https://registry.npmjs.org/@babel/plugin-transform-private-methods/-/plugin-transform-private-methods-7.29.7.tgz. Extracting by manifest.
4212 silly tarball no local data for @babel/plugin-transform-object-rest-spread@https://registry.npmjs.org/@babel/plugin-transform-object-rest-spread/-/plugin-transform-object-rest-spread-7.29.7.tgz. Extracting by manifest.
4213 silly tarball no local data for @babel/plugin-transform-flow-strip-types@https://registry.npmjs.org/@babel/plugin-transform-flow-strip-types/-/plugin-transform-flow-strip-types-7.29.7.tgz. Extracting by manifest.
4214 silly tarball no local data for @babel/plugin-transform-export-namespace-from@https://registry.npmjs.org/@babel/plugin-transform-export-namespace-from/-/plugin-transform-export-namespace-from-7.29.7.tgz. Extracting by manifest.
4215 silly tarball no local data for @babel/plugin-transform-class-static-block@https://registry.npmjs.org/@babel/plugin-transform-class-static-block/-/plugin-transform-class-static-block-7.29.7.tgz. Extracting by manifest.
4216 silly tarball no local data for @babel/plugin-proposal-decorators@https://registry.npmjs.org/@babel/plugin-proposal-decorators/-/plugin-proposal-decorators-7.29.7.tgz. Extracting by manifest.
4217 silly tarball no local data for source-map-js@https://registry.npmjs.org/source-map-js/-/source-map-js-1.2.1.tgz. Extracting by manifest.
4218 silly tarball no local data for @babel/plugin-syntax-export-default-from@https://registry.npmjs.org/@babel/plugin-syntax-export-default-from/-/plugin-syntax-export-default-from-7.29.7.tgz. Extracting by manifest.
4219 silly tarball no local data for @babel/plugin-proposal-export-default-from@https://registry.npmjs.org/@babel/plugin-proposal-export-default-from/-/plugin-proposal-export-default-from-7.29.7.tgz. Extracting by manifest.
4220 silly tarball no local data for lightningcss-darwin-arm64@https://registry.npmjs.org/lightningcss-darwin-arm64/-/lightningcss-darwin-arm64-1.33.0.tgz. Extracting by manifest.
4221 silly tarball no local data for detect-libc@https://registry.npmjs.org/detect-libc/-/detect-libc-2.1.2.tgz. Extracting by manifest.
4222 silly tarball no local data for postcss@https://registry.npmjs.org/postcss/-/postcss-8.4.49.tgz. Extracting by manifest.
4223 silly tarball no local data for clone@https://registry.npmjs.org/clone/-/clone-1.0.4.tgz. Extracting by manifest.
4224 silly tarball no local data for define-lazy-prop@https://registry.npmjs.org/define-lazy-prop/-/define-lazy-prop-2.0.0.tgz. Extracting by manifest.
4225 silly tarball no local data for lightningcss@https://registry.npmjs.org/lightningcss/-/lightningcss-1.33.0.tgz. Extracting by manifest.
4226 silly tarball no local data for ansi-escapes@https://registry.npmjs.org/ansi-escapes/-/ansi-escapes-4.3.2.tgz. Extracting by manifest.
4227 silly tarball no local data for supports-hyperlinks@https://registry.npmjs.org/supports-hyperlinks/-/supports-hyperlinks-2.3.0.tgz. Extracting by manifest.
4228 silly tarball no local data for defaults@https://registry.npmjs.org/defaults/-/defaults-1.0.4.tgz. Extracting by manifest.
4229 silly tarball no local data for minizlib@https://registry.npmjs.org/minizlib/-/minizlib-3.1.0.tgz. Extracting by manifest.
4230 silly tarball no local data for @isaacs/fs-minipass@https://registry.npmjs.org/@isaacs/fs-minipass/-/fs-minipass-4.0.1.tgz. Extracting by manifest.
4231 silly tarball no local data for chownr@https://registry.npmjs.org/chownr/-/chownr-3.0.0.tgz. Extracting by manifest.
4232 silly tarball no local data for hasown@https://registry.npmjs.org/hasown/-/hasown-2.0.4.tgz. Extracting by manifest.
4233 silly tarball no local data for function-bind@https://registry.npmjs.org/function-bind/-/function-bind-1.1.2.tgz. Extracting by manifest.
4234 silly tarball no local data for mimic-fn@https://registry.npmjs.org/mimic-fn/-/mimic-fn-1.2.0.tgz. Extracting by manifest.
4235 silly tarball no local data for onetime@https://registry.npmjs.org/onetime/-/onetime-2.0.1.tgz. Extracting by manifest.
4236 silly tarball no local data for supports-preserve-symlinks-flag@https://registry.npmjs.org/supports-preserve-symlinks-flag/-/supports-preserve-symlinks-flag-1.0.0.tgz. Extracting by manifest.
4237 silly tarball no local data for path-parse@https://registry.npmjs.org/path-parse/-/path-parse-1.0.7.tgz. Extracting by manifest.
4238 silly tarball no local data for strip-json-comments@https://registry.npmjs.org/strip-json-comments/-/strip-json-comments-2.0.1.tgz. Extracting by manifest.
4239 silly tarball no local data for minimist@https://registry.npmjs.org/minimist/-/minimist-1.2.8.tgz. Extracting by manifest.
4240 silly tarball no local data for is-core-module@https://registry.npmjs.org/is-core-module/-/is-core-module-2.16.2.tgz. Extracting by manifest.
4241 silly tarball no local data for es-errors@https://registry.npmjs.org/es-errors/-/es-errors-1.3.0.tgz. Extracting by manifest.
4242 silly tarball no local data for deep-extend@https://registry.npmjs.org/deep-extend/-/deep-extend-0.6.0.tgz. Extracting by manifest.
4243 silly tarball no local data for ini@https://registry.npmjs.org/ini/-/ini-1.3.8.tgz. Extracting by manifest.
4244 silly tarball no local data for sisteransi@https://registry.npmjs.org/sisteransi/-/sisteransi-1.0.5.tgz. Extracting by manifest.
4245 silly tarball no local data for kleur@https://registry.npmjs.org/kleur/-/kleur-3.0.3.tgz. Extracting by manifest.
4246 silly tarball no local data for rc@https://registry.npmjs.org/rc/-/rc-1.2.8.tgz. Extracting by manifest.
4247 silly tarball no local data for pngjs@https://registry.npmjs.org/pngjs/-/pngjs-3.4.0.tgz. Extracting by manifest.
4248 silly tarball no local data for nested-error-stacks@https://registry.npmjs.org/nested-error-stacks/-/nested-error-stacks-2.0.1.tgz. Extracting by manifest.
4249 silly tarball no local data for restore-cursor@https://registry.npmjs.org/restore-cursor/-/restore-cursor-2.0.0.tgz. Extracting by manifest.
4250 silly tarball no local data for wcwidth@https://registry.npmjs.org/wcwidth/-/wcwidth-1.0.1.tgz. Extracting by manifest.
4251 silly tarball no local data for cli-cursor@https://registry.npmjs.org/cli-cursor/-/cli-cursor-2.1.0.tgz. Extracting by manifest.
4252 silly tarball no local data for validate-npm-package-name@https://registry.npmjs.org/validate-npm-package-name/-/validate-npm-package-name-5.0.1.tgz. Extracting by manifest.
4253 silly tarball no local data for proc-log@https://registry.npmjs.org/proc-log/-/proc-log-4.2.0.tgz. Extracting by manifest.
4254 silly tarball no local data for log-symbols@https://registry.npmjs.org/log-symbols/-/log-symbols-2.2.0.tgz. Extracting by manifest.
4255 silly tarball no local data for cli-spinners@https://registry.npmjs.org/cli-spinners/-/cli-spinners-2.9.2.tgz. Extracting by manifest.
4256 silly tarball no local data for hosted-git-info@https://registry.npmjs.org/hosted-git-info/-/hosted-git-info-7.0.2.tgz. Extracting by manifest.
4257 silly tarball no local data for vary@https://registry.npmjs.org/vary/-/vary-1.1.2.tgz. Extracting by manifest.
4258 silly tarball no local data for bytes@https://registry.npmjs.org/bytes/-/bytes-3.1.2.tgz. Extracting by manifest.
4259 silly tarball no local data for compressible@https://registry.npmjs.org/compressible/-/compressible-2.0.18.tgz. Extracting by manifest.
4260 silly tarball no local data for safe-buffer@https://registry.npmjs.org/safe-buffer/-/safe-buffer-5.2.1.tgz. Extracting by manifest.
4261 silly tarball no local data for on-headers@https://registry.npmjs.org/on-headers/-/on-headers-1.1.0.tgz. Extracting by manifest.
4262 silly tarball no local data for @babel/plugin-transform-modules-commonjs@https://registry.npmjs.org/@babel/plugin-transform-modules-commonjs/-/plugin-transform-modules-commonjs-7.29.7.tgz. Extracting by manifest.
4263 silly tarball no local data for wonka@https://registry.npmjs.org/wonka/-/wonka-6.3.6.tgz. Extracting by manifest.
4264 silly tarball no local data for dotenv-expand@https://registry.npmjs.org/dotenv-expand/-/dotenv-expand-11.0.7.tgz. Extracting by manifest.
4265 silly tarball no local data for @expo/require-utils@https://registry.npmjs.org/@expo/require-utils/-/require-utils-55.0.6.tgz. Extracting by manifest.
4266 silly tarball no local data for jimp-compact@https://registry.npmjs.org/jimp-compact/-/jimp-compact-0.16.1.tgz. Extracting by manifest.
4267 silly tarball no local data for parse-png@https://registry.npmjs.org/parse-png/-/parse-png-2.1.0.tgz. Extracting by manifest.
4268 silly tarball no local data for dotenv@https://registry.npmjs.org/dotenv/-/dotenv-16.4.7.tgz. Extracting by manifest.
4269 silly tarball no local data for @expo/sudo-prompt@https://registry.npmjs.org/@expo/sudo-prompt/-/sudo-prompt-9.3.2.tgz. Extracting by manifest.
4270 silly tarball no local data for terminal-link@https://registry.npmjs.org/terminal-link/-/terminal-link-2.1.1.tgz. Extracting by manifest.
4271 silly tarball no local data for undici@https://registry.npmjs.org/undici/-/undici-6.28.0.tgz. Extracting by manifest.
4272 silly tarball no local data for structured-headers@https://registry.npmjs.org/structured-headers/-/structured-headers-0.4.1.tgz. Extracting by manifest.
4273 silly tarball no local data for requireg@https://registry.npmjs.org/requireg/-/requireg-0.2.2.tgz. Extracting by manifest.
4274 silly tarball no local data for tar@https://registry.npmjs.org/tar/-/tar-7.5.22.tgz. Extracting by manifest.
4275 silly tarball no local data for resolve.exports@https://registry.npmjs.org/resolve.exports/-/resolve.exports-2.0.3.tgz. Extracting by manifest.
4276 silly tarball no local data for resolve@https://registry.npmjs.org/resolve/-/resolve-1.22.12.tgz. Extracting by manifest.
4277 silly tarball no local data for qrcode-terminal@https://registry.npmjs.org/qrcode-terminal/-/qrcode-terminal-0.11.0.tgz. Extracting by manifest.
4278 silly tarball no local data for prompts@https://registry.npmjs.org/prompts/-/prompts-2.4.2.tgz. Extracting by manifest.
4279 silly tarball no local data for npm-package-arg@https://registry.npmjs.org/npm-package-arg/-/npm-package-arg-11.0.3.tgz. Extracting by manifest.
4280 silly tarball no local data for ora@https://registry.npmjs.org/ora/-/ora-3.4.0.tgz. Extracting by manifest.
4281 silly tarball no local data for pretty-bytes@https://registry.npmjs.org/pretty-bytes/-/pretty-bytes-5.6.0.tgz. Extracting by manifest.
4282 silly tarball no local data for progress@https://registry.npmjs.org/progress/-/progress-2.0.3.tgz. Extracting by manifest.
4283 silly tarball no local data for node-forge@https://registry.npmjs.org/node-forge/-/node-forge-1.4.0.tgz. Extracting by manifest.
4284 silly tarball no local data for lan-network@https://registry.npmjs.org/lan-network/-/lan-network-0.2.1.tgz. Extracting by manifest.
4285 silly tarball no local data for env-editor@https://registry.npmjs.org/env-editor/-/env-editor-0.4.2.tgz. Extracting by manifest.
4286 silly tarball no local data for expo-server@https://registry.npmjs.org/expo-server/-/expo-server-1.0.7.tgz. Extracting by manifest.
4287 silly tarball no local data for better-opn@https://registry.npmjs.org/better-opn/-/better-opn-3.0.2.tgz. Extracting by manifest.
4288 silly tarball no local data for freeport-async@https://registry.npmjs.org/freeport-async/-/freeport-async-2.0.0.tgz. Extracting by manifest.
4289 silly tarball no local data for compression@https://registry.npmjs.org/compression/-/compression-1.8.1.tgz. Extracting by manifest.
4290 silly tarball no local data for @urql/exchange-retry@https://registry.npmjs.org/@urql/exchange-retry/-/exchange-retry-1.3.2.tgz. Extracting by manifest.
4291 silly tarball no local data for @expo/schema-utils@https://registry.npmjs.org/@expo/schema-utils/-/schema-utils-0.1.9.tgz. Extracting by manifest.
4292 silly tarball no local data for @expo/ws-tunnel@https://registry.npmjs.org/@expo/ws-tunnel/-/ws-tunnel-1.0.6.tgz. Extracting by manifest.
4293 silly tarball no local data for @urql/core@https://registry.npmjs.org/@urql/core/-/core-5.2.0.tgz. Extracting by manifest.
4294 silly tarball no local data for @expo/xcpretty@https://registry.npmjs.org/@expo/xcpretty/-/xcpretty-4.4.4.tgz. Extracting by manifest.
4295 silly tarball no local data for @expo/osascript@https://registry.npmjs.org/@expo/osascript/-/osascript-2.7.1.tgz. Extracting by manifest.
4296 silly tarball no local data for @expo/package-manager@https://registry.npmjs.org/@expo/package-manager/-/package-manager-1.13.1.tgz. Extracting by manifest.
4297 silly tarball no local data for @expo/image-utils@https://registry.npmjs.org/@expo/image-utils/-/image-utils-0.8.15.tgz. Extracting by manifest.
4298 silly tarball no local data for @expo/code-signing-certificates@https://registry.npmjs.org/@expo/code-signing-certificates/-/code-signing-certificates-0.0.6.tgz. Extracting by manifest.
4299 silly tarball no local data for @expo/devcert@https://registry.npmjs.org/@expo/devcert/-/devcert-1.2.1.tgz. Extracting by manifest.
4300 silly tarball no local data for @expo/env@https://registry.npmjs.org/@expo/env/-/env-2.0.12.tgz. Extracting by manifest.
4301 silly tarball no local data for async-limiter@https://registry.npmjs.org/async-limiter/-/async-limiter-1.0.1.tgz. Extracting by manifest.
4302 silly tarball no local data for concat-map@https://registry.npmjs.org/concat-map/-/concat-map-0.0.1.tgz. Extracting by manifest.
4303 silly tarball no local data for @0no-co/graphql.web@https://registry.npmjs.org/@0no-co/graphql.web/-/graphql.web-1.3.3.tgz. Extracting by manifest.
4304 silly tarball no local data for wrappy@https://registry.npmjs.org/wrappy/-/wrappy-1.0.2.tgz. Extracting by manifest.
4305 silly tarball no local data for once@https://registry.npmjs.org/once/-/once-1.4.0.tgz. Extracting by manifest.
4306 silly tarball no local data for path-is-absolute@https://registry.npmjs.org/path-is-absolute/-/path-is-absolute-1.0.1.tgz. Extracting by manifest.
4307 silly tarball no local data for is-fullwidth-code-point@https://registry.npmjs.org/is-fullwidth-code-point/-/is-fullwidth-code-point-3.0.0.tgz. Extracting by manifest.
4308 silly tarball no local data for emoji-regex@https://registry.npmjs.org/emoji-regex/-/emoji-regex-8.0.0.tgz. Extracting by manifest.
4309 silly tarball no local data for fs.realpath@https://registry.npmjs.org/fs.realpath/-/fs.realpath-1.0.0.tgz. Extracting by manifest.
4310 silly tarball no local data for inflight@https://registry.npmjs.org/inflight/-/inflight-1.0.6.tgz. Extracting by manifest.
4311 silly tarball no local data for strip-ansi@https://registry.npmjs.org/strip-ansi/-/strip-ansi-6.0.1.tgz. Extracting by manifest.
4312 silly tarball no local data for wrap-ansi@https://registry.npmjs.org/wrap-ansi/-/wrap-ansi-7.0.0.tgz. Extracting by manifest.
4313 silly tarball no local data for y18n@https://registry.npmjs.org/y18n/-/y18n-5.0.8.tgz. Extracting by manifest.
4314 silly tarball no local data for yargs-parser@https://registry.npmjs.org/yargs-parser/-/yargs-parser-21.1.1.tgz. Extracting by manifest.
4315 silly tarball no local data for string-width@https://registry.npmjs.org/string-width/-/string-width-4.2.3.tgz. Extracting by manifest.
4316 silly tarball no local data for require-directory@https://registry.npmjs.org/require-directory/-/require-directory-2.1.1.tgz. Extracting by manifest.
4317 silly tarball no local data for big-integer@https://registry.npmjs.org/big-integer/-/big-integer-1.6.52.tgz. Extracting by manifest.
4318 silly tarball no local data for sax@https://registry.npmjs.org/sax/-/sax-1.6.1.tgz. Extracting by manifest.
4319 silly tarball no local data for cliui@https://registry.npmjs.org/cliui/-/cliui-8.0.1.tgz. Extracting by manifest.
4320 silly tarball no local data for get-caller-file@https://registry.npmjs.org/get-caller-file/-/get-caller-file-2.0.5.tgz. Extracting by manifest.
4321 silly tarball no local data for stream-buffers@https://registry.npmjs.org/stream-buffers/-/stream-buffers-2.2.0.tgz. Extracting by manifest.
4322 silly tarball no local data for plist@https://registry.npmjs.org/plist/-/plist-3.1.1.tgz. Extracting by manifest.
4323 silly tarball no local data for uuid@https://registry.npmjs.org/uuid/-/uuid-7.0.3.tgz. Extracting by manifest.
4324 silly tarball no local data for bplist-creator@https://registry.npmjs.org/bplist-creator/-/bplist-creator-0.1.0.tgz. Extracting by manifest.
4325 silly tarball no local data for bplist-parser@https://registry.npmjs.org/bplist-parser/-/bplist-parser-0.3.1.tgz. Extracting by manifest.
4326 silly tarball no local data for simple-plist@https://registry.npmjs.org/simple-plist/-/simple-plist-1.3.1.tgz. Extracting by manifest.
4327 silly tarball no local data for signal-exit@https://registry.npmjs.org/signal-exit/-/signal-exit-3.0.7.tgz. Extracting by manifest.
4328 silly tarball no local data for ieee754@https://registry.npmjs.org/ieee754/-/ieee754-1.2.1.tgz. Extracting by manifest.
4329 silly tarball no local data for imurmurhash@https://registry.npmjs.org/imurmurhash/-/imurmurhash-0.1.4.tgz. Extracting by manifest.
4330 silly tarball no local data for isexe@https://registry.npmjs.org/isexe/-/isexe-2.0.0.tgz. Extracting by manifest.
4331 silly tarball no local data for webidl-conversions@https://registry.npmjs.org/webidl-conversions/-/webidl-conversions-5.0.0.tgz. Extracting by manifest.
4332 silly tarball no local data for punycode@https://registry.npmjs.org/punycode/-/punycode-2.3.1.tgz. Extracting by manifest.
4333 silly tarball no local data for escalade@https://registry.npmjs.org/escalade/-/escalade-3.2.0.tgz. Extracting by manifest.
4334 silly tarball no local data for makeerror@https://registry.npmjs.org/makeerror/-/makeerror-1.0.12.tgz. Extracting by manifest.
4335 silly tarball no local data for buffer@https://registry.npmjs.org/buffer/-/buffer-5.7.1.tgz. Extracting by manifest.
4336 silly tarball no local data for tmpl@https://registry.npmjs.org/tmpl/-/tmpl-1.0.5.tgz. Extracting by manifest.
4337 silly tarball no local data for thenify@https://registry.npmjs.org/thenify/-/thenify-3.3.1.tgz. Extracting by manifest.
4338 silly tarball no local data for is-number@https://registry.npmjs.org/is-number/-/is-number-7.0.0.tgz. Extracting by manifest.
4339 silly tarball no local data for acorn@https://registry.npmjs.org/acorn/-/acorn-8.18.0.tgz. Extracting by manifest.
4340 silly tarball no local data for @jridgewell/source-map@https://registry.npmjs.org/@jridgewell/source-map/-/source-map-0.3.11.tgz. Extracting by manifest.
4341 silly tarball no local data for buffer-from@https://registry.npmjs.org/buffer-from/-/buffer-from-1.1.2.tgz. Extracting by manifest.
4342 silly tarball no local data for source-map-support@https://registry.npmjs.org/source-map-support/-/source-map-support-0.5.21.tgz. Extracting by manifest.
4343 silly tarball no local data for thenify-all@https://registry.npmjs.org/thenify-all/-/thenify-all-1.6.0.tgz. Extracting by manifest.
4344 silly tarball no local data for has-flag@https://registry.npmjs.org/has-flag/-/has-flag-3.0.0.tgz. Extracting by manifest.
4345 silly tarball no local data for object-assign@https://registry.npmjs.org/object-assign/-/object-assign-4.1.1.tgz. Extracting by manifest.
4346 silly tarball no local data for any-promise@https://registry.npmjs.org/any-promise/-/any-promise-1.3.0.tgz. Extracting by manifest.
4347 silly tarball no local data for ts-interface-checker@https://registry.npmjs.org/ts-interface-checker/-/ts-interface-checker-0.1.13.tgz. Extracting by manifest.
4348 silly tarball no local data for tinyglobby@https://registry.npmjs.org/tinyglobby/-/tinyglobby-0.2.17.tgz. Extracting by manifest.
4349 silly tarball no local data for is-arrayish@https://registry.npmjs.org/is-arrayish/-/is-arrayish-0.3.4.tgz. Extracting by manifest.
4350 silly tarball no local data for type-fest@https://registry.npmjs.org/type-fest/-/type-fest-0.7.1.tgz. Extracting by manifest.
4351 silly tarball no local data for lines-and-columns@https://registry.npmjs.org/lines-and-columns/-/lines-and-columns-1.2.4.tgz. Extracting by manifest.
4352 silly tarball no local data for mz@https://registry.npmjs.org/mz/-/mz-2.7.0.tgz. Extracting by manifest.
4353 silly tarball no local data for toidentifier@https://registry.npmjs.org/toidentifier/-/toidentifier-1.0.1.tgz. Extracting by manifest.
4354 silly tarball no local data for shebang-regex@https://registry.npmjs.org/shebang-regex/-/shebang-regex-3.0.0.tgz. Extracting by manifest.
4355 silly tarball no local data for mime@https://registry.npmjs.org/mime/-/mime-1.6.0.tgz. Extracting by manifest.
4356 silly tarball no local data for http-errors@https://registry.npmjs.org/http-errors/-/http-errors-2.0.1.tgz. Extracting by manifest.
4357 silly tarball no local data for fresh@https://registry.npmjs.org/fresh/-/fresh-0.5.2.tgz. Extracting by manifest.
4358 silly tarball no local data for etag@https://registry.npmjs.org/etag/-/etag-1.8.1.tgz. Extracting by manifest.
4359 silly tarball no local data for destroy@https://registry.npmjs.org/destroy/-/destroy-1.2.0.tgz. Extracting by manifest.
4360 silly tarball no local data for setprototypeof@https://registry.npmjs.org/setprototypeof/-/setprototypeof-1.2.0.tgz. Extracting by manifest.
4361 silly tarball no local data for range-parser@https://registry.npmjs.org/range-parser/-/range-parser-1.2.1.tgz. Extracting by manifest.
4362 silly tarball no local data for depd@https://registry.npmjs.org/depd/-/depd-2.0.0.tgz. Extracting by manifest.
4363 silly tarball no local data for send@https://registry.npmjs.org/send/-/send-0.19.2.tgz. Extracting by manifest.
4364 silly tarball no local data for asap@https://registry.npmjs.org/asap/-/asap-2.0.6.tgz. Extracting by manifest.
4365 silly tarball no local data for p-locate@https://registry.npmjs.org/p-locate/-/p-locate-4.1.0.tgz. Extracting by manifest.
4366 silly tarball no local data for marky@https://registry.npmjs.org/marky/-/marky-1.3.0.tgz. Extracting by manifest.
4367 silly tarball no local data for react-freeze@https://registry.npmjs.org/react-freeze/-/react-freeze-1.0.4.tgz. Extracting by manifest.
4368 silly tarball no local data for shell-quote@https://registry.npmjs.org/shell-quote/-/shell-quote-1.10.0.tgz. Extracting by manifest.
4369 silly tarball no local data for esprima@https://registry.npmjs.org/esprima/-/esprima-4.0.1.tgz. Extracting by manifest.
4370 silly tarball no local data for sprintf-js@https://registry.npmjs.org/sprintf-js/-/sprintf-js-1.0.3.tgz. Extracting by manifest.
4371 silly tarball no local data for argparse@https://registry.npmjs.org/argparse/-/argparse-1.0.10.tgz. Extracting by manifest.
4372 silly tarball no local data for @types/stack-utils@https://registry.npmjs.org/@types/stack-utils/-/stack-utils-2.0.3.tgz. Extracting by manifest.
4373 silly tarball no local data for stack-utils@https://registry.npmjs.org/stack-utils/-/stack-utils-2.0.6.tgz. Extracting by manifest.
4374 silly tarball no local data for normalize-path@https://registry.npmjs.org/normalize-path/-/normalize-path-3.0.0.tgz. Extracting by manifest.
4375 silly tarball no local data for anymatch@https://registry.npmjs.org/anymatch/-/anymatch-3.1.3.tgz. Extracting by manifest.
4376 silly tarball no local data for fsevents@https://registry.npmjs.org/fsevents/-/fsevents-2.3.3.tgz. Extracting by manifest.
4377 silly tarball no local data for @sinonjs/commons@https://registry.npmjs.org/@sinonjs/commons/-/commons-3.0.1.tgz. Extracting by manifest.
4378 silly tarball no local data for @types/graceful-fs@https://registry.npmjs.org/@types/graceful-fs/-/graceful-fs-4.1.9.tgz. Extracting by manifest.
4379 silly tarball no local data for type-detect@https://registry.npmjs.org/type-detect/-/type-detect-4.0.8.tgz. Extracting by manifest.
4380 silly tarball no local data for jest-mock@https://registry.npmjs.org/jest-mock/-/jest-mock-29.7.0.tgz. Extracting by manifest.
4381 silly tarball no local data for @jest/fake-timers@https://registry.npmjs.org/@jest/fake-timers/-/fake-timers-29.7.0.tgz. Extracting by manifest.
4382 silly tarball no local data for @sinonjs/fake-timers@https://registry.npmjs.org/@sinonjs/fake-timers/-/fake-timers-10.3.0.tgz. Extracting by manifest.
4383 silly tarball no local data for istanbul-lib-coverage@https://registry.npmjs.org/istanbul-lib-coverage/-/istanbul-lib-coverage-3.2.2.tgz. Extracting by manifest.
4384 silly tarball no local data for jest-message-util@https://registry.npmjs.org/jest-message-util/-/jest-message-util-29.7.0.tgz. Extracting by manifest.
4385 silly tarball no local data for @jest/environment@https://registry.npmjs.org/@jest/environment/-/environment-29.7.0.tgz. Extracting by manifest.
4386 silly tarball no local data for rimraf@https://registry.npmjs.org/rimraf/-/rimraf-3.0.2.tgz. Extracting by manifest.
4387 silly tarball no local data for path-exists@https://registry.npmjs.org/path-exists/-/path-exists-4.0.0.tgz. Extracting by manifest.
4388 silly tarball no local data for mkdirp@https://registry.npmjs.org/mkdirp/-/mkdirp-1.0.4.tgz. Extracting by manifest.
4389 silly tarball no local data for locate-path@https://registry.npmjs.org/locate-path/-/locate-path-5.0.0.tgz. Extracting by manifest.
4390 silly tarball no local data for lighthouse-logger@https://registry.npmjs.org/lighthouse-logger/-/lighthouse-logger-1.4.2.tgz. Extracting by manifest.
4391 silly tarball no local data for is-docker@https://registry.npmjs.org/is-docker/-/is-docker-2.2.1.tgz. Extracting by manifest.
4392 silly tarball no local data for is-wsl@https://registry.npmjs.org/is-wsl/-/is-wsl-2.2.0.tgz. Extracting by manifest.
4393 silly tarball no local data for @babel/plugin-syntax-top-level-await@https://registry.npmjs.org/@babel/plugin-syntax-top-level-await/-/plugin-syntax-top-level-await-7.14.5.tgz. Extracting by manifest.
4394 silly tarball no local data for @babel/plugin-syntax-optional-catch-binding@https://registry.npmjs.org/@babel/plugin-syntax-optional-catch-binding/-/plugin-syntax-optional-catch-binding-7.8.3.tgz. Extracting by manifest.
4395 silly tarball no local data for @babel/plugin-syntax-object-rest-spread@https://registry.npmjs.org/@babel/plugin-syntax-object-rest-spread/-/plugin-syntax-object-rest-spread-7.8.3.tgz. Extracting by manifest.
4396 silly tarball no local data for @babel/plugin-syntax-optional-chaining@https://registry.npmjs.org/@babel/plugin-syntax-optional-chaining/-/plugin-syntax-optional-chaining-7.8.3.tgz. Extracting by manifest.
4397 silly tarball no local data for @babel/plugin-syntax-private-property-in-object@https://registry.npmjs.org/@babel/plugin-syntax-private-property-in-object/-/plugin-syntax-private-property-in-object-7.14.5.tgz. Extracting by manifest.
4398 silly tarball no local data for @babel/plugin-syntax-nullish-coalescing-operator@https://registry.npmjs.org/@babel/plugin-syntax-nullish-coalescing-operator/-/plugin-syntax-nullish-coalescing-operator-7.8.3.tgz. Extracting by manifest.
4399 silly tarball no local data for @babel/plugin-syntax-numeric-separator@https://registry.npmjs.org/@babel/plugin-syntax-numeric-separator/-/plugin-syntax-numeric-separator-7.10.4.tgz. Extracting by manifest.
4400 silly tarball no local data for @babel/plugin-syntax-json-strings@https://registry.npmjs.org/@babel/plugin-syntax-json-strings/-/plugin-syntax-json-strings-7.8.3.tgz. Extracting by manifest.
4401 silly tarball no local data for @babel/plugin-syntax-logical-assignment-operators@https://registry.npmjs.org/@babel/plugin-syntax-logical-assignment-operators/-/plugin-syntax-logical-assignment-operators-7.10.4.tgz. Extracting by manifest.
4402 silly tarball no local data for @babel/plugin-syntax-import-meta@https://registry.npmjs.org/@babel/plugin-syntax-import-meta/-/plugin-syntax-import-meta-7.10.4.tgz. Extracting by manifest.
4403 silly tarball no local data for @babel/plugin-syntax-import-attributes@https://registry.npmjs.org/@babel/plugin-syntax-import-attributes/-/plugin-syntax-import-attributes-7.29.7.tgz. Extracting by manifest.
4404 silly tarball no local data for @babel/plugin-syntax-class-static-block@https://registry.npmjs.org/@babel/plugin-syntax-class-static-block/-/plugin-syntax-class-static-block-7.14.5.tgz. Extracting by manifest.
4405 silly tarball no local data for @babel/plugin-syntax-async-generators@https://registry.npmjs.org/@babel/plugin-syntax-async-generators/-/plugin-syntax-async-generators-7.8.4.tgz. Extracting by manifest.
4406 silly tarball no local data for @babel/plugin-syntax-bigint@https://registry.npmjs.org/@babel/plugin-syntax-bigint/-/plugin-syntax-bigint-7.8.3.tgz. Extracting by manifest.
4407 silly tarball no local data for @babel/plugin-syntax-class-properties@https://registry.npmjs.org/@babel/plugin-syntax-class-properties/-/plugin-syntax-class-properties-7.12.13.tgz. Extracting by manifest.
4408 silly tarball no local data for js-yaml@https://registry.npmjs.org/js-yaml/-/js-yaml-3.15.1.tgz. Extracting by manifest.
4409 silly tarball no local data for babel-plugin-jest-hoist@https://registry.npmjs.org/babel-plugin-jest-hoist/-/babel-plugin-jest-hoist-29.6.3.tgz. Extracting by manifest.
4410 silly tarball no local data for babel-preset-current-node-syntax@https://registry.npmjs.org/babel-preset-current-node-syntax/-/babel-preset-current-node-syntax-1.2.0.tgz. Extracting by manifest.
4411 silly tarball no local data for get-package-type@https://registry.npmjs.org/get-package-type/-/get-package-type-0.1.0.tgz. Extracting by manifest.
4412 silly tarball no local data for find-up@https://registry.npmjs.org/find-up/-/find-up-4.1.0.tgz. Extracting by manifest.
4413 silly tarball no local data for test-exclude@https://registry.npmjs.org/test-exclude/-/test-exclude-6.0.0.tgz. Extracting by manifest.
4414 silly tarball no local data for istanbul-lib-instrument@https://registry.npmjs.org/istanbul-lib-instrument/-/istanbul-lib-instrument-5.2.1.tgz. Extracting by manifest.
4415 silly tarball no local data for @babel/helper-plugin-utils@https://registry.npmjs.org/@babel/helper-plugin-utils/-/helper-plugin-utils-7.29.7.tgz. Extracting by manifest.
4416 silly tarball no local data for @istanbuljs/load-nyc-config@https://registry.npmjs.org/@istanbuljs/load-nyc-config/-/load-nyc-config-1.1.0.tgz. Extracting by manifest.
4417 silly tarball no local data for @istanbuljs/schema@https://registry.npmjs.org/@istanbuljs/schema/-/schema-0.1.6.tgz. Extracting by manifest.
4418 silly tarball no local data for @types/babel__traverse@https://registry.npmjs.org/@types/babel__traverse/-/babel__traverse-7.28.0.tgz. Extracting by manifest.
4419 silly tarball no local data for @types/babel__template@https://registry.npmjs.org/@types/babel__template/-/babel__template-7.4.4.tgz. Extracting by manifest.
4420 silly tarball no local data for @types/babel__generator@https://registry.npmjs.org/@types/babel__generator/-/babel__generator-7.27.0.tgz. Extracting by manifest.
4421 silly tarball no local data for pirates@https://registry.npmjs.org/pirates/-/pirates-4.0.7.tgz. Extracting by manifest.
4422 silly tarball no local data for write-file-atomic@https://registry.npmjs.org/write-file-atomic/-/write-file-atomic-4.0.2.tgz. Extracting by manifest.
4423 silly tarball no local data for jest-regex-util@https://registry.npmjs.org/jest-regex-util/-/jest-regex-util-29.6.3.tgz. Extracting by manifest.
4424 silly tarball no local data for jest-haste-map@https://registry.npmjs.org/jest-haste-map/-/jest-haste-map-29.7.0.tgz. Extracting by manifest.
4425 silly tarball no local data for @types/babel__core@https://registry.npmjs.org/@types/babel__core/-/babel__core-7.20.5.tgz. Extracting by manifest.
4426 silly tarball no local data for babel-plugin-istanbul@https://registry.npmjs.org/babel-plugin-istanbul/-/babel-plugin-istanbul-6.1.1.tgz. Extracting by manifest.
4427 silly tarball no local data for babel-preset-jest@https://registry.npmjs.org/babel-preset-jest/-/babel-preset-jest-29.6.3.tgz. Extracting by manifest.
4428 silly tarball no local data for fast-json-stable-stringify@https://registry.npmjs.org/fast-json-stable-stringify/-/fast-json-stable-stringify-2.1.0.tgz. Extracting by manifest.
4429 silly tarball no local data for event-target-shim@https://registry.npmjs.org/event-target-shim/-/event-target-shim-5.0.1.tgz. Extracting by manifest.
4430 silly tarball no local data for @jest/transform@https://registry.npmjs.org/@jest/transform/-/transform-29.7.0.tgz. Extracting by manifest.
4431 silly tarball no local data for chrome-launcher@https://registry.npmjs.org/chrome-launcher/-/chrome-launcher-0.15.2.tgz. Extracting by manifest.
4432 silly tarball no local data for open@https://registry.npmjs.org/open/-/open-7.4.2.tgz. Extracting by manifest.
4433 silly tarball no local data for serve-static@https://registry.npmjs.org/serve-static/-/serve-static-1.16.3.tgz. Extracting by manifest.
4434 silly tarball no local data for @isaacs/ttlcache@https://registry.npmjs.org/@isaacs/ttlcache/-/ttlcache-1.4.1.tgz. Extracting by manifest.
4435 silly tarball no local data for @react-native/debugger-frontend@https://registry.npmjs.org/@react-native/debugger-frontend/-/debugger-frontend-0.81.5.tgz. Extracting by manifest.
4436 silly tarball no local data for @react-native/dev-middleware@https://registry.npmjs.org/@react-native/dev-middleware/-/dev-middleware-0.81.5.tgz. Extracting by manifest.
4437 silly tarball no local data for scheduler@https://registry.npmjs.org/scheduler/-/scheduler-0.26.0.tgz. Extracting by manifest.
4438 silly tarball no local data for stacktrace-parser@https://registry.npmjs.org/stacktrace-parser/-/stacktrace-parser-0.1.11.tgz. Extracting by manifest.
4439 silly tarball no local data for whatwg-fetch@https://registry.npmjs.org/whatwg-fetch/-/whatwg-fetch-3.6.20.tgz. Extracting by manifest.
4440 silly tarball no local data for regenerator-runtime@https://registry.npmjs.org/regenerator-runtime/-/regenerator-runtime-0.13.11.tgz. Extracting by manifest.
4441 silly tarball no local data for react-devtools-core@https://registry.npmjs.org/react-devtools-core/-/react-devtools-core-6.1.5.tgz. Extracting by manifest.
4442 silly tarball no local data for promise@https://registry.npmjs.org/promise/-/promise-8.3.0.tgz. Extracting by manifest.
4443 silly tarball no local data for memoize-one@https://registry.npmjs.org/memoize-one/-/memoize-one-5.2.1.tgz. Extracting by manifest.
4444 silly tarball no local data for jest-environment-node@https://registry.npmjs.org/jest-environment-node/-/jest-environment-node-29.7.0.tgz. Extracting by manifest.
4445 silly tarball no local data for babel-plugin-syntax-hermes-parser@https://registry.npmjs.org/babel-plugin-syntax-hermes-parser/-/babel-plugin-syntax-hermes-parser-0.29.1.tgz. Extracting by manifest.
4446 silly tarball no local data for babel-jest@https://registry.npmjs.org/babel-jest/-/babel-jest-29.7.0.tgz. Extracting by manifest.
4447 silly tarball no local data for ansi-regex@https://registry.npmjs.org/ansi-regex/-/ansi-regex-5.0.1.tgz. Extracting by manifest.
4448 silly tarball no local data for anser@https://registry.npmjs.org/anser/-/anser-1.4.10.tgz. Extracting by manifest.
4449 silly tarball no local data for abort-controller@https://registry.npmjs.org/abort-controller/-/abort-controller-3.0.0.tgz. Extracting by manifest.
4450 silly tarball no local data for @react-native/normalize-colors@https://registry.npmjs.org/@react-native/normalize-colors/-/normalize-colors-0.81.5.tgz. Extracting by manifest.
4451 silly tarball no local data for @react-native/js-polyfills@https://registry.npmjs.org/@react-native/js-polyfills/-/js-polyfills-0.81.5.tgz. Extracting by manifest.
4452 silly tarball no local data for @react-native/gradle-plugin@https://registry.npmjs.org/@react-native/gradle-plugin/-/gradle-plugin-0.81.5.tgz. Extracting by manifest.
4453 silly tarball no local data for @react-native/community-cli-plugin@https://registry.npmjs.org/@react-native/community-cli-plugin/-/community-cli-plugin-0.81.5.tgz. Extracting by manifest.
4454 silly tarball no local data for @react-native/assets-registry@https://registry.npmjs.org/@react-native/assets-registry/-/assets-registry-0.81.5.tgz. Extracting by manifest.
4455 silly tarball no local data for @react-native/codegen@https://registry.npmjs.org/@react-native/codegen/-/codegen-0.81.5.tgz. Extracting by manifest.
4456 silly tarball no local data for @jest/create-cache-key-function@https://registry.npmjs.org/@jest/create-cache-key-function/-/create-cache-key-function-29.7.0.tgz. Extracting by manifest.
4457 silly tarball no local data for void-elements@https://registry.npmjs.org/void-elements/-/void-elements-3.1.0.tgz. Extracting by manifest.
4458 silly tarball no local data for inherits@https://registry.npmjs.org/inherits/-/inherits-2.0.4.tgz. Extracting by manifest.
4459 silly tarball no local data for html-parse-stringify@https://registry.npmjs.org/html-parse-stringify/-/html-parse-stringify-3.1.0.tgz. Extracting by manifest.
4460 silly tarball no local data for chromium-edge-launcher@https://registry.npmjs.org/chromium-edge-launcher/-/chromium-edge-launcher-0.2.0.tgz. Extracting by manifest.
4461 silly tarball no local data for strict-uri-encode@https://registry.npmjs.org/strict-uri-encode/-/strict-uri-encode-2.0.0.tgz. Extracting by manifest.
4462 silly tarball no local data for split-on-first@https://registry.npmjs.org/split-on-first/-/split-on-first-1.1.0.tgz. Extracting by manifest.
4463 silly tarball no local data for filter-obj@https://registry.npmjs.org/filter-obj/-/filter-obj-1.1.0.tgz. Extracting by manifest.
4464 silly tarball no local data for yocto-queue@https://registry.npmjs.org/yocto-queue/-/yocto-queue-0.1.0.tgz. Extracting by manifest.
4465 silly tarball no local data for ee-first@https://registry.npmjs.org/ee-first/-/ee-first-1.1.1.tgz. Extracting by manifest.
4466 silly tarball no local data for brace-expansion@https://registry.npmjs.org/brace-expansion/-/brace-expansion-5.0.9.tgz. Extracting by manifest.
4467 silly tarball no local data for balanced-match@https://registry.npmjs.org/balanced-match/-/balanced-match-4.0.4.tgz. Extracting by manifest.
4468 silly tarball no local data for decode-uri-component@https://registry.npmjs.org/decode-uri-component/-/decode-uri-component-0.2.2.tgz. Extracting by manifest.
4469 silly tarball no local data for mime-db@https://registry.npmjs.org/mime-db/-/mime-db-1.52.0.tgz. Extracting by manifest.
4470 silly tarball no local data for fill-range@https://registry.npmjs.org/fill-range/-/fill-range-7.1.1.tgz. Extracting by manifest.
4471 silly tarball no local data for to-regex-range@https://registry.npmjs.org/to-regex-range/-/to-regex-range-5.0.1.tgz. Extracting by manifest.
4472 silly tarball no local data for braces@https://registry.npmjs.org/braces/-/braces-3.0.3.tgz. Extracting by manifest.
4473 silly tarball no local data for ob1@https://registry.npmjs.org/ob1/-/ob1-0.83.3.tgz. Extracting by manifest.
4474 silly tarball no local data for @babel/traverse--for-generate-function-map@https://registry.npmjs.org/@babel/traverse/-/traverse-7.29.8.tgz. Extracting by manifest.
4475 silly tarball no local data for vlq@https://registry.npmjs.org/vlq/-/vlq-1.0.1.tgz. Extracting by manifest.
4476 silly tarball no local data for bser@https://registry.npmjs.org/bser/-/bser-2.1.1.tgz. Extracting by manifest.
4477 silly tarball no local data for node-int64@https://registry.npmjs.org/node-int64/-/node-int64-0.4.0.tgz. Extracting by manifest.
4478 silly tarball no local data for walker@https://registry.npmjs.org/walker/-/walker-1.0.8.tgz. Extracting by manifest.
4479 silly tarball no local data for terser@https://registry.npmjs.org/terser/-/terser-5.49.2.tgz. Extracting by manifest.
4480 silly tarball no local data for micromatch@https://registry.npmjs.org/micromatch/-/micromatch-4.0.8.tgz. Extracting by manifest.
4481 silly tarball no local data for fb-watchman@https://registry.npmjs.org/fb-watchman/-/fb-watchman-2.0.2.tgz. Extracting by manifest.
4482 silly tarball no local data for leven@https://registry.npmjs.org/leven/-/leven-3.1.0.tgz. Extracting by manifest.
4483 silly tarball no local data for jest-get-type@https://registry.npmjs.org/jest-get-type/-/jest-get-type-29.6.3.tgz. Extracting by manifest.
4484 silly tarball no local data for yaml@https://registry.npmjs.org/yaml/-/yaml-2.9.0.tgz. Extracting by manifest.
4485 silly tarball no local data for jest-validate@https://registry.npmjs.org/jest-validate/-/jest-validate-29.7.0.tgz. Extracting by manifest.
4486 silly tarball no local data for camelcase@https://registry.npmjs.org/camelcase/-/camelcase-6.3.0.tgz. Extracting by manifest.
4487 silly tarball no local data for yallist@https://registry.npmjs.org/yallist/-/yallist-3.1.1.tgz. Extracting by manifest.
4488 silly tarball no local data for exponential-backoff@https://registry.npmjs.org/exponential-backoff/-/exponential-backoff-3.1.3.tgz. Extracting by manifest.
4489 silly tarball no local data for agent-base@https://registry.npmjs.org/agent-base/-/agent-base-7.1.4.tgz. Extracting by manifest.
4490 silly tarball no local data for @types/istanbul-lib-report@https://registry.npmjs.org/@types/istanbul-lib-report/-/istanbul-lib-report-3.0.3.tgz. Extracting by manifest.
4491 silly tarball no local data for @types/yargs-parser@https://registry.npmjs.org/@types/yargs-parser/-/yargs-parser-21.0.3.tgz. Extracting by manifest.
4492 silly tarball no local data for https-proxy-agent@https://registry.npmjs.org/https-proxy-agent/-/https-proxy-agent-7.0.6.tgz. Extracting by manifest.
4493 silly tarball no local data for @sinclair/typebox@https://registry.npmjs.org/@sinclair/typebox/-/typebox-0.27.12.tgz. Extracting by manifest.
4494 silly tarball no local data for @types/yargs@https://registry.npmjs.org/@types/yargs/-/yargs-17.0.35.tgz. Extracting by manifest.
4495 silly tarball no local data for @types/istanbul-reports@https://registry.npmjs.org/@types/istanbul-reports/-/istanbul-reports-3.0.4.tgz. Extracting by manifest.
4496 silly tarball no local data for @types/istanbul-lib-coverage@https://registry.npmjs.org/@types/istanbul-lib-coverage/-/istanbul-lib-coverage-2.0.6.tgz. Extracting by manifest.
4497 silly tarball no local data for picomatch@https://registry.npmjs.org/picomatch/-/picomatch-2.3.2.tgz. Extracting by manifest.
4498 silly tarball no local data for undici-types@https://registry.npmjs.org/undici-types/-/undici-types-8.3.0.tgz. Extracting by manifest.
4499 silly tarball no local data for @jest/types@https://registry.npmjs.org/@jest/types/-/types-29.6.3.tgz. Extracting by manifest.
4500 silly tarball no local data for @jest/schemas@https://registry.npmjs.org/@jest/schemas/-/schemas-29.6.3.tgz. Extracting by manifest.
4501 silly tarball no local data for merge-stream@https://registry.npmjs.org/merge-stream/-/merge-stream-2.0.0.tgz. Extracting by manifest.
4502 silly tarball no local data for jest-util@https://registry.npmjs.org/jest-util/-/jest-util-29.7.0.tgz. Extracting by manifest.
4503 silly tarball no local data for @types/node@https://registry.npmjs.org/@types/node/-/node-26.2.0.tgz. Extracting by manifest.
4504 silly tarball no local data for queue@https://registry.npmjs.org/queue/-/queue-6.0.2.tgz. Extracting by manifest.
4505 silly tarball no local data for hermes-estree@https://registry.npmjs.org/hermes-estree/-/hermes-estree-0.32.0.tgz. Extracting by manifest.
4506 silly tarball no local data for unpipe@https://registry.npmjs.org/unpipe/-/unpipe-1.0.0.tgz. Extracting by manifest.
4507 silly tarball no local data for statuses@https://registry.npmjs.org/statuses/-/statuses-1.5.0.tgz. Extracting by manifest.
4508 silly tarball no local data for escape-html@https://registry.npmjs.org/escape-html/-/escape-html-1.0.3.tgz. Extracting by manifest.
4509 silly tarball no local data for on-finished@https://registry.npmjs.org/on-finished/-/on-finished-2.3.0.tgz. Extracting by manifest.
4510 silly tarball no local data for encodeurl@https://registry.npmjs.org/encodeurl/-/encodeurl-1.0.2.tgz. Extracting by manifest.
4511 silly tarball no local data for stackframe@https://registry.npmjs.org/stackframe/-/stackframe-1.3.4.tgz. Extracting by manifest.
4512 silly tarball no local data for parseurl@https://registry.npmjs.org/parseurl/-/parseurl-1.3.3.tgz. Extracting by manifest.
4513 silly tarball no local data for utils-merge@https://registry.npmjs.org/utils-merge/-/utils-merge-1.0.1.tgz. Extracting by manifest.
4514 silly tarball no local data for finalhandler@https://registry.npmjs.org/finalhandler/-/finalhandler-1.1.2.tgz. Extracting by manifest.
4515 silly tarball no local data for update-browserslist-db@https://registry.npmjs.org/update-browserslist-db/-/update-browserslist-db-1.3.1.tgz. Extracting by manifest.
4516 silly tarball no local data for electron-to-chromium@https://registry.npmjs.org/electron-to-chromium/-/electron-to-chromium-1.5.404.tgz. Extracting by manifest.
4517 silly tarball no local data for node-releases@https://registry.npmjs.org/node-releases/-/node-releases-2.0.53.tgz. Extracting by manifest.
4518 silly tarball no local data for caniuse-lite@https://registry.npmjs.org/caniuse-lite/-/caniuse-lite-1.0.30001809.tgz. Extracting by manifest.
4519 silly tarball no local data for baseline-browser-mapping@https://registry.npmjs.org/baseline-browser-mapping/-/baseline-browser-mapping-2.11.13.tgz. Extracting by manifest.
4520 silly tarball no local data for negotiator@https://registry.npmjs.org/negotiator/-/negotiator-0.6.3.tgz. Extracting by manifest.
4521 silly tarball no local data for @jridgewell/resolve-uri@https://registry.npmjs.org/@jridgewell/resolve-uri/-/resolve-uri-3.1.2.tgz. Extracting by manifest.
4522 silly tarball no local data for @jridgewell/sourcemap-codec@https://registry.npmjs.org/@jridgewell/sourcemap-codec/-/sourcemap-codec-1.5.5.tgz. Extracting by manifest.
4523 silly tarball no local data for @babel/helper-string-parser@https://registry.npmjs.org/@babel/helper-string-parser/-/helper-string-parser-7.29.7.tgz. Extracting by manifest.
4524 silly tarball no local data for @babel/helper-globals@https://registry.npmjs.org/@babel/helper-globals/-/helper-globals-7.29.7.tgz. Extracting by manifest.
4525 silly tarball no local data for lru-cache@https://registry.npmjs.org/lru-cache/-/lru-cache-5.1.1.tgz. Extracting by manifest.
4526 silly tarball no local data for browserslist@https://registry.npmjs.org/browserslist/-/browserslist-4.28.8.tgz. Extracting by manifest.
4527 silly tarball no local data for @babel/helper-module-imports@https://registry.npmjs.org/@babel/helper-module-imports/-/helper-module-imports-7.29.7.tgz. Extracting by manifest.
4528 silly tarball no local data for @babel/helper-validator-option@https://registry.npmjs.org/@babel/helper-validator-option/-/helper-validator-option-7.29.7.tgz. Extracting by manifest.
4529 silly tarball no local data for jsesc@https://registry.npmjs.org/jsesc/-/jsesc-3.1.0.tgz. Extracting by manifest.
4530 silly tarball no local data for @babel/compat-data@https://registry.npmjs.org/@babel/compat-data/-/compat-data-7.29.7.tgz. Extracting by manifest.
4531 silly tarball no local data for @jridgewell/trace-mapping@https://registry.npmjs.org/@jridgewell/trace-mapping/-/trace-mapping-0.3.31.tgz. Extracting by manifest.
4532 silly tarball no local data for @jridgewell/gen-mapping@https://registry.npmjs.org/@jridgewell/gen-mapping/-/gen-mapping-0.3.13.tgz. Extracting by manifest.
4533 silly tarball no local data for gensync@https://registry.npmjs.org/gensync/-/gensync-1.0.0-beta.2.tgz. Extracting by manifest.
4534 silly tarball no local data for convert-source-map@https://registry.npmjs.org/convert-source-map/-/convert-source-map-2.0.0.tgz. Extracting by manifest.
4535 silly tarball no local data for @jridgewell/remapping@https://registry.npmjs.org/@jridgewell/remapping/-/remapping-2.3.5.tgz. Extracting by manifest.
4536 silly tarball no local data for @babel/helpers@https://registry.npmjs.org/@babel/helpers/-/helpers-7.29.7.tgz. Extracting by manifest.
4537 silly tarball no local data for @babel/helper-module-transforms@https://registry.npmjs.org/@babel/helper-module-transforms/-/helper-module-transforms-7.29.7.tgz. Extracting by manifest.
4538 silly tarball no local data for @babel/helper-compilation-targets@https://registry.npmjs.org/@babel/helper-compilation-targets/-/helper-compilation-targets-7.29.7.tgz. Extracting by manifest.
4539 silly tarball no local data for yargs@https://registry.npmjs.org/yargs/-/yargs-17.7.3.tgz. Extracting by manifest.
4540 silly tarball no local data for ws@https://registry.npmjs.org/ws/-/ws-7.5.13.tgz. Extracting by manifest.
4541 silly tarball no local data for throat@https://registry.npmjs.org/throat/-/throat-5.0.0.tgz. Extracting by manifest.
4542 silly tarball no local data for source-map@https://registry.npmjs.org/source-map/-/source-map-0.5.7.tgz. Extracting by manifest.
4543 silly tarball no local data for serialize-error@https://registry.npmjs.org/serialize-error/-/serialize-error-2.1.0.tgz. Extracting by manifest.
4544 silly tarball no local data for nullthrows@https://registry.npmjs.org/nullthrows/-/nullthrows-1.1.1.tgz. Extracting by manifest.
4545 silly tarball no local data for mime-types@https://registry.npmjs.org/mime-types/-/mime-types-2.1.35.tgz. Extracting by manifest.
4546 silly tarball no local data for lodash.throttle@https://registry.npmjs.org/lodash.throttle/-/lodash.throttle-4.1.1.tgz. Extracting by manifest.
4547 silly tarball no local data for jsc-safe-url@https://registry.npmjs.org/jsc-safe-url/-/jsc-safe-url-0.2.4.tgz. Extracting by manifest.
4548 silly tarball no local data for jest-worker@https://registry.npmjs.org/jest-worker/-/jest-worker-29.7.0.tgz. Extracting by manifest.
4549 silly tarball no local data for image-size@https://registry.npmjs.org/image-size/-/image-size-1.2.1.tgz. Extracting by manifest.
4550 silly tarball no local data for hermes-parser@https://registry.npmjs.org/hermes-parser/-/hermes-parser-0.32.0.tgz. Extracting by manifest.
4551 silly tarball no local data for graceful-fs@https://registry.npmjs.org/graceful-fs/-/graceful-fs-4.2.11.tgz. Extracting by manifest.
4552 silly tarball no local data for flow-enums-runtime@https://registry.npmjs.org/flow-enums-runtime/-/flow-enums-runtime-0.0.6.tgz. Extracting by manifest.
4553 silly tarball no local data for error-stack-parser@https://registry.npmjs.org/error-stack-parser/-/error-stack-parser-2.1.4.tgz. Extracting by manifest.
4554 silly tarball no local data for connect@https://registry.npmjs.org/connect/-/connect-3.7.0.tgz. Extracting by manifest.
4555 silly tarball no local data for ci-info@https://registry.npmjs.org/ci-info/-/ci-info-2.0.0.tgz. Extracting by manifest.
4556 silly tarball no local data for accepts@https://registry.npmjs.org/accepts/-/accepts-1.3.8.tgz. Extracting by manifest.
4557 silly tarball no local data for @babel/types@https://registry.npmjs.org/@babel/types/-/types-7.29.8.tgz. Extracting by manifest.
4558 silly tarball no local data for @babel/traverse@https://registry.npmjs.org/@babel/traverse/-/traverse-7.29.8.tgz. Extracting by manifest.
4559 silly tarball no local data for @babel/template@https://registry.npmjs.org/@babel/template/-/template-7.29.7.tgz. Extracting by manifest.
4560 silly tarball no local data for @babel/parser@https://registry.npmjs.org/@babel/parser/-/parser-7.29.8.tgz. Extracting by manifest.
4561 silly tarball no local data for @babel/core@https://registry.npmjs.org/@babel/core/-/core-7.29.7.tgz. Extracting by manifest.
4562 silly tarball no local data for is-plain-obj@https://registry.npmjs.org/is-plain-obj/-/is-plain-obj-2.1.0.tgz. Extracting by manifest.
4563 silly tarball no local data for loose-envify@https://registry.npmjs.org/loose-envify/-/loose-envify-1.4.0.tgz. Extracting by manifest.
4564 silly tarball no local data for path-scurry@https://registry.npmjs.org/path-scurry/-/path-scurry-2.0.2.tgz. Extracting by manifest.
4565 silly tarball no local data for minipass@https://registry.npmjs.org/minipass/-/minipass-7.1.3.tgz. Extracting by manifest.
4566 silly tarball no local data for react-native-is-edge-to-edge@https://registry.npmjs.org/react-native-is-edge-to-edge/-/react-native-is-edge-to-edge-1.3.1.tgz. Extracting by manifest.
4567 silly tarball no local data for invariant@https://registry.npmjs.org/invariant/-/invariant-2.2.4.tgz. Extracting by manifest.
4568 silly tarball no local data for commander@https://registry.npmjs.org/commander/-/commander-7.2.0.tgz. Extracting by manifest.
4569 silly tarball no local data for fontfaceobserver@https://registry.npmjs.org/fontfaceobserver/-/fontfaceobserver-2.3.0.tgz. Extracting by manifest.
4570 silly tarball no local data for which@https://registry.npmjs.org/which/-/which-2.0.2.tgz. Extracting by manifest.
4571 silly tarball no local data for shebang-command@https://registry.npmjs.org/shebang-command/-/shebang-command-2.0.0.tgz. Extracting by manifest.
4572 silly tarball no local data for path-key@https://registry.npmjs.org/path-key/-/path-key-3.1.1.tgz. Extracting by manifest.
4573 silly tarball no local data for ansi-styles@https://registry.npmjs.org/ansi-styles/-/ansi-styles-3.2.1.tgz. Extracting by manifest.
4574 silly tarball no local data for @babel/generator@https://registry.npmjs.org/@babel/generator/-/generator-7.29.8.tgz. Extracting by manifest.
4575 silly tarball no local data for cross-spawn@https://registry.npmjs.org/cross-spawn/-/cross-spawn-7.0.6.tgz. Extracting by manifest.
4576 silly tarball no local data for xmlbuilder@https://registry.npmjs.org/xmlbuilder/-/xmlbuilder-15.1.1.tgz. Extracting by manifest.
4577 silly tarball no local data for base64-js@https://registry.npmjs.org/base64-js/-/base64-js-1.5.1.tgz. Extracting by manifest.
4578 silly tarball no local data for metro-transform-worker@https://registry.npmjs.org/metro-transform-worker/-/metro-transform-worker-0.83.3.tgz. Extracting by manifest.
4579 silly tarball no local data for @xmldom/xmldom@https://registry.npmjs.org/@xmldom/xmldom/-/xmldom-0.8.13.tgz. Extracting by manifest.
4580 silly tarball no local data for metro-transform-plugins@https://registry.npmjs.org/metro-transform-plugins/-/metro-transform-plugins-0.83.3.tgz. Extracting by manifest.
4581 silly tarball no local data for metro-symbolicate@https://registry.npmjs.org/metro-symbolicate/-/metro-symbolicate-0.83.3.tgz. Extracting by manifest.
4582 silly tarball no local data for metro-source-map@https://registry.npmjs.org/metro-source-map/-/metro-source-map-0.83.3.tgz. Extracting by manifest.
4583 silly tarball no local data for metro-runtime@https://registry.npmjs.org/metro-runtime/-/metro-runtime-0.83.3.tgz. Extracting by manifest.
4584 silly tarball no local data for metro-resolver@https://registry.npmjs.org/metro-resolver/-/metro-resolver-0.83.3.tgz. Extracting by manifest.
4585 silly tarball no local data for metro-minify-terser@https://registry.npmjs.org/metro-minify-terser/-/metro-minify-terser-0.83.3.tgz. Extracting by manifest.
4586 silly tarball no local data for metro-file-map@https://registry.npmjs.org/metro-file-map/-/metro-file-map-0.83.3.tgz. Extracting by manifest.
4587 silly tarball no local data for metro-core@https://registry.npmjs.org/metro-core/-/metro-core-0.83.3.tgz. Extracting by manifest.
4588 silly tarball no local data for metro-config@https://registry.npmjs.org/metro-config/-/metro-config-0.83.3.tgz. Extracting by manifest.
4589 silly tarball no local data for metro-cache-key@https://registry.npmjs.org/metro-cache-key/-/metro-cache-key-0.83.3.tgz. Extracting by manifest.
4590 silly tarball no local data for metro-cache@https://registry.npmjs.org/metro-cache/-/metro-cache-0.83.3.tgz. Extracting by manifest.
4591 silly tarball no local data for metro-babel-transformer@https://registry.npmjs.org/metro-babel-transformer/-/metro-babel-transformer-0.83.3.tgz. Extracting by manifest.
4592 silly tarball no local data for metro@https://registry.npmjs.org/metro/-/metro-0.83.3.tgz. Extracting by manifest.
4593 silly tarball no local data for json5@https://registry.npmjs.org/json5/-/json5-2.2.3.tgz. Extracting by manifest.
4594 silly tarball no local data for p-limit@https://registry.npmjs.org/p-limit/-/p-limit-3.1.0.tgz. Extracting by manifest.
4595 silly tarball no local data for minimatch@https://registry.npmjs.org/minimatch/-/minimatch-10.2.6.tgz. Extracting by manifest.
4596 silly tarball no local data for ignore@https://registry.npmjs.org/ignore/-/ignore-5.3.2.tgz. Extracting by manifest.
4597 silly tarball no local data for arg@https://registry.npmjs.org/arg/-/arg-5.0.2.tgz. Extracting by manifest.
4598 silly tarball no local data for @expo/spawn-async@https://registry.npmjs.org/@expo/spawn-async/-/spawn-async-1.8.0.tgz. Extracting by manifest.
4599 silly tarball no local data for xml2js@https://registry.npmjs.org/xml2js/-/xml2js-0.6.0.tgz. Extracting by manifest.
4600 silly tarball no local data for xcode@https://registry.npmjs.org/xcode/-/xcode-3.0.1.tgz. Extracting by manifest.
4601 silly tarball no local data for slash@https://registry.npmjs.org/slash/-/slash-3.0.0.tgz. Extracting by manifest.
4602 silly tarball no local data for debug@https://registry.npmjs.org/debug/-/debug-4.4.3.tgz. Extracting by manifest.
4603 silly tarball no local data for @expo/sdk-runtime-versions@https://registry.npmjs.org/@expo/sdk-runtime-versions/-/sdk-runtime-versions-1.0.0.tgz. Extracting by manifest.
4604 silly tarball no local data for @expo/plist@https://registry.npmjs.org/@expo/plist/-/plist-0.4.9.tgz. Extracting by manifest.
4605 silly tarball no local data for picocolors@https://registry.npmjs.org/picocolors/-/picocolors-1.1.1.tgz. Extracting by manifest.
4606 silly tarball no local data for js-tokens@https://registry.npmjs.org/js-tokens/-/js-tokens-4.0.0.tgz. Extracting by manifest.
4607 silly tarball no local data for chalk@https://registry.npmjs.org/chalk/-/chalk-2.4.2.tgz. Extracting by manifest.
4608 silly tarball no local data for @babel/helper-validator-identifier@https://registry.npmjs.org/@babel/helper-validator-identifier/-/helper-validator-identifier-7.29.7.tgz. Extracting by manifest.
4609 silly tarball no local data for @babel/highlight@https://registry.npmjs.org/@babel/highlight/-/highlight-7.25.9.tgz. Extracting by manifest.
4610 silly tarball no local data for sucrase@https://registry.npmjs.org/sucrase/-/sucrase-3.35.1.tgz. Extracting by manifest.
4611 silly tarball no local data for slugify@https://registry.npmjs.org/slugify/-/slugify-1.6.9.tgz. Extracting by manifest.
4612 silly tarball no local data for semver@https://registry.npmjs.org/semver/-/semver-7.8.5.tgz. Extracting by manifest.
4613 silly tarball no local data for ms@https://registry.npmjs.org/ms/-/ms-2.1.3.tgz. Extracting by manifest.
4614 silly tarball no local data for resolve-from@https://registry.npmjs.org/resolve-from/-/resolve-from-5.0.0.tgz. Extracting by manifest.
4615 silly tarball no local data for require-from-string@https://registry.npmjs.org/require-from-string/-/require-from-string-2.0.2.tgz. Extracting by manifest.
4616 silly tarball no local data for glob@https://registry.npmjs.org/glob/-/glob-13.0.6.tgz. Extracting by manifest.
4617 silly tarball no local data for getenv@https://registry.npmjs.org/getenv/-/getenv-2.0.0.tgz. Extracting by manifest.
4618 silly tarball no local data for deepmerge@https://registry.npmjs.org/deepmerge/-/deepmerge-4.3.1.tgz. Extracting by manifest.
4619 silly tarball no local data for @expo/json-file@https://registry.npmjs.org/@expo/json-file/-/json-file-10.2.0.tgz. Extracting by manifest.
4620 silly tarball no local data for @expo/config-types@https://registry.npmjs.org/@expo/config-types/-/config-types-54.0.10.tgz. Extracting by manifest.
4621 silly tarball no local data for @babel/code-frame@https://registry.npmjs.org/@babel/code-frame/-/code-frame-7.10.4.tgz. Extracting by manifest.
4622 silly tarball no local data for whatwg-url-without-unicode@https://registry.npmjs.org/whatwg-url-without-unicode/-/whatwg-url-without-unicode-8.0.0-3.tgz. Extracting by manifest.
4623 silly tarball no local data for pretty-format@https://registry.npmjs.org/pretty-format/-/pretty-format-29.7.0.tgz. Extracting by manifest.
4624 silly tarball no local data for expo-modules-core@https://registry.npmjs.org/expo-modules-core/-/expo-modules-core-3.0.30.tgz. Extracting by manifest.
4625 silly tarball no local data for expo-modules-autolinking@https://registry.npmjs.org/expo-modules-autolinking/-/expo-modules-autolinking-3.0.26.tgz. Extracting by manifest.
4626 silly tarball no local data for react-refresh@https://registry.npmjs.org/react-refresh/-/react-refresh-0.14.2.tgz. Extracting by manifest.
4627 silly tarball no local data for @ungap/structured-clone@https://registry.npmjs.org/@ungap/structured-clone/-/structured-clone-1.3.3.tgz. Extracting by manifest.
4628 silly tarball no local data for @expo/metro@https://registry.npmjs.org/@expo/metro/-/metro-54.2.0.tgz. Extracting by manifest.
4629 silly tarball no local data for @expo/fingerprint@https://registry.npmjs.org/@expo/fingerprint/-/fingerprint-0.15.5.tgz. Extracting by manifest.
4630 silly tarball no local data for @expo/devtools@https://registry.npmjs.org/@expo/devtools/-/devtools-0.1.8.tgz. Extracting by manifest.
4631 silly tarball no local data for @expo/config-plugins@https://registry.npmjs.org/@expo/config-plugins/-/config-plugins-54.0.5.tgz. Extracting by manifest.
4632 silly tarball no local data for @expo/config@https://registry.npmjs.org/@expo/config/-/config-12.0.14.tgz. Extracting by manifest.
4633 silly tarball no local data for @babel/runtime@https://registry.npmjs.org/@babel/runtime/-/runtime-7.29.7.tgz. Extracting by manifest.
4634 silly tarball no local data for simple-swizzle@https://registry.npmjs.org/simple-swizzle/-/simple-swizzle-0.2.4.tgz. Extracting by manifest.
4635 silly tarball no local data for color-name@https://registry.npmjs.org/color-name/-/color-name-1.1.4.tgz. Extracting by manifest.
4636 silly tarball no local data for color-string@https://registry.npmjs.org/color-string/-/color-string-1.9.1.tgz. Extracting by manifest.
4637 silly tarball no local data for color-convert@https://registry.npmjs.org/color-convert/-/color-convert-2.0.1.tgz. Extracting by manifest.
4638 silly tarball no local data for csstype@https://registry.npmjs.org/csstype/-/csstype-3.2.3.tgz. Extracting by manifest.
4639 silly tarball no local data for warn-once@https://registry.npmjs.org/warn-once/-/warn-once-0.1.1.tgz. Extracting by manifest.
4640 silly tarball no local data for sf-symbols-typescript@https://registry.npmjs.org/sf-symbols-typescript/-/sf-symbols-typescript-2.2.0.tgz. Extracting by manifest.
4641 silly tarball no local data for color@https://registry.npmjs.org/color/-/color-4.2.3.tgz. Extracting by manifest.
4642 silly tarball no local data for @react-navigation/elements@https://registry.npmjs.org/@react-navigation/elements/-/elements-2.9.38.tgz. Extracting by manifest.
4643 silly tarball no local data for use-sync-external-store@https://registry.npmjs.org/use-sync-external-store/-/use-sync-external-store-1.6.0.tgz. Extracting by manifest.
4644 silly tarball no local data for react-is@https://registry.npmjs.org/react-is/-/react-is-19.2.8.tgz. Extracting by manifest.
4645 silly tarball no local data for query-string@https://registry.npmjs.org/query-string/-/query-string-7.1.3.tgz. Extracting by manifest.
4646 silly tarball no local data for @react-navigation/routers@https://registry.npmjs.org/@react-navigation/routers/-/routers-7.6.4.tgz. Extracting by manifest.
4647 silly tarball no local data for use-latest-callback@https://registry.npmjs.org/use-latest-callback/-/use-latest-callback-0.2.6.tgz. Extracting by manifest.
4648 silly tarball no local data for standard-navigation@https://registry.npmjs.org/standard-navigation/-/standard-navigation-0.0.8.tgz. Extracting by manifest.
4649 silly tarball no local data for nanoid@https://registry.npmjs.org/nanoid/-/nanoid-3.3.18.tgz. Extracting by manifest.
4650 silly tarball no local data for fast-deep-equal@https://registry.npmjs.org/fast-deep-equal/-/fast-deep-equal-3.1.3.tgz. Extracting by manifest.
4651 silly tarball no local data for escape-string-regexp@https://registry.npmjs.org/escape-string-regexp/-/escape-string-regexp-4.0.0.tgz. Extracting by manifest.
4652 silly tarball no local data for @react-navigation/core@https://registry.npmjs.org/@react-navigation/core/-/core-7.21.12.tgz. Extracting by manifest.
4653 silly tarball no local data for merge-options@https://registry.npmjs.org/merge-options/-/merge-options-3.0.4.tgz. Extracting by manifest.
4654 silly tarball no local data for typescript@https://registry.npmjs.org/typescript/-/typescript-5.9.3.tgz. Extracting by manifest.
4655 silly tarball no local data for react-i18next@https://registry.npmjs.org/react-i18next/-/react-i18next-16.6.6.tgz. Extracting by manifest.
4656 silly tarball no local data for i18next@https://registry.npmjs.org/i18next/-/i18next-25.10.10.tgz. Extracting by manifest.
4657 silly tarball no local data for expo-status-bar@https://registry.npmjs.org/expo-status-bar/-/expo-status-bar-3.0.9.tgz. Extracting by manifest.
4658 silly tarball no local data for expo-font@https://registry.npmjs.org/expo-font/-/expo-font-14.0.12.tgz. Extracting by manifest.
4659 silly tarball no local data for expo@https://registry.npmjs.org/expo/-/expo-54.0.36.tgz. Extracting by manifest.
4660 silly tarball no local data for @types/react@https://registry.npmjs.org/@types/react/-/react-19.1.17.tgz. Extracting by manifest.
4661 silly tarball no local data for react-native-safe-area-context@https://registry.npmjs.org/react-native-safe-area-context/-/react-native-safe-area-context-5.6.2.tgz. Extracting by manifest.
4662 silly tarball no local data for react-native-screens@https://registry.npmjs.org/react-native-screens/-/react-native-screens-4.16.0.tgz. Extracting by manifest.
4663 silly tarball no local data for @react-navigation/native-stack@https://registry.npmjs.org/@react-navigation/native-stack/-/native-stack-7.18.8.tgz. Extracting by manifest.
4664 silly tarball no local data for @react-navigation/native@https://registry.npmjs.org/@react-navigation/native/-/native-7.3.16.tgz. Extracting by manifest.
4665 silly tarball no local data for react@https://registry.npmjs.org/react/-/react-19.1.0.tgz. Extracting by manifest.
4666 silly tarball no local data for react-native@https://registry.npmjs.org/react-native/-/react-native-0.81.5.tgz. Extracting by manifest.
4667 silly tarball no local data for @react-native-async-storage/async-storage@https://registry.npmjs.org/@react-native-async-storage/async-storage/-/async-storage-2.2.0.tgz. Extracting by manifest.
4668 silly tarball no local data for @expo-google-fonts/noto-sans-telugu@https://registry.npmjs.org/@expo-google-fonts/noto-sans-telugu/-/noto-sans-telugu-0.2.3.tgz. Extracting by manifest.
4669 silly tarball no local data for semver@https://registry.npmjs.org/semver/-/semver-6.3.1.tgz. Extracting by manifest.
4670 silly tarball no local data for semver@https://registry.npmjs.org/semver/-/semver-6.3.1.tgz. Extracting by manifest.
4671 silly tarball no local data for semver@https://registry.npmjs.org/semver/-/semver-6.3.1.tgz. Extracting by manifest.
4672 silly tarball no local data for semver@https://registry.npmjs.org/semver/-/semver-6.3.1.tgz. Extracting by manifest.
4673 silly tarball no local data for supports-color@https://registry.npmjs.org/supports-color/-/supports-color-7.2.0.tgz. Extracting by manifest.
4674 silly tarball no local data for has-flag@https://registry.npmjs.org/has-flag/-/has-flag-4.0.0.tgz. Extracting by manifest.
4675 silly tarball no local data for type-fest@https://registry.npmjs.org/type-fest/-/type-fest-0.21.3.tgz. Extracting by manifest.
4676 silly tarball no local data for lru-cache@https://registry.npmjs.org/lru-cache/-/lru-cache-10.4.3.tgz. Extracting by manifest.
4677 silly tarball no local data for @babel/code-frame@https://registry.npmjs.org/@babel/code-frame/-/code-frame-7.29.7.tgz. Extracting by manifest.
4678 silly tarball no local data for yallist@https://registry.npmjs.org/yallist/-/yallist-5.0.0.tgz. Extracting by manifest.
4679 silly tarball no local data for resolve@https://registry.npmjs.org/resolve/-/resolve-1.7.1.tgz. Extracting by manifest.
4680 silly tarball no local data for ansi-regex@https://registry.npmjs.org/ansi-regex/-/ansi-regex-4.1.1.tgz. Extracting by manifest.
4681 silly tarball no local data for strip-ansi@https://registry.npmjs.org/strip-ansi/-/strip-ansi-5.2.0.tgz. Extracting by manifest.
4682 silly tarball no local data for ms@https://registry.npmjs.org/ms/-/ms-2.0.0.tgz. Extracting by manifest.
4683 silly tarball no local data for negotiator@https://registry.npmjs.org/negotiator/-/negotiator-0.6.4.tgz. Extracting by manifest.
4684 silly tarball no local data for debug@https://registry.npmjs.org/debug/-/debug-2.6.9.tgz. Extracting by manifest.
4685 silly tarball no local data for open@https://registry.npmjs.org/open/-/open-8.4.2.tgz. Extracting by manifest.
4686 silly tarball no local data for has-flag@https://registry.npmjs.org/has-flag/-/has-flag-4.0.0.tgz. Extracting by manifest.
4687 silly tarball no local data for argparse@https://registry.npmjs.org/argparse/-/argparse-2.0.1.tgz. Extracting by manifest.
4688 silly tarball no local data for supports-color@https://registry.npmjs.org/supports-color/-/supports-color-7.2.0.tgz. Extracting by manifest.
4689 silly tarball no local data for ansi-styles@https://registry.npmjs.org/ansi-styles/-/ansi-styles-4.3.0.tgz. Extracting by manifest.
4690 silly tarball no local data for js-yaml@https://registry.npmjs.org/js-yaml/-/js-yaml-4.3.1.tgz. Extracting by manifest.
4691 silly tarball no local data for chalk@https://registry.npmjs.org/chalk/-/chalk-4.1.2.tgz. Extracting by manifest.
4692 silly tarball no local data for @babel/code-frame@https://registry.npmjs.org/@babel/code-frame/-/code-frame-7.29.7.tgz. Extracting by manifest.
4693 silly tarball no local data for has-flag@https://registry.npmjs.org/has-flag/-/has-flag-4.0.0.tgz. Extracting by manifest.
4694 silly tarball no local data for supports-color@https://registry.npmjs.org/supports-color/-/supports-color-7.2.0.tgz. Extracting by manifest.
4695 silly tarball no local data for ansi-styles@https://registry.npmjs.org/ansi-styles/-/ansi-styles-4.3.0.tgz. Extracting by manifest.
4696 silly tarball no local data for @babel/code-frame@https://registry.npmjs.org/@babel/code-frame/-/code-frame-7.29.7.tgz. Extracting by manifest.
4697 silly tarball no local data for chalk@https://registry.npmjs.org/chalk/-/chalk-4.1.2.tgz. Extracting by manifest.
4698 silly tarball no local data for @expo/json-file@https://registry.npmjs.org/@expo/json-file/-/json-file-11.0.1.tgz. Extracting by manifest.
4699 silly tarball no local data for has-flag@https://registry.npmjs.org/has-flag/-/has-flag-4.0.0.tgz. Extracting by manifest.
4700 silly tarball no local data for supports-color@https://registry.npmjs.org/supports-color/-/supports-color-7.2.0.tgz. Extracting by manifest.
4701 silly tarball no local data for ansi-styles@https://registry.npmjs.org/ansi-styles/-/ansi-styles-4.3.0.tgz. Extracting by manifest.
4702 silly tarball no local data for chalk@https://registry.npmjs.org/chalk/-/chalk-4.1.2.tgz. Extracting by manifest.
4703 silly tarball no local data for has-flag@https://registry.npmjs.org/has-flag/-/has-flag-4.0.0.tgz. Extracting by manifest.
4704 silly tarball no local data for supports-color@https://registry.npmjs.org/supports-color/-/supports-color-7.2.0.tgz. Extracting by manifest.
4705 silly tarball no local data for ansi-styles@https://registry.npmjs.org/ansi-styles/-/ansi-styles-4.3.0.tgz. Extracting by manifest.
4706 silly tarball no local data for chalk@https://registry.npmjs.org/chalk/-/chalk-4.1.2.tgz. Extracting by manifest.
4707 silly tarball no local data for debug@https://registry.npmjs.org/debug/-/debug-3.2.7.tgz. Extracting by manifest.
4708 silly tarball no local data for ansi-styles@https://registry.npmjs.org/ansi-styles/-/ansi-styles-4.3.0.tgz. Extracting by manifest.
4709 silly tarball no local data for @xmldom/xmldom@https://registry.npmjs.org/@xmldom/xmldom/-/xmldom-0.9.10.tgz. Extracting by manifest.
4710 silly tarball no local data for source-map@https://registry.npmjs.org/source-map/-/source-map-0.6.1.tgz. Extracting by manifest.
4711 silly tarball no local data for picomatch@https://registry.npmjs.org/picomatch/-/picomatch-4.0.5.tgz. Extracting by manifest.
4712 silly tarball no local data for fdir@https://registry.npmjs.org/fdir/-/fdir-6.5.0.tgz. Extracting by manifest.
4713 silly tarball no local data for statuses@https://registry.npmjs.org/statuses/-/statuses-2.0.2.tgz. Extracting by manifest.
4714 silly tarball no local data for on-finished@https://registry.npmjs.org/on-finished/-/on-finished-2.4.1.tgz. Extracting by manifest.
4715 silly tarball no local data for debug@https://registry.npmjs.org/debug/-/debug-2.6.9.tgz. Extracting by manifest.
4716 silly tarball no local data for ms@https://registry.npmjs.org/ms/-/ms-2.0.0.tgz. Extracting by manifest.
4717 silly tarball no local data for p-limit@https://registry.npmjs.org/p-limit/-/p-limit-2.3.0.tgz. Extracting by manifest.
4718 silly tarball no local data for encodeurl@https://registry.npmjs.org/encodeurl/-/encodeurl-2.0.0.tgz. Extracting by manifest.
4719 silly tarball no local data for statuses@https://registry.npmjs.org/statuses/-/statuses-2.0.2.tgz. Extracting by manifest.
4720 silly tarball no local data for escape-string-regexp@https://registry.npmjs.org/escape-string-regexp/-/escape-string-regexp-2.0.0.tgz. Extracting by manifest.
4721 silly tarball no local data for has-flag@https://registry.npmjs.org/has-flag/-/has-flag-4.0.0.tgz. Extracting by manifest.
4722 silly tarball no local data for supports-color@https://registry.npmjs.org/supports-color/-/supports-color-7.2.0.tgz. Extracting by manifest.
4723 silly tarball no local data for chalk@https://registry.npmjs.org/chalk/-/chalk-4.1.2.tgz. Extracting by manifest.
4724 silly tarball no local data for ansi-styles@https://registry.npmjs.org/ansi-styles/-/ansi-styles-4.3.0.tgz. Extracting by manifest.
4725 silly tarball no local data for @babel/code-frame@https://registry.npmjs.org/@babel/code-frame/-/code-frame-7.29.7.tgz. Extracting by manifest.
4726 silly tarball no local data for balanced-match@https://registry.npmjs.org/balanced-match/-/balanced-match-1.0.2.tgz. Extracting by manifest.
4727 silly tarball no local data for brace-expansion@https://registry.npmjs.org/brace-expansion/-/brace-expansion-1.1.18.tgz. Extracting by manifest.
4728 silly tarball no local data for minimatch@https://registry.npmjs.org/minimatch/-/minimatch-3.1.5.tgz. Extracting by manifest.
4729 silly tarball no local data for glob@https://registry.npmjs.org/glob/-/glob-7.2.3.tgz. Extracting by manifest.
4730 silly tarball no local data for ms@https://registry.npmjs.org/ms/-/ms-2.0.0.tgz. Extracting by manifest.
4731 silly tarball no local data for debug@https://registry.npmjs.org/debug/-/debug-2.6.9.tgz. Extracting by manifest.
4732 silly tarball no local data for balanced-match@https://registry.npmjs.org/balanced-match/-/balanced-match-1.0.2.tgz. Extracting by manifest.
4733 silly tarball no local data for brace-expansion@https://registry.npmjs.org/brace-expansion/-/brace-expansion-1.1.18.tgz. Extracting by manifest.
4734 silly tarball no local data for minimatch@https://registry.npmjs.org/minimatch/-/minimatch-3.1.5.tgz. Extracting by manifest.
4735 silly tarball no local data for semver@https://registry.npmjs.org/semver/-/semver-6.3.1.tgz. Extracting by manifest.
4736 silly tarball no local data for glob@https://registry.npmjs.org/glob/-/glob-7.2.3.tgz. Extracting by manifest.
4737 silly tarball no local data for camelcase@https://registry.npmjs.org/camelcase/-/camelcase-5.3.1.tgz. Extracting by manifest.
4738 silly tarball no local data for supports-color@https://registry.npmjs.org/supports-color/-/supports-color-7.2.0.tgz. Extracting by manifest.
4739 silly tarball no local data for has-flag@https://registry.npmjs.org/has-flag/-/has-flag-4.0.0.tgz. Extracting by manifest.
4740 silly tarball no local data for chalk@https://registry.npmjs.org/chalk/-/chalk-4.1.2.tgz. Extracting by manifest.
4741 silly tarball no local data for encodeurl@https://registry.npmjs.org/encodeurl/-/encodeurl-2.0.0.tgz. Extracting by manifest.
4742 silly tarball no local data for ansi-styles@https://registry.npmjs.org/ansi-styles/-/ansi-styles-4.3.0.tgz. Extracting by manifest.
4743 silly tarball no local data for ws@https://registry.npmjs.org/ws/-/ws-6.2.6.tgz. Extracting by manifest.
4744 silly tarball no local data for hermes-estree@https://registry.npmjs.org/hermes-estree/-/hermes-estree-0.29.1.tgz. Extracting by manifest.
4745 silly tarball no local data for hermes-parser@https://registry.npmjs.org/hermes-parser/-/hermes-parser-0.29.1.tgz. Extracting by manifest.
4746 silly tarball no local data for has-flag@https://registry.npmjs.org/has-flag/-/has-flag-4.0.0.tgz. Extracting by manifest.
4747 silly tarball no local data for supports-color@https://registry.npmjs.org/supports-color/-/supports-color-7.2.0.tgz. Extracting by manifest.
4748 silly tarball no local data for ansi-styles@https://registry.npmjs.org/ansi-styles/-/ansi-styles-4.3.0.tgz. Extracting by manifest.
4749 silly tarball no local data for chalk@https://registry.npmjs.org/chalk/-/chalk-4.1.2.tgz. Extracting by manifest.
4750 silly tarball no local data for balanced-match@https://registry.npmjs.org/balanced-match/-/balanced-match-1.0.2.tgz. Extracting by manifest.
4751 silly tarball no local data for brace-expansion@https://registry.npmjs.org/brace-expansion/-/brace-expansion-1.1.18.tgz. Extracting by manifest.
4752 silly tarball no local data for hermes-estree@https://registry.npmjs.org/hermes-estree/-/hermes-estree-0.29.1.tgz. Extracting by manifest.
4753 silly tarball no local data for minimatch@https://registry.npmjs.org/minimatch/-/minimatch-3.1.5.tgz. Extracting by manifest.
4754 silly tarball no local data for hermes-parser@https://registry.npmjs.org/hermes-parser/-/hermes-parser-0.29.1.tgz. Extracting by manifest.
4755 silly tarball no local data for glob@https://registry.npmjs.org/glob/-/glob-7.2.3.tgz. Extracting by manifest.
4756 silly tarball no local data for @babel/code-frame@https://registry.npmjs.org/@babel/code-frame/-/code-frame-7.29.7.tgz. Extracting by manifest.
4757 silly tarball no local data for commander@https://registry.npmjs.org/commander/-/commander-2.20.3.tgz. Extracting by manifest.
4758 silly tarball no local data for has-flag@https://registry.npmjs.org/has-flag/-/has-flag-4.0.0.tgz. Extracting by manifest.
4759 silly tarball no local data for ansi-styles@https://registry.npmjs.org/ansi-styles/-/ansi-styles-4.3.0.tgz. Extracting by manifest.
4760 silly tarball no local data for supports-color@https://registry.npmjs.org/supports-color/-/supports-color-7.2.0.tgz. Extracting by manifest.
4761 silly tarball no local data for chalk@https://registry.npmjs.org/chalk/-/chalk-4.1.2.tgz. Extracting by manifest.
4762 silly tarball no local data for has-flag@https://registry.npmjs.org/has-flag/-/has-flag-4.0.0.tgz. Extracting by manifest.
4763 silly tarball no local data for supports-color@https://registry.npmjs.org/supports-color/-/supports-color-7.2.0.tgz. Extracting by manifest.
4764 silly tarball no local data for ansi-styles@https://registry.npmjs.org/ansi-styles/-/ansi-styles-4.3.0.tgz. Extracting by manifest.
4765 silly tarball no local data for chalk@https://registry.npmjs.org/chalk/-/chalk-4.1.2.tgz. Extracting by manifest.
4766 silly tarball no local data for has-flag@https://registry.npmjs.org/has-flag/-/has-flag-4.0.0.tgz. Extracting by manifest.
4767 silly tarball no local data for supports-color@https://registry.npmjs.org/supports-color/-/supports-color-7.2.0.tgz. Extracting by manifest.
4768 silly tarball no local data for ansi-styles@https://registry.npmjs.org/ansi-styles/-/ansi-styles-4.3.0.tgz. Extracting by manifest.
4769 silly tarball no local data for chalk@https://registry.npmjs.org/chalk/-/chalk-4.1.2.tgz. Extracting by manifest.
4770 silly tarball no local data for ci-info@https://registry.npmjs.org/ci-info/-/ci-info-3.9.0.tgz. Extracting by manifest.
4771 silly tarball no local data for ms@https://registry.npmjs.org/ms/-/ms-2.0.0.tgz. Extracting by manifest.
4772 silly tarball no local data for debug@https://registry.npmjs.org/debug/-/debug-2.6.9.tgz. Extracting by manifest.
4773 silly tarball no local data for semver@https://registry.npmjs.org/semver/-/semver-6.3.1.tgz. Extracting by manifest.
4774 silly tarball no local data for has-flag@https://registry.npmjs.org/has-flag/-/has-flag-4.0.0.tgz. Extracting by manifest.
4775 silly tarball no local data for supports-color@https://registry.npmjs.org/supports-color/-/supports-color-8.1.1.tgz. Extracting by manifest.
4776 silly tarball no local data for ms@https://registry.npmjs.org/ms/-/ms-2.0.0.tgz. Extracting by manifest.
4777 silly tarball no local data for debug@https://registry.npmjs.org/debug/-/debug-2.6.9.tgz. Extracting by manifest.
4778 silly tarball no local data for @babel/code-frame@https://registry.npmjs.org/@babel/code-frame/-/code-frame-7.29.7.tgz. Extracting by manifest.
4779 silly tarball no local data for @babel/code-frame@https://registry.npmjs.org/@babel/code-frame/-/code-frame-7.29.7.tgz. Extracting by manifest.
4780 silly tarball no local data for semver@https://registry.npmjs.org/semver/-/semver-6.3.1.tgz. Extracting by manifest.
4781 silly tarball no local data for @babel/code-frame@https://registry.npmjs.org/@babel/code-frame/-/code-frame-7.29.7.tgz. Extracting by manifest.
4782 silly tarball no local data for lru-cache@https://registry.npmjs.org/lru-cache/-/lru-cache-11.5.2.tgz. Extracting by manifest.
4783 silly tarball no local data for color-name@https://registry.npmjs.org/color-name/-/color-name-1.1.3.tgz. Extracting by manifest.
4784 silly tarball no local data for color-convert@https://registry.npmjs.org/color-convert/-/color-convert-1.9.3.tgz. Extracting by manifest.
4785 silly tarball no local data for has-flag@https://registry.npmjs.org/has-flag/-/has-flag-4.0.0.tgz. Extracting by manifest.
4786 silly tarball no local data for supports-color@https://registry.npmjs.org/supports-color/-/supports-color-7.2.0.tgz. Extracting by manifest.
4787 silly tarball no local data for ansi-styles@https://registry.npmjs.org/ansi-styles/-/ansi-styles-4.3.0.tgz. Extracting by manifest.
4788 silly tarball no local data for chalk@https://registry.npmjs.org/chalk/-/chalk-4.1.2.tgz. Extracting by manifest.
4789 silly tarball no local data for @babel/code-frame@https://registry.npmjs.org/@babel/code-frame/-/code-frame-7.29.7.tgz. Extracting by manifest.
4790 silly tarball no local data for xmlbuilder@https://registry.npmjs.org/xmlbuilder/-/xmlbuilder-11.0.1.tgz. Extracting by manifest.
4791 silly tarball no local data for escape-string-regexp@https://registry.npmjs.org/escape-string-regexp/-/escape-string-regexp-1.0.5.tgz. Extracting by manifest.
4792 silly tarball no local data for commander@https://registry.npmjs.org/commander/-/commander-4.1.1.tgz. Extracting by manifest.
4793 silly tarball no local data for @babel/code-frame@https://registry.npmjs.org/@babel/code-frame/-/code-frame-7.29.7.tgz. Extracting by manifest.
4794 silly tarball no local data for react-is@https://registry.npmjs.org/react-is/-/react-is-18.3.1.tgz. Extracting by manifest.
4795 silly tarball no local data for ansi-styles@https://registry.npmjs.org/ansi-styles/-/ansi-styles-5.2.0.tgz. Extracting by manifest.
4796 silly tarball no local data for has-flag@https://registry.npmjs.org/has-flag/-/has-flag-4.0.0.tgz. Extracting by manifest.
4797 silly tarball no local data for supports-color@https://registry.npmjs.org/supports-color/-/supports-color-7.2.0.tgz. Extracting by manifest.
4798 silly tarball no local data for chalk@https://registry.npmjs.org/chalk/-/chalk-4.1.2.tgz. Extracting by manifest.
4799 silly tarball no local data for ansi-styles@https://registry.npmjs.org/ansi-styles/-/ansi-styles-4.3.0.tgz. Extracting by manifest.
4800 silly tarball no local data for has-flag@https://registry.npmjs.org/has-flag/-/has-flag-4.0.0.tgz. Extracting by manifest.
4801 silly tarball no local data for supports-color@https://registry.npmjs.org/supports-color/-/supports-color-7.2.0.tgz. Extracting by manifest.
4802 silly tarball no local data for ansi-styles@https://registry.npmjs.org/ansi-styles/-/ansi-styles-4.3.0.tgz. Extracting by manifest.
4803 silly tarball no local data for chalk@https://registry.npmjs.org/chalk/-/chalk-4.1.2.tgz. Extracting by manifest.
4804 silly tarball no local data for supports-color@https://registry.npmjs.org/supports-color/-/supports-color-7.2.0.tgz. Extracting by manifest.
4805 silly tarball no local data for ansi-styles@https://registry.npmjs.org/ansi-styles/-/ansi-styles-4.3.0.tgz. Extracting by manifest.
4806 silly tarball no local data for has-flag@https://registry.npmjs.org/has-flag/-/has-flag-4.0.0.tgz. Extracting by manifest.
4807 silly tarball no local data for chalk@https://registry.npmjs.org/chalk/-/chalk-4.1.2.tgz. Extracting by manifest.
4808 silly tarball no local data for has-flag@https://registry.npmjs.org/has-flag/-/has-flag-4.0.0.tgz. Extracting by manifest.
4809 silly tarball no local data for supports-color@https://registry.npmjs.org/supports-color/-/supports-color-7.2.0.tgz. Extracting by manifest.
4810 silly tarball no local data for chalk@https://registry.npmjs.org/chalk/-/chalk-4.1.2.tgz. Extracting by manifest.
4811 silly tarball no local data for @expo/json-file@https://registry.npmjs.org/@expo/json-file/-/json-file-10.0.16.tgz. Extracting by manifest.
4812 silly tarball no local data for ansi-styles@https://registry.npmjs.org/ansi-styles/-/ansi-styles-4.3.0.tgz. Extracting by manifest.
4813 silly tarball no local data for balanced-match@https://registry.npmjs.org/balanced-match/-/balanced-match-1.0.2.tgz. Extracting by manifest.
4814 silly tarball no local data for hermes-estree@https://registry.npmjs.org/hermes-estree/-/hermes-estree-0.29.1.tgz. Extracting by manifest.
4815 silly tarball no local data for has-flag@https://registry.npmjs.org/has-flag/-/has-flag-4.0.0.tgz. Extracting by manifest.
4816 silly tarball no local data for brace-expansion@https://registry.npmjs.org/brace-expansion/-/brace-expansion-2.1.4.tgz. Extracting by manifest.
4817 silly tarball no local data for ansi-styles@https://registry.npmjs.org/ansi-styles/-/ansi-styles-4.3.0.tgz. Extracting by manifest.
4818 silly tarball no local data for hermes-parser@https://registry.npmjs.org/hermes-parser/-/hermes-parser-0.29.1.tgz. Extracting by manifest.
4819 silly tarball no local data for @expo/json-file@https://registry.npmjs.org/@expo/json-file/-/json-file-10.0.16.tgz. Extracting by manifest.
4820 silly tarball no local data for @babel/code-frame@https://registry.npmjs.org/@babel/code-frame/-/code-frame-7.10.4.tgz. Extracting by manifest.
4821 silly tarball no local data for ws@https://registry.npmjs.org/ws/-/ws-8.21.3.tgz. Extracting by manifest.
4822 silly tarball no local data for @babel/code-frame@https://registry.npmjs.org/@babel/code-frame/-/code-frame-7.29.7.tgz. Extracting by manifest.
4823 silly tarball no local data for minimatch@https://registry.npmjs.org/minimatch/-/minimatch-9.0.9.tgz. Extracting by manifest.
4824 silly tarball no local data for supports-color@https://registry.npmjs.org/supports-color/-/supports-color-5.5.0.tgz. Extracting by manifest.
4825 silly tarball no local data for picomatch@https://registry.npmjs.org/picomatch/-/picomatch-4.0.5.tgz. Extracting by manifest.
4826 silly tarball no local data for ci-info@https://registry.npmjs.org/ci-info/-/ci-info-3.9.0.tgz. Extracting by manifest.
4827 silly tarball no local data for expo-keep-awake@https://registry.npmjs.org/expo-keep-awake/-/expo-keep-awake-15.0.8.tgz. Extracting by manifest.
4828 silly tarball no local data for chalk@https://registry.npmjs.org/chalk/-/chalk-4.1.2.tgz. Extracting by manifest.
4829 silly tarball no local data for expo-file-system@https://registry.npmjs.org/expo-file-system/-/expo-file-system-19.0.23.tgz. Extracting by manifest.
4830 silly tarball no local data for supports-color@https://registry.npmjs.org/supports-color/-/supports-color-7.2.0.tgz. Extracting by manifest.
4831 silly tarball no local data for expo-asset@https://registry.npmjs.org/expo-asset/-/expo-asset-12.0.13.tgz. Extracting by manifest.
4832 silly tarball no local data for expo-constants@https://registry.npmjs.org/expo-constants/-/expo-constants-18.0.13.tgz. Extracting by manifest.
4833 silly tarball no local data for babel-preset-expo@https://registry.npmjs.org/babel-preset-expo/-/babel-preset-expo-54.0.12.tgz. Extracting by manifest.
4834 silly tarball no local data for @expo/vector-icons@https://registry.npmjs.org/@expo/vector-icons/-/vector-icons-15.1.1.tgz. Extracting by manifest.
4835 silly tarball no local data for @expo/metro-config@https://registry.npmjs.org/@expo/metro-config/-/metro-config-54.0.17.tgz. Extracting by manifest.
4836 silly tarball no local data for @expo/cli@https://registry.npmjs.org/@expo/cli/-/cli-54.0.26.tgz. Extracting by manifest.
4837 silly tarball no local data for @expo/prebuild-config@https://registry.npmjs.org/@expo/prebuild-config/-/prebuild-config-54.0.9.tgz. Extracting by manifest.
4838 silly tarball no local data for balanced-match@https://registry.npmjs.org/balanced-match/-/balanced-match-1.0.2.tgz. Extracting by manifest.
4839 silly tarball no local data for brace-expansion@https://registry.npmjs.org/brace-expansion/-/brace-expansion-1.1.18.tgz. Extracting by manifest.
4840 silly tarball no local data for minimatch@https://registry.npmjs.org/minimatch/-/minimatch-3.1.5.tgz. Extracting by manifest.
4841 silly tarball no local data for ws@https://registry.npmjs.org/ws/-/ws-6.2.6.tgz. Extracting by manifest.
4842 silly tarball no local data for commander@https://registry.npmjs.org/commander/-/commander-12.1.0.tgz. Extracting by manifest.
4843 silly tarball no local data for glob@https://registry.npmjs.org/glob/-/glob-7.2.3.tgz. Extracting by manifest.
4844 silly tarball no local data for @react-native/virtualized-lists@https://registry.npmjs.org/@react-native/virtualized-lists/-/virtualized-lists-0.81.5.tgz. Extracting by manifest.
4845 silly tarball no local data for resolve-workspace-root@https://registry.npmjs.org/resolve-workspace-root/-/resolve-workspace-root-2.0.1.tgz. Extracting by manifest.
4846 http fetch POST 200 https://registry.npmjs.org/-/npm/v1/security/advisories/bulk 389ms
4847 silly audit report {
4847 silly audit report   'image-size': [
4847 silly audit report     {
4847 silly audit report       id: 1138808,
4847 silly audit report       url: 'https://github.com/advisories/GHSA-w3rx-r6r6-pgpr',
4847 silly audit report       title: 'image-size: ICNS parser allows denial of service through an infinite loop',
4847 silly audit report       severity: 'high',
4847 silly audit report       vulnerable_versions: '<=2.0.2',
4847 silly audit report       cwe: [Array],
4847 silly audit report       cvss: [Object]
4847 silly audit report     },
4847 silly audit report     {
4847 silly audit report       id: 1138809,
4847 silly audit report       url: 'https://github.com/advisories/GHSA-5p2g-fcmc-qvqq',
4847 silly audit report       title: 'image-size: JXL and HEIF parsers allow denial of service through infinite loops',
4847 silly audit report       severity: 'high',
4847 silly audit report       vulnerable_versions: '<=2.0.2',
4847 silly audit report       cwe: [Array],
4847 silly audit report       cvss: [Object]
4847 silly audit report     }
4847 silly audit report   ],
4847 silly audit report   uuid: [
4847 silly audit report     {
4847 silly audit report       id: 1119441,
4847 silly audit report       url: 'https://github.com/advisories/GHSA-w5hq-g745-h8pq',
4847 silly audit report       title: 'uuid: Missing buffer bounds check in v3/v5/v6 when buf is provided',
4847 silly audit report       severity: 'moderate',
4847 silly audit report       vulnerable_versions: '<11.1.1',
4847 silly audit report       cwe: [Array],
4847 silly audit report       cvss: [Object]
4847 silly audit report     }
4847 silly audit report   ],
4847 silly audit report   postcss: [
4847 silly audit report     {
4847 silly audit report       id: 1130709,
4847 silly audit report       url: 'https://github.com/advisories/GHSA-fxqj-rqcc-2cmp',
4847 silly audit report       title: 'PostCSS: incomplete fix of GHSA-6g55-p6wh-862q — attacker-controlled sourceMappingURL reads arbitrary .map files when `from` is unset',
4847 silly audit report       severity: 'moderate',
4847 silly audit report       vulnerable_versions: '<=8.5.22',
4847 silly audit report       cwe: [Array],
4847 silly audit report       cvss: [Object]
4847 silly audit report     },
4847 silly audit report     {
4847 silly audit report       id: 1117015,
4847 silly audit report       url: 'https://github.com/advisories/GHSA-qx2v-qp2m-jg93',
4847 silly audit report       title: 'PostCSS has XSS via Unescaped </style> in its CSS Stringify Output',
4847 silly audit report       severity: 'moderate',
4847 silly audit report       vulnerable_versions: '<8.5.10',
4847 silly audit report       cwe: [Array],
4847 silly audit report       cvss: [Object]
4847 silly audit report     },
4847 silly audit report     {
4847 silly audit report       id: 1124252,
4847 silly audit report       url: 'https://github.com/advisories/GHSA-6g55-p6wh-862q',
4847 silly audit report       title: 'PostCSS: Arbitrary file read and information disclosure via attacker-controlled sourceMappingURL in CSS comments',
4847 silly audit report       severity: 'high',
4847 silly audit report       vulnerable_versions: '<=8.5.11',
4847 silly audit report       cwe: [Array],
4847 silly audit report       cvss: [Object]
4847 silly audit report     },
4847 silly audit report     {
4847 silly audit report       id: 1124288,
4847 silly audit report       url: 'https://github.com/advisories/GHSA-r28c-9q8g-f849',
4847 silly audit report       title: 'PostCSS: Path Traversal in Previous Source Map Auto-Loading (sourceMappingURL) leads to Arbitrary .map File Disclosure',
4847 silly audit report       severity: 'high',
4847 silly audit report       vulnerable_versions: '<=8.5.17',
4847 silly audit report       cwe: [Array],
4847 silly audit report       cvss: [Object]
4847 silly audit report     }
4847 silly audit report   ]
4847 silly audit report }
4848 silly packumentCache corgi:https://registry.npmjs.org/image-size cache-miss
4849 silly packumentCache corgi:https://registry.npmjs.org/uuid cache-miss
4850 silly packumentCache corgi:https://registry.npmjs.org/postcss cache-miss
4851 http fetch GET 200 https://registry.npmjs.org/p-try/-/p-try-2.2.0.tgz 203ms (cache miss)
4852 http fetch GET 200 https://registry.npmjs.org/unicode-match-property-ecmascript/-/unicode-match-property-ecmascript-2.0.0.tgz 203ms (cache miss)
4853 http fetch GET 200 https://registry.npmjs.org/unicode-property-aliases-ecmascript/-/unicode-property-aliases-ecmascript-2.2.0.tgz 204ms (cache miss)
4854 http fetch GET 200 https://registry.npmjs.org/unicode-canonical-property-names-ecmascript/-/unicode-canonical-property-names-ecmascript-2.0.1.tgz 203ms (cache miss)
4855 http fetch GET 200 https://registry.npmjs.org/unicode-match-property-value-ecmascript/-/unicode-match-property-value-ecmascript-2.2.1.tgz 203ms (cache miss)
4856 http fetch GET 200 https://registry.npmjs.org/regjsparser/-/regjsparser-0.13.2.tgz 202ms (cache miss)
4857 http fetch GET 200 https://registry.npmjs.org/@babel/plugin-transform-sticky-regex/-/plugin-transform-sticky-regex-7.29.7.tgz 239ms (cache miss)
4858 http fetch GET 200 https://registry.npmjs.org/@babel/plugin-transform-unicode-regex/-/plugin-transform-unicode-regex-7.29.7.tgz 239ms (cache miss)
4859 http fetch GET 200 https://registry.npmjs.org/@babel/helper-remap-async-to-generator/-/helper-remap-async-to-generator-7.29.7.tgz 244ms (cache miss)
4860 http fetch GET 200 https://registry.npmjs.org/@babel/plugin-transform-spread/-/plugin-transform-spread-7.29.8.tgz 247ms (cache miss)
4861 http fetch GET 200 https://registry.npmjs.org/@react-native/babel-plugin-codegen/-/babel-plugin-codegen-0.81.5.tgz 256ms (cache miss)
4862 http fetch GET 200 https://registry.npmjs.org/@babel/plugin-transform-shorthand-properties/-/plugin-transform-shorthand-properties-7.29.7.tgz 259ms (cache miss)
4863 http fetch GET 200 https://registry.npmjs.org/@babel/plugin-transform-react-jsx-source/-/plugin-transform-react-jsx-source-7.29.7.tgz 285ms (cache miss)
4864 http fetch GET 200 https://registry.npmjs.org/@babel/plugin-transform-react-jsx-self/-/plugin-transform-react-jsx-self-7.29.7.tgz 291ms (cache miss)
4865 http fetch GET 200 https://registry.npmjs.org/@babel/plugin-transform-numeric-separator/-/plugin-transform-numeric-separator-7.29.7.tgz 334ms (cache miss)
4866 http fetch GET 200 https://registry.npmjs.org/@babel/helper-create-regexp-features-plugin/-/helper-create-regexp-features-plugin-7.29.7.tgz 339ms (cache miss)
4867 http fetch GET 200 https://registry.npmjs.org/regenerate/-/regenerate-1.4.2.tgz 373ms (cache miss)
4868 http fetch GET 200 https://registry.npmjs.org/lodash.debounce/-/lodash.debounce-4.0.8.tgz 384ms (cache miss)
4869 http fetch GET 200 https://registry.npmjs.org/@babel/plugin-transform-nullish-coalescing-operator/-/plugin-transform-nullish-coalescing-operator-7.29.7.tgz 402ms (cache miss)
4870 http fetch GET 200 https://registry.npmjs.org/core-js-compat/-/core-js-compat-3.50.0.tgz 415ms (cache miss)
4871 http fetch GET 200 https://registry.npmjs.org/regjsgen/-/regjsgen-0.8.0.tgz 416ms (cache miss)
4872 http fetch GET 200 https://registry.npmjs.org/@babel/plugin-transform-named-capturing-groups-regex/-/plugin-transform-named-capturing-groups-regex-7.29.7.tgz 443ms (cache miss)
4873 http fetch GET 200 https://registry.npmjs.org/@babel/plugin-transform-regenerator/-/plugin-transform-regenerator-7.29.8.tgz 449ms (cache miss)
4874 http fetch GET 200 https://registry.npmjs.org/@babel/plugin-transform-for-of/-/plugin-transform-for-of-7.29.7.tgz 481ms (cache miss)
4875 http fetch GET 200 https://registry.npmjs.org/@babel/plugin-transform-literals/-/plugin-transform-literals-7.29.7.tgz 483ms (cache miss)
4876 http fetch GET 200 https://registry.npmjs.org/@babel/helper-define-polyfill-provider/-/helper-define-polyfill-provider-0.6.8.tgz 490ms (cache miss)
4877 http fetch GET 200 https://registry.npmjs.org/regenerate-unicode-properties/-/regenerate-unicode-properties-10.2.2.tgz 502ms (cache miss)
4878 http fetch GET 200 https://registry.npmjs.org/@babel/plugin-transform-computed-properties/-/plugin-transform-computed-properties-7.29.7.tgz 497ms (cache miss)
4879 http fetch GET 200 https://registry.npmjs.org/@babel/plugin-transform-optional-catch-binding/-/plugin-transform-optional-catch-binding-7.29.7.tgz 505ms (cache miss)
4880 http fetch GET 200 https://registry.npmjs.org/@babel/plugin-transform-class-properties/-/plugin-transform-class-properties-7.29.7.tgz 506ms (cache miss)
4881 http fetch GET 200 https://registry.npmjs.org/@babel/plugin-transform-classes/-/plugin-transform-classes-7.29.7.tgz 515ms (cache miss)
4882 http fetch GET 200 https://registry.npmjs.org/@babel/plugin-transform-async-to-generator/-/plugin-transform-async-to-generator-7.29.7.tgz 514ms (cache miss)
4883 http fetch GET 200 https://registry.npmjs.org/@babel/helper-wrap-function/-/helper-wrap-function-7.29.7.tgz 528ms (cache miss)
4884 http fetch GET 200 https://registry.npmjs.org/@babel/plugin-transform-optional-chaining/-/plugin-transform-optional-chaining-7.29.7.tgz 536ms (cache miss)
4885 http fetch GET 200 https://registry.npmjs.org/@babel/plugin-transform-async-generator-functions/-/plugin-transform-async-generator-functions-7.29.7.tgz 532ms (cache miss)
4886 http fetch GET 200 https://registry.npmjs.org/@babel/plugin-transform-function-name/-/plugin-transform-function-name-7.29.7.tgz 536ms (cache miss)
4887 http fetch GET 200 https://registry.npmjs.org/@babel/plugin-syntax-typescript/-/plugin-syntax-typescript-7.29.7.tgz 536ms (cache miss)
4888 http fetch GET 200 https://registry.npmjs.org/@babel/plugin-syntax-dynamic-import/-/plugin-syntax-dynamic-import-7.8.3.tgz 539ms (cache miss)
4889 http fetch GET 200 https://registry.npmjs.org/@babel/plugin-transform-arrow-functions/-/plugin-transform-arrow-functions-7.29.7.tgz 544ms (cache miss)
4890 http fetch GET 200 https://registry.npmjs.org/@babel/plugin-transform-react-pure-annotations/-/plugin-transform-react-pure-annotations-7.29.7.tgz 544ms (cache miss)
4891 http fetch GET 200 https://registry.npmjs.org/@babel/plugin-syntax-jsx/-/plugin-syntax-jsx-7.29.7.tgz 557ms (cache miss)
4892 http fetch GET 200 https://registry.npmjs.org/regexpu-core/-/regexpu-core-6.4.0.tgz 567ms (cache miss)
4893 http fetch GET 200 https://registry.npmjs.org/@babel/plugin-transform-typescript/-/plugin-transform-typescript-7.29.7.tgz 577ms (cache miss)
4894 http fetch GET 200 https://registry.npmjs.org/@babel/plugin-transform-react-display-name/-/plugin-transform-react-display-name-7.29.7.tgz 585ms (cache miss)
4895 http fetch GET 200 https://registry.npmjs.org/@babel/plugin-transform-react-jsx/-/plugin-transform-react-jsx-7.29.7.tgz 590ms (cache miss)
4896 http fetch GET 200 https://registry.npmjs.org/@babel/plugin-transform-logical-assignment-operators/-/plugin-transform-logical-assignment-operators-7.29.7.tgz 598ms (cache miss)
4897 http fetch GET 200 https://registry.npmjs.org/@babel/plugin-transform-destructuring/-/plugin-transform-destructuring-7.29.7.tgz 593ms (cache miss)
4898 http fetch GET 200 https://registry.npmjs.org/babel-plugin-polyfill-regenerator/-/babel-plugin-polyfill-regenerator-0.6.8.tgz 594ms (cache miss)
4899 http fetch GET 200 https://registry.npmjs.org/@babel/plugin-syntax-flow/-/plugin-syntax-flow-7.29.7.tgz 611ms (cache miss)
4900 http fetch GET 200 https://registry.npmjs.org/@babel/helper-skip-transparent-expression-wrappers/-/helper-skip-transparent-expression-wrappers-7.29.7.tgz 619ms (cache miss)
4901 http fetch GET 200 https://registry.npmjs.org/babel-plugin-polyfill-corejs3/-/babel-plugin-polyfill-corejs3-0.13.0.tgz 620ms (cache miss)
4902 http fetch GET 200 https://registry.npmjs.org/@babel/helper-replace-supers/-/helper-replace-supers-7.29.7.tgz 621ms (cache miss)
4903 http fetch GET 200 https://registry.npmjs.org/babel-plugin-polyfill-corejs2/-/babel-plugin-polyfill-corejs2-0.4.17.tgz 637ms (cache miss)
4904 http fetch GET 200 https://registry.npmjs.org/@babel/helper-optimise-call-expression/-/helper-optimise-call-expression-7.29.7.tgz 663ms (cache miss)
4905 http fetch GET 200 https://registry.npmjs.org/babel-plugin-react-native-web/-/babel-plugin-react-native-web-0.21.2.tgz 671ms (cache miss)
4906 http fetch GET 200 https://registry.npmjs.org/@babel/plugin-syntax-decorators/-/plugin-syntax-decorators-7.29.7.tgz 679ms (cache miss)
4907 http fetch GET 200 https://registry.npmjs.org/@babel/helper-annotate-as-pure/-/helper-annotate-as-pure-7.29.7.tgz 686ms (cache miss)
4908 http fetch GET 200 https://registry.npmjs.org/babel-plugin-transform-flow-enums/-/babel-plugin-transform-flow-enums-0.0.2.tgz 703ms (cache miss)
4909 http fetch GET 200 https://registry.npmjs.org/@babel/helper-member-expression-to-functions/-/helper-member-expression-to-functions-7.29.7.tgz 721ms (cache miss)
4910 http fetch GET 200 https://registry.npmjs.org/@babel/preset-react/-/preset-react-7.29.7.tgz 746ms (cache miss)
4911 http fetch GET 200 https://registry.npmjs.org/@babel/plugin-transform-block-scoping/-/plugin-transform-block-scoping-7.29.7.tgz 752ms (cache miss)
4912 http fetch GET 200 https://registry.npmjs.org/@babel/plugin-transform-runtime/-/plugin-transform-runtime-7.29.7.tgz 749ms (cache miss)
4913 http fetch GET 200 https://registry.npmjs.org/@babel/plugin-transform-react-jsx-development/-/plugin-transform-react-jsx-development-7.29.7.tgz 763ms (cache miss)
4914 http fetch GET 200 https://registry.npmjs.org/@babel/helper-create-class-features-plugin/-/helper-create-class-features-plugin-7.29.7.tgz 790ms (cache miss)
4915 http fetch GET 200 https://registry.npmjs.org/@babel/plugin-transform-private-methods/-/plugin-transform-private-methods-7.29.7.tgz 804ms (cache miss)
4916 http fetch GET 200 https://registry.npmjs.org/@babel/plugin-transform-object-rest-spread/-/plugin-transform-object-rest-spread-7.29.7.tgz 804ms (cache miss)
4917 http fetch GET 200 https://registry.npmjs.org/@babel/plugin-transform-export-namespace-from/-/plugin-transform-export-namespace-from-7.29.7.tgz 803ms (cache miss)
4918 http fetch GET 200 https://registry.npmjs.org/@babel/plugin-transform-flow-strip-types/-/plugin-transform-flow-strip-types-7.29.7.tgz 805ms (cache miss)
4919 http fetch GET 200 https://registry.npmjs.org/@babel/plugin-syntax-export-default-from/-/plugin-syntax-export-default-from-7.29.7.tgz 817ms (cache miss)
4920 http fetch GET 200 https://registry.npmjs.org/@babel/plugin-transform-class-static-block/-/plugin-transform-class-static-block-7.29.7.tgz 824ms (cache miss)
4921 http fetch GET 200 https://registry.npmjs.org/@babel/plugin-proposal-decorators/-/plugin-proposal-decorators-7.29.7.tgz 833ms (cache miss)
4922 http fetch GET 200 https://registry.npmjs.org/@react-native/babel-preset/-/babel-preset-0.81.5.tgz 838ms (cache miss)
4923 http fetch GET 200 https://registry.npmjs.org/@babel/plugin-proposal-export-default-from/-/plugin-proposal-export-default-from-7.29.7.tgz 838ms (cache miss)
4924 http fetch GET 200 https://registry.npmjs.org/source-map-js/-/source-map-js-1.2.1.tgz 869ms (cache miss)
4925 http fetch GET 200 https://registry.npmjs.org/detect-libc/-/detect-libc-2.1.2.tgz 923ms (cache miss)
4926 http fetch GET 200 https://registry.npmjs.org/define-lazy-prop/-/define-lazy-prop-2.0.0.tgz 938ms (cache miss)
4927 http fetch GET 200 https://registry.npmjs.org/clone/-/clone-1.0.4.tgz 939ms (cache miss)
4928 http fetch GET 200 https://registry.npmjs.org/postcss/-/postcss-8.4.49.tgz 972ms (cache miss)
4929 http fetch GET 200 https://registry.npmjs.org/@babel/plugin-transform-parameters/-/plugin-transform-parameters-7.29.7.tgz 985ms (cache miss)
4930 http fetch GET 200 https://registry.npmjs.org/@babel/plugin-transform-private-property-in-object/-/plugin-transform-private-property-in-object-7.29.7.tgz 986ms (cache miss)
4931 http fetch GET 200 https://registry.npmjs.org/supports-hyperlinks/-/supports-hyperlinks-2.3.0.tgz 1025ms (cache miss)
4932 http fetch GET 200 https://registry.npmjs.org/minizlib/-/minizlib-3.1.0.tgz 1028ms (cache miss)
4933 http fetch GET 200 https://registry.npmjs.org/defaults/-/defaults-1.0.4.tgz 1035ms (cache miss)
4934 http fetch GET 200 https://registry.npmjs.org/ansi-escapes/-/ansi-escapes-4.3.2.tgz 1042ms (cache miss)
4935 http fetch GET 200 https://registry.npmjs.org/@babel/preset-typescript/-/preset-typescript-7.29.7.tgz 1058ms (cache miss)
4936 http fetch GET 200 https://registry.npmjs.org/@isaacs/fs-minipass/-/fs-minipass-4.0.1.tgz 1084ms (cache miss)
4937 http fetch GET 200 https://registry.npmjs.org/chownr/-/chownr-3.0.0.tgz 1109ms (cache miss)
4938 http fetch GET 200 https://registry.npmjs.org/function-bind/-/function-bind-1.1.2.tgz 1113ms (cache miss)
4939 http fetch GET 200 https://registry.npmjs.org/hasown/-/hasown-2.0.4.tgz 1118ms (cache miss)
4940 http fetch GET 200 https://registry.npmjs.org/lightningcss/-/lightningcss-1.33.0.tgz 1127ms (cache miss)
4941 http fetch GET 200 https://registry.npmjs.org/mimic-fn/-/mimic-fn-1.2.0.tgz 1129ms (cache miss)
4942 http fetch GET 200 https://registry.npmjs.org/supports-preserve-symlinks-flag/-/supports-preserve-symlinks-flag-1.0.0.tgz 1149ms (cache miss)
4943 http fetch GET 200 https://registry.npmjs.org/onetime/-/onetime-2.0.1.tgz 1167ms (cache miss)
4944 http fetch GET 200 https://registry.npmjs.org/strip-json-comments/-/strip-json-comments-2.0.1.tgz 1169ms (cache miss)
4945 http fetch GET 200 https://registry.npmjs.org/minimist/-/minimist-1.2.8.tgz 1178ms (cache miss)
4946 http fetch GET 200 https://registry.npmjs.org/path-parse/-/path-parse-1.0.7.tgz 1178ms (cache miss)
4947 http fetch GET 200 https://registry.npmjs.org/es-errors/-/es-errors-1.3.0.tgz 1213ms (cache miss)
4948 http fetch GET 200 https://registry.npmjs.org/is-core-module/-/is-core-module-2.16.2.tgz 1224ms (cache miss)
4949 http fetch GET 200 https://registry.npmjs.org/deep-extend/-/deep-extend-0.6.0.tgz 1239ms (cache miss)
4950 http fetch GET 200 https://registry.npmjs.org/ini/-/ini-1.3.8.tgz 1255ms (cache miss)
4951 http fetch GET 200 https://registry.npmjs.org/sisteransi/-/sisteransi-1.0.5.tgz 1268ms (cache miss)
4952 http fetch GET 200 https://registry.npmjs.org/kleur/-/kleur-3.0.3.tgz 1271ms (cache miss)
4953 http fetch GET 200 https://registry.npmjs.org/rc/-/rc-1.2.8.tgz 1275ms (cache miss)
4954 http fetch GET 200 https://registry.npmjs.org/nested-error-stacks/-/nested-error-stacks-2.0.1.tgz 1320ms (cache miss)
4955 http fetch GET 200 https://registry.npmjs.org/wcwidth/-/wcwidth-1.0.1.tgz 1320ms (cache miss)
4956 http fetch GET 200 https://registry.npmjs.org/restore-cursor/-/restore-cursor-2.0.0.tgz 1327ms (cache miss)
4957 http fetch GET 200 https://registry.npmjs.org/validate-npm-package-name/-/validate-npm-package-name-5.0.1.tgz 1327ms (cache miss)
4958 http fetch GET 200 https://registry.npmjs.org/cli-cursor/-/cli-cursor-2.1.0.tgz 1327ms (cache miss)
4959 http fetch GET 200 https://registry.npmjs.org/babel-plugin-react-compiler/-/babel-plugin-react-compiler-1.0.0.tgz 1374ms (cache miss)
4960 http fetch GET 200 https://registry.npmjs.org/proc-log/-/proc-log-4.2.0.tgz 1375ms (cache miss)
4961 http fetch GET 200 https://registry.npmjs.org/log-symbols/-/log-symbols-2.2.0.tgz 1381ms (cache miss)
4962 http fetch GET 200 https://registry.npmjs.org/cli-spinners/-/cli-spinners-2.9.2.tgz 1391ms (cache miss)
4963 http fetch GET 200 https://registry.npmjs.org/hosted-git-info/-/hosted-git-info-7.0.2.tgz 1395ms (cache miss)
4964 http fetch GET 200 https://registry.npmjs.org/compressible/-/compressible-2.0.18.tgz 1426ms (cache miss)
4965 http fetch GET 200 https://registry.npmjs.org/vary/-/vary-1.1.2.tgz 1430ms (cache miss)
4966 http fetch GET 200 https://registry.npmjs.org/bytes/-/bytes-3.1.2.tgz 1431ms (cache miss)
4967 http fetch GET 200 https://registry.npmjs.org/on-headers/-/on-headers-1.1.0.tgz 1452ms (cache miss)
4968 http fetch GET 200 https://registry.npmjs.org/safe-buffer/-/safe-buffer-5.2.1.tgz 1459ms (cache miss)
4969 http fetch GET 200 https://registry.npmjs.org/dotenv-expand/-/dotenv-expand-11.0.7.tgz 1463ms (cache miss)
4970 http fetch GET 200 https://registry.npmjs.org/wonka/-/wonka-6.3.6.tgz 1483ms (cache miss)
4971 http fetch GET 200 https://registry.npmjs.org/parse-png/-/parse-png-2.1.0.tgz 1554ms (cache miss)
4972 http fetch GET 200 https://registry.npmjs.org/pngjs/-/pngjs-3.4.0.tgz 1577ms (cache miss)
4973 http fetch GET 200 https://registry.npmjs.org/@babel/plugin-transform-modules-commonjs/-/plugin-transform-modules-commonjs-7.29.7.tgz 1602ms (cache miss)
4974 http fetch GET 200 https://registry.npmjs.org/dotenv/-/dotenv-16.4.7.tgz 1601ms (cache miss)
4975 http fetch GET 200 https://registry.npmjs.org/terminal-link/-/terminal-link-2.1.1.tgz 1604ms (cache miss)
4976 http fetch GET 200 https://registry.npmjs.org/structured-headers/-/structured-headers-0.4.1.tgz 1652ms (cache miss)
4977 http fetch GET 200 https://registry.npmjs.org/requireg/-/requireg-0.2.2.tgz 1657ms (cache miss)
4978 http fetch GET 200 https://registry.npmjs.org/resolve.exports/-/resolve.exports-2.0.3.tgz 1686ms (cache miss)
4979 http fetch GET 200 https://registry.npmjs.org/resolve/-/resolve-1.22.12.tgz 1723ms (cache miss)
4980 http fetch GET 200 https://registry.npmjs.org/@expo/require-utils/-/require-utils-55.0.6.tgz 1763ms (cache miss)
4981 http fetch GET 200 https://registry.npmjs.org/@expo/sudo-prompt/-/sudo-prompt-9.3.2.tgz 1775ms (cache miss)
4982 http fetch GET 200 https://registry.npmjs.org/prompts/-/prompts-2.4.2.tgz 1842ms (cache miss)
4983 http fetch GET 200 https://registry.npmjs.org/pretty-bytes/-/pretty-bytes-5.6.0.tgz 1844ms (cache miss)
4984 http fetch GET 200 https://registry.npmjs.org/ora/-/ora-3.4.0.tgz 1858ms (cache miss)
4985 http fetch GET 200 https://registry.npmjs.org/progress/-/progress-2.0.3.tgz 1939ms (cache miss)
4986 http fetch GET 200 https://registry.npmjs.org/npm-package-arg/-/npm-package-arg-11.0.3.tgz 1943ms (cache miss)
4987 http fetch GET 200 https://registry.npmjs.org/lan-network/-/lan-network-0.2.1.tgz 2127ms (cache miss)
4988 http fetch GET 200 https://registry.npmjs.org/env-editor/-/env-editor-0.4.2.tgz 2207ms (cache miss)
4989 http fetch GET 200 https://registry.npmjs.org/expo-server/-/expo-server-1.0.7.tgz 2420ms (cache miss)
4990 http fetch GET 200 https://registry.npmjs.org/compression/-/compression-1.8.1.tgz 2473ms (cache miss)
4991 http fetch GET 200 https://registry.npmjs.org/freeport-async/-/freeport-async-2.0.0.tgz 2482ms (cache miss)
4992 http fetch GET 200 https://registry.npmjs.org/jimp-compact/-/jimp-compact-0.16.1.tgz 2572ms (cache miss)
4993 http fetch GET 200 https://registry.npmjs.org/@urql/exchange-retry/-/exchange-retry-1.3.2.tgz 2612ms (cache miss)
4994 http fetch GET 200 https://registry.npmjs.org/@expo/schema-utils/-/schema-utils-0.1.9.tgz 2695ms (cache miss)
4995 http fetch GET 200 https://registry.npmjs.org/qrcode-terminal/-/qrcode-terminal-0.11.0.tgz 2800ms (cache miss)
4996 http fetch GET 200 https://registry.npmjs.org/@expo/package-manager/-/package-manager-1.13.1.tgz 2801ms (cache miss)
4997 http fetch GET 200 https://registry.npmjs.org/@expo/osascript/-/osascript-2.7.1.tgz 2872ms (cache miss)
4998 http fetch GET 200 https://registry.npmjs.org/@urql/core/-/core-5.2.0.tgz 2901ms (cache miss)
4999 http fetch GET 200 https://registry.npmjs.org/better-opn/-/better-opn-3.0.2.tgz 2950ms (cache miss)
5000 http fetch GET 200 https://registry.npmjs.org/@expo/env/-/env-2.0.12.tgz 2967ms (cache miss)
5001 http fetch GET 200 https://registry.npmjs.org/@expo/code-signing-certificates/-/code-signing-certificates-0.0.6.tgz 3052ms (cache miss)
5002 http fetch GET 200 https://registry.npmjs.org/undici/-/undici-6.28.0.tgz 3083ms (cache miss)
5003 http fetch GET 200 https://registry.npmjs.org/concat-map/-/concat-map-0.0.1.tgz 3097ms (cache miss)
5004 http fetch GET 200 https://registry.npmjs.org/@expo/devcert/-/devcert-1.2.1.tgz 3166ms (cache miss)
5005 http fetch GET 200 https://registry.npmjs.org/async-limiter/-/async-limiter-1.0.1.tgz 3187ms (cache miss)
5006 http fetch GET 200 https://registry.npmjs.org/@expo/image-utils/-/image-utils-0.8.15.tgz 3210ms (cache miss)
5007 http fetch GET 200 https://registry.npmjs.org/@expo/ws-tunnel/-/ws-tunnel-1.0.6.tgz 3228ms (cache miss)
5008 http fetch GET 200 https://registry.npmjs.org/wrappy/-/wrappy-1.0.2.tgz 3231ms (cache miss)
5009 http fetch GET 200 https://registry.npmjs.org/once/-/once-1.4.0.tgz 3284ms (cache miss)
5010 http fetch GET 200 https://registry.npmjs.org/path-is-absolute/-/path-is-absolute-1.0.1.tgz 3315ms (cache miss)
5011 http fetch GET 200 https://registry.npmjs.org/is-fullwidth-code-point/-/is-fullwidth-code-point-3.0.0.tgz 3330ms (cache miss)
5012 http fetch GET 200 https://registry.npmjs.org/emoji-regex/-/emoji-regex-8.0.0.tgz 3361ms (cache miss)
5013 http fetch GET 200 https://registry.npmjs.org/@0no-co/graphql.web/-/graphql.web-1.3.3.tgz 3373ms (cache miss)
5014 http fetch GET 200 https://registry.npmjs.org/fs.realpath/-/fs.realpath-1.0.0.tgz 3383ms (cache miss)
5015 http fetch GET 200 https://registry.npmjs.org/inflight/-/inflight-1.0.6.tgz 3438ms (cache miss)
5016 warn deprecated inflight@1.0.6: This module is not supported, and leaks memory. Do not use it. Check out lru-cache if you want a good and tested way to coalesce async requests by a key value, which is much more comprehensive and powerful.
5017 http fetch GET 200 https://registry.npmjs.org/wrap-ansi/-/wrap-ansi-7.0.0.tgz 3461ms (cache miss)
5018 http fetch GET 200 https://registry.npmjs.org/strip-ansi/-/strip-ansi-6.0.1.tgz 3483ms (cache miss)
5019 http fetch GET 200 https://registry.npmjs.org/yargs-parser/-/yargs-parser-21.1.1.tgz 3482ms (cache miss)
5020 http fetch GET 200 https://registry.npmjs.org/string-width/-/string-width-4.2.3.tgz 3513ms (cache miss)
5021 http fetch GET 200 https://registry.npmjs.org/y18n/-/y18n-5.0.8.tgz 3514ms (cache miss)
5022 http fetch GET 200 https://registry.npmjs.org/require-directory/-/require-directory-2.1.1.tgz 3532ms (cache miss)
5023 http fetch GET 200 https://registry.npmjs.org/big-integer/-/big-integer-1.6.52.tgz 3551ms (cache miss)
5024 http fetch GET 200 https://registry.npmjs.org/cliui/-/cliui-8.0.1.tgz 3574ms (cache miss)
5025 http fetch GET 200 https://registry.npmjs.org/get-caller-file/-/get-caller-file-2.0.5.tgz 3578ms (cache miss)
5026 http fetch GET 200 https://registry.npmjs.org/sax/-/sax-1.6.1.tgz 3627ms (cache miss)
5027 http fetch GET 200 https://registry.npmjs.org/stream-buffers/-/stream-buffers-2.2.0.tgz 3628ms (cache miss)
5028 http fetch GET 200 https://registry.npmjs.org/uuid/-/uuid-7.0.3.tgz 3663ms (cache miss)
5029 warn deprecated uuid@7.0.3: uuid@10 and below is no longer supported.  For ESM codebases, update to uuid@latest.  For CommonJS codebases, use uuid@11 (but be aware this version will likely be deprecated in 2028).
5030 http fetch GET 200 https://registry.npmjs.org/bplist-parser/-/bplist-parser-0.3.1.tgz 3694ms (cache miss)
5031 http fetch GET 200 https://registry.npmjs.org/signal-exit/-/signal-exit-3.0.7.tgz 3722ms (cache miss)
5032 http fetch GET 200 https://registry.npmjs.org/ieee754/-/ieee754-1.2.1.tgz 3757ms (cache miss)
5033 http fetch GET 200 https://registry.npmjs.org/node-forge/-/node-forge-1.4.0.tgz 3773ms (cache miss)
5034 http fetch GET 200 https://registry.npmjs.org/simple-plist/-/simple-plist-1.3.1.tgz 3768ms (cache miss)
5035 http fetch GET 200 https://registry.npmjs.org/imurmurhash/-/imurmurhash-0.1.4.tgz 3782ms (cache miss)
5036 http fetch GET 200 https://registry.npmjs.org/isexe/-/isexe-2.0.0.tgz 3785ms (cache miss)
5037 http fetch GET 200 https://registry.npmjs.org/webidl-conversions/-/webidl-conversions-5.0.0.tgz 3833ms (cache miss)
5038 http fetch GET 200 https://registry.npmjs.org/punycode/-/punycode-2.3.1.tgz 3839ms (cache miss)
5039 http fetch GET 200 https://registry.npmjs.org/escalade/-/escalade-3.2.0.tgz 3860ms (cache miss)
5040 http fetch GET 200 https://registry.npmjs.org/makeerror/-/makeerror-1.0.12.tgz 3868ms (cache miss)
5041 http fetch GET 200 https://registry.npmjs.org/tar/-/tar-7.5.22.tgz 3912ms (cache miss)
5042 http fetch GET 200 https://registry.npmjs.org/buffer/-/buffer-5.7.1.tgz 3919ms (cache miss)
5043 http fetch GET 200 https://registry.npmjs.org/tmpl/-/tmpl-1.0.5.tgz 3928ms (cache miss)
5044 http fetch GET 200 https://registry.npmjs.org/is-number/-/is-number-7.0.0.tgz 3935ms (cache miss)
5045 http fetch GET 200 https://registry.npmjs.org/thenify/-/thenify-3.3.1.tgz 3957ms (cache miss)
5046 http fetch GET 200 https://registry.npmjs.org/@jridgewell/source-map/-/source-map-0.3.11.tgz 3984ms (cache miss)
5047 http fetch GET 200 https://registry.npmjs.org/acorn/-/acorn-8.18.0.tgz 3989ms (cache miss)
5048 http fetch GET 200 https://registry.npmjs.org/@expo/xcpretty/-/xcpretty-4.4.4.tgz 4012ms (cache miss)
5049 http fetch GET 200 https://registry.npmjs.org/buffer-from/-/buffer-from-1.1.2.tgz 4023ms (cache miss)
5050 http fetch GET 200 https://registry.npmjs.org/plist/-/plist-3.1.1.tgz 4031ms (cache miss)
5051 http fetch GET 200 https://registry.npmjs.org/thenify-all/-/thenify-all-1.6.0.tgz 4051ms (cache miss)
5052 http fetch GET 200 https://registry.npmjs.org/has-flag/-/has-flag-3.0.0.tgz 4051ms (cache miss)
5053 http fetch GET 200 https://registry.npmjs.org/object-assign/-/object-assign-4.1.1.tgz 4095ms (cache miss)
5054 http fetch GET 200 https://registry.npmjs.org/source-map-support/-/source-map-support-0.5.21.tgz 4106ms (cache miss)
5055 http fetch GET 200 https://registry.npmjs.org/bplist-creator/-/bplist-creator-0.1.0.tgz 4110ms (cache miss)
5056 http fetch GET 200 https://registry.npmjs.org/any-promise/-/any-promise-1.3.0.tgz 4115ms (cache miss)
5057 http fetch GET 200 https://registry.npmjs.org/ts-interface-checker/-/ts-interface-checker-0.1.13.tgz 4118ms (cache miss)
5058 http fetch GET 200 https://registry.npmjs.org/tinyglobby/-/tinyglobby-0.2.17.tgz 4125ms (cache miss)
5059 http fetch GET 200 https://registry.npmjs.org/lines-and-columns/-/lines-and-columns-1.2.4.tgz 4139ms (cache miss)
5060 http fetch GET 200 https://registry.npmjs.org/is-arrayish/-/is-arrayish-0.3.4.tgz 4140ms (cache miss)
5061 http fetch GET 200 https://registry.npmjs.org/type-fest/-/type-fest-0.7.1.tgz 4149ms (cache miss)
5062 http fetch GET 200 https://registry.npmjs.org/mz/-/mz-2.7.0.tgz 4159ms (cache miss)
5063 http fetch GET 200 https://registry.npmjs.org/toidentifier/-/toidentifier-1.0.1.tgz 4165ms (cache miss)
5064 http fetch GET 200 https://registry.npmjs.org/shebang-regex/-/shebang-regex-3.0.0.tgz 4173ms (cache miss)
5065 http fetch GET 200 https://registry.npmjs.org/http-errors/-/http-errors-2.0.1.tgz 4184ms (cache miss)
5066 http fetch GET 200 https://registry.npmjs.org/mime/-/mime-1.6.0.tgz 4189ms (cache miss)
5067 http fetch GET 200 https://registry.npmjs.org/fresh/-/fresh-0.5.2.tgz 4228ms (cache miss)
5068 http fetch GET 200 https://registry.npmjs.org/etag/-/etag-1.8.1.tgz 4228ms (cache miss)
5069 http fetch GET 200 https://registry.npmjs.org/range-parser/-/range-parser-1.2.1.tgz 4231ms (cache miss)
5070 http fetch GET 200 https://registry.npmjs.org/setprototypeof/-/setprototypeof-1.2.0.tgz 4233ms (cache miss)
5071 http fetch GET 200 https://registry.npmjs.org/asap/-/asap-2.0.6.tgz 4259ms (cache miss)
5072 http fetch GET 200 https://registry.npmjs.org/destroy/-/destroy-1.2.0.tgz 4264ms (cache miss)
5073 http fetch GET 200 https://registry.npmjs.org/depd/-/depd-2.0.0.tgz 4265ms (cache miss)
5074 http fetch GET 200 https://registry.npmjs.org/p-locate/-/p-locate-4.1.0.tgz 4264ms (cache miss)
5075 http fetch GET 200 https://registry.npmjs.org/marky/-/marky-1.3.0.tgz 4274ms (cache miss)
5076 http fetch GET 200 https://registry.npmjs.org/react-freeze/-/react-freeze-1.0.4.tgz 4293ms (cache miss)
5077 http fetch GET 200 https://registry.npmjs.org/sprintf-js/-/sprintf-js-1.0.3.tgz 4307ms (cache miss)
5078 http fetch GET 200 https://registry.npmjs.org/esprima/-/esprima-4.0.1.tgz 4321ms (cache miss)
5079 http fetch GET 200 https://registry.npmjs.org/shell-quote/-/shell-quote-1.10.0.tgz 4328ms (cache miss)
5080 http fetch GET 200 https://registry.npmjs.org/@types/stack-utils/-/stack-utils-2.0.3.tgz 4358ms (cache miss)
5081 http fetch GET 200 https://registry.npmjs.org/stack-utils/-/stack-utils-2.0.6.tgz 4362ms (cache miss)
5082 http fetch GET 200 https://registry.npmjs.org/normalize-path/-/normalize-path-3.0.0.tgz 4373ms (cache miss)
5083 http fetch GET 200 https://registry.npmjs.org/send/-/send-0.19.2.tgz 4397ms (cache miss)
5084 http fetch GET 200 https://registry.npmjs.org/anymatch/-/anymatch-3.1.3.tgz 4400ms (cache miss)
5085 http fetch GET 200 https://registry.npmjs.org/@types/graceful-fs/-/graceful-fs-4.1.9.tgz 4415ms (cache miss)
5086 http fetch GET 200 https://registry.npmjs.org/type-detect/-/type-detect-4.0.8.tgz 4421ms (cache miss)
5087 http fetch GET 200 https://registry.npmjs.org/jest-mock/-/jest-mock-29.7.0.tgz 4440ms (cache miss)
5088 http fetch GET 200 https://registry.npmjs.org/argparse/-/argparse-1.0.10.tgz 4445ms (cache miss)
5089 http fetch GET 200 https://registry.npmjs.org/@jest/fake-timers/-/fake-timers-29.7.0.tgz 4451ms (cache miss)
5090 http fetch GET 200 https://registry.npmjs.org/@sinonjs/fake-timers/-/fake-timers-10.3.0.tgz 4462ms (cache miss)
5091 http fetch GET 200 https://registry.npmjs.org/istanbul-lib-coverage/-/istanbul-lib-coverage-3.2.2.tgz 4488ms (cache miss)
5092 http fetch GET 200 https://registry.npmjs.org/jest-message-util/-/jest-message-util-29.7.0.tgz 4497ms (cache miss)
5093 http fetch GET 200 https://registry.npmjs.org/rimraf/-/rimraf-3.0.2.tgz 4501ms (cache miss)
5094 warn deprecated rimraf@3.0.2: Rimraf versions prior to v4 are no longer supported
5095 http fetch GET 200 https://registry.npmjs.org/@jest/environment/-/environment-29.7.0.tgz 4503ms (cache miss)
5096 http fetch GET 200 https://registry.npmjs.org/mkdirp/-/mkdirp-1.0.4.tgz 4521ms (cache miss)
5097 http fetch GET 200 https://registry.npmjs.org/path-exists/-/path-exists-4.0.0.tgz 4526ms (cache miss)
5098 http fetch GET 200 https://registry.npmjs.org/locate-path/-/locate-path-5.0.0.tgz 4532ms (cache miss)
5099 http fetch GET 200 https://registry.npmjs.org/lighthouse-logger/-/lighthouse-logger-1.4.2.tgz 4536ms (cache miss)
5100 http fetch GET 200 https://registry.npmjs.org/is-docker/-/is-docker-2.2.1.tgz 4548ms (cache miss)
5101 http fetch GET 200 https://registry.npmjs.org/is-wsl/-/is-wsl-2.2.0.tgz 4548ms (cache miss)
5102 http fetch GET 200 https://registry.npmjs.org/@babel/plugin-syntax-top-level-await/-/plugin-syntax-top-level-await-7.14.5.tgz 4551ms (cache miss)
5103 http fetch GET 200 https://registry.npmjs.org/@babel/plugin-syntax-optional-catch-binding/-/plugin-syntax-optional-catch-binding-7.8.3.tgz 4555ms (cache miss)
5104 http fetch GET 200 https://registry.npmjs.org/@babel/plugin-syntax-optional-chaining/-/plugin-syntax-optional-chaining-7.8.3.tgz 4590ms (cache miss)
5105 http fetch GET 200 https://registry.npmjs.org/@babel/plugin-syntax-nullish-coalescing-operator/-/plugin-syntax-nullish-coalescing-operator-7.8.3.tgz 4590ms (cache miss)
5106 http fetch GET 200 https://registry.npmjs.org/@babel/plugin-syntax-private-property-in-object/-/plugin-syntax-private-property-in-object-7.14.5.tgz 4592ms (cache miss)
5107 http fetch GET 200 https://registry.npmjs.org/@babel/plugin-syntax-numeric-separator/-/plugin-syntax-numeric-separator-7.10.4.tgz 4599ms (cache miss)
5108 http fetch GET 200 https://registry.npmjs.org/@babel/plugin-syntax-logical-assignment-operators/-/plugin-syntax-logical-assignment-operators-7.10.4.tgz 4605ms (cache miss)
5109 http fetch GET 200 https://registry.npmjs.org/@babel/plugin-syntax-json-strings/-/plugin-syntax-json-strings-7.8.3.tgz 4605ms (cache miss)
5110 http fetch GET 200 https://registry.npmjs.org/@babel/plugin-syntax-import-meta/-/plugin-syntax-import-meta-7.10.4.tgz 4624ms (cache miss)
5111 http fetch GET 200 https://registry.npmjs.org/@babel/plugin-syntax-bigint/-/plugin-syntax-bigint-7.8.3.tgz 4623ms (cache miss)
5112 http fetch GET 200 https://registry.npmjs.org/@babel/plugin-syntax-class-static-block/-/plugin-syntax-class-static-block-7.14.5.tgz 4631ms (cache miss)
5113 http fetch GET 200 https://registry.npmjs.org/@babel/plugin-syntax-import-attributes/-/plugin-syntax-import-attributes-7.29.7.tgz 4631ms (cache miss)
5114 http fetch GET 200 https://registry.npmjs.org/@babel/plugin-syntax-class-properties/-/plugin-syntax-class-properties-7.12.13.tgz 4636ms (cache miss)
5115 http fetch GET 200 https://registry.npmjs.org/babel-preset-current-node-syntax/-/babel-preset-current-node-syntax-1.2.0.tgz 4645ms (cache miss)
5116 http fetch GET 200 https://registry.npmjs.org/babel-plugin-jest-hoist/-/babel-plugin-jest-hoist-29.6.3.tgz 4667ms (cache miss)
5117 http fetch GET 200 https://registry.npmjs.org/get-package-type/-/get-package-type-0.1.0.tgz 4675ms (cache miss)
5118 http fetch GET 200 https://registry.npmjs.org/js-yaml/-/js-yaml-3.15.1.tgz 4679ms (cache miss)
5119 http fetch GET 200 https://registry.npmjs.org/istanbul-lib-instrument/-/istanbul-lib-instrument-5.2.1.tgz 4693ms (cache miss)
5120 http fetch GET 200 https://registry.npmjs.org/test-exclude/-/test-exclude-6.0.0.tgz 4702ms (cache miss)
5121 http fetch GET 200 https://registry.npmjs.org/find-up/-/find-up-4.1.0.tgz 4709ms (cache miss)
5122 http fetch GET 200 https://registry.npmjs.org/@types/babel__traverse/-/babel__traverse-7.28.0.tgz 4738ms (cache miss)
5123 http fetch GET 200 https://registry.npmjs.org/@babel/helper-plugin-utils/-/helper-plugin-utils-7.29.7.tgz 4742ms (cache miss)
5124 http fetch GET 200 https://registry.npmjs.org/@istanbuljs/load-nyc-config/-/load-nyc-config-1.1.0.tgz 4750ms (cache miss)
5125 http fetch GET 200 https://registry.npmjs.org/@istanbuljs/schema/-/schema-0.1.6.tgz 4755ms (cache miss)
5126 http fetch GET 200 https://registry.npmjs.org/@types/babel__template/-/babel__template-7.4.4.tgz 4763ms (cache miss)
5127 http fetch GET 200 https://registry.npmjs.org/@types/babel__generator/-/babel__generator-7.27.0.tgz 4767ms (cache miss)
5128 http fetch GET 200 https://registry.npmjs.org/@sinonjs/commons/-/commons-3.0.1.tgz 4773ms (cache miss)
5129 http fetch GET 200 https://registry.npmjs.org/pirates/-/pirates-4.0.7.tgz 4770ms (cache miss)
5130 http fetch GET 200 https://registry.npmjs.org/write-file-atomic/-/write-file-atomic-4.0.2.tgz 4780ms (cache miss)
5131 http fetch GET 200 https://registry.npmjs.org/@babel/plugin-syntax-object-rest-spread/-/plugin-syntax-object-rest-spread-7.8.3.tgz 4793ms (cache miss)
5132 http fetch GET 200 https://registry.npmjs.org/jest-regex-util/-/jest-regex-util-29.6.3.tgz 4791ms (cache miss)
5133 http fetch GET 200 https://registry.npmjs.org/fsevents/-/fsevents-2.3.3.tgz 4802ms (cache miss)
5134 http fetch GET 200 https://registry.npmjs.org/@types/babel__core/-/babel__core-7.20.5.tgz 4823ms (cache miss)
5135 http fetch GET 200 https://registry.npmjs.org/babel-preset-jest/-/babel-preset-jest-29.6.3.tgz 4830ms (cache miss)
5136 http fetch GET 200 https://registry.npmjs.org/babel-plugin-istanbul/-/babel-plugin-istanbul-6.1.1.tgz 4830ms (cache miss)
5137 http fetch GET 200 https://registry.npmjs.org/fast-json-stable-stringify/-/fast-json-stable-stringify-2.1.0.tgz 4840ms (cache miss)
5138 http fetch GET 200 https://registry.npmjs.org/serve-static/-/serve-static-1.16.3.tgz 4849ms (cache miss)
5139 http fetch GET 200 https://registry.npmjs.org/@jest/transform/-/transform-29.7.0.tgz 4853ms (cache miss)
5140 http fetch GET 200 https://registry.npmjs.org/open/-/open-7.4.2.tgz 4862ms (cache miss)
5141 http fetch GET 200 https://registry.npmjs.org/@babel/plugin-syntax-async-generators/-/plugin-syntax-async-generators-7.8.4.tgz 4868ms (cache miss)
5142 http fetch GET 200 https://registry.npmjs.org/event-target-shim/-/event-target-shim-5.0.1.tgz 4891ms (cache miss)
5143 http fetch GET 200 https://registry.npmjs.org/@isaacs/ttlcache/-/ttlcache-1.4.1.tgz 4927ms (cache miss)
5144 http fetch GET 200 https://registry.npmjs.org/scheduler/-/scheduler-0.26.0.tgz 4941ms (cache miss)
5145 http fetch GET 200 https://registry.npmjs.org/promise/-/promise-8.3.0.tgz 5031ms (cache miss)
5146 http fetch GET 200 https://registry.npmjs.org/jest-environment-node/-/jest-environment-node-29.7.0.tgz 5031ms (cache miss)
5147 http fetch GET 200 https://registry.npmjs.org/stacktrace-parser/-/stacktrace-parser-0.1.11.tgz 5034ms (cache miss)
5148 http fetch GET 200 https://registry.npmjs.org/memoize-one/-/memoize-one-5.2.1.tgz 5045ms (cache miss)
5149 http fetch GET 200 https://registry.npmjs.org/whatwg-fetch/-/whatwg-fetch-3.6.20.tgz 5051ms (cache miss)
5150 http fetch GET 200 https://registry.npmjs.org/regenerator-runtime/-/regenerator-runtime-0.13.11.tgz 5059ms (cache miss)
5151 http fetch GET 200 https://registry.npmjs.org/babel-plugin-syntax-hermes-parser/-/babel-plugin-syntax-hermes-parser-0.29.1.tgz 5075ms (cache miss)
5152 http fetch GET 200 https://registry.npmjs.org/chrome-launcher/-/chrome-launcher-0.15.2.tgz 5095ms (cache miss)
5153 http fetch GET 200 https://registry.npmjs.org/babel-jest/-/babel-jest-29.7.0.tgz 5130ms (cache miss)
5154 http fetch GET 200 https://registry.npmjs.org/ansi-regex/-/ansi-regex-5.0.1.tgz 5137ms (cache miss)
5155 http fetch GET 200 https://registry.npmjs.org/jest-haste-map/-/jest-haste-map-29.7.0.tgz 5215ms (cache miss)
5156 http fetch GET 200 https://registry.npmjs.org/anser/-/anser-1.4.10.tgz 5476ms (cache miss)
5157 http fetch GET 200 https://registry.npmjs.org/abort-controller/-/abort-controller-3.0.0.tgz 5490ms (cache miss)
5158 http fetch GET 200 https://registry.npmjs.org/@jest/create-cache-key-function/-/create-cache-key-function-29.7.0.tgz 5759ms (cache miss)
5159 http fetch GET 200 https://registry.npmjs.org/void-elements/-/void-elements-3.1.0.tgz 5804ms (cache miss)
5160 http fetch GET 200 https://registry.npmjs.org/inherits/-/inherits-2.0.4.tgz 5860ms (cache miss)
5161 http fetch GET 200 https://registry.npmjs.org/@react-native/normalize-colors/-/normalize-colors-0.81.5.tgz 5865ms (cache miss)
5162 http fetch GET 200 https://registry.npmjs.org/@react-native/js-polyfills/-/js-polyfills-0.81.5.tgz 5879ms (cache miss)
5163 http fetch GET 200 https://registry.npmjs.org/@react-native/assets-registry/-/assets-registry-0.81.5.tgz 5894ms (cache miss)
5164 http fetch GET 200 https://registry.npmjs.org/@react-native/community-cli-plugin/-/community-cli-plugin-0.81.5.tgz 5904ms (cache miss)
5165 http fetch GET 200 https://registry.npmjs.org/html-parse-stringify/-/html-parse-stringify-3.1.0.tgz 5944ms (cache miss)
5166 http fetch GET 200 https://registry.npmjs.org/@react-native/gradle-plugin/-/gradle-plugin-0.81.5.tgz 5996ms (cache miss)
5167 http fetch GET 200 https://registry.npmjs.org/strict-uri-encode/-/strict-uri-encode-2.0.0.tgz 6030ms (cache miss)
5168 http fetch GET 200 https://registry.npmjs.org/split-on-first/-/split-on-first-1.1.0.tgz 6052ms (cache miss)
5169 http fetch GET 200 https://registry.npmjs.org/yocto-queue/-/yocto-queue-0.1.0.tgz 6091ms (cache miss)
5170 http fetch GET 200 https://registry.npmjs.org/filter-obj/-/filter-obj-1.1.0.tgz 6092ms (cache miss)
5171 http fetch GET 200 https://registry.npmjs.org/ee-first/-/ee-first-1.1.1.tgz 6096ms (cache miss)
5172 http fetch GET 200 https://registry.npmjs.org/brace-expansion/-/brace-expansion-5.0.9.tgz 6117ms (cache miss)
5173 http fetch GET 200 https://registry.npmjs.org/balanced-match/-/balanced-match-4.0.4.tgz 6125ms (cache miss)
5174 http fetch GET 200 https://registry.npmjs.org/decode-uri-component/-/decode-uri-component-0.2.2.tgz 6134ms (cache miss)
5175 http fetch GET 200 https://registry.npmjs.org/@react-native/dev-middleware/-/dev-middleware-0.81.5.tgz 6243ms (cache miss)
5176 http fetch GET 200 https://registry.npmjs.org/to-regex-range/-/to-regex-range-5.0.1.tgz 6261ms (cache miss)
5177 http fetch GET 200 https://registry.npmjs.org/fill-range/-/fill-range-7.1.1.tgz 6263ms (cache miss)
5178 http fetch GET 200 https://registry.npmjs.org/ob1/-/ob1-0.83.3.tgz 6308ms (cache miss)
5179 http fetch GET 200 https://registry.npmjs.org/vlq/-/vlq-1.0.1.tgz 6318ms (cache miss)
5180 http fetch GET 200 https://registry.npmjs.org/braces/-/braces-3.0.3.tgz 6342ms (cache miss)
5181 http fetch GET 200 https://registry.npmjs.org/bser/-/bser-2.1.1.tgz 6354ms (cache miss)
5182 http fetch GET 200 https://registry.npmjs.org/node-int64/-/node-int64-0.4.0.tgz 6356ms (cache miss)
5183 http fetch GET 200 https://registry.npmjs.org/mime-db/-/mime-db-1.52.0.tgz 6358ms (cache miss)
5184 http fetch GET 200 https://registry.npmjs.org/micromatch/-/micromatch-4.0.8.tgz 6562ms (cache miss)
5185 http fetch GET 200 https://registry.npmjs.org/walker/-/walker-1.0.8.tgz 6567ms (cache miss)
5186 http fetch GET 200 https://registry.npmjs.org/@babel/traverse/-/traverse-7.29.8.tgz 6568ms (cache miss)
5187 http fetch GET 200 https://registry.npmjs.org/leven/-/leven-3.1.0.tgz 6590ms (cache miss)
5188 http fetch GET 200 https://registry.npmjs.org/fb-watchman/-/fb-watchman-2.0.2.tgz 6613ms (cache miss)
5189 http fetch GET 200 https://registry.npmjs.org/jest-get-type/-/jest-get-type-29.6.3.tgz 6635ms (cache miss)
5190 http fetch GET 200 https://registry.npmjs.org/jest-validate/-/jest-validate-29.7.0.tgz 6641ms (cache miss)
5191 http fetch GET 200 https://registry.npmjs.org/camelcase/-/camelcase-6.3.0.tgz 6645ms (cache miss)
5192 http fetch GET 200 https://registry.npmjs.org/@react-native/codegen/-/codegen-0.81.5.tgz 6780ms (cache miss)
5193 http fetch GET 200 https://registry.npmjs.org/yallist/-/yallist-3.1.1.tgz 6870ms (cache miss)
5194 http fetch GET 200 https://registry.npmjs.org/exponential-backoff/-/exponential-backoff-3.1.3.tgz 6884ms (cache miss)
5195 http fetch GET 200 https://registry.npmjs.org/@types/istanbul-lib-report/-/istanbul-lib-report-3.0.3.tgz 6908ms (cache miss)
5196 http fetch GET 200 https://registry.npmjs.org/@types/yargs-parser/-/yargs-parser-21.0.3.tgz 6920ms (cache miss)
5197 http fetch GET 200 https://registry.npmjs.org/@sinclair/typebox/-/typebox-0.27.12.tgz 6980ms (cache miss)
5198 http fetch GET 200 https://registry.npmjs.org/https-proxy-agent/-/https-proxy-agent-7.0.6.tgz 6982ms (cache miss)
5199 http fetch GET 200 https://registry.npmjs.org/agent-base/-/agent-base-7.1.4.tgz 7034ms (cache miss)
5200 http fetch GET 200 https://registry.npmjs.org/@types/yargs/-/yargs-17.0.35.tgz 7054ms (cache miss)
5201 http fetch GET 200 https://registry.npmjs.org/@types/istanbul-reports/-/istanbul-reports-3.0.4.tgz 7076ms (cache miss)
5202 http fetch GET 200 https://registry.npmjs.org/@types/istanbul-lib-coverage/-/istanbul-lib-coverage-2.0.6.tgz 7346ms (cache miss)
5203 http fetch GET 200 https://registry.npmjs.org/undici-types/-/undici-types-8.3.0.tgz 7481ms (cache miss)
5204 http fetch GET 200 https://registry.npmjs.org/@jest/schemas/-/schemas-29.6.3.tgz 7509ms (cache miss)
5205 http fetch GET 200 https://registry.npmjs.org/merge-stream/-/merge-stream-2.0.0.tgz 7509ms (cache miss)
5206 http fetch GET 200 https://registry.npmjs.org/terser/-/terser-5.49.2.tgz 7737ms (cache miss)
5207 http fetch GET 200 https://registry.npmjs.org/on-finished/-/on-finished-2.3.0.tgz 7873ms (cache miss)
5208 http fetch GET 200 https://registry.npmjs.org/queue/-/queue-6.0.2.tgz 7931ms (cache miss)
5209 http fetch GET 200 https://registry.npmjs.org/encodeurl/-/encodeurl-1.0.2.tgz 7990ms (cache miss)
5210 http fetch GET 200 https://registry.npmjs.org/jest-util/-/jest-util-29.7.0.tgz 7997ms (cache miss)
5211 http fetch GET 200 https://registry.npmjs.org/stackframe/-/stackframe-1.3.4.tgz 8118ms (cache miss)
5212 http fetch GET 200 https://registry.npmjs.org/parseurl/-/parseurl-1.3.3.tgz 8188ms (cache miss)
5213 http fetch GET 200 https://registry.npmjs.org/utils-merge/-/utils-merge-1.0.1.tgz 8207ms (cache miss)
5214 http fetch GET 200 https://registry.npmjs.org/yaml/-/yaml-2.9.0.tgz 8307ms (cache miss)
5215 http fetch GET 200 https://registry.npmjs.org/finalhandler/-/finalhandler-1.1.2.tgz 8349ms (cache miss)
5216 http fetch GET 200 https://registry.npmjs.org/update-browserslist-db/-/update-browserslist-db-1.3.1.tgz 8379ms (cache miss)
5217 http fetch GET 200 https://registry.npmjs.org/chromium-edge-launcher/-/chromium-edge-launcher-0.2.0.tgz 8522ms (cache miss)
5218 http fetch GET 200 https://registry.npmjs.org/node-releases/-/node-releases-2.0.53.tgz 8571ms (cache miss)
5219 http fetch GET 200 https://registry.npmjs.org/baseline-browser-mapping/-/baseline-browser-mapping-2.11.13.tgz 8639ms (cache miss)
5220 http fetch GET 200 https://registry.npmjs.org/negotiator/-/negotiator-0.6.3.tgz 8678ms (cache miss)
5221 http fetch GET 200 https://registry.npmjs.org/@jridgewell/sourcemap-codec/-/sourcemap-codec-1.5.5.tgz 8817ms (cache miss)
5222 http fetch GET 200 https://registry.npmjs.org/@jridgewell/resolve-uri/-/resolve-uri-3.1.2.tgz 8830ms (cache miss)
5223 http fetch GET 200 https://registry.npmjs.org/picomatch/-/picomatch-2.3.2.tgz 8859ms (cache miss)
5224 http fetch GET 200 https://registry.npmjs.org/hermes-estree/-/hermes-estree-0.32.0.tgz 8886ms (cache miss)
5225 http fetch GET 200 https://registry.npmjs.org/@babel/helper-globals/-/helper-globals-7.29.7.tgz 8982ms (cache miss)
5226 http fetch GET 200 https://registry.npmjs.org/unpipe/-/unpipe-1.0.0.tgz 9011ms (cache miss)
5227 http fetch GET 200 https://registry.npmjs.org/browserslist/-/browserslist-4.28.8.tgz 9067ms (cache miss)
5228 http fetch GET 200 https://registry.npmjs.org/lru-cache/-/lru-cache-5.1.1.tgz 9080ms (cache miss)
5229 http fetch GET 200 https://registry.npmjs.org/@babel/compat-data/-/compat-data-7.29.7.tgz 9211ms (cache miss)
5230 http fetch GET 200 https://registry.npmjs.org/escape-html/-/escape-html-1.0.3.tgz 9219ms (cache miss)
5231 http fetch GET 200 https://registry.npmjs.org/lightningcss-darwin-arm64/-/lightningcss-darwin-arm64-1.33.0.tgz 9308ms (cache miss)
5232 http fetch GET 200 https://registry.npmjs.org/@babel/helper-module-imports/-/helper-module-imports-7.29.7.tgz 9322ms (cache miss)
5233 http fetch GET 200 https://registry.npmjs.org/electron-to-chromium/-/electron-to-chromium-1.5.404.tgz 9378ms (cache miss)
5234 http fetch GET 200 https://registry.npmjs.org/@babel/helper-validator-option/-/helper-validator-option-7.29.7.tgz 9374ms (cache miss)
5235 http fetch GET 200 https://registry.npmjs.org/@jridgewell/gen-mapping/-/gen-mapping-0.3.13.tgz 9404ms (cache miss)
5236 http fetch GET 200 https://registry.npmjs.org/convert-source-map/-/convert-source-map-2.0.0.tgz 9446ms (cache miss)
5237 http fetch GET 200 https://registry.npmjs.org/@babel/helper-module-transforms/-/helper-module-transforms-7.29.7.tgz 9536ms (cache miss)
5238 http fetch GET 200 https://registry.npmjs.org/@babel/helper-compilation-targets/-/helper-compilation-targets-7.29.7.tgz 9583ms (cache miss)
5239 http fetch GET 200 https://registry.npmjs.org/@jridgewell/remapping/-/remapping-2.3.5.tgz 9800ms (cache miss)
5240 http fetch GET 200 https://registry.npmjs.org/ws/-/ws-7.5.13.tgz 9820ms (cache miss)
5241 http fetch GET 200 https://registry.npmjs.org/@jridgewell/trace-mapping/-/trace-mapping-0.3.31.tgz 9859ms (cache miss)
5242 http fetch GET 200 https://registry.npmjs.org/statuses/-/statuses-1.5.0.tgz 10007ms (cache miss)
5243 http fetch GET 200 https://registry.npmjs.org/serialize-error/-/serialize-error-2.1.0.tgz 10039ms (cache miss)
5244 http fetch GET 200 https://registry.npmjs.org/nullthrows/-/nullthrows-1.1.1.tgz 10074ms (cache miss)
5245 http fetch GET 200 https://registry.npmjs.org/mime-types/-/mime-types-2.1.35.tgz 10148ms (cache miss)
5246 http fetch GET 200 https://registry.npmjs.org/lodash.throttle/-/lodash.throttle-4.1.1.tgz 10169ms (cache miss)
5247 http fetch GET 200 https://registry.npmjs.org/throat/-/throat-5.0.0.tgz 10324ms (cache miss)
5248 http fetch GET 200 https://registry.npmjs.org/image-size/-/image-size-1.2.1.tgz 10465ms (cache miss)
5249 http fetch GET 200 https://registry.npmjs.org/@babel/helper-string-parser/-/helper-string-parser-7.29.7.tgz 10584ms (cache miss)
5250 http fetch GET 200 https://registry.npmjs.org/jsesc/-/jsesc-3.1.0.tgz 10658ms (cache miss)
5251 http fetch GET 200 https://registry.npmjs.org/flow-enums-runtime/-/flow-enums-runtime-0.0.6.tgz 10700ms (cache miss)
5252 http fetch GET 200 https://registry.npmjs.org/yargs/-/yargs-17.7.3.tgz 10764ms (cache miss)
5253 http fetch GET 200 https://registry.npmjs.org/jsc-safe-url/-/jsc-safe-url-0.2.4.tgz 10791ms (cache miss)
5254 http fetch GET 200 https://registry.npmjs.org/ci-info/-/ci-info-2.0.0.tgz 10931ms (cache miss)
5255 http fetch GET 200 https://registry.npmjs.org/accepts/-/accepts-1.3.8.tgz 11063ms (cache miss)
5256 http fetch GET 200 https://registry.npmjs.org/gensync/-/gensync-1.0.0-beta.2.tgz 11115ms (cache miss)
5257 http fetch GET 200 https://registry.npmjs.org/graceful-fs/-/graceful-fs-4.2.11.tgz 11268ms (cache miss)
5258 http fetch GET 200 https://registry.npmjs.org/@types/node/-/node-26.2.0.tgz 11545ms (cache miss)
5259 http fetch GET 200 https://registry.npmjs.org/error-stack-parser/-/error-stack-parser-2.1.4.tgz 12024ms (cache miss)
5260 http fetch GET 200 https://registry.npmjs.org/jest-worker/-/jest-worker-29.7.0.tgz 12077ms (cache miss)
5261 http fetch GET 200 https://registry.npmjs.org/connect/-/connect-3.7.0.tgz 12131ms (cache miss)
5262 http fetch GET 200 https://registry.npmjs.org/loose-envify/-/loose-envify-1.4.0.tgz 12254ms (cache miss)
5263 http fetch GET 200 https://registry.npmjs.org/is-plain-obj/-/is-plain-obj-2.1.0.tgz 12302ms (cache miss)
5264 http fetch GET 200 https://registry.npmjs.org/caniuse-lite/-/caniuse-lite-1.0.30001809.tgz 12324ms (cache miss)
5265 http fetch GET 200 https://registry.npmjs.org/invariant/-/invariant-2.2.4.tgz 12462ms (cache miss)
5266 http fetch GET 200 https://registry.npmjs.org/@babel/types/-/types-7.29.8.tgz 12701ms (cache miss)
5267 http fetch GET 200 https://registry.npmjs.org/fontfaceobserver/-/fontfaceobserver-2.3.0.tgz 12776ms (cache miss)
5268 http fetch GET 200 https://registry.npmjs.org/commander/-/commander-7.2.0.tgz 12785ms (cache miss)
5269 http fetch GET 200 https://registry.npmjs.org/shebang-command/-/shebang-command-2.0.0.tgz 12839ms (cache miss)
5270 http fetch GET 200 https://registry.npmjs.org/which/-/which-2.0.2.tgz 12859ms (cache miss)
5271 http fetch GET 200 https://registry.npmjs.org/path-key/-/path-key-3.1.1.tgz 12905ms (cache miss)
5272 http fetch GET 200 https://registry.npmjs.org/ansi-styles/-/ansi-styles-3.2.1.tgz 12919ms (cache miss)
5273 http fetch GET 200 https://registry.npmjs.org/cross-spawn/-/cross-spawn-7.0.6.tgz 13064ms (cache miss)
5274 http fetch GET 200 https://registry.npmjs.org/@babel/core/-/core-7.29.7.tgz 13142ms (cache miss)
5275 http fetch GET 200 https://registry.npmjs.org/base64-js/-/base64-js-1.5.1.tgz 13206ms (cache miss)
5276 http fetch GET 200 https://registry.npmjs.org/metro-transform-worker/-/metro-transform-worker-0.83.3.tgz 13315ms (cache miss)
5277 http fetch GET 200 https://registry.npmjs.org/react-native-is-edge-to-edge/-/react-native-is-edge-to-edge-1.3.1.tgz 13324ms (cache miss)
5278 http fetch GET 200 https://registry.npmjs.org/minipass/-/minipass-7.1.3.tgz 13341ms (cache miss)
5279 http fetch GET 200 https://registry.npmjs.org/@babel/traverse/-/traverse-7.29.8.tgz 13346ms (cache miss)
5280 http fetch GET 200 https://registry.npmjs.org/@babel/template/-/template-7.29.7.tgz 13350ms (cache miss)
5281 http fetch GET 200 https://registry.npmjs.org/xmlbuilder/-/xmlbuilder-15.1.1.tgz 13377ms (cache miss)
5282 http fetch GET 200 https://registry.npmjs.org/source-map/-/source-map-0.5.7.tgz 13393ms (cache miss)
5283 http fetch GET 200 https://registry.npmjs.org/metro-symbolicate/-/metro-symbolicate-0.83.3.tgz 13392ms (cache miss)
5284 http fetch GET 200 https://registry.npmjs.org/path-scurry/-/path-scurry-2.0.2.tgz 13492ms (cache miss)
5285 http fetch GET 200 https://registry.npmjs.org/metro-minify-terser/-/metro-minify-terser-0.83.3.tgz 13510ms (cache miss)
5286 http fetch GET 200 https://registry.npmjs.org/@babel/generator/-/generator-7.29.8.tgz 13708ms (cache miss)
5287 http fetch GET 200 https://registry.npmjs.org/metro-core/-/metro-core-0.83.3.tgz 13721ms (cache miss)
5288 http fetch GET 200 https://registry.npmjs.org/metro-resolver/-/metro-resolver-0.83.3.tgz 13743ms (cache miss)
5289 http fetch GET 200 https://registry.npmjs.org/metro-cache-key/-/metro-cache-key-0.83.3.tgz 13758ms (cache miss)
5290 http fetch GET 200 https://registry.npmjs.org/metro-config/-/metro-config-0.83.3.tgz 13780ms (cache miss)
5291 http fetch GET 200 https://registry.npmjs.org/metro-babel-transformer/-/metro-babel-transformer-0.83.3.tgz 13786ms (cache miss)
5292 http fetch GET 200 https://registry.npmjs.org/metro-source-map/-/metro-source-map-0.83.3.tgz 13790ms (cache miss)
5293 http fetch GET 200 https://registry.npmjs.org/metro-cache/-/metro-cache-0.83.3.tgz 13981ms (cache miss)
5294 http fetch GET 200 https://registry.npmjs.org/@xmldom/xmldom/-/xmldom-0.8.13.tgz 13988ms (cache miss)
5295 http fetch GET 200 https://registry.npmjs.org/metro-transform-plugins/-/metro-transform-plugins-0.83.3.tgz 14006ms (cache miss)
5296 http fetch GET 200 https://registry.npmjs.org/arg/-/arg-5.0.2.tgz 14055ms (cache miss)
5297 http fetch GET 200 https://registry.npmjs.org/p-limit/-/p-limit-3.1.0.tgz 14099ms (cache miss)
5298 http fetch GET 200 https://registry.npmjs.org/metro-file-map/-/metro-file-map-0.83.3.tgz 14167ms (cache miss)
5299 http fetch GET 200 https://registry.npmjs.org/ignore/-/ignore-5.3.2.tgz 14227ms (cache miss)
5300 http fetch GET 200 https://registry.npmjs.org/slash/-/slash-3.0.0.tgz 14258ms (cache miss)
5301 http fetch GET 200 https://registry.npmjs.org/xml2js/-/xml2js-0.6.0.tgz 14336ms (cache miss)
5302 http fetch GET 200 https://registry.npmjs.org/json5/-/json5-2.2.3.tgz 14344ms (cache miss)
5303 http fetch GET 200 https://registry.npmjs.org/minimatch/-/minimatch-10.2.6.tgz 14346ms (cache miss)
5304 http fetch GET 200 https://registry.npmjs.org/xcode/-/xcode-3.0.1.tgz 14473ms (cache miss)
5305 http fetch GET 200 https://registry.npmjs.org/@babel/helpers/-/helpers-7.29.7.tgz 14484ms (cache miss)
5306 http fetch GET 200 https://registry.npmjs.org/metro-runtime/-/metro-runtime-0.83.3.tgz 14523ms (cache miss)
5307 http fetch GET 200 https://registry.npmjs.org/debug/-/debug-4.4.3.tgz 14550ms (cache miss)
5308 http fetch GET 200 https://registry.npmjs.org/@expo/sdk-runtime-versions/-/sdk-runtime-versions-1.0.0.tgz 14559ms (cache miss)
5309 http fetch GET 200 https://registry.npmjs.org/picocolors/-/picocolors-1.1.1.tgz 14573ms (cache miss)
5310 http fetch GET 200 https://registry.npmjs.org/slugify/-/slugify-1.6.9.tgz 14619ms (cache miss)
5311 http fetch GET 200 https://registry.npmjs.org/@babel/helper-validator-identifier/-/helper-validator-identifier-7.29.7.tgz 14646ms (cache miss)
5312 http fetch GET 200 https://registry.npmjs.org/@expo/plist/-/plist-0.4.9.tgz 14649ms (cache miss)
5313 http fetch GET 200 https://registry.npmjs.org/ms/-/ms-2.1.3.tgz 14658ms (cache miss)
5314 http fetch GET 200 https://registry.npmjs.org/chalk/-/chalk-2.4.2.tgz 14680ms (cache miss)
5315 http fetch GET 200 https://registry.npmjs.org/require-from-string/-/require-from-string-2.0.2.tgz 14680ms (cache miss)
5316 http fetch GET 200 https://registry.npmjs.org/resolve-from/-/resolve-from-5.0.0.tgz 14680ms (cache miss)
5317 http fetch GET 200 https://registry.npmjs.org/metro/-/metro-0.83.3.tgz 14695ms (cache miss)
5318 http fetch GET 200 https://registry.npmjs.org/@babel/highlight/-/highlight-7.25.9.tgz 14798ms (cache miss)
5319 http fetch GET 200 https://registry.npmjs.org/@expo/config-types/-/config-types-54.0.10.tgz 14879ms (cache miss)
5320 http fetch GET 200 https://registry.npmjs.org/semver/-/semver-7.8.5.tgz 15011ms (cache miss)
5321 http fetch GET 200 https://registry.npmjs.org/js-tokens/-/js-tokens-4.0.0.tgz 15016ms (cache miss)
5322 http fetch GET 200 https://registry.npmjs.org/@expo/json-file/-/json-file-10.2.0.tgz 15094ms (cache miss)
5323 http fetch GET 200 https://registry.npmjs.org/@babel/code-frame/-/code-frame-7.10.4.tgz 15166ms (cache miss)
5324 http fetch GET 200 https://registry.npmjs.org/deepmerge/-/deepmerge-4.3.1.tgz 15175ms (cache miss)
5325 http fetch GET 200 https://registry.npmjs.org/pretty-format/-/pretty-format-29.7.0.tgz 15287ms (cache miss)
5326 http fetch GET 200 https://registry.npmjs.org/getenv/-/getenv-2.0.0.tgz 15376ms (cache miss)
5327 http fetch GET 200 https://registry.npmjs.org/@expo/spawn-async/-/spawn-async-1.8.0.tgz 15408ms (cache miss)
5328 http fetch GET 200 https://registry.npmjs.org/whatwg-url-without-unicode/-/whatwg-url-without-unicode-8.0.0-3.tgz 15458ms (cache miss)
5329 http fetch GET 200 https://registry.npmjs.org/react-refresh/-/react-refresh-0.14.2.tgz 15705ms (cache miss)
5330 http fetch GET 200 https://registry.npmjs.org/@ungap/structured-clone/-/structured-clone-1.3.3.tgz 15894ms (cache miss)
5331 http fetch GET 200 https://registry.npmjs.org/@expo/metro/-/metro-54.2.0.tgz 15971ms (cache miss)
5332 http fetch GET 200 https://registry.npmjs.org/simple-swizzle/-/simple-swizzle-0.2.4.tgz 16042ms (cache miss)
5333 http fetch GET 200 https://registry.npmjs.org/@react-native/debugger-frontend/-/debugger-frontend-0.81.5.tgz 16144ms (cache miss)
5334 http fetch GET 200 https://registry.npmjs.org/color-name/-/color-name-1.1.4.tgz 16147ms (cache miss)
5335 http fetch GET 200 https://registry.npmjs.org/glob/-/glob-13.0.6.tgz 16156ms (cache miss)
5336 http fetch GET 200 https://registry.npmjs.org/color-string/-/color-string-1.9.1.tgz 16161ms (cache miss)
5337 http fetch GET 200 https://registry.npmjs.org/@expo/fingerprint/-/fingerprint-0.15.5.tgz 16189ms (cache miss)
5338 http fetch GET 200 https://registry.npmjs.org/@expo/devtools/-/devtools-0.1.8.tgz 16387ms (cache miss)
5339 http fetch GET 200 https://registry.npmjs.org/sf-symbols-typescript/-/sf-symbols-typescript-2.2.0.tgz 16453ms (cache miss)
5340 http fetch GET 200 https://registry.npmjs.org/color-convert/-/color-convert-2.0.1.tgz 16455ms (cache miss)
5341 http fetch GET 200 https://registry.npmjs.org/use-sync-external-store/-/use-sync-external-store-1.6.0.tgz 16593ms (cache miss)
5342 http fetch GET 200 https://registry.npmjs.org/warn-once/-/warn-once-0.1.1.tgz 16595ms (cache miss)
5343 http fetch GET 200 https://registry.npmjs.org/react-is/-/react-is-19.2.8.tgz 16712ms (cache miss)
5344 http fetch GET 200 https://registry.npmjs.org/query-string/-/query-string-7.1.3.tgz 16724ms (cache miss)
5345 http fetch GET 200 https://registry.npmjs.org/sucrase/-/sucrase-3.35.1.tgz 16771ms (cache miss)
5346 http fetch GET 200 https://registry.npmjs.org/expo-modules-autolinking/-/expo-modules-autolinking-3.0.26.tgz 16823ms (cache miss)
5347 http fetch GET 200 https://registry.npmjs.org/@expo/config/-/config-12.0.14.tgz 16830ms (cache miss)
5348 http fetch GET 200 https://registry.npmjs.org/use-latest-callback/-/use-latest-callback-0.2.6.tgz 16841ms (cache miss)
5349 http fetch GET 200 https://registry.npmjs.org/@expo/config-plugins/-/config-plugins-54.0.5.tgz 16854ms (cache miss)
5350 http fetch GET 200 https://registry.npmjs.org/standard-navigation/-/standard-navigation-0.0.8.tgz 16861ms (cache miss)
5351 http fetch GET 200 https://registry.npmjs.org/@babel/runtime/-/runtime-7.29.7.tgz 16868ms (cache miss)
5352 http fetch GET 200 https://registry.npmjs.org/csstype/-/csstype-3.2.3.tgz 16901ms (cache miss)
5353 http fetch GET 200 https://registry.npmjs.org/@react-navigation/elements/-/elements-2.9.38.tgz 16904ms (cache miss)
5354 http fetch GET 200 https://registry.npmjs.org/@jest/types/-/types-29.6.3.tgz 16936ms (cache miss)
5355 http fetch GET 200 https://registry.npmjs.org/fast-deep-equal/-/fast-deep-equal-3.1.3.tgz 16925ms (cache miss)
5356 http fetch GET 200 https://registry.npmjs.org/nanoid/-/nanoid-3.3.18.tgz 16931ms (cache miss)
5357 http fetch GET 200 https://registry.npmjs.org/escape-string-regexp/-/escape-string-regexp-4.0.0.tgz 16934ms (cache miss)
5358 http fetch GET 200 https://registry.npmjs.org/color/-/color-4.2.3.tgz 16976ms (cache miss)
5359 http fetch GET 200 https://registry.npmjs.org/merge-options/-/merge-options-3.0.4.tgz 17002ms (cache miss)
5360 http fetch GET 200 https://registry.npmjs.org/expo-status-bar/-/expo-status-bar-3.0.9.tgz 17090ms (cache miss)
5361 http fetch GET 200 https://registry.npmjs.org/hermes-parser/-/hermes-parser-0.32.0.tgz 17211ms (cache miss)
5362 http fetch GET 200 https://registry.npmjs.org/@react-navigation/routers/-/routers-7.6.4.tgz 17224ms (cache miss)
5363 http fetch GET 200 https://registry.npmjs.org/expo-font/-/expo-font-14.0.12.tgz 17434ms (cache miss)
5364 http fetch GET 200 https://registry.npmjs.org/react/-/react-19.1.0.tgz 17463ms (cache miss)
5365 http fetch GET 200 https://registry.npmjs.org/i18next/-/i18next-25.10.10.tgz 17624ms (cache miss)
5366 http fetch GET 200 https://registry.npmjs.org/@react-navigation/core/-/core-7.21.12.tgz 17675ms (cache miss)
5367 http fetch GET 200 https://registry.npmjs.org/react-i18next/-/react-i18next-16.6.6.tgz 17820ms (cache miss)
5368 http fetch GET 200 https://registry.npmjs.org/semver/-/semver-6.3.1.tgz 17874ms (cache miss)
5369 http fetch GET 200 https://registry.npmjs.org/react-native-safe-area-context/-/react-native-safe-area-context-5.6.2.tgz 18018ms (cache miss)
5370 http fetch GET 200 https://registry.npmjs.org/semver/-/semver-6.3.1.tgz 18037ms (cache miss)
5371 http fetch GET 200 https://registry.npmjs.org/semver/-/semver-6.3.1.tgz 18074ms (cache miss)
5372 http fetch GET 200 https://registry.npmjs.org/@react-navigation/native/-/native-7.3.16.tgz 18149ms (cache miss)
5373 http fetch GET 200 https://registry.npmjs.org/@types/react/-/react-19.1.17.tgz 18164ms (cache miss)
5374 http fetch GET 200 https://registry.npmjs.org/expo-modules-core/-/expo-modules-core-3.0.30.tgz 18197ms (cache miss)
5375 http fetch GET 200 https://registry.npmjs.org/supports-color/-/supports-color-7.2.0.tgz 18194ms (cache miss)
5376 http fetch GET 200 https://registry.npmjs.org/has-flag/-/has-flag-4.0.0.tgz 18226ms (cache miss)
5377 http fetch GET 200 https://registry.npmjs.org/@react-native-async-storage/async-storage/-/async-storage-2.2.0.tgz 18235ms (cache miss)
5378 http fetch GET 200 https://registry.npmjs.org/yallist/-/yallist-5.0.0.tgz 18354ms (cache miss)
5379 http fetch GET 200 https://registry.npmjs.org/ansi-regex/-/ansi-regex-4.1.1.tgz 18378ms (cache miss)
5380 http fetch GET 200 https://registry.npmjs.org/@babel/code-frame/-/code-frame-7.29.7.tgz 18389ms (cache miss)
5381 http fetch GET 200 https://registry.npmjs.org/resolve/-/resolve-1.7.1.tgz 18437ms (cache miss)
5382 http fetch GET 200 https://registry.npmjs.org/@react-navigation/native-stack/-/native-stack-7.18.8.tgz 18479ms (cache miss)
5383 http fetch GET 200 https://registry.npmjs.org/strip-ansi/-/strip-ansi-5.2.0.tgz 18501ms (cache miss)
5384 http fetch GET 200 https://registry.npmjs.org/semver/-/semver-6.3.1.tgz 18508ms (cache miss)
5385 http fetch GET 200 https://registry.npmjs.org/ms/-/ms-2.0.0.tgz 18516ms (cache miss)
5386 http fetch GET 200 https://registry.npmjs.org/negotiator/-/negotiator-0.6.4.tgz 18564ms (cache miss)
5387 http fetch GET 200 https://registry.npmjs.org/debug/-/debug-2.6.9.tgz 18579ms (cache miss)
5388 http fetch GET 200 https://registry.npmjs.org/has-flag/-/has-flag-4.0.0.tgz 18661ms (cache miss)
5389 http fetch GET 200 https://registry.npmjs.org/supports-color/-/supports-color-7.2.0.tgz 18670ms (cache miss)
5390 http fetch GET 200 https://registry.npmjs.org/type-fest/-/type-fest-0.21.3.tgz 18698ms (cache miss)
5391 http fetch GET 200 https://registry.npmjs.org/expo/-/expo-54.0.36.tgz 18734ms (cache miss)
5392 http fetch GET 200 https://registry.npmjs.org/ansi-styles/-/ansi-styles-4.3.0.tgz 18756ms (cache miss)
5393 http fetch GET 200 https://registry.npmjs.org/open/-/open-8.4.2.tgz 18854ms (cache miss)
5394 http fetch GET 200 https://registry.npmjs.org/chalk/-/chalk-4.1.2.tgz 18885ms (cache miss)
5395 http fetch GET 200 https://registry.npmjs.org/has-flag/-/has-flag-4.0.0.tgz 18899ms (cache miss)
5396 http fetch GET 200 https://registry.npmjs.org/@babel/code-frame/-/code-frame-7.29.7.tgz 18912ms (cache miss)
5397 http fetch GET 200 https://registry.npmjs.org/supports-color/-/supports-color-7.2.0.tgz 18917ms (cache miss)
5398 http fetch GET 200 https://registry.npmjs.org/ansi-styles/-/ansi-styles-4.3.0.tgz 18960ms (cache miss)
5399 http fetch GET 200 https://registry.npmjs.org/chalk/-/chalk-4.1.2.tgz 19117ms (cache miss)
5400 http fetch GET 200 https://registry.npmjs.org/supports-color/-/supports-color-7.2.0.tgz 19134ms (cache miss)
5401 http fetch GET 200 https://registry.npmjs.org/has-flag/-/has-flag-4.0.0.tgz 19135ms (cache miss)
5402 http fetch GET 200 https://registry.npmjs.org/ansi-styles/-/ansi-styles-4.3.0.tgz 19204ms (cache miss)
5403 http fetch GET 200 https://registry.npmjs.org/@babel/code-frame/-/code-frame-7.29.7.tgz 19209ms (cache miss)
5404 http fetch GET 200 https://registry.npmjs.org/@expo/json-file/-/json-file-11.0.1.tgz 19224ms (cache miss)
5405 http fetch GET 200 https://registry.npmjs.org/has-flag/-/has-flag-4.0.0.tgz 19323ms (cache miss)
5406 http fetch GET 200 https://registry.npmjs.org/supports-color/-/supports-color-7.2.0.tgz 19323ms (cache miss)
5407 http fetch GET 200 https://registry.npmjs.org/chalk/-/chalk-4.1.2.tgz 19334ms (cache miss)
5408 http fetch GET 200 https://registry.npmjs.org/argparse/-/argparse-2.0.1.tgz 19363ms (cache miss)
5409 http fetch GET 200 https://registry.npmjs.org/ansi-styles/-/ansi-styles-4.3.0.tgz 19427ms (cache miss)
5410 http fetch GET 200 https://registry.npmjs.org/ansi-styles/-/ansi-styles-4.3.0.tgz 19521ms (cache miss)
5411 http fetch GET 200 https://registry.npmjs.org/debug/-/debug-3.2.7.tgz 19575ms (cache miss)
5412 http fetch GET 200 https://registry.npmjs.org/chalk/-/chalk-4.1.2.tgz 19599ms (cache miss)
5413 http fetch GET 200 https://registry.npmjs.org/js-yaml/-/js-yaml-4.3.1.tgz 19602ms (cache miss)
5414 http fetch GET 200 https://registry.npmjs.org/fdir/-/fdir-6.5.0.tgz 19666ms (cache miss)
5415 http fetch GET 200 https://registry.npmjs.org/statuses/-/statuses-2.0.2.tgz 19712ms (cache miss)
5416 http fetch GET 200 https://registry.npmjs.org/ms/-/ms-2.0.0.tgz 19767ms (cache miss)
5417 http fetch GET 200 https://registry.npmjs.org/on-finished/-/on-finished-2.4.1.tgz 19784ms (cache miss)
5418 http fetch GET 200 https://registry.npmjs.org/@babel/parser/-/parser-7.29.8.tgz 19834ms (cache miss)
5419 http fetch GET 200 https://registry.npmjs.org/p-limit/-/p-limit-2.3.0.tgz 19849ms (cache miss)
5420 http fetch GET 200 https://registry.npmjs.org/encodeurl/-/encodeurl-2.0.0.tgz 19918ms (cache miss)
5421 http fetch GET 200 https://registry.npmjs.org/statuses/-/statuses-2.0.2.tgz 19942ms (cache miss)
5422 http fetch GET 200 https://registry.npmjs.org/picomatch/-/picomatch-4.0.5.tgz 19953ms (cache miss)
5423 http fetch GET 200 https://registry.npmjs.org/escape-string-regexp/-/escape-string-regexp-2.0.0.tgz 19959ms (cache miss)
5424 http fetch GET 200 https://registry.npmjs.org/debug/-/debug-2.6.9.tgz 20027ms (cache miss)
5425 http fetch GET 200 https://registry.npmjs.org/has-flag/-/has-flag-4.0.0.tgz 20032ms (cache miss)
5426 http fetch GET 200 https://registry.npmjs.org/supports-color/-/supports-color-7.2.0.tgz 20044ms (cache miss)
5427 http fetch GET 200 https://registry.npmjs.org/@xmldom/xmldom/-/xmldom-0.9.10.tgz 20064ms (cache miss)
5428 http fetch GET 200 https://registry.npmjs.org/chalk/-/chalk-4.1.2.tgz 20131ms (cache miss)
5429 http fetch GET 200 https://registry.npmjs.org/ansi-styles/-/ansi-styles-4.3.0.tgz 20145ms (cache miss)
5430 http fetch GET 200 https://registry.npmjs.org/balanced-match/-/balanced-match-1.0.2.tgz 20156ms (cache miss)
5431 http fetch GET 200 https://registry.npmjs.org/ms/-/ms-2.0.0.tgz 20235ms (cache miss)
5432 http fetch GET 200 https://registry.npmjs.org/glob/-/glob-7.2.3.tgz 20268ms (cache miss)
5433 warn deprecated glob@7.2.3: Old versions of glob are not supported, and contain widely publicized security vulnerabilities, which have been fixed in the current version. Please update. Support for old versions may be purchased (at exorbitant rates) by contacting i@izs.me
5434 http fetch GET 200 https://registry.npmjs.org/brace-expansion/-/brace-expansion-1.1.18.tgz 20273ms (cache miss)
5435 http fetch GET 200 https://registry.npmjs.org/@babel/code-frame/-/code-frame-7.29.7.tgz 20310ms (cache miss)
5436 http fetch GET 200 https://registry.npmjs.org/balanced-match/-/balanced-match-1.0.2.tgz 20323ms (cache miss)
5437 http fetch GET 200 https://registry.npmjs.org/minimatch/-/minimatch-3.1.5.tgz 20335ms (cache miss)
5438 http fetch GET 200 https://registry.npmjs.org/debug/-/debug-2.6.9.tgz 20375ms (cache miss)
5439 http fetch GET 200 https://registry.npmjs.org/source-map/-/source-map-0.6.1.tgz 20378ms (cache miss)
5440 http fetch GET 200 https://registry.npmjs.org/brace-expansion/-/brace-expansion-1.1.18.tgz 20398ms (cache miss)
5441 http fetch GET 200 https://registry.npmjs.org/minimatch/-/minimatch-3.1.5.tgz 20422ms (cache miss)
5442 http fetch GET 200 https://registry.npmjs.org/supports-color/-/supports-color-7.2.0.tgz 20481ms (cache miss)
5443 http fetch GET 200 https://registry.npmjs.org/camelcase/-/camelcase-5.3.1.tgz 20496ms (cache miss)
5444 http fetch GET 200 https://registry.npmjs.org/has-flag/-/has-flag-4.0.0.tgz 20523ms (cache miss)
5445 http fetch GET 200 https://registry.npmjs.org/semver/-/semver-6.3.1.tgz 20526ms (cache miss)
5446 http fetch GET 200 https://registry.npmjs.org/encodeurl/-/encodeurl-2.0.0.tgz 20538ms (cache miss)
5447 http fetch GET 200 https://registry.npmjs.org/ws/-/ws-6.2.6.tgz 20843ms (cache miss)
5448 http fetch GET 200 https://registry.npmjs.org/lru-cache/-/lru-cache-10.4.3.tgz 21136ms (cache miss)
5449 http fetch GET 200 https://registry.npmjs.org/glob/-/glob-7.2.3.tgz 21130ms (cache miss)
5450 warn deprecated glob@7.2.3: Old versions of glob are not supported, and contain widely publicized security vulnerabilities, which have been fixed in the current version. Please update. Support for old versions may be purchased (at exorbitant rates) by contacting i@izs.me
5451 http fetch GET 200 https://registry.npmjs.org/chalk/-/chalk-4.1.2.tgz 21175ms (cache miss)
5452 http fetch GET 200 https://registry.npmjs.org/balanced-match/-/balanced-match-1.0.2.tgz 21214ms (cache miss)
5453 http fetch GET 200 https://registry.npmjs.org/ansi-styles/-/ansi-styles-4.3.0.tgz 21333ms (cache miss)
5454 http fetch GET 200 https://registry.npmjs.org/minimatch/-/minimatch-3.1.5.tgz 21523ms (cache miss)
5455 http fetch GET 200 https://registry.npmjs.org/ansi-styles/-/ansi-styles-4.3.0.tgz 21551ms (cache miss)
5456 http fetch GET 200 https://registry.npmjs.org/hermes-estree/-/hermes-estree-0.29.1.tgz 21692ms (cache miss)
5457 http fetch GET 200 https://registry.npmjs.org/glob/-/glob-7.2.3.tgz 21882ms (cache miss)
5458 warn deprecated glob@7.2.3: Old versions of glob are not supported, and contain widely publicized security vulnerabilities, which have been fixed in the current version. Please update. Support for old versions may be purchased (at exorbitant rates) by contacting i@izs.me
5459 http fetch GET 200 https://registry.npmjs.org/@babel/code-frame/-/code-frame-7.29.7.tgz 22013ms (cache miss)
5460 http fetch GET 200 https://registry.npmjs.org/commander/-/commander-2.20.3.tgz 22017ms (cache miss)
5461 http fetch GET 200 https://registry.npmjs.org/has-flag/-/has-flag-4.0.0.tgz 22018ms (cache miss)
5462 http fetch GET 200 https://registry.npmjs.org/react-devtools-core/-/react-devtools-core-6.1.5.tgz 22064ms (cache miss)
5463 http fetch GET 200 https://registry.npmjs.org/ansi-styles/-/ansi-styles-4.3.0.tgz 22059ms (cache miss)
5464 http fetch GET 200 https://registry.npmjs.org/supports-color/-/supports-color-7.2.0.tgz 22063ms (cache miss)
5465 http fetch GET 200 https://registry.npmjs.org/chalk/-/chalk-4.1.2.tgz 22133ms (cache miss)
5466 http fetch GET 200 https://registry.npmjs.org/has-flag/-/has-flag-4.0.0.tgz 22132ms (cache miss)
5467 http fetch GET 200 https://registry.npmjs.org/supports-color/-/supports-color-7.2.0.tgz 22165ms (cache miss)
5468 http fetch GET 200 https://registry.npmjs.org/supports-color/-/supports-color-7.2.0.tgz 22190ms (cache miss)
5469 http fetch GET 200 https://registry.npmjs.org/ansi-styles/-/ansi-styles-4.3.0.tgz 22193ms (cache miss)
5470 http fetch GET 200 https://registry.npmjs.org/has-flag/-/has-flag-4.0.0.tgz 22263ms (cache miss)
5471 http fetch GET 200 https://registry.npmjs.org/brace-expansion/-/brace-expansion-1.1.18.tgz 22264ms (cache miss)
5472 http fetch GET 200 https://registry.npmjs.org/has-flag/-/has-flag-4.0.0.tgz 22359ms (cache miss)
5473 http fetch GET 200 https://registry.npmjs.org/ms/-/ms-2.0.0.tgz 22364ms (cache miss)
5474 http fetch GET 200 https://registry.npmjs.org/chalk/-/chalk-4.1.2.tgz 22416ms (cache miss)
5475 http fetch GET 200 https://registry.npmjs.org/chalk/-/chalk-4.1.2.tgz 22426ms (cache miss)
5476 http fetch GET 200 https://registry.npmjs.org/ci-info/-/ci-info-3.9.0.tgz 22447ms (cache miss)
5477 http fetch GET 200 https://registry.npmjs.org/has-flag/-/has-flag-4.0.0.tgz 22631ms (cache miss)
5478 http fetch GET 200 https://registry.npmjs.org/supports-color/-/supports-color-8.1.1.tgz 22631ms (cache miss)
5479 http fetch GET 200 https://registry.npmjs.org/semver/-/semver-6.3.1.tgz 22633ms (cache miss)
5480 http fetch GET 200 https://registry.npmjs.org/chalk/-/chalk-4.1.2.tgz 22712ms (cache miss)
5481 http fetch GET 200 https://registry.npmjs.org/@babel/code-frame/-/code-frame-7.29.7.tgz 22719ms (cache miss)
5482 http fetch GET 200 https://registry.npmjs.org/@babel/code-frame/-/code-frame-7.29.7.tgz 22720ms (cache miss)
5483 http fetch GET 200 https://registry.npmjs.org/ansi-styles/-/ansi-styles-4.3.0.tgz 22729ms (cache miss)
5484 http fetch GET 200 https://registry.npmjs.org/supports-color/-/supports-color-7.2.0.tgz 22730ms (cache miss)
5485 http fetch GET 200 https://registry.npmjs.org/debug/-/debug-2.6.9.tgz 22730ms (cache miss)
5486 http fetch GET 200 https://registry.npmjs.org/debug/-/debug-2.6.9.tgz 22828ms (cache miss)
5487 http fetch GET 200 https://registry.npmjs.org/supports-color/-/supports-color-7.2.0.tgz 22933ms (cache miss)
5488 http fetch GET 200 https://registry.npmjs.org/has-flag/-/has-flag-4.0.0.tgz 22950ms (cache miss)
5489 http fetch GET 200 https://registry.npmjs.org/ms/-/ms-2.0.0.tgz 22981ms (cache miss)
5490 http fetch GET 200 https://registry.npmjs.org/color-name/-/color-name-1.1.3.tgz 23004ms (cache miss)
5491 http fetch GET 200 https://registry.npmjs.org/ansi-styles/-/ansi-styles-4.3.0.tgz 23044ms (cache miss)
5492 http fetch GET 200 https://registry.npmjs.org/semver/-/semver-6.3.1.tgz 23061ms (cache miss)
5493 http fetch GET 200 https://registry.npmjs.org/color-convert/-/color-convert-1.9.3.tgz 23300ms (cache miss)
5494 http fetch GET 200 https://registry.npmjs.org/@babel/code-frame/-/code-frame-7.29.7.tgz 23451ms (cache miss)
5495 http fetch GET 200 https://registry.npmjs.org/escape-string-regexp/-/escape-string-regexp-1.0.5.tgz 23501ms (cache miss)
5496 http fetch GET 200 https://registry.npmjs.org/chalk/-/chalk-4.1.2.tgz 23507ms (cache miss)
5497 http fetch GET 200 https://registry.npmjs.org/@babel/code-frame/-/code-frame-7.29.7.tgz 23514ms (cache miss)
5498 http fetch GET 200 https://registry.npmjs.org/react-native-screens/-/react-native-screens-4.16.0.tgz 23596ms (cache miss)
5499 http fetch GET 200 https://registry.npmjs.org/commander/-/commander-4.1.1.tgz 23590ms (cache miss)
5500 http fetch GET 200 https://registry.npmjs.org/supports-color/-/supports-color-7.2.0.tgz 23604ms (cache miss)
5501 http fetch GET 200 https://registry.npmjs.org/ansi-styles/-/ansi-styles-5.2.0.tgz 23613ms (cache miss)
5502 http fetch GET 200 https://registry.npmjs.org/has-flag/-/has-flag-4.0.0.tgz 23618ms (cache miss)
5503 http fetch GET 200 https://registry.npmjs.org/react-is/-/react-is-18.3.1.tgz 23668ms (cache miss)
5504 http fetch GET 200 https://registry.npmjs.org/xmlbuilder/-/xmlbuilder-11.0.1.tgz 23687ms (cache miss)
5505 http fetch GET 200 https://registry.npmjs.org/has-flag/-/has-flag-4.0.0.tgz 23738ms (cache miss)
5506 http fetch GET 200 https://registry.npmjs.org/@babel/code-frame/-/code-frame-7.29.7.tgz 23826ms (cache miss)
5507 http fetch GET 200 https://registry.npmjs.org/chalk/-/chalk-4.1.2.tgz 23910ms (cache miss)
5508 http fetch GET 200 https://registry.npmjs.org/ansi-styles/-/ansi-styles-4.3.0.tgz 23917ms (cache miss)
5509 http fetch GET 200 https://registry.npmjs.org/ansi-styles/-/ansi-styles-4.3.0.tgz 23954ms (cache miss)
5510 http fetch GET 200 https://registry.npmjs.org/has-flag/-/has-flag-4.0.0.tgz 24059ms (cache miss)
5511 http fetch GET 200 https://registry.npmjs.org/ansi-styles/-/ansi-styles-4.3.0.tgz 24068ms (cache miss)
5512 http fetch GET 200 https://registry.npmjs.org/chalk/-/chalk-4.1.2.tgz 24093ms (cache miss)
5513 http fetch GET 200 https://registry.npmjs.org/has-flag/-/has-flag-4.0.0.tgz 24094ms (cache miss)
5514 http fetch GET 200 https://registry.npmjs.org/supports-color/-/supports-color-7.2.0.tgz 24104ms (cache miss)
5515 http fetch GET 200 https://registry.npmjs.org/supports-color/-/supports-color-7.2.0.tgz 24106ms (cache miss)
5516 http fetch GET 200 https://registry.npmjs.org/has-flag/-/has-flag-4.0.0.tgz 24238ms (cache miss)
5517 http fetch GET 200 https://registry.npmjs.org/supports-color/-/supports-color-7.2.0.tgz 24243ms (cache miss)
5518 http fetch GET 200 https://registry.npmjs.org/chalk/-/chalk-4.1.2.tgz 24243ms (cache miss)
5519 http fetch GET 200 https://registry.npmjs.org/ansi-styles/-/ansi-styles-4.3.0.tgz 24254ms (cache miss)
5520 http fetch GET 200 https://registry.npmjs.org/balanced-match/-/balanced-match-1.0.2.tgz 24255ms (cache miss)
5521 http fetch GET 200 https://registry.npmjs.org/@expo/json-file/-/json-file-10.0.16.tgz 24479ms (cache miss)
5522 http fetch GET 200 https://registry.npmjs.org/ansi-styles/-/ansi-styles-4.3.0.tgz 24494ms (cache miss)
5523 http fetch GET 200 https://registry.npmjs.org/@babel/code-frame/-/code-frame-7.10.4.tgz 24506ms (cache miss)
5524 http fetch GET 200 https://registry.npmjs.org/brace-expansion/-/brace-expansion-2.1.4.tgz 24507ms (cache miss)
5525 http fetch GET 200 https://registry.npmjs.org/@babel/code-frame/-/code-frame-7.29.7.tgz 24874ms (cache miss)
5526 http fetch GET 200 https://registry.npmjs.org/@expo/json-file/-/json-file-10.0.16.tgz 24893ms (cache miss)
5527 http fetch GET 200 https://registry.npmjs.org/hermes-estree/-/hermes-estree-0.29.1.tgz 24980ms (cache miss)
5528 http fetch GET 200 https://registry.npmjs.org/chalk/-/chalk-4.1.2.tgz 25088ms (cache miss)
5529 http fetch GET 200 https://registry.npmjs.org/supports-color/-/supports-color-5.5.0.tgz 25133ms (cache miss)
5530 http fetch GET 200 https://registry.npmjs.org/ws/-/ws-8.21.3.tgz 25181ms (cache miss)
5531 http fetch GET 200 https://registry.npmjs.org/supports-color/-/supports-color-7.2.0.tgz 25356ms (cache miss)
5532 http fetch GET 200 https://registry.npmjs.org/lru-cache/-/lru-cache-11.5.2.tgz 25482ms (cache miss)
5533 http fetch GET 200 https://registry.npmjs.org/ci-info/-/ci-info-3.9.0.tgz 25571ms (cache miss)
5534 http fetch GET 200 https://registry.npmjs.org/expo-keep-awake/-/expo-keep-awake-15.0.8.tgz 25576ms (cache miss)
5535 http fetch GET 200 https://registry.npmjs.org/picomatch/-/picomatch-4.0.5.tgz 25658ms (cache miss)
5536 http fetch GET 200 https://registry.npmjs.org/expo-constants/-/expo-constants-18.0.13.tgz 25759ms (cache miss)
5537 http fetch GET 200 https://registry.npmjs.org/chalk/-/chalk-4.1.2.tgz 25768ms (cache miss)
5538 http fetch GET 200 https://registry.npmjs.org/@expo-google-fonts/noto-sans-telugu/-/noto-sans-telugu-0.2.3.tgz 25953ms (cache miss)
5539 http fetch GET 200 https://registry.npmjs.org/balanced-match/-/balanced-match-1.0.2.tgz 26026ms (cache miss)
5540 http fetch GET 200 https://registry.npmjs.org/babel-preset-expo/-/babel-preset-expo-54.0.12.tgz 26060ms (cache miss)
5541 http fetch GET 200 https://registry.npmjs.org/brace-expansion/-/brace-expansion-1.1.18.tgz 26164ms (cache miss)
5542 http fetch GET 200 https://registry.npmjs.org/hermes-parser/-/hermes-parser-0.29.1.tgz 26344ms (cache miss)
5543 http fetch GET 200 https://registry.npmjs.org/minimatch/-/minimatch-3.1.5.tgz 26480ms (cache miss)
5544 http fetch GET 200 https://registry.npmjs.org/hermes-parser/-/hermes-parser-0.29.1.tgz 26614ms (cache miss)
5545 http fetch GET 200 https://registry.npmjs.org/expo-asset/-/expo-asset-12.0.13.tgz 26786ms (cache miss)
5546 http fetch GET 200 https://registry.npmjs.org/glob/-/glob-7.2.3.tgz 26792ms (cache miss)
5547 warn deprecated glob@7.2.3: Old versions of glob are not supported, and contain widely publicized security vulnerabilities, which have been fixed in the current version. Please update. Support for old versions may be purchased (at exorbitant rates) by contacting i@izs.me
5548 http fetch GET 200 https://registry.npmjs.org/commander/-/commander-12.1.0.tgz 26952ms (cache miss)
5549 http fetch GET 200 https://registry.npmjs.org/minimatch/-/minimatch-9.0.9.tgz 26967ms (cache miss)
5550 http fetch GET 200 https://registry.npmjs.org/ws/-/ws-6.2.6.tgz 27092ms (cache miss)
5551 http fetch GET 200 https://registry.npmjs.org/resolve-workspace-root/-/resolve-workspace-root-2.0.1.tgz 27235ms (cache miss)
5552 http fetch GET 200 https://registry.npmjs.org/@react-native/virtualized-lists/-/virtualized-lists-0.81.5.tgz 27320ms (cache miss)
5553 http fetch GET 200 https://registry.npmjs.org/image-size 27305ms (cache miss)
5554 silly packumentCache corgi:https://registry.npmjs.org/image-size set size:undefined disposed:false
5555 http fetch GET 200 https://registry.npmjs.org/uuid 27452ms (cache miss)
5556 silly packumentCache corgi:https://registry.npmjs.org/uuid set size:undefined disposed:false
5557 http fetch GET 200 https://registry.npmjs.org/hermes-parser/-/hermes-parser-0.29.1.tgz 28292ms (cache miss)
5558 http fetch GET 200 https://registry.npmjs.org/postcss 28748ms (cache miss)
5559 silly packumentCache corgi:https://registry.npmjs.org/postcss set size:undefined disposed:false
5560 silly packumentCache corgi:https://registry.npmjs.org/metro cache-miss
5561 http fetch GET 200 https://registry.npmjs.org/metro 466ms (cache miss)
5562 silly packumentCache corgi:https://registry.npmjs.org/metro set size:undefined disposed:false
5563 silly packumentCache corgi:https://registry.npmjs.org/xcode cache-miss
5564 http fetch GET 200 https://registry.npmjs.org/@expo/metro-config/-/metro-config-54.0.17.tgz 29578ms (cache miss)
5565 http fetch GET 200 https://registry.npmjs.org/@expo/prebuild-config/-/prebuild-config-54.0.9.tgz 29875ms (cache miss)
5566 http fetch GET 200 https://registry.npmjs.org/expo-file-system/-/expo-file-system-19.0.23.tgz 32332ms (cache miss)
5567 http fetch GET 200 https://registry.npmjs.org/hermes-estree/-/hermes-estree-0.29.1.tgz 35065ms (cache miss)
5568 http fetch GET 200 https://registry.npmjs.org/xcode 6047ms (cache miss)
5569 silly packumentCache corgi:https://registry.npmjs.org/xcode set size:undefined disposed:false
5570 silly packumentCache corgi:https://registry.npmjs.org/@expo%2fmetro-config cache-miss
5571 http fetch GET 200 https://registry.npmjs.org/@expo%2fmetro-config 1730ms (cache miss)
5572 silly packumentCache corgi:https://registry.npmjs.org/@expo%2fmetro-config set size:undefined disposed:false
5573 silly packumentCache corgi:https://registry.npmjs.org/@expo%2fmetro cache-miss
5574 silly packumentCache corgi:https://registry.npmjs.org/metro-config cache-miss
5575 silly packumentCache corgi:https://registry.npmjs.org/metro-transform-worker cache-miss
5576 silly packumentCache corgi:https://registry.npmjs.org/@react-native%2fcommunity-cli-plugin cache-miss
5577 http fetch GET 200 https://registry.npmjs.org/@expo%2fmetro 380ms (cache miss)
5578 silly packumentCache corgi:https://registry.npmjs.org/@expo%2fmetro set size:undefined disposed:false
5579 warn tar TAR_ENTRY_ERROR ENOENT: no such file or directory, lstat '/Users/kedarbnikhil/Documents/Codex/2026-08-11/stage-1-of-4-foundation-i18n/outputs/ride-demo/node_modules/expo/node_modules/@expo/vector-icons/build'
5580 silly tar TAR_ENTRY_ERROR ENOENT: no such file or directory, lstat '/Users/kedarbnikhil/Documents/Codex/2026-08-11/stage-1-of-4-foundation-i18n/outputs/ride-demo/node_modules/expo/node_modules/@expo/vector-icons/build' [Error: ENOENT: no such file or directory, lstat '/Users/kedarbnikhil/Documents/Codex/2026-08-11/stage-1-of-4-foundation-i18n/outputs/ride-demo/node_modules/expo/node_modules/@expo/vector-icons/build'] {
5580 silly tar   errno: -2,
5580 silly tar   code: 'ENOENT',
5580 silly tar   syscall: 'lstat',
5580 silly tar   path: '/Users/kedarbnikhil/Documents/Codex/2026-08-11/stage-1-of-4-foundation-i18n/outputs/ride-demo/node_modules/expo/node_modules/@expo/vector-icons/build',
5580 silly tar   entry: Is {
5580 silly tar     _events: [Object: null prototype] {
5580 silly tar       end: [Function (anonymous)],
5580 silly tar       drain: [Function]
5580 silly tar     },
5580 silly tar     _eventsCount: 2,
5580 silly tar     _maxListeners: undefined,
5580 silly tar     writable: true,
5580 silly tar     readable: true,
5580 silly tar     extended: undefined,
5580 silly tar     globalExtended: undefined,
5580 silly tar     header: Ls {
5580 silly tar       cksumValid: true,
5580 silly tar       needPax: false,
5580 silly tar       nullBlock: false,
5580 silly tar       block: undefined,
5580 silly tar       path: 'package/build/vendor/react-native-vector-icons/Fonts/Entypo.ttf',
5580 silly tar       mode: 420,
5580 silly tar       uid: undefined,
5580 silly tar       gid: undefined,
5580 silly tar       size: 66200,
5580 silly tar       cksum: 9179,
5580 silly tar       linkpath: '',
5580 silly tar       uname: '',
5580 silly tar       gname: '',
5580 silly tar       devmaj: 0,
5580 silly tar       devmin: 0,
5580 silly tar       atime: undefined,
5580 silly tar       ctime: undefined,
5580 silly tar       mtime: 1985-10-26T08:15:00.000Z,
5580 silly tar       charset: undefined,
5580 silly tar       comment: undefined
5580 silly tar     },
5580 silly tar     startBlockSize: 66560,
5580 silly tar     blockRemain: 47706,
5580 silly tar     remain: 47346,
5580 silly tar     type: 'File',
5580 silly tar     meta: false,
5580 silly tar     ignore: false,
5580 silly tar     path: 'build/vendor/react-native-vector-icons/Fonts/Entypo.ttf',
5580 silly tar     mode: 438,
5580 silly tar     uid: undefined,
5580 silly tar     gid: undefined,
5580 silly tar     uname: '',
5580 silly tar     gname: '',
5580 silly tar     size: 66200,
5580 silly tar     mtime: 1985-10-26T08:15:00.000Z,
5580 silly tar     atime: undefined,
5580 silly tar     ctime: undefined,
5580 silly tar     linkpath: undefined,
5580 silly tar     dev: undefined,
5580 silly tar     ino: undefined,
5580 silly tar     nlink: undefined,
5580 silly tar     invalid: false,
5580 silly tar     absolute: '/Users/kedarbnikhil/Documents/Codex/2026-08-11/stage-1-of-4-foundation-i18n/outputs/ride-demo/node_modules/expo/node_modules/@expo/vector-icons/build/vendor/react-native-vector-icons/Fonts/Entypo.ttf',
5580 silly tar     unsupported: false,
5580 silly tar     Symbol(shapeMode): false,
5580 silly tar     Symbol(kCapture): false,
5580 silly tar     Symbol(flowing): false,
5580 silly tar     Symbol(paused): true,
5580 silly tar     Symbol(pipes): [],
5580 silly tar     Symbol(buffer): [
5580 silly tar       <Buffer 00 01 00 00 00 0d 00 80 00 03 00 50 46 46 54 4d 88 9b 5a d0 00 01 02 7c 00 00 00 1c 4f 53 2f 32 50 5b 5f fa 00 00 01 58 00 00 00 60 63 6d 61 70 e3 8e ... 8500 more bytes>,
5580 silly tar       <Buffer 09 01 09 11 08 c6 15 0e 17 06 d2 09 0a 04 04 06 04 02 65 67 06 0d 03 07 0f 4a 17 e6 09 01 28 fe f7 03 05 05 03 05 02 06 01 06 0b 0a 01 03 0a 04 68 07 ... 10254 more bytes>
5580 silly tar     ],
5580 silly tar     Symbol(objectMode): false,
5580 silly tar     Symbol(encoding): null,
5580 silly tar     Symbol(async): false,
5580 silly tar     Symbol(decoder): null,
5580 silly tar     Symbol(EOF): false,
5580 silly tar     Symbol(emittedEnd): false,
5580 silly tar     Symbol(emittingEnd): false,
5580 silly tar     Symbol(closed): false,
5580 silly tar     Symbol(emittedError): null,
5580 silly tar     Symbol(bufferLength): 18854,
5580 silly tar     Symbol(destroyed): false,
5580 silly tar     Symbol(signal): undefined,
5580 silly tar     Symbol(aborted): false,
5580 silly tar     Symbol(dataListeners): 0,
5580 silly tar     Symbol(discarded): false
5580 silly tar   },
5580 silly tar   cwd: '/Users/kedarbnikhil/Documents/Codex/2026-08-11/stage-1-of-4-foundation-i18n/outputs/ride-demo/node_modules/expo/node_modules/@expo/vector-icons',
5580 silly tar   tarCode: 'TAR_ENTRY_ERROR'
5580 silly tar }
5581 http fetch GET 200 https://registry.npmjs.org/metro-transform-worker 1326ms (cache miss)
5582 silly packumentCache corgi:https://registry.npmjs.org/metro-transform-worker set size:undefined disposed:false
5583 warn tar TAR_ENTRY_ERROR ENOENT: no such file or directory, lstat '/Users/kedarbnikhil/Documents/Codex/2026-08-11/stage-1-of-4-foundation-i18n/outputs/ride-demo/node_modules/expo/node_modules/@expo/vector-icons/build'
5584 silly tar TAR_ENTRY_ERROR ENOENT: no such file or directory, lstat '/Users/kedarbnikhil/Documents/Codex/2026-08-11/stage-1-of-4-foundation-i18n/outputs/ride-demo/node_modules/expo/node_modules/@expo/vector-icons/build' [Error: ENOENT: no such file or directory, lstat '/Users/kedarbnikhil/Documents/Codex/2026-08-11/stage-1-of-4-foundation-i18n/outputs/ride-demo/node_modules/expo/node_modules/@expo/vector-icons/build'] {
5584 silly tar   errno: -2,
5584 silly tar   code: 'ENOENT',
5584 silly tar   syscall: 'lstat',
5584 silly tar   path: '/Users/kedarbnikhil/Documents/Codex/2026-08-11/stage-1-of-4-foundation-i18n/outputs/ride-demo/node_modules/expo/node_modules/@expo/vector-icons/build',
5584 silly tar   entry: Is {
5584 silly tar     _events: [Object: null prototype] {
5584 silly tar       end: [Function (anonymous)],
5584 silly tar       drain: [Function]
5584 silly tar     },
5584 silly tar     _eventsCount: 2,
5584 silly tar     _maxListeners: undefined,
5584 silly tar     writable: true,
5584 silly tar     readable: true,
5584 silly tar     extended: undefined,
5584 silly tar     globalExtended: undefined,
5584 silly tar     header: Ls {
5584 silly tar       cksumValid: true,
5584 silly tar       needPax: false,
5584 silly tar       nullBlock: false,
5584 silly tar       block: undefined,
5584 silly tar       path: 'package/build/vendor/react-native-vector-icons/Fonts/EvilIcons.ttf',
5584 silly tar       mode: 420,
5584 silly tar       uid: undefined,
5584 silly tar       gid: undefined,
5584 silly tar       size: 13456,
5584 silly tar       cksum: 9449,
5584 silly tar       linkpath: '',
5584 silly tar       uname: '',
5584 silly tar       gname: '',
5584 silly tar       devmaj: 0,
5584 silly tar       devmin: 0,
5584 silly tar       atime: undefined,
5584 silly tar       ctime: undefined,
5584 silly tar       mtime: 1985-10-26T08:15:00.000Z,
5584 silly tar       charset: undefined,
5584 silly tar       comment: undefined
5584 silly tar     },
5584 silly tar     startBlockSize: 13824,
5584 silly tar     blockRemain: 8373,
5584 silly tar     remain: 8005,
5584 silly tar     type: 'File',
5584 silly tar     meta: false,
5584 silly tar     ignore: false,
5584 silly tar     path: 'build/vendor/react-native-vector-icons/Fonts/EvilIcons.ttf',
5584 silly tar     mode: 438,
5584 silly tar     uid: undefined,
5584 silly tar     gid: undefined,
5584 silly tar     uname: '',
5584 silly tar     gname: '',
5584 silly tar     size: 13456,
5584 silly tar     mtime: 1985-10-26T08:15:00.000Z,
5584 silly tar     atime: undefined,
5584 silly tar     ctime: undefined,
5584 silly tar     linkpath: undefined,
5584 silly tar     dev: undefined,
5584 silly tar     ino: undefined,
5584 silly tar     nlink: undefined,
5584 silly tar     invalid: false,
5584 silly tar     absolute: '/Users/kedarbnikhil/Documents/Codex/2026-08-11/stage-1-of-4-foundation-i18n/outputs/ride-demo/node_modules/expo/node_modules/@expo/vector-icons/build/vendor/react-native-vector-icons/Fonts/EvilIcons.ttf',
5584 silly tar     unsupported: false,
5584 silly tar     Symbol(shapeMode): false,
5584 silly tar     Symbol(kCapture): false,
5584 silly tar     Symbol(flowing): false,
5584 silly tar     Symbol(paused): true,
5584 silly tar     Symbol(pipes): [],
5584 silly tar     Symbol(buffer): [
5584 silly tar       <Buffer 00 01 00 00 00 0d 00 80 00 03 00 50 46 46 54 4d 85 d9 19 3a 00 00 34 74 00 00 00 1c 4f 53 2f 32 4f b9 5d 2b 00 00 01 58 00 00 00 60 63 6d 61 70 e2 39 ... 5401 more bytes>
5584 silly tar     ],
5584 silly tar     Symbol(objectMode): false,
5584 silly tar     Symbol(encoding): null,
5584 silly tar     Symbol(async): false,
5584 silly tar     Symbol(decoder): null,
5584 silly tar     Symbol(EOF): false,
5584 silly tar     Symbol(emittedEnd): false,
5584 silly tar     Symbol(emittingEnd): false,
5584 silly tar     Symbol(closed): false,
5584 silly tar     Symbol(emittedError): null,
5584 silly tar     Symbol(bufferLength): 5451,
5584 silly tar     Symbol(destroyed): false,
5584 silly tar     Symbol(signal): undefined,
5584 silly tar     Symbol(aborted): false,
5584 silly tar     Symbol(dataListeners): 0,
5584 silly tar     Symbol(discarded): false
5584 silly tar   },
5584 silly tar   cwd: '/Users/kedarbnikhil/Documents/Codex/2026-08-11/stage-1-of-4-foundation-i18n/outputs/ride-demo/node_modules/expo/node_modules/@expo/vector-icons',
5584 silly tar   tarCode: 'TAR_ENTRY_ERROR'
5584 silly tar }
5585 warn tar TAR_ENTRY_ERROR ENOENT: no such file or directory, lstat '/Users/kedarbnikhil/Documents/Codex/2026-08-11/stage-1-of-4-foundation-i18n/outputs/ride-demo/node_modules/expo/node_modules/@expo/vector-icons/build'
5586 silly tar TAR_ENTRY_ERROR ENOENT: no such file or directory, lstat '/Users/kedarbnikhil/Documents/Codex/2026-08-11/stage-1-of-4-foundation-i18n/outputs/ride-demo/node_modules/expo/node_modules/@expo/vector-icons/build' [Error: ENOENT: no such file or directory, lstat '/Users/kedarbnikhil/Documents/Codex/2026-08-11/stage-1-of-4-foundation-i18n/outputs/ride-demo/node_modules/expo/node_modules/@expo/vector-icons/build'] {
5586 silly tar   errno: -2,
5586 silly tar   code: 'ENOENT',
5586 silly tar   syscall: 'lstat',
5586 silly tar   path: '/Users/kedarbnikhil/Documents/Codex/2026-08-11/stage-1-of-4-foundation-i18n/outputs/ride-demo/node_modules/expo/node_modules/@expo/vector-icons/build',
5586 silly tar   entry: Is {
5586 silly tar     _events: [Object: null prototype] {
5586 silly tar       end: [Function (anonymous)],
5586 silly tar       drain: [Function]
5586 silly tar     },
5586 silly tar     _eventsCount: 2,
5586 silly tar     _maxListeners: undefined,
5586 silly tar     writable: true,
5586 silly tar     readable: true,
5586 silly tar     extended: undefined,
5586 silly tar     globalExtended: undefined,
5586 silly tar     header: Ls {
5586 silly tar       cksumValid: true,
5586 silly tar       needPax: false,
5586 silly tar       nullBlock: false,
5586 silly tar       block: undefined,
5586 silly tar       path: 'package/build/vendor/react-native-vector-icons/Fonts/Feather.ttf',
5586 silly tar       mode: 420,
5586 silly tar       uid: undefined,
5586 silly tar       gid: undefined,
5586 silly tar       size: 55596,
5586 silly tar       cksum: 9258,
5586 silly tar       linkpath: '',
5586 silly tar       uname: '',
5586 silly tar       gname: '',
5586 silly tar       devmaj: 0,
5586 silly tar       devmin: 0,
5586 silly tar       atime: undefined,
5586 silly tar       ctime: undefined,
5586 silly tar       mtime: 1985-10-26T08:15:00.000Z,
5586 silly tar       charset: undefined,
5586 silly tar       comment: undefined
5586 silly tar     },
5586 silly tar     startBlockSize: 55808,
5586 silly tar     blockRemain: 29571,
5586 silly tar     remain: 29359,
5586 silly tar     type: 'File',
5586 silly tar     meta: false,
5586 silly tar     ignore: false,
5586 silly tar     path: 'build/vendor/react-native-vector-icons/Fonts/Feather.ttf',
5586 silly tar     mode: 438,
5586 silly tar     uid: undefined,
5586 silly tar     gid: undefined,
5586 silly tar     uname: '',
5586 silly tar     gname: '',
5586 silly tar     size: 55596,
5586 silly tar     mtime: 1985-10-26T08:15:00.000Z,
5586 silly tar     atime: undefined,
5586 silly tar     ctime: undefined,
5586 silly tar     linkpath: undefined,
5586 silly tar     dev: undefined,
5586 silly tar     ino: undefined,
5586 silly tar     nlink: undefined,
5586 silly tar     invalid: false,
5586 silly tar     absolute: '/Users/kedarbnikhil/Documents/Codex/2026-08-11/stage-1-of-4-foundation-i18n/outputs/ride-demo/node_modules/expo/node_modules/@expo/vector-icons/build/vendor/react-native-vector-icons/Fonts/Feather.ttf',
5586 silly tar     unsupported: false,
5586 silly tar     Symbol(shapeMode): false,
5586 silly tar     Symbol(kCapture): false,
5586 silly tar     Symbol(flowing): false,
5586 silly tar     Symbol(paused): true,
5586 silly tar     Symbol(pipes): [],
5586 silly tar     Symbol(buffer): [
5586 silly tar       <Buffer 00 01 00 00 00 0d 00 80 00 03 00 50 46 46 54 4d a6 b4 da 5e 00 00 d9 10 00 00 00 1c 4f 53 2f 32 4f fb 5e 45 00 00 01 58 00 00 00 60 63 6d 61 70 3b d1 ... 7449 more bytes>,
5586 silly tar       <Buffer 00 00 03 00 40 ff d5 01 c0 01 ab 00 11 00 21 00 2b 00 00 37 14 16 32 36 35 34 36 33 21 32 36 34 26 23 21 22 06 13 22 06 15 11 14 16 33 21 32 36 35 11 ... 16334 more bytes>,
5586 silly tar       <Buffer 00 00 02 00 0b ff e5 01 f5 01 96 00 13 00 27 00 00 00 32 16 14 07 06 07 2e 01 27 26 34 36 32 1f 01 16 32 3f 01 16 34 26 22 0f 01 27 26 22 06 14 17 16 ... 2304 more bytes>
5586 silly tar     ],
5586 silly tar     Symbol(objectMode): false,
5586 silly tar     Symbol(encoding): null,
5586 silly tar     Symbol(async): false,
5586 silly tar     Symbol(decoder): null,
5586 silly tar     Symbol(EOF): false,
5586 silly tar     Symbol(emittedEnd): false,
5586 silly tar     Symbol(emittingEnd): false,
5586 silly tar     Symbol(closed): false,
5586 silly tar     Symbol(emittedError): null,
5586 silly tar     Symbol(bufferLength): 26237,
5586 silly tar     Symbol(destroyed): false,
5586 silly tar     Symbol(signal): undefined,
5586 silly tar     Symbol(aborted): false,
5586 silly tar     Symbol(dataListeners): 0,
5586 silly tar     Symbol(discarded): false
5586 silly tar   },
5586 silly tar   cwd: '/Users/kedarbnikhil/Documents/Codex/2026-08-11/stage-1-of-4-foundation-i18n/outputs/ride-demo/node_modules/expo/node_modules/@expo/vector-icons',
5586 silly tar   tarCode: 'TAR_ENTRY_ERROR'
5586 silly tar }
5587 warn tar TAR_ENTRY_ERROR ENOENT: no such file or directory, lstat '/Users/kedarbnikhil/Documents/Codex/2026-08-11/stage-1-of-4-foundation-i18n/outputs/ride-demo/node_modules/expo/node_modules/@expo/vector-icons/build'
5588 silly tar TAR_ENTRY_ERROR ENOENT: no such file or directory, lstat '/Users/kedarbnikhil/Documents/Codex/2026-08-11/stage-1-of-4-foundation-i18n/outputs/ride-demo/node_modules/expo/node_modules/@expo/vector-icons/build' [Error: ENOENT: no such file or directory, lstat '/Users/kedarbnikhil/Documents/Codex/2026-08-11/stage-1-of-4-foundation-i18n/outputs/ride-demo/node_modules/expo/node_modules/@expo/vector-icons/build'] {
5588 silly tar   errno: -2,
5588 silly tar   code: 'ENOENT',
5588 silly tar   syscall: 'lstat',
5588 silly tar   path: '/Users/kedarbnikhil/Documents/Codex/2026-08-11/stage-1-of-4-foundation-i18n/outputs/ride-demo/node_modules/expo/node_modules/@expo/vector-icons/build',
5588 silly tar   entry: Is {
5588 silly tar     _events: [Object: null prototype] {
5588 silly tar       end: [Function (anonymous)],
5588 silly tar       drain: [Function]
5588 silly tar     },
5588 silly tar     _eventsCount: 2,
5588 silly tar     _maxListeners: undefined,
5588 silly tar     writable: true,
5588 silly tar     readable: true,
5588 silly tar     extended: undefined,
5588 silly tar     globalExtended: undefined,
5588 silly tar     header: Ls {
5588 silly tar       cksumValid: true,
5588 silly tar       needPax: false,
5588 silly tar       nullBlock: false,
5588 silly tar       block: undefined,
5588 silly tar       path: 'package/build/vendor/react-native-vector-icons/Fonts/FontAwesome.ttf',
5588 silly tar       mode: 420,
5588 silly tar       uid: undefined,
5588 silly tar       gid: undefined,
5588 silly tar       size: 165548,
5588 silly tar       cksum: 9679,
5588 silly tar       linkpath: '',
5588 silly tar       uname: '',
5588 silly tar       gname: '',
5588 silly tar       devmaj: 0,
5588 silly tar       devmin: 0,
5588 silly tar       atime: undefined,
5588 silly tar       ctime: undefined,
5588 silly tar       mtime: 1985-10-26T08:15:00.000Z,
5588 silly tar       charset: undefined,
5588 silly tar       comment: undefined
5588 silly tar     },
5588 silly tar     startBlockSize: 165888,
5588 silly tar     blockRemain: 158824,
5588 silly tar     remain: 158484,
5588 silly tar     type: 'File',
5588 silly tar     meta: false,
5588 silly tar     ignore: false,
5588 silly tar     path: 'build/vendor/react-native-vector-icons/Fonts/FontAwesome.ttf',
5588 silly tar     mode: 438,
5588 silly tar     uid: undefined,
5588 silly tar     gid: undefined,
5588 silly tar     uname: '',
5588 silly tar     gname: '',
5588 silly tar     size: 165548,
5588 silly tar     mtime: 1985-10-26T08:15:00.000Z,
5588 silly tar     atime: undefined,
5588 silly tar     ctime: undefined,
5588 silly tar     linkpath: undefined,
5588 silly tar     dev: undefined,
5588 silly tar     ino: undefined,
5588 silly tar     nlink: undefined,
5588 silly tar     invalid: false,
5588 silly tar     absolute: '/Users/kedarbnikhil/Documents/Codex/2026-08-11/stage-1-of-4-foundation-i18n/outputs/ride-demo/node_modules/expo/node_modules/@expo/vector-icons/build/vendor/react-native-vector-icons/Fonts/FontAwesome.ttf',
5588 silly tar     unsupported: false,
5588 silly tar     Symbol(shapeMode): false,
5588 silly tar     Symbol(kCapture): false,
5588 silly tar     Symbol(flowing): false,
5588 silly tar     Symbol(paused): true,
5588 silly tar     Symbol(pipes): [],
5588 silly tar     Symbol(buffer): [
5588 silly tar       <Buffer 00 01 00 00 00 0d 00 80 00 03 00 50 46 46 54 4d 6b be 47 b9 00 02 86 90 00 00 00 1c 47 44 45 46 02 f0 00 04 00 02 86 70 00 00 00 20 4f 53 2f 32 88 32 ... 2635 more bytes>,
5588 silly tar       <Buffer 00 00 00 07 00 00 00 07 00 00 00 08 00 00 00 08 00 00 00 07 00 00 00 06 00 00 00 07 b5 00 00 07 00 00 00 07 00 00 00 08 00 00 40 07 00 00 00 09 00 00 ... 4329 more bytes>
5588 silly tar     ],
5588 silly tar     Symbol(objectMode): false,
5588 silly tar     Symbol(encoding): null,
5588 silly tar     Symbol(async): false,
5588 silly tar     Symbol(decoder): null,
5588 silly tar     Symbol(EOF): false,
5588 silly tar     Symbol(emittedEnd): false,
5588 silly tar     Symbol(emittingEnd): false,
5588 silly tar     Symbol(closed): false,
5588 silly tar     Symbol(emittedError): null,
5588 silly tar     Symbol(bufferLength): 7064,
5588 silly tar     Symbol(destroyed): false,
5588 silly tar     Symbol(signal): undefined,
5588 silly tar     Symbol(aborted): false,
5588 silly tar     Symbol(dataListeners): 0,
5588 silly tar     Symbol(discarded): false
5588 silly tar   },
5588 silly tar   cwd: '/Users/kedarbnikhil/Documents/Codex/2026-08-11/stage-1-of-4-foundation-i18n/outputs/ride-demo/node_modules/expo/node_modules/@expo/vector-icons',
5588 silly tar   tarCode: 'TAR_ENTRY_ERROR'
5588 silly tar }
5589 http fetch GET 200 https://registry.npmjs.org/metro-config 3301ms (cache miss)
5590 silly packumentCache corgi:https://registry.npmjs.org/metro-config set size:undefined disposed:false
5591 warn tar TAR_ENTRY_ERROR ENOENT: no such file or directory, lstat '/Users/kedarbnikhil/Documents/Codex/2026-08-11/stage-1-of-4-foundation-i18n/outputs/ride-demo/node_modules/expo/node_modules/@expo/vector-icons/build'
5592 silly tar TAR_ENTRY_ERROR ENOENT: no such file or directory, lstat '/Users/kedarbnikhil/Documents/Codex/2026-08-11/stage-1-of-4-foundation-i18n/outputs/ride-demo/node_modules/expo/node_modules/@expo/vector-icons/build' [Error: ENOENT: no such file or directory, lstat '/Users/kedarbnikhil/Documents/Codex/2026-08-11/stage-1-of-4-foundation-i18n/outputs/ride-demo/node_modules/expo/node_modules/@expo/vector-icons/build'] {
5592 silly tar   errno: -2,
5592 silly tar   code: 'ENOENT',
5592 silly tar   syscall: 'lstat',
5592 silly tar   path: '/Users/kedarbnikhil/Documents/Codex/2026-08-11/stage-1-of-4-foundation-i18n/outputs/ride-demo/node_modules/expo/node_modules/@expo/vector-icons/build',
5592 silly tar   entry: Is {
5592 silly tar     _events: [Object: null prototype] {
5592 silly tar       end: [Function (anonymous)],
5592 silly tar       drain: [Function]
5592 silly tar     },
5592 silly tar     _eventsCount: 2,
5592 silly tar     _maxListeners: undefined,
5592 silly tar     writable: true,
5592 silly tar     readable: true,
5592 silly tar     extended: undefined,
5592 silly tar     globalExtended: undefined,
5592 silly tar     header: Ls {
5592 silly tar       cksumValid: true,
5592 silly tar       needPax: false,
5592 silly tar       nullBlock: false,
5592 silly tar       block: undefined,
5592 silly tar       path: 'package/build/vendor/react-native-vector-icons/Fonts/FontAwesome5_Brands.ttf',
5592 silly tar       mode: 420,
5592 silly tar       uid: undefined,
5592 silly tar       gid: undefined,
5592 silly tar       size: 134040,
5592 silly tar       cksum: 10428,
5592 silly tar       linkpath: '',
5592 silly tar       uname: '',
5592 silly tar       gname: '',
5592 silly tar       devmaj: 0,
5592 silly tar       devmin: 0,
5592 silly tar       atime: undefined,
5592 silly tar       ctime: undefined,
5592 silly tar       mtime: 1985-10-26T08:15:00.000Z,
5592 silly tar       charset: undefined,
5592 silly tar       comment: undefined
5592 silly tar     },
5592 silly tar     startBlockSize: 134144,
5592 silly tar     blockRemain: 129243,
5592 silly tar     remain: 129139,
5592 silly tar     type: 'File',
5592 silly tar     meta: false,
5592 silly tar     ignore: false,
5592 silly tar     path: 'build/vendor/react-native-vector-icons/Fonts/FontAwesome5_Brands.ttf',
5592 silly tar     mode: 438,
5592 silly tar     uid: undefined,
5592 silly tar     gid: undefined,
5592 silly tar     uname: '',
5592 silly tar     gname: '',
5592 silly tar     size: 134040,
5592 silly tar     mtime: 1985-10-26T08:15:00.000Z,
5592 silly tar     atime: undefined,
5592 silly tar     ctime: undefined,
5592 silly tar     linkpath: undefined,
5592 silly tar     dev: undefined,
5592 silly tar     ino: undefined,
5592 silly tar     nlink: undefined,
5592 silly tar     invalid: false,
5592 silly tar     absolute: '/Users/kedarbnikhil/Documents/Codex/2026-08-11/stage-1-of-4-foundation-i18n/outputs/ride-demo/node_modules/expo/node_modules/@expo/vector-icons/build/vendor/react-native-vector-icons/Fonts/FontAwesome5_Brands.ttf',
5592 silly tar     unsupported: false,
5592 silly tar     Symbol(shapeMode): false,
5592 silly tar     Symbol(kCapture): false,
5592 silly tar     Symbol(flowing): false,
5592 silly tar     Symbol(paused): true,
5592 silly tar     Symbol(pipes): [],
5592 silly tar     Symbol(buffer): [
5592 silly tar       <Buffer 00 01 00 00 00 0d 00 80 00 03 00 50 46 46 54 4d 94 c5 5e bf 00 02 0b 7c 00 00 00 1c 47 44 45 46 00 2a 01 d2 00 02 0b 5c 00 00 00 1e 4f 53 2f 32 31 95 ... 4851 more bytes>
5592 silly tar     ],
5592 silly tar     Symbol(objectMode): false,
5592 silly tar     Symbol(encoding): null,
5592 silly tar     Symbol(async): false,
5592 silly tar     Symbol(decoder): null,
5592 silly tar     Symbol(EOF): false,
5592 silly tar     Symbol(emittedEnd): false,
5592 silly tar     Symbol(emittingEnd): false,
5592 silly tar     Symbol(closed): false,
5592 silly tar     Symbol(emittedError): null,
5592 silly tar     Symbol(bufferLength): 4901,
5592 silly tar     Symbol(destroyed): false,
5592 silly tar     Symbol(signal): undefined,
5592 silly tar     Symbol(aborted): false,
5592 silly tar     Symbol(dataListeners): 0,
5592 silly tar     Symbol(discarded): false
5592 silly tar   },
5592 silly tar   cwd: '/Users/kedarbnikhil/Documents/Codex/2026-08-11/stage-1-of-4-foundation-i18n/outputs/ride-demo/node_modules/expo/node_modules/@expo/vector-icons',
5592 silly tar   tarCode: 'TAR_ENTRY_ERROR'
5592 silly tar }
5593 http fetch GET 200 https://registry.npmjs.org/@react-native%2fcommunity-cli-plugin 4284ms (cache miss)
5594 silly packumentCache corgi:https://registry.npmjs.org/@react-native%2fcommunity-cli-plugin set size:undefined disposed:false
5595 silly packumentCache corgi:https://registry.npmjs.org/@expo%2fconfig-plugins cache-miss
5596 http fetch GET 200 https://registry.npmjs.org/typescript/-/typescript-5.9.3.tgz 41794ms (cache miss)
5597 http fetch GET 200 https://registry.npmjs.org/@expo%2fconfig-plugins 460ms (cache miss)
5598 silly packumentCache corgi:https://registry.npmjs.org/@expo%2fconfig-plugins set size:undefined disposed:false
5599 silly packumentCache corgi:https://registry.npmjs.org/expo cache-miss
5600 silly packumentCache corgi:https://registry.npmjs.org/@expo%2fcli cache-miss
5601 http cache https://registry.npmjs.org/@expo%2fcli 7ms (cache hit)
5602 silly packumentCache corgi:https://registry.npmjs.org/@expo%2fcli set size:1761085 disposed:false
5603 http cache https://registry.npmjs.org/expo 91ms (cache hit)
5604 silly packumentCache corgi:https://registry.npmjs.org/expo set size:1841220 disposed:false
5605 warn tar TAR_ENTRY_ERROR ENOENT: no such file or directory, lstat '/Users/kedarbnikhil/Documents/Codex/2026-08-11/stage-1-of-4-foundation-i18n/outputs/ride-demo/node_modules/expo/node_modules/@expo/vector-icons/build'
5606 silly tar TAR_ENTRY_ERROR ENOENT: no such file or directory, lstat '/Users/kedarbnikhil/Documents/Codex/2026-08-11/stage-1-of-4-foundation-i18n/outputs/ride-demo/node_modules/expo/node_modules/@expo/vector-icons/build' [Error: ENOENT: no such file or directory, lstat '/Users/kedarbnikhil/Documents/Codex/2026-08-11/stage-1-of-4-foundation-i18n/outputs/ride-demo/node_modules/expo/node_modules/@expo/vector-icons/build'] {
5606 silly tar   errno: -2,
5606 silly tar   code: 'ENOENT',
5606 silly tar   syscall: 'lstat',
5606 silly tar   path: '/Users/kedarbnikhil/Documents/Codex/2026-08-11/stage-1-of-4-foundation-i18n/outputs/ride-demo/node_modules/expo/node_modules/@expo/vector-icons/build',
5606 silly tar   entry: Is {
5606 silly tar     _events: [Object: null prototype] {
5606 silly tar       end: [Function (anonymous)],
5606 silly tar       drain: [Function]
5606 silly tar     },
5606 silly tar     _eventsCount: 2,
5606 silly tar     _maxListeners: undefined,
5606 silly tar     writable: true,
5606 silly tar     readable: true,
5606 silly tar     extended: undefined,
5606 silly tar     globalExtended: undefined,
5606 silly tar     header: Ls {
5606 silly tar       cksumValid: true,
5606 silly tar       needPax: false,
5606 silly tar       nullBlock: false,
5606 silly tar       block: undefined,
5606 silly tar       path: 'package/build/vendor/react-native-vector-icons/Fonts/FontAwesome5_Regular.ttf',
5606 silly tar       mode: 420,
5606 silly tar       uid: undefined,
5606 silly tar       gid: undefined,
5606 silly tar       size: 33736,
5606 silly tar       cksum: 10540,
5606 silly tar       linkpath: '',
5606 silly tar       uname: '',
5606 silly tar       gname: '',
5606 silly tar       devmaj: 0,
5606 silly tar       devmin: 0,
5606 silly tar       atime: undefined,
5606 silly tar       ctime: undefined,
5606 silly tar       mtime: 1985-10-26T08:15:00.000Z,
5606 silly tar       charset: undefined,
5606 silly tar       comment: undefined
5606 silly tar     },
5606 silly tar     startBlockSize: 33792,
5606 silly tar     blockRemain: 12411,
5606 silly tar     remain: 12355,
5606 silly tar     type: 'File',
5606 silly tar     meta: false,
5606 silly tar     ignore: false,
5606 silly tar     path: 'build/vendor/react-native-vector-icons/Fonts/FontAwesome5_Regular.ttf',
5606 silly tar     mode: 438,
5606 silly tar     uid: undefined,
5606 silly tar     gid: undefined,
5606 silly tar     uname: '',
5606 silly tar     gname: '',
5606 silly tar     size: 33736,
5606 silly tar     mtime: 1985-10-26T08:15:00.000Z,
5606 silly tar     atime: undefined,
5606 silly tar     ctime: undefined,
5606 silly tar     linkpath: undefined,
5606 silly tar     dev: undefined,
5606 silly tar     ino: undefined,
5606 silly tar     nlink: undefined,
5606 silly tar     invalid: false,
5606 silly tar     absolute: '/Users/kedarbnikhil/Documents/Codex/2026-08-11/stage-1-of-4-foundation-i18n/outputs/ride-demo/node_modules/expo/node_modules/@expo/vector-icons/build/vendor/react-native-vector-icons/Fonts/FontAwesome5_Regular.ttf',
5606 silly tar     unsupported: false,
5606 silly tar     Symbol(shapeMode): false,
5606 silly tar     Symbol(kCapture): false,
5606 silly tar     Symbol(flowing): false,
5606 silly tar     Symbol(paused): true,
5606 silly tar     Symbol(pipes): [],
5606 silly tar     Symbol(buffer): [
5606 silly tar       <Buffer 00 01 00 00 00 0d 00 80 00 03 00 50 46 46 54 4d 94 c5 5e bf 00 00 83 ac 00 00 00 1c 47 44 45 46 00 2a 00 a0 00 00 83 8c 00 00 00 1e 4f 53 2f 32 41 92 ... 7589 more bytes>,
5606 silly tar       <Buffer 0c 09 17 01 4e 1c f7 ba 1c 37 01 16 0a 0f 07 07 10 0a 15 01 37 1c 00 00 00 00 03 00 00 ff c0 01 60 01 c0 00 0f 00 1d 00 41 00 00 13 32 16 14 06 23 22 ... 13692 more bytes>
5606 silly tar     ],
5606 silly tar     Symbol(objectMode): false,
5606 silly tar     Symbol(encoding): null,
5606 silly tar     Symbol(async): false,
5606 silly tar     Symbol(decoder): null,
5606 silly tar     Symbol(EOF): false,
5606 silly tar     Symbol(emittedEnd): false,
5606 silly tar     Symbol(emittingEnd): false,
5606 silly tar     Symbol(closed): false,
5606 silly tar     Symbol(emittedError): null,
5606 silly tar     Symbol(bufferLength): 21381,
5606 silly tar     Symbol(destroyed): false,
5606 silly tar     Symbol(signal): undefined,
5606 silly tar     Symbol(aborted): false,
5606 silly tar     Symbol(dataListeners): 0,
5606 silly tar     Symbol(discarded): false
5606 silly tar   },
5606 silly tar   cwd: '/Users/kedarbnikhil/Documents/Codex/2026-08-11/stage-1-of-4-foundation-i18n/outputs/ride-demo/node_modules/expo/node_modules/@expo/vector-icons',
5606 silly tar   tarCode: 'TAR_ENTRY_ERROR'
5606 silly tar }
5607 http fetch GET 200 https://registry.npmjs.org/@expo/cli/-/cli-54.0.26.tgz 42322ms (cache miss)
5608 silly packumentCache corgi:https://registry.npmjs.org/react-native cache-miss
5609 warn tar TAR_ENTRY_ERROR ENOENT: no such file or directory, lstat '/Users/kedarbnikhil/Documents/Codex/2026-08-11/stage-1-of-4-foundation-i18n/outputs/ride-demo/node_modules/expo/node_modules/@expo/vector-icons/build'
5610 silly tar TAR_ENTRY_ERROR ENOENT: no such file or directory, lstat '/Users/kedarbnikhil/Documents/Codex/2026-08-11/stage-1-of-4-foundation-i18n/outputs/ride-demo/node_modules/expo/node_modules/@expo/vector-icons/build' [Error: ENOENT: no such file or directory, lstat '/Users/kedarbnikhil/Documents/Codex/2026-08-11/stage-1-of-4-foundation-i18n/outputs/ride-demo/node_modules/expo/node_modules/@expo/vector-icons/build'] {
5610 silly tar   errno: -2,
5610 silly tar   code: 'ENOENT',
5610 silly tar   syscall: 'lstat',
5610 silly tar   path: '/Users/kedarbnikhil/Documents/Codex/2026-08-11/stage-1-of-4-foundation-i18n/outputs/ride-demo/node_modules/expo/node_modules/@expo/vector-icons/build',
5610 silly tar   entry: Is {
5610 silly tar     _events: [Object: null prototype] {
5610 silly tar       end: [Function (anonymous)],
5610 silly tar       drain: [Function]
5610 silly tar     },
5610 silly tar     _eventsCount: 2,
5610 silly tar     _maxListeners: undefined,
5610 silly tar     writable: true,
5610 silly tar     readable: true,
5610 silly tar     extended: undefined,
5610 silly tar     globalExtended: undefined,
5610 silly tar     header: Ls {
5610 silly tar       cksumValid: true,
5610 silly tar       needPax: false,
5610 silly tar       nullBlock: false,
5610 silly tar       block: undefined,
5610 silly tar       path: 'package/build/vendor/react-native-vector-icons/Fonts/FontAwesome5_Solid.ttf',
5610 silly tar       mode: 420,
5610 silly tar       uid: undefined,
5610 silly tar       gid: undefined,
5610 silly tar       size: 202744,
5610 silly tar       cksum: 10339,
5610 silly tar       linkpath: '',
5610 silly tar       uname: '',
5610 silly tar       gname: '',
5610 silly tar       devmaj: 0,
5610 silly tar       devmin: 0,
5610 silly tar       atime: undefined,
5610 silly tar       ctime: undefined,
5610 silly tar       mtime: 1985-10-26T08:15:00.000Z,
5610 silly tar       charset: undefined,
5610 silly tar       comment: undefined
5610 silly tar     },
5610 silly tar     startBlockSize: 202752,
5610 silly tar     blockRemain: 182907,
5610 silly tar     remain: 182899,
5610 silly tar     type: 'File',
5610 silly tar     meta: false,
5610 silly tar     ignore: false,
5610 silly tar     path: 'build/vendor/react-native-vector-icons/Fonts/FontAwesome5_Solid.ttf',
5610 silly tar     mode: 438,
5610 silly tar     uid: undefined,
5610 silly tar     gid: undefined,
5610 silly tar     uname: '',
5610 silly tar     gname: '',
5610 silly tar     size: 202744,
5610 silly tar     mtime: 1985-10-26T08:15:00.000Z,
5610 silly tar     atime: undefined,
5610 silly tar     ctime: undefined,
5610 silly tar     linkpath: undefined,
5610 silly tar     dev: undefined,
5610 silly tar     ino: undefined,
5610 silly tar     nlink: undefined,
5610 silly tar     invalid: false,
5610 silly tar     absolute: '/Users/kedarbnikhil/Documents/Codex/2026-08-11/stage-1-of-4-foundation-i18n/outputs/ride-demo/node_modules/expo/node_modules/@expo/vector-icons/build/vendor/react-native-vector-icons/Fonts/FontAwesome5_Solid.ttf',
5610 silly tar     unsupported: false,
5610 silly tar     Symbol(shapeMode): false,
5610 silly tar     Symbol(kCapture): false,
5610 silly tar     Symbol(flowing): false,
5610 silly tar     Symbol(paused): true,
5610 silly tar     Symbol(pipes): [],
5610 silly tar     Symbol(buffer): [
5610 silly tar       <Buffer 00 01 00 00 00 0d 00 80 00 03 00 50 46 46 54 4d 94 c5 5e c1 00 03 17 dc 00 00 00 1c 47 44 45 46 00 2a 03 f2 00 03 17 bc 00 00 00 1e 4f 53 2f 32 33 87 ... 3411 more bytes>,
5610 silly tar       <Buffer 00 ff ff 02 80 00 00 02 80 ff ff 01 80 00 00 01 f0 00 00 01 f0 00 00 02 80 00 00 02 80 ff fa 01 f0 00 00 02 80 00 00 02 40 00 00 02 00 ff f5 02 00 00 ... 16334 more bytes>
5610 silly tar     ],
5610 silly tar     Symbol(objectMode): false,
5610 silly tar     Symbol(encoding): null,
5610 silly tar     Symbol(async): false,
5610 silly tar     Symbol(decoder): null,
5610 silly tar     Symbol(EOF): false,
5610 silly tar     Symbol(emittedEnd): false,
5610 silly tar     Symbol(emittingEnd): false,
5610 silly tar     Symbol(closed): false,
5610 silly tar     Symbol(emittedError): null,
5610 silly tar     Symbol(bufferLength): 19845,
5610 silly tar     Symbol(destroyed): false,
5610 silly tar     Symbol(signal): undefined,
5610 silly tar     Symbol(aborted): false,
5610 silly tar     Symbol(dataListeners): 0,
5610 silly tar     Symbol(discarded): false
5610 silly tar   },
5610 silly tar   cwd: '/Users/kedarbnikhil/Documents/Codex/2026-08-11/stage-1-of-4-foundation-i18n/outputs/ride-demo/node_modules/expo/node_modules/@expo/vector-icons',
5610 silly tar   tarCode: 'TAR_ENTRY_ERROR'
5610 silly tar }
5611 warn tar TAR_ENTRY_ERROR ENOENT: no such file or directory, lstat '/Users/kedarbnikhil/Documents/Codex/2026-08-11/stage-1-of-4-foundation-i18n/outputs/ride-demo/node_modules/expo/node_modules/@expo/vector-icons/build'
5612 silly tar TAR_ENTRY_ERROR ENOENT: no such file or directory, lstat '/Users/kedarbnikhil/Documents/Codex/2026-08-11/stage-1-of-4-foundation-i18n/outputs/ride-demo/node_modules/expo/node_modules/@expo/vector-icons/build' [Error: ENOENT: no such file or directory, lstat '/Users/kedarbnikhil/Documents/Codex/2026-08-11/stage-1-of-4-foundation-i18n/outputs/ride-demo/node_modules/expo/node_modules/@expo/vector-icons/build'] {
5612 silly tar   errno: -2,
5612 silly tar   code: 'ENOENT',
5612 silly tar   syscall: 'lstat',
5612 silly tar   path: '/Users/kedarbnikhil/Documents/Codex/2026-08-11/stage-1-of-4-foundation-i18n/outputs/ride-demo/node_modules/expo/node_modules/@expo/vector-icons/build',
5612 silly tar   entry: Is {
5612 silly tar     _events: [Object: null prototype] {
5612 silly tar       end: [Function (anonymous)],
5612 silly tar       drain: [Function]
5612 silly tar     },
5612 silly tar     _eventsCount: 2,
5612 silly tar     _maxListeners: undefined,
5612 silly tar     writable: true,
5612 silly tar     readable: true,
5612 silly tar     extended: undefined,
5612 silly tar     globalExtended: undefined,
5612 silly tar     header: Ls {
5612 silly tar       cksumValid: true,
5612 silly tar       needPax: false,
5612 silly tar       nullBlock: false,
5612 silly tar       block: undefined,
5612 silly tar       path: 'package/build/vendor/react-native-vector-icons/Fonts/FontAwesome6_Brands.ttf',
5612 silly tar       mode: 420,
5612 silly tar       uid: undefined,
5612 silly tar       gid: undefined,
5612 silly tar       size: 209376,
5612 silly tar       cksum: 10431,
5612 silly tar       linkpath: '',
5612 silly tar       uname: '',
5612 silly tar       gname: '',
5612 silly tar       devmaj: 0,
5612 silly tar       devmin: 0,
5612 silly tar       atime: undefined,
5612 silly tar       ctime: undefined,
5612 silly tar       mtime: 1985-10-26T08:15:00.000Z,
5612 silly tar       charset: undefined,
5612 silly tar       comment: undefined
5612 silly tar     },
5612 silly tar     startBlockSize: 209408,
5612 silly tar     blockRemain: 199608,
5612 silly tar     remain: 199576,
5612 silly tar     type: 'File',
5612 silly tar     meta: false,
5612 silly tar     ignore: false,
5612 silly tar     path: 'build/vendor/react-native-vector-icons/Fonts/FontAwesome6_Brands.ttf',
5612 silly tar     mode: 438,
5612 silly tar     uid: undefined,
5612 silly tar     gid: undefined,
5612 silly tar     uname: '',
5612 silly tar     gname: '',
5612 silly tar     size: 209376,
5612 silly tar     mtime: 1985-10-26T08:15:00.000Z,
5612 silly tar     atime: undefined,
5612 silly tar     ctime: undefined,
5612 silly tar     linkpath: undefined,
5612 silly tar     dev: undefined,
5612 silly tar     ino: undefined,
5612 silly tar     nlink: undefined,
5612 silly tar     invalid: false,
5612 silly tar     absolute: '/Users/kedarbnikhil/Documents/Codex/2026-08-11/stage-1-of-4-foundation-i18n/outputs/ride-demo/node_modules/expo/node_modules/@expo/vector-icons/build/vendor/react-native-vector-icons/Fonts/FontAwesome6_Brands.ttf',
5612 silly tar     unsupported: false,
5612 silly tar     Symbol(shapeMode): false,
5612 silly tar     Symbol(kCapture): false,
5612 silly tar     Symbol(flowing): false,
5612 silly tar     Symbol(paused): true,
5612 silly tar     Symbol(pipes): [],
5612 silly tar     Symbol(buffer): [
5612 silly tar       <Buffer 00 01 00 00 00 0a 00 80 00 03 00 20 4f 53 2f 32 5f 79 5e 76 00 00 01 28 00 00 00 60 63 6d 61 70 35 93 61 c2 00 00 09 fc 00 00 13 4e 67 6c 79 66 bf b7 ... 9750 more bytes>
5612 silly tar     ],
5612 silly tar     Symbol(objectMode): false,
5612 silly tar     Symbol(encoding): null,
5612 silly tar     Symbol(async): false,
5612 silly tar     Symbol(decoder): null,
5612 silly tar     Symbol(EOF): false,
5612 silly tar     Symbol(emittedEnd): false,
5612 silly tar     Symbol(emittingEnd): false,
5612 silly tar     Symbol(closed): false,
5612 silly tar     Symbol(emittedError): null,
5612 silly tar     Symbol(bufferLength): 9800,
5612 silly tar     Symbol(destroyed): false,
5612 silly tar     Symbol(signal): undefined,
5612 silly tar     Symbol(aborted): false,
5612 silly tar     Symbol(dataListeners): 0,
5612 silly tar     Symbol(discarded): false
5612 silly tar   },
5612 silly tar   cwd: '/Users/kedarbnikhil/Documents/Codex/2026-08-11/stage-1-of-4-foundation-i18n/outputs/ride-demo/node_modules/expo/node_modules/@expo/vector-icons',
5612 silly tar   tarCode: 'TAR_ENTRY_ERROR'
5612 silly tar }
5613 warn tar TAR_ENTRY_ERROR ENOENT: no such file or directory, lstat '/Users/kedarbnikhil/Documents/Codex/2026-08-11/stage-1-of-4-foundation-i18n/outputs/ride-demo/node_modules/expo/node_modules/@expo/vector-icons/build'
5614 silly tar TAR_ENTRY_ERROR ENOENT: no such file or directory, lstat '/Users/kedarbnikhil/Documents/Codex/2026-08-11/stage-1-of-4-foundation-i18n/outputs/ride-demo/node_modules/expo/node_modules/@expo/vector-icons/build' [Error: ENOENT: no such file or directory, lstat '/Users/kedarbnikhil/Documents/Codex/2026-08-11/stage-1-of-4-foundation-i18n/outputs/ride-demo/node_modules/expo/node_modules/@expo/vector-icons/build'] {
5614 silly tar   errno: -2,
5614 silly tar   code: 'ENOENT',
5614 silly tar   syscall: 'lstat',
5614 silly tar   path: '/Users/kedarbnikhil/Documents/Codex/2026-08-11/stage-1-of-4-foundation-i18n/outputs/ride-demo/node_modules/expo/node_modules/@expo/vector-icons/build',
5614 silly tar   entry: Is {
5614 silly tar     _events: [Object: null prototype] {
5614 silly tar       end: [Function (anonymous)],
5614 silly tar       drain: [Function]
5614 silly tar     },
5614 silly tar     _eventsCount: 2,
5614 silly tar     _maxListeners: undefined,
5614 silly tar     writable: true,
5614 silly tar     readable: true,
5614 silly tar     extended: undefined,
5614 silly tar     globalExtended: undefined,
5614 silly tar     header: Ls {
5614 silly tar       cksumValid: true,
5614 silly tar       needPax: false,
5614 silly tar       nullBlock: false,
5614 silly tar       block: undefined,
5614 silly tar       path: 'package/build/vendor/react-native-vector-icons/Fonts/FontAwesome6_Regular.ttf',
5614 silly tar       mode: 420,
5614 silly tar       uid: undefined,
5614 silly tar       gid: undefined,
5614 silly tar       size: 67976,
5614 silly tar       cksum: 10544,
5614 silly tar       linkpath: '',
5614 silly tar       uname: '',
5614 silly tar       gname: '',
5614 silly tar       devmaj: 0,
5614 silly tar       devmin: 0,
5614 silly tar       atime: undefined,
5614 silly tar       ctime: undefined,
5614 silly tar       mtime: 1985-10-26T08:15:00.000Z,
5614 silly tar       charset: undefined,
5614 silly tar       comment: undefined
5614 silly tar     },
5614 silly tar     startBlockSize: 68096,
5614 silly tar     blockRemain: 33751,
5614 silly tar     remain: 33631,
5614 silly tar     type: 'File',
5614 silly tar     meta: false,
5614 silly tar     ignore: false,
5614 silly tar     path: 'build/vendor/react-native-vector-icons/Fonts/FontAwesome6_Regular.ttf',
5614 silly tar     mode: 438,
5614 silly tar     uid: undefined,
5614 silly tar     gid: undefined,
5614 silly tar     uname: '',
5614 silly tar     gname: '',
5614 silly tar     size: 67976,
5614 silly tar     mtime: 1985-10-26T08:15:00.000Z,
5614 silly tar     atime: undefined,
5614 silly tar     ctime: undefined,
5614 silly tar     linkpath: undefined,
5614 silly tar     dev: undefined,
5614 silly tar     ino: undefined,
5614 silly tar     nlink: undefined,
5614 silly tar     invalid: false,
5614 silly tar     absolute: '/Users/kedarbnikhil/Documents/Codex/2026-08-11/stage-1-of-4-foundation-i18n/outputs/ride-demo/node_modules/expo/node_modules/@expo/vector-icons/build/vendor/react-native-vector-icons/Fonts/FontAwesome6_Regular.ttf',
5614 silly tar     unsupported: false,
5614 silly tar     Symbol(shapeMode): false,
5614 silly tar     Symbol(kCapture): false,
5614 silly tar     Symbol(flowing): false,
5614 silly tar     Symbol(paused): true,
5614 silly tar     Symbol(pipes): [],
5614 silly tar     Symbol(buffer): [
5614 silly tar       <Buffer 00 01 00 00 00 0a 00 80 00 03 00 20 4f 53 2f 32 5f 6e 5e 5f 00 00 01 28 00 00 00 60 63 6d 61 70 4a a6 9d d0 00 00 04 d8 00 00 17 80 67 6c 79 66 e9 2b ... 13022 more bytes>,
5614 silly tar       <Buffer 02 16 16 02 6e 77 0e 13 11 0b 65 2e 1d 1d 01 01 27 26 3a 80 78 80 80 80 01 07 80 25 19 19 01 01 19 19 25 08 01 a0 01 0f 10 18 c0 b0 16 02 02 16 98 a6 ... 16334 more bytes>,
5614 silly tar       <Buffer 31 06 07 06 07 21 31 26 27 26 27 11 17 32 17 17 31 16 07 06 07 23 31 26 27 26 37 37 31 36 33 40 0f 01 01 0f 01 40 0f 01 01 0f fe c0 40 01 12 12 1b 01 ... 4839 more bytes>
5614 silly tar     ],
5614 silly tar     Symbol(objectMode): false,
5614 silly tar     Symbol(encoding): null,
5614 silly tar     Symbol(async): false,
5614 silly tar     Symbol(decoder): null,
5614 silly tar     Symbol(EOF): false,
5614 silly tar     Symbol(emittedEnd): false,
5614 silly tar     Symbol(emittingEnd): false,
5614 silly tar     Symbol(closed): false,
5614 silly tar     Symbol(emittedError): null,
5614 silly tar     Symbol(bufferLength): 34345,
5614 silly tar     Symbol(destroyed): false,
5614 silly tar     Symbol(signal): undefined,
5614 silly tar     Symbol(aborted): false,
5614 silly tar     Symbol(dataListeners): 0,
5614 silly tar     Symbol(discarded): false
5614 silly tar   },
5614 silly tar   cwd: '/Users/kedarbnikhil/Documents/Codex/2026-08-11/stage-1-of-4-foundation-i18n/outputs/ride-demo/node_modules/expo/node_modules/@expo/vector-icons',
5614 silly tar   tarCode: 'TAR_ENTRY_ERROR'
5614 silly tar }
5615 warn tar TAR_ENTRY_ERROR ENOENT: no such file or directory, lstat '/Users/kedarbnikhil/Documents/Codex/2026-08-11/stage-1-of-4-foundation-i18n/outputs/ride-demo/node_modules/expo/node_modules/@expo/vector-icons/build'
5616 silly tar TAR_ENTRY_ERROR ENOENT: no such file or directory, lstat '/Users/kedarbnikhil/Documents/Codex/2026-08-11/stage-1-of-4-foundation-i18n/outputs/ride-demo/node_modules/expo/node_modules/@expo/vector-icons/build' [Error: ENOENT: no such file or directory, lstat '/Users/kedarbnikhil/Documents/Codex/2026-08-11/stage-1-of-4-foundation-i18n/outputs/ride-demo/node_modules/expo/node_modules/@expo/vector-icons/build'] {
5616 silly tar   errno: -2,
5616 silly tar   code: 'ENOENT',
5616 silly tar   syscall: 'lstat',
5616 silly tar   path: '/Users/kedarbnikhil/Documents/Codex/2026-08-11/stage-1-of-4-foundation-i18n/outputs/ride-demo/node_modules/expo/node_modules/@expo/vector-icons/build',
5616 silly tar   entry: Is {
5616 silly tar     _events: [Object: null prototype] {
5616 silly tar       end: [Function (anonymous)],
5616 silly tar       drain: [Function]
5616 silly tar     },
5616 silly tar     _eventsCount: 2,
5616 silly tar     _maxListeners: undefined,
5616 silly tar     writable: true,
5616 silly tar     readable: true,
5616 silly tar     extended: undefined,
5616 silly tar     globalExtended: undefined,
5616 silly tar     header: Ls {
5616 silly tar       cksumValid: true,
5616 silly tar       needPax: false,
5616 silly tar       nullBlock: false,
5616 silly tar       block: undefined,
5616 silly tar       path: 'package/build/vendor/react-native-vector-icons/Fonts/FontAwesome6_Solid.ttf',
5616 silly tar       mode: 420,
5616 silly tar       uid: undefined,
5616 silly tar       gid: undefined,
5616 silly tar       size: 423676,
5616 silly tar       cksum: 10345,
5616 silly tar       linkpath: '',
5616 silly tar       uname: '',
5616 silly tar       gname: '',
5616 silly tar       devmaj: 0,
5616 silly tar       devmin: 0,
5616 silly tar       atime: undefined,
5616 silly tar       ctime: undefined,
5616 silly tar       mtime: 1985-10-26T08:15:00.000Z,
5616 silly tar       charset: undefined,
5616 silly tar       comment: undefined
5616 silly tar     },
5616 silly tar     startBlockSize: 423936,
5616 silly tar     blockRemain: 415363,
5616 silly tar     remain: 415103,
5616 silly tar     type: 'File',
5616 silly tar     meta: false,
5616 silly tar     ignore: false,
5616 silly tar     path: 'build/vendor/react-native-vector-icons/Fonts/FontAwesome6_Solid.ttf',
5616 silly tar     mode: 438,
5616 silly tar     uid: undefined,
5616 silly tar     gid: undefined,
5616 silly tar     uname: '',
5616 silly tar     gname: '',
5616 silly tar     size: 423676,
5616 silly tar     mtime: 1985-10-26T08:15:00.000Z,
5616 silly tar     atime: undefined,
5616 silly tar     ctime: undefined,
5616 silly tar     linkpath: undefined,
5616 silly tar     dev: undefined,
5616 silly tar     ino: undefined,
5616 silly tar     nlink: undefined,
5616 silly tar     invalid: false,
5616 silly tar     absolute: '/Users/kedarbnikhil/Documents/Codex/2026-08-11/stage-1-of-4-foundation-i18n/outputs/ride-demo/node_modules/expo/node_modules/@expo/vector-icons/build/vendor/react-native-vector-icons/Fonts/FontAwesome6_Solid.ttf',
5616 silly tar     unsupported: false,
5616 silly tar     Symbol(shapeMode): false,
5616 silly tar     Symbol(kCapture): false,
5616 silly tar     Symbol(flowing): false,
5616 silly tar     Symbol(paused): true,
5616 silly tar     Symbol(pipes): [],
5616 silly tar     Symbol(buffer): [
5616 silly tar       <Buffer 00 01 00 00 00 0a 00 80 00 03 00 20 4f 53 2f 32 61 6b 62 53 00 00 01 28 00 00 00 60 63 6d 61 70 da 77 39 de 00 00 17 58 00 00 48 e6 67 6c 79 66 5f c0 ... 8523 more bytes>
5616 silly tar     ],
5616 silly tar     Symbol(objectMode): false,
5616 silly tar     Symbol(encoding): null,
5616 silly tar     Symbol(async): false,
5616 silly tar     Symbol(decoder): null,
5616 silly tar     Symbol(EOF): false,
5616 silly tar     Symbol(emittedEnd): false,
5616 silly tar     Symbol(emittingEnd): false,
5616 silly tar     Symbol(closed): false,
5616 silly tar     Symbol(emittedError): null,
5616 silly tar     Symbol(bufferLength): 8573,
5616 silly tar     Symbol(destroyed): false,
5616 silly tar     Symbol(signal): undefined,
5616 silly tar     Symbol(aborted): false,
5616 silly tar     Symbol(dataListeners): 0,
5616 silly tar     Symbol(discarded): false
5616 silly tar   },
5616 silly tar   cwd: '/Users/kedarbnikhil/Documents/Codex/2026-08-11/stage-1-of-4-foundation-i18n/outputs/ride-demo/node_modules/expo/node_modules/@expo/vector-icons',
5616 silly tar   tarCode: 'TAR_ENTRY_ERROR'
5616 silly tar }
5617 warn tar TAR_ENTRY_ERROR ENOENT: no such file or directory, lstat '/Users/kedarbnikhil/Documents/Codex/2026-08-11/stage-1-of-4-foundation-i18n/outputs/ride-demo/node_modules/expo/node_modules/@expo/vector-icons/build'
5618 silly tar TAR_ENTRY_ERROR ENOENT: no such file or directory, lstat '/Users/kedarbnikhil/Documents/Codex/2026-08-11/stage-1-of-4-foundation-i18n/outputs/ride-demo/node_modules/expo/node_modules/@expo/vector-icons/build' [Error: ENOENT: no such file or directory, lstat '/Users/kedarbnikhil/Documents/Codex/2026-08-11/stage-1-of-4-foundation-i18n/outputs/ride-demo/node_modules/expo/node_modules/@expo/vector-icons/build'] {
5618 silly tar   errno: -2,
5618 silly tar   code: 'ENOENT',
5618 silly tar   syscall: 'lstat',
5618 silly tar   path: '/Users/kedarbnikhil/Documents/Codex/2026-08-11/stage-1-of-4-foundation-i18n/outputs/ride-demo/node_modules/expo/node_modules/@expo/vector-icons/build',
5618 silly tar   entry: Is {
5618 silly tar     _events: [Object: null prototype] {
5618 silly tar       end: [Function (anonymous)],
5618 silly tar       drain: [Function]
5618 silly tar     },
5618 silly tar     _eventsCount: 2,
5618 silly tar     _maxListeners: undefined,
5618 silly tar     writable: true,
5618 silly tar     readable: true,
5618 silly tar     extended: undefined,
5618 silly tar     globalExtended: undefined,
5618 silly tar     header: Ls {
5618 silly tar       cksumValid: true,
5618 silly tar       needPax: false,
5618 silly tar       nullBlock: false,
5618 silly tar       block: undefined,
5618 silly tar       path: 'package/build/vendor/react-native-vector-icons/Fonts/Fontisto.ttf',
5618 silly tar       mode: 493,
5618 silly tar       uid: undefined,
5618 silly tar       gid: undefined,
5618 silly tar       size: 313528,
5618 silly tar       cksum: 9408,
5618 silly tar       linkpath: '',
5618 silly tar       uname: '',
5618 silly tar       gname: '',
5618 silly tar       devmaj: 0,
5618 silly tar       devmin: 0,
5618 silly tar       atime: undefined,
5618 silly tar       ctime: undefined,
5618 silly tar       mtime: 1985-10-26T08:15:00.000Z,
5618 silly tar       charset: undefined,
5618 silly tar       comment: undefined
5618 silly tar     },
5618 silly tar     startBlockSize: 313856,
5618 silly tar     blockRemain: 296428,
5618 silly tar     remain: 296100,
5618 silly tar     type: 'File',
5618 silly tar     meta: false,
5618 silly tar     ignore: false,
5618 silly tar     path: 'build/vendor/react-native-vector-icons/Fonts/Fontisto.ttf',
5618 silly tar     mode: 511,
5618 silly tar     uid: undefined,
5618 silly tar     gid: undefined,
5618 silly tar     uname: '',
5618 silly tar     gname: '',
5618 silly tar     size: 313528,
5618 silly tar     mtime: 1985-10-26T08:15:00.000Z,
5618 silly tar     atime: undefined,
5618 silly tar     ctime: undefined,
5618 silly tar     linkpath: undefined,
5618 silly tar     dev: undefined,
5618 silly tar     ino: undefined,
5618 silly tar     nlink: undefined,
5618 silly tar     invalid: false,
5618 silly tar     absolute: '/Users/kedarbnikhil/Documents/Codex/2026-08-11/stage-1-of-4-foundation-i18n/outputs/ride-demo/node_modules/expo/node_modules/@expo/vector-icons/build/vendor/react-native-vector-icons/Fonts/Fontisto.ttf',
5618 silly tar     unsupported: false,
5618 silly tar     Symbol(shapeMode): false,
5618 silly tar     Symbol(kCapture): false,
5618 silly tar     Symbol(flowing): false,
5618 silly tar     Symbol(paused): true,
5618 silly tar     Symbol(pipes): [],
5618 silly tar     Symbol(buffer): [
5618 silly tar       <Buffer 00 01 00 00 00 0b 00 80 00 03 00 30 4f 53 2f 32 0f 12 08 8d 00 00 00 bc 00 00 00 60 63 6d 61 70 17 56 d4 ee 00 00 01 1c 00 00 00 54 67 61 73 70 00 00 ... 4555 more bytes>,
5618 silly tar       <Buffer 3c 08 0f 09 22 7c 19 19 7b 20 08 11 08 01 01 0c 07 08 0d 02 01 03 04 09 00 00 00 00 02 00 00 ff b2 05 03 03 a7 00 be 01 a2 00 00 01 16 06 07 0e 01 07 ... 12773 more bytes>
5618 silly tar     ],
5618 silly tar     Symbol(objectMode): false,
5618 silly tar     Symbol(encoding): null,
5618 silly tar     Symbol(async): false,
5618 silly tar     Symbol(decoder): null,
5618 silly tar     Symbol(EOF): false,
5618 silly tar     Symbol(emittedEnd): false,
5618 silly tar     Symbol(emittingEnd): false,
5618 silly tar     Symbol(closed): false,
5618 silly tar     Symbol(emittedError): null,
5618 silly tar     Symbol(bufferLength): 17428,
5618 silly tar     Symbol(destroyed): false,
5618 silly tar     Symbol(signal): undefined,
5618 silly tar     Symbol(aborted): false,
5618 silly tar     Symbol(dataListeners): 0,
5618 silly tar     Symbol(discarded): false
5618 silly tar   },
5618 silly tar   cwd: '/Users/kedarbnikhil/Documents/Codex/2026-08-11/stage-1-of-4-foundation-i18n/outputs/ride-demo/node_modules/expo/node_modules/@expo/vector-icons',
5618 silly tar   tarCode: 'TAR_ENTRY_ERROR'
5618 silly tar }
5619 warn tar TAR_ENTRY_ERROR ENOENT: no such file or directory, lstat '/Users/kedarbnikhil/Documents/Codex/2026-08-11/stage-1-of-4-foundation-i18n/outputs/ride-demo/node_modules/expo/node_modules/@expo/vector-icons/build'
5620 silly tar TAR_ENTRY_ERROR ENOENT: no such file or directory, lstat '/Users/kedarbnikhil/Documents/Codex/2026-08-11/stage-1-of-4-foundation-i18n/outputs/ride-demo/node_modules/expo/node_modules/@expo/vector-icons/build' [Error: ENOENT: no such file or directory, lstat '/Users/kedarbnikhil/Documents/Codex/2026-08-11/stage-1-of-4-foundation-i18n/outputs/ride-demo/node_modules/expo/node_modules/@expo/vector-icons/build'] {
5620 silly tar   errno: -2,
5620 silly tar   code: 'ENOENT',
5620 silly tar   syscall: 'lstat',
5620 silly tar   path: '/Users/kedarbnikhil/Documents/Codex/2026-08-11/stage-1-of-4-foundation-i18n/outputs/ride-demo/node_modules/expo/node_modules/@expo/vector-icons/build',
5620 silly tar   entry: Is {
5620 silly tar     _events: [Object: null prototype] {
5620 silly tar       end: [Function (anonymous)],
5620 silly tar       drain: [Function]
5620 silly tar     },
5620 silly tar     _eventsCount: 2,
5620 silly tar     _maxListeners: undefined,
5620 silly tar     writable: true,
5620 silly tar     readable: true,
5620 silly tar     extended: undefined,
5620 silly tar     globalExtended: undefined,
5620 silly tar     header: Ls {
5620 silly tar       cksumValid: true,
5620 silly tar       needPax: false,
5620 silly tar       nullBlock: false,
5620 silly tar       block: undefined,
5620 silly tar       path: 'package/build/vendor/react-native-vector-icons/Fonts/Foundation.ttf',
5620 silly tar       mode: 420,
5620 silly tar       uid: undefined,
5620 silly tar       gid: undefined,
5620 silly tar       size: 56976,
5620 silly tar       cksum: 9596,
5620 silly tar       linkpath: '',
5620 silly tar       uname: '',
5620 silly tar       gname: '',
5620 silly tar       devmaj: 0,
5620 silly tar       devmin: 0,
5620 silly tar       atime: undefined,
5620 silly tar       ctime: undefined,
5620 silly tar       mtime: 1985-10-26T08:15:00.000Z,
5620 silly tar       charset: undefined,
5620 silly tar       comment: undefined
5620 silly tar     },
5620 silly tar     startBlockSize: 57344,
5620 silly tar     blockRemain: 39336,
5620 silly tar     remain: 38968,
5620 silly tar     type: 'File',
5620 silly tar     meta: false,
5620 silly tar     ignore: false,
5620 silly tar     path: 'build/vendor/react-native-vector-icons/Fonts/Foundation.ttf',
5620 silly tar     mode: 438,
5620 silly tar     uid: undefined,
5620 silly tar     gid: undefined,
5620 silly tar     uname: '',
5620 silly tar     gname: '',
5620 silly tar     size: 56976,
5620 silly tar     mtime: 1985-10-26T08:15:00.000Z,
5620 silly tar     atime: undefined,
5620 silly tar     ctime: undefined,
5620 silly tar     linkpath: undefined,
5620 silly tar     dev: undefined,
5620 silly tar     ino: undefined,
5620 silly tar     nlink: undefined,
5620 silly tar     invalid: false,
5620 silly tar     absolute: '/Users/kedarbnikhil/Documents/Codex/2026-08-11/stage-1-of-4-foundation-i18n/outputs/ride-demo/node_modules/expo/node_modules/@expo/vector-icons/build/vendor/react-native-vector-icons/Fonts/Foundation.ttf',
5620 silly tar     unsupported: false,
5620 silly tar     Symbol(shapeMode): false,
5620 silly tar     Symbol(kCapture): false,
5620 silly tar     Symbol(flowing): false,
5620 silly tar     Symbol(paused): true,
5620 silly tar     Symbol(pipes): [],
5620 silly tar     Symbol(buffer): [
5620 silly tar       <Buffer 00 01 00 00 00 0f 00 80 00 03 00 70 46 46 54 4d 68 b8 1d f6 00 00 00 fc 00 00 00 1c 4f 53 2f 32 41 39 5e f2 00 00 01 18 00 00 00 60 63 6d 61 70 00 0f ... 6060 more bytes>,
5620 silly tar       <Buffer 06 2f 01 07 06 22 2f 01 07 06 26 3d 01 23 22 26 3f 01 27 26 34 3f 01 27 26 37 36 3b 01 35 34 36 1f 01 37 36 32 1f 01 37 36 16 1d 01 33 32 16 07 15 07 ... 11848 more bytes>
5620 silly tar     ],
5620 silly tar     Symbol(objectMode): false,
5620 silly tar     Symbol(encoding): null,
5620 silly tar     Symbol(async): false,
5620 silly tar     Symbol(decoder): null,
5620 silly tar     Symbol(EOF): false,
5620 silly tar     Symbol(emittedEnd): false,
5620 silly tar     Symbol(emittingEnd): false,
5620 silly tar     Symbol(closed): false,
5620 silly tar     Symbol(emittedError): null,
5620 silly tar     Symbol(bufferLength): 18008,
5620 silly tar     Symbol(destroyed): false,
5620 silly tar     Symbol(signal): undefined,
5620 silly tar     Symbol(aborted): false,
5620 silly tar     Symbol(dataListeners): 0,
5620 silly tar     Symbol(discarded): false
5620 silly tar   },
5620 silly tar   cwd: '/Users/kedarbnikhil/Documents/Codex/2026-08-11/stage-1-of-4-foundation-i18n/outputs/ride-demo/node_modules/expo/node_modules/@expo/vector-icons',
5620 silly tar   tarCode: 'TAR_ENTRY_ERROR'
5620 silly tar }
5621 warn tar TAR_ENTRY_ERROR ENOENT: no such file or directory, lstat '/Users/kedarbnikhil/Documents/Codex/2026-08-11/stage-1-of-4-foundation-i18n/outputs/ride-demo/node_modules/expo/node_modules/@expo/vector-icons/build'
5622 silly tar TAR_ENTRY_ERROR ENOENT: no such file or directory, lstat '/Users/kedarbnikhil/Documents/Codex/2026-08-11/stage-1-of-4-foundation-i18n/outputs/ride-demo/node_modules/expo/node_modules/@expo/vector-icons/build' [Error: ENOENT: no such file or directory, lstat '/Users/kedarbnikhil/Documents/Codex/2026-08-11/stage-1-of-4-foundation-i18n/outputs/ride-demo/node_modules/expo/node_modules/@expo/vector-icons/build'] {
5622 silly tar   errno: -2,
5622 silly tar   code: 'ENOENT',
5622 silly tar   syscall: 'lstat',
5622 silly tar   path: '/Users/kedarbnikhil/Documents/Codex/2026-08-11/stage-1-of-4-foundation-i18n/outputs/ride-demo/node_modules/expo/node_modules/@expo/vector-icons/build',
5622 silly tar   entry: Is {
5622 silly tar     _events: [Object: null prototype] {
5622 silly tar       end: [Function (anonymous)],
5622 silly tar       drain: [Function]
5622 silly tar     },
5622 silly tar     _eventsCount: 2,
5622 silly tar     _maxListeners: undefined,
5622 silly tar     writable: true,
5622 silly tar     readable: true,
5622 silly tar     extended: undefined,
5622 silly tar     globalExtended: undefined,
5622 silly tar     header: Ls {
5622 silly tar       cksumValid: true,
5622 silly tar       needPax: false,
5622 silly tar       nullBlock: false,
5622 silly tar       block: undefined,
5622 silly tar       path: 'package/build/vendor/react-native-vector-icons/Fonts/Ionicons.ttf',
5622 silly tar       mode: 420,
5622 silly tar       uid: undefined,
5622 silly tar       gid: undefined,
5622 silly tar       size: 389724,
5622 silly tar       cksum: 9386,
5622 silly tar       linkpath: '',
5622 silly tar       uname: '',
5622 silly tar       gname: '',
5622 silly tar       devmaj: 0,
5622 silly tar       devmin: 0,
5622 silly tar       atime: undefined,
5622 silly tar       ctime: undefined,
5622 silly tar       mtime: 1985-10-26T08:15:00.000Z,
5622 silly tar       charset: undefined,
5622 silly tar       comment: undefined
5622 silly tar     },
5622 silly tar     startBlockSize: 390144,
5622 silly tar     blockRemain: 374991,
5622 silly tar     remain: 374571,
5622 silly tar     type: 'File',
5622 silly tar     meta: false,
5622 silly tar     ignore: false,
5622 silly tar     path: 'build/vendor/react-native-vector-icons/Fonts/Ionicons.ttf',
5622 silly tar     mode: 438,
5622 silly tar     uid: undefined,
5622 silly tar     gid: undefined,
5622 silly tar     uname: '',
5622 silly tar     gname: '',
5622 silly tar     size: 389724,
5622 silly tar     mtime: 1985-10-26T08:15:00.000Z,
5622 silly tar     atime: undefined,
5622 silly tar     ctime: undefined,
5622 silly tar     linkpath: undefined,
5622 silly tar     dev: undefined,
5622 silly tar     ino: undefined,
5622 silly tar     nlink: undefined,
5622 silly tar     invalid: false,
5622 silly tar     absolute: '/Users/kedarbnikhil/Documents/Codex/2026-08-11/stage-1-of-4-foundation-i18n/outputs/ride-demo/node_modules/expo/node_modules/@expo/vector-icons/build/vendor/react-native-vector-icons/Fonts/Ionicons.ttf',
5622 silly tar     unsupported: false,
5622 silly tar     Symbol(shapeMode): false,
5622 silly tar     Symbol(kCapture): false,
5622 silly tar     Symbol(flowing): false,
5622 silly tar     Symbol(paused): true,
5622 silly tar     Symbol(pipes): [],
5622 silly tar     Symbol(buffer): [
5622 silly tar       <Buffer 00 01 00 00 00 0e 00 80 00 03 00 60 46 46 54 4d a6 b4 da 5e 00 05 f2 40 00 00 00 1c 47 44 45 46 00 25 00 00 00 05 f2 28 00 00 00 18 4f 53 2f 32 4f fd ... 2804 more bytes>,
5622 silly tar       <Buffer 00 2f 02 00 00 30 02 00 00 20 02 00 00 20 02 00 00 20 02 00 00 11 02 00 00 11 02 00 00 08 02 00 00 40 02 00 00 40 02 00 00 40 02 00 00 3e 02 00 00 3d ... 12249 more bytes>
5622 silly tar     ],
5622 silly tar     Symbol(objectMode): false,
5622 silly tar     Symbol(encoding): null,
5622 silly tar     Symbol(async): false,
5622 silly tar     Symbol(decoder): null,
5622 silly tar     Symbol(EOF): false,
5622 silly tar     Symbol(emittedEnd): false,
5622 silly tar     Symbol(emittingEnd): false,
5622 silly tar     Symbol(closed): false,
5622 silly tar     Symbol(emittedError): null,
5622 silly tar     Symbol(bufferLength): 15153,
5622 silly tar     Symbol(destroyed): false,
5622 silly tar     Symbol(signal): undefined,
5622 silly tar     Symbol(aborted): false,
5622 silly tar     Symbol(dataListeners): 0,
5622 silly tar     Symbol(discarded): false
5622 silly tar   },
5622 silly tar   cwd: '/Users/kedarbnikhil/Documents/Codex/2026-08-11/stage-1-of-4-foundation-i18n/outputs/ride-demo/node_modules/expo/node_modules/@expo/vector-icons',
5622 silly tar   tarCode: 'TAR_ENTRY_ERROR'
5622 silly tar }
5623 warn tar TAR_ENTRY_ERROR ENOENT: no such file or directory, lstat '/Users/kedarbnikhil/Documents/Codex/2026-08-11/stage-1-of-4-foundation-i18n/outputs/ride-demo/node_modules/expo/node_modules/@expo/vector-icons/build'
5624 silly tar TAR_ENTRY_ERROR ENOENT: no such file or directory, lstat '/Users/kedarbnikhil/Documents/Codex/2026-08-11/stage-1-of-4-foundation-i18n/outputs/ride-demo/node_modules/expo/node_modules/@expo/vector-icons/build' [Error: ENOENT: no such file or directory, lstat '/Users/kedarbnikhil/Documents/Codex/2026-08-11/stage-1-of-4-foundation-i18n/outputs/ride-demo/node_modules/expo/node_modules/@expo/vector-icons/build'] {
5624 silly tar   errno: -2,
5624 silly tar   code: 'ENOENT',
5624 silly tar   syscall: 'lstat',
5624 silly tar   path: '/Users/kedarbnikhil/Documents/Codex/2026-08-11/stage-1-of-4-foundation-i18n/outputs/ride-demo/node_modules/expo/node_modules/@expo/vector-icons/build',
5624 silly tar   entry: Is {
5624 silly tar     _events: [Object: null prototype] {
5624 silly tar       end: [Function (anonymous)],
5624 silly tar       drain: [Function]
5624 silly tar     },
5624 silly tar     _eventsCount: 2,
5624 silly tar     _maxListeners: undefined,
5624 silly tar     writable: true,
5624 silly tar     readable: true,
5624 silly tar     extended: undefined,
5624 silly tar     globalExtended: undefined,
5624 silly tar     header: Ls {
5624 silly tar       cksumValid: true,
5624 silly tar       needPax: false,
5624 silly tar       nullBlock: false,
5624 silly tar       block: undefined,
5624 silly tar       path: 'package/build/vendor/react-native-vector-icons/Fonts/MaterialCommunityIcons.ttf',
5624 silly tar       mode: 420,
5624 silly tar       uid: undefined,
5624 silly tar       gid: undefined,
5624 silly tar       size: 1307660,
5624 silly tar       cksum: 10845,
5624 silly tar       linkpath: '',
5624 silly tar       uname: '',
5624 silly tar       gname: '',
5624 silly tar       devmaj: 0,
5624 silly tar       devmin: 0,
5624 silly tar       atime: undefined,
5624 silly tar       ctime: undefined,
5624 silly tar       mtime: 1985-10-26T08:15:00.000Z,
5624 silly tar       charset: undefined,
5624 silly tar       comment: undefined
5624 silly tar     },
5624 silly tar     startBlockSize: 1308160,
5624 silly tar     blockRemain: 1230563,
5624 silly tar     remain: 1230063,
5624 silly tar     type: 'File',
5624 silly tar     meta: false,
5624 silly tar     ignore: false,
5624 silly tar     path: 'build/vendor/react-native-vector-icons/Fonts/MaterialCommunityIcons.ttf',
5624 silly tar     mode: 438,
5624 silly tar     uid: undefined,
5624 silly tar     gid: undefined,
5624 silly tar     uname: '',
5624 silly tar     gname: '',
5624 silly tar     size: 1307660,
5624 silly tar     mtime: 1985-10-26T08:15:00.000Z,
5624 silly tar     atime: undefined,
5624 silly tar     ctime: undefined,
5624 silly tar     linkpath: undefined,
5624 silly tar     dev: undefined,
5624 silly tar     ino: undefined,
5624 silly tar     nlink: undefined,
5624 silly tar     invalid: false,
5624 silly tar     absolute: '/Users/kedarbnikhil/Documents/Codex/2026-08-11/stage-1-of-4-foundation-i18n/outputs/ride-demo/node_modules/expo/node_modules/@expo/vector-icons/build/vendor/react-native-vector-icons/Fonts/MaterialCommunityIcons.ttf',
5624 silly tar     unsupported: false,
5624 silly tar     Symbol(shapeMode): false,
5624 silly tar     Symbol(kCapture): false,
5624 silly tar     Symbol(flowing): false,
5624 silly tar     Symbol(paused): true,
5624 silly tar     Symbol(pipes): [],
5624 silly tar     Symbol(buffer): [
5624 silly tar       <Buffer 00 01 00 00 00 0b 00 80 00 03 00 30 47 53 55 42 20 8b 25 7a 00 00 01 38 00 00 00 54 4f 53 2f 32 4f b3 5b d3 00 00 01 8c 00 00 00 56 63 6d 61 70 78 26 ... 5121 more bytes>,
5624 silly tar       <Buffer 00 02 00 00 00 02 00 00 00 02 00 00 00 02 00 00 00 02 00 00 00 02 00 00 00 02 00 00 00 02 00 00 00 02 00 00 00 02 00 00 00 02 00 00 00 02 00 00 00 02 ... 16334 more bytes>,
5624 silly tar       <Buffer 00 02 00 00 00 02 00 00 00 02 00 00 00 02 00 00 00 02 00 00 00 02 00 00 00 02 00 00 00 02 00 00 00 02 00 00 00 02 00 00 00 02 00 00 00 02 00 00 00 02 ... 16334 more bytes>,
5624 silly tar       <Buffer 0f 02 68 00 00 02 68 00 0f 02 69 00 0f 02 69 00 00 02 69 00 0f 02 6a 00 0f 02 6a 00 00 02 6a 00 0f 02 6b 00 0f 02 6b 00 00 02 6b 00 0f 02 6c 00 0f 02 ... 16334 more bytes>,
5624 silly tar       <Buffer 00 07 b7 00 0f 07 be 00 0f 07 be 00 00 07 b8 00 0f 07 bf 00 0f 07 bf 00 00 07 b9 00 0f 07 c0 00 0f 07 c0 00 00 07 ba 00 0f 07 c1 00 0f 07 c1 00 00 07 ... 16334 more bytes>,
5624 silly tar       <Buffer 0f 0d 13 00 0f 0d 13 00 00 0d 09 00 0f 0d 14 00 0f 0d 14 00 00 0d 0a 00 0f 0d 15 00 0f 0d 15 00 00 0d 0b 00 0f 0d 16 00 0f 0d 16 00 00 0d 0c 00 0f 0d ... 6840 more bytes>
5624 silly tar     ],
5624 silly tar     Symbol(objectMode): false,
5624 silly tar     Symbol(encoding): null,
5624 silly tar     Symbol(async): false,
5624 silly tar     Symbol(decoder): null,
5624 silly tar     Symbol(EOF): false,
5624 silly tar     Symbol(emittedEnd): false,
5624 silly tar     Symbol(emittingEnd): false,
5624 silly tar     Symbol(closed): false,
5624 silly tar     Symbol(emittedError): null,
5624 silly tar     Symbol(bufferLength): 77597,
5624 silly tar     Symbol(destroyed): false,
5624 silly tar     Symbol(signal): undefined,
5624 silly tar     Symbol(aborted): false,
5624 silly tar     Symbol(dataListeners): 0,
5624 silly tar     Symbol(discarded): false
5624 silly tar   },
5624 silly tar   cwd: '/Users/kedarbnikhil/Documents/Codex/2026-08-11/stage-1-of-4-foundation-i18n/outputs/ride-demo/node_modules/expo/node_modules/@expo/vector-icons',
5624 silly tar   tarCode: 'TAR_ENTRY_ERROR'
5624 silly tar }
5625 warn tar TAR_ENTRY_ERROR ENOENT: no such file or directory, lstat '/Users/kedarbnikhil/Documents/Codex/2026-08-11/stage-1-of-4-foundation-i18n/outputs/ride-demo/node_modules/expo/node_modules/@expo/vector-icons/build'
5626 silly tar TAR_ENTRY_ERROR ENOENT: no such file or directory, lstat '/Users/kedarbnikhil/Documents/Codex/2026-08-11/stage-1-of-4-foundation-i18n/outputs/ride-demo/node_modules/expo/node_modules/@expo/vector-icons/build' [Error: ENOENT: no such file or directory, lstat '/Users/kedarbnikhil/Documents/Codex/2026-08-11/stage-1-of-4-foundation-i18n/outputs/ride-demo/node_modules/expo/node_modules/@expo/vector-icons/build'] {
5626 silly tar   errno: -2,
5626 silly tar   code: 'ENOENT',
5626 silly tar   syscall: 'lstat',
5626 silly tar   path: '/Users/kedarbnikhil/Documents/Codex/2026-08-11/stage-1-of-4-foundation-i18n/outputs/ride-demo/node_modules/expo/node_modules/@expo/vector-icons/build',
5626 silly tar   entry: Is {
5626 silly tar     _events: [Object: null prototype] {
5626 silly tar       end: [Function (anonymous)],
5626 silly tar       drain: [Function]
5626 silly tar     },
5626 silly tar     _eventsCount: 2,
5626 silly tar     _maxListeners: undefined,
5626 silly tar     writable: true,
5626 silly tar     readable: true,
5626 silly tar     extended: undefined,
5626 silly tar     globalExtended: undefined,
5626 silly tar     header: Ls {
5626 silly tar       cksumValid: true,
5626 silly tar       needPax: false,
5626 silly tar       nullBlock: false,
5626 silly tar       block: undefined,
5626 silly tar       path: 'package/build/vendor/react-native-vector-icons/Fonts/MaterialIcons.ttf',
5626 silly tar       mode: 420,
5626 silly tar       uid: undefined,
5626 silly tar       gid: undefined,
5626 silly tar       size: 356840,
5626 silly tar       cksum: 9877,
5626 silly tar       linkpath: '',
5626 silly tar       uname: '',
5626 silly tar       gname: '',
5626 silly tar       devmaj: 0,
5626 silly tar       devmin: 0,
5626 silly tar       atime: undefined,
5626 silly tar       ctime: undefined,
5626 silly tar       mtime: 1985-10-26T08:15:00.000Z,
5626 silly tar       charset: undefined,
5626 silly tar       comment: undefined
5626 silly tar     },
5626 silly tar     startBlockSize: 356864,
5626 silly tar     blockRemain: 344861,
5626 silly tar     remain: 344837,
5626 silly tar     type: 'File',
5626 silly tar     meta: false,
5626 silly tar     ignore: false,
5626 silly tar     path: 'build/vendor/react-native-vector-icons/Fonts/MaterialIcons.ttf',
5626 silly tar     mode: 438,
5626 silly tar     uid: undefined,
5626 silly tar     gid: undefined,
5626 silly tar     uname: '',
5626 silly tar     gname: '',
5626 silly tar     size: 356840,
5626 silly tar     mtime: 1985-10-26T08:15:00.000Z,
5626 silly tar     atime: undefined,
5626 silly tar     ctime: undefined,
5626 silly tar     linkpath: undefined,
5626 silly tar     dev: undefined,
5626 silly tar     ino: undefined,
5626 silly tar     nlink: undefined,
5626 silly tar     invalid: false,
5626 silly tar     absolute: '/Users/kedarbnikhil/Documents/Codex/2026-08-11/stage-1-of-4-foundation-i18n/outputs/ride-demo/node_modules/expo/node_modules/@expo/vector-icons/build/vendor/react-native-vector-icons/Fonts/MaterialIcons.ttf',
5626 silly tar     unsupported: false,
5626 silly tar     Symbol(shapeMode): false,
5626 silly tar     Symbol(kCapture): false,
5626 silly tar     Symbol(flowing): false,
5626 silly tar     Symbol(paused): true,
5626 silly tar     Symbol(pipes): [],
5626 silly tar     Symbol(buffer): [
5626 silly tar       <Buffer 00 01 00 00 00 0f 00 80 00 03 00 70 47 44 45 46 05 09 00 53 00 00 01 14 00 00 00 1c 47 50 4f 53 00 15 00 0a 00 00 01 08 00 00 00 0c 47 53 55 42 44 9a ... 797 more bytes>,
5626 silly tar       <Buffer 72 00 69 00 67 00 68 00 74 00 20 00 32 00 30 00 31 00 38 00 20 00 47 00 6f 00 6f 00 67 00 6c 00 65 00 2c 00 20 00 49 00 6e 00 63 00 2e 00 20 00 41 00 ... 11106 more bytes>
5626 silly tar     ],
5626 silly tar     Symbol(objectMode): false,
5626 silly tar     Symbol(encoding): null,
5626 silly tar     Symbol(async): false,
5626 silly tar     Symbol(decoder): null,
5626 silly tar     Symbol(EOF): false,
5626 silly tar     Symbol(emittedEnd): false,
5626 silly tar     Symbol(emittingEnd): false,
5626 silly tar     Symbol(closed): false,
5626 silly tar     Symbol(emittedError): null,
5626 silly tar     Symbol(bufferLength): 12003,
5626 silly tar     Symbol(destroyed): false,
5626 silly tar     Symbol(signal): undefined,
5626 silly tar     Symbol(aborted): false,
5626 silly tar     Symbol(dataListeners): 0,
5626 silly tar     Symbol(discarded): false
5626 silly tar   },
5626 silly tar   cwd: '/Users/kedarbnikhil/Documents/Codex/2026-08-11/stage-1-of-4-foundation-i18n/outputs/ride-demo/node_modules/expo/node_modules/@expo/vector-icons',
5626 silly tar   tarCode: 'TAR_ENTRY_ERROR'
5626 silly tar }
5627 warn tar TAR_ENTRY_ERROR ENOENT: no such file or directory, lstat '/Users/kedarbnikhil/Documents/Codex/2026-08-11/stage-1-of-4-foundation-i18n/outputs/ride-demo/node_modules/expo/node_modules/@expo/vector-icons/build'
5628 silly tar TAR_ENTRY_ERROR ENOENT: no such file or directory, lstat '/Users/kedarbnikhil/Documents/Codex/2026-08-11/stage-1-of-4-foundation-i18n/outputs/ride-demo/node_modules/expo/node_modules/@expo/vector-icons/build' [Error: ENOENT: no such file or directory, lstat '/Users/kedarbnikhil/Documents/Codex/2026-08-11/stage-1-of-4-foundation-i18n/outputs/ride-demo/node_modules/expo/node_modules/@expo/vector-icons/build'] {
5628 silly tar   errno: -2,
5628 silly tar   code: 'ENOENT',
5628 silly tar   syscall: 'lstat',
5628 silly tar   path: '/Users/kedarbnikhil/Documents/Codex/2026-08-11/stage-1-of-4-foundation-i18n/outputs/ride-demo/node_modules/expo/node_modules/@expo/vector-icons/build',
5628 silly tar   entry: Is {
5628 silly tar     _events: [Object: null prototype] {
5628 silly tar       end: [Function (anonymous)],
5628 silly tar       drain: [Function]
5628 silly tar     },
5628 silly tar     _eventsCount: 2,
5628 silly tar     _maxListeners: undefined,
5628 silly tar     writable: true,
5628 silly tar     readable: true,
5628 silly tar     extended: undefined,
5628 silly tar     globalExtended: undefined,
5628 silly tar     header: Ls {
5628 silly tar       cksumValid: true,
5628 silly tar       needPax: false,
5628 silly tar       nullBlock: false,
5628 silly tar       block: undefined,
5628 silly tar       path: 'package/build/vendor/react-native-vector-icons/Fonts/Octicons.ttf',
5628 silly tar       mode: 420,
5628 silly tar       uid: undefined,
5628 silly tar       gid: undefined,
5628 silly tar       size: 69436,
5628 silly tar       cksum: 9390,
5628 silly tar       linkpath: '',
5628 silly tar       uname: '',
5628 silly tar       gname: '',
5628 silly tar       devmaj: 0,
5628 silly tar       devmin: 0,
5628 silly tar       atime: undefined,
5628 silly tar       ctime: undefined,
5628 silly tar       mtime: 1985-10-26T08:15:00.000Z,
5628 silly tar       charset: undefined,
5628 silly tar       comment: undefined
5628 silly tar     },
5628 silly tar     startBlockSize: 69632,
5628 silly tar     blockRemain: 47438,
5628 silly tar     remain: 47242,
5628 silly tar     type: 'File',
5628 silly tar     meta: false,
5628 silly tar     ignore: false,
5628 silly tar     path: 'build/vendor/react-native-vector-icons/Fonts/Octicons.ttf',
5628 silly tar     mode: 438,
5628 silly tar     uid: undefined,
5628 silly tar     gid: undefined,
5628 silly tar     uname: '',
5628 silly tar     gname: '',
5628 silly tar     size: 69436,
5628 silly tar     mtime: 1985-10-26T08:15:00.000Z,
5628 silly tar     atime: undefined,
5628 silly tar     ctime: undefined,
5628 silly tar     linkpath: undefined,
5628 silly tar     dev: undefined,
5628 silly tar     ino: undefined,
5628 silly tar     nlink: undefined,
5628 silly tar     invalid: false,
5628 silly tar     absolute: '/Users/kedarbnikhil/Documents/Codex/2026-08-11/stage-1-of-4-foundation-i18n/outputs/ride-demo/node_modules/expo/node_modules/@expo/vector-icons/build/vendor/react-native-vector-icons/Fonts/Octicons.ttf',
5628 silly tar     unsupported: false,
5628 silly tar     Symbol(shapeMode): false,
5628 silly tar     Symbol(kCapture): false,
5628 silly tar     Symbol(flowing): false,
5628 silly tar     Symbol(paused): true,
5628 silly tar     Symbol(pipes): [],
5628 silly tar     Symbol(buffer): [
5628 silly tar       <Buffer 00 01 00 00 00 0d 00 80 00 03 00 50 46 46 54 4d a6 b4 da 5e 00 01 0f 20 00 00 00 1c 4f 53 2f 32 4f fa 5e 6b 00 00 01 58 00 00 00 60 63 6d 61 70 56 e3 ... 5760 more bytes>,
5628 silly tar       <Buffer 02 03 2f 17 88 42 2e 5e 11 0e 52 01 01 29 14 15 0e 11 2f 17 18 2e 00 02 00 20 ff c0 01 e0 01 c0 00 0b 00 1f 00 00 04 22 26 27 26 36 3b 01 32 16 07 06 ... 16334 more bytes>
5628 silly tar     ],
5628 silly tar     Symbol(objectMode): false,
5628 silly tar     Symbol(encoding): null,
5628 silly tar     Symbol(async): false,
5628 silly tar     Symbol(decoder): null,
5628 silly tar     Symbol(EOF): false,
5628 silly tar     Symbol(emittedEnd): false,
5628 silly tar     Symbol(emittingEnd): false,
5628 silly tar     Symbol(closed): false,
5628 silly tar     Symbol(emittedError): null,
5628 silly tar     Symbol(bufferLength): 22194,
5628 silly tar     Symbol(destroyed): false,
5628 silly tar     Symbol(signal): undefined,
5628 silly tar     Symbol(aborted): false,
5628 silly tar     Symbol(dataListeners): 0,
5628 silly tar     Symbol(discarded): false
5628 silly tar   },
5628 silly tar   cwd: '/Users/kedarbnikhil/Documents/Codex/2026-08-11/stage-1-of-4-foundation-i18n/outputs/ride-demo/node_modules/expo/node_modules/@expo/vector-icons',
5628 silly tar   tarCode: 'TAR_ENTRY_ERROR'
5628 silly tar }
5629 warn tar TAR_ENTRY_ERROR ENOENT: no such file or directory, lstat '/Users/kedarbnikhil/Documents/Codex/2026-08-11/stage-1-of-4-foundation-i18n/outputs/ride-demo/node_modules/expo/node_modules/@expo/vector-icons/build'
5630 silly tar TAR_ENTRY_ERROR ENOENT: no such file or directory, lstat '/Users/kedarbnikhil/Documents/Codex/2026-08-11/stage-1-of-4-foundation-i18n/outputs/ride-demo/node_modules/expo/node_modules/@expo/vector-icons/build' [Error: ENOENT: no such file or directory, lstat '/Users/kedarbnikhil/Documents/Codex/2026-08-11/stage-1-of-4-foundation-i18n/outputs/ride-demo/node_modules/expo/node_modules/@expo/vector-icons/build'] {
5630 silly tar   errno: -2,
5630 silly tar   code: 'ENOENT',
5630 silly tar   syscall: 'lstat',
5630 silly tar   path: '/Users/kedarbnikhil/Documents/Codex/2026-08-11/stage-1-of-4-foundation-i18n/outputs/ride-demo/node_modules/expo/node_modules/@expo/vector-icons/build',
5630 silly tar   entry: Is {
5630 silly tar     _events: [Object: null prototype] {
5630 silly tar       end: [Function (anonymous)],
5630 silly tar       drain: [Function]
5630 silly tar     },
5630 silly tar     _eventsCount: 2,
5630 silly tar     _maxListeners: undefined,
5630 silly tar     writable: true,
5630 silly tar     readable: true,
5630 silly tar     extended: undefined,
5630 silly tar     globalExtended: undefined,
5630 silly tar     header: Ls {
5630 silly tar       cksumValid: true,
5630 silly tar       needPax: false,
5630 silly tar       nullBlock: false,
5630 silly tar       block: undefined,
5630 silly tar       path: 'package/build/vendor/react-native-vector-icons/Fonts/SimpleLineIcons.ttf',
5630 silly tar       mode: 420,
5630 silly tar       uid: undefined,
5630 silly tar       gid: undefined,
5630 silly tar       size: 54056,
5630 silly tar       cksum: 10066,
5630 silly tar       linkpath: '',
5630 silly tar       uname: '',
5630 silly tar       gname: '',
5630 silly tar       devmaj: 0,
5630 silly tar       devmin: 0,
5630 silly tar       atime: undefined,
5630 silly tar       ctime: undefined,
5630 silly tar       mtime: 1985-10-26T08:15:00.000Z,
5630 silly tar       charset: undefined,
5630 silly tar       comment: undefined
5630 silly tar     },
5630 silly tar     startBlockSize: 54272,
5630 silly tar     blockRemain: 41025,
5630 silly tar     remain: 40809,
5630 silly tar     type: 'File',
5630 silly tar     meta: false,
5630 silly tar     ignore: false,
5630 silly tar     path: 'build/vendor/react-native-vector-icons/Fonts/SimpleLineIcons.ttf',
5630 silly tar     mode: 438,
5630 silly tar     uid: undefined,
5630 silly tar     gid: undefined,
5630 silly tar     uname: '',
5630 silly tar     gname: '',
5630 silly tar     size: 54056,
5630 silly tar     mtime: 1985-10-26T08:15:00.000Z,
5630 silly tar     atime: undefined,
5630 silly tar     ctime: undefined,
5630 silly tar     linkpath: undefined,
5630 silly tar     dev: undefined,
5630 silly tar     ino: undefined,
5630 silly tar     nlink: undefined,
5630 silly tar     invalid: false,
5630 silly tar     absolute: '/Users/kedarbnikhil/Documents/Codex/2026-08-11/stage-1-of-4-foundation-i18n/outputs/ride-demo/node_modules/expo/node_modules/@expo/vector-icons/build/vendor/react-native-vector-icons/Fonts/SimpleLineIcons.ttf',
5630 silly tar     unsupported: false,
5630 silly tar     Symbol(shapeMode): false,
5630 silly tar     Symbol(kCapture): false,
5630 silly tar     Symbol(flowing): false,
5630 silly tar     Symbol(paused): true,
5630 silly tar     Symbol(pipes): [],
5630 silly tar     Symbol(buffer): [
5630 silly tar       <Buffer 00 01 00 00 00 0d 00 80 00 03 00 50 46 46 54 4d 7b 8f 9f 60 00 00 d3 0c 00 00 00 1c 47 44 45 46 00 29 00 c7 00 00 d2 ec 00 00 00 1e 4f 53 2f 32 56 a0 ... 2718 more bytes>,
5630 silly tar       <Buffer 17 24 8e 37 a0 10 26 23 20 18 0f 34 4a 22 a0 39 8c 24 07 13 15 0b 11 1b 07 4d 36 51 30 a5 47 a0 34 68 44 44 68 34 a0 42 a9 30 85 03 07 08 0c 0c 0e 08 ... 10429 more bytes>
5630 silly tar     ],
5630 silly tar     Symbol(objectMode): false,
5630 silly tar     Symbol(encoding): null,
5630 silly tar     Symbol(async): false,
5630 silly tar     Symbol(decoder): null,
5630 silly tar     Symbol(EOF): false,
5630 silly tar     Symbol(emittedEnd): false,
5630 silly tar     Symbol(emittingEnd): false,
5630 silly tar     Symbol(closed): false,
5630 silly tar     Symbol(emittedError): null,
5630 silly tar     Symbol(bufferLength): 13247,
5630 silly tar     Symbol(destroyed): false,
5630 silly tar     Symbol(signal): undefined,
5630 silly tar     Symbol(aborted): false,
5630 silly tar     Symbol(dataListeners): 0,
5630 silly tar     Symbol(discarded): false
5630 silly tar   },
5630 silly tar   cwd: '/Users/kedarbnikhil/Documents/Codex/2026-08-11/stage-1-of-4-foundation-i18n/outputs/ride-demo/node_modules/expo/node_modules/@expo/vector-icons',
5630 silly tar   tarCode: 'TAR_ENTRY_ERROR'
5630 silly tar }
5631 warn tar TAR_ENTRY_ERROR ENOENT: no such file or directory, lstat '/Users/kedarbnikhil/Documents/Codex/2026-08-11/stage-1-of-4-foundation-i18n/outputs/ride-demo/node_modules/expo/node_modules/@expo/vector-icons/build'
5632 silly tar TAR_ENTRY_ERROR ENOENT: no such file or directory, lstat '/Users/kedarbnikhil/Documents/Codex/2026-08-11/stage-1-of-4-foundation-i18n/outputs/ride-demo/node_modules/expo/node_modules/@expo/vector-icons/build' [Error: ENOENT: no such file or directory, lstat '/Users/kedarbnikhil/Documents/Codex/2026-08-11/stage-1-of-4-foundation-i18n/outputs/ride-demo/node_modules/expo/node_modules/@expo/vector-icons/build'] {
5632 silly tar   errno: -2,
5632 silly tar   code: 'ENOENT',
5632 silly tar   syscall: 'lstat',
5632 silly tar   path: '/Users/kedarbnikhil/Documents/Codex/2026-08-11/stage-1-of-4-foundation-i18n/outputs/ride-demo/node_modules/expo/node_modules/@expo/vector-icons/build',
5632 silly tar   entry: Is {
5632 silly tar     _events: [Object: null prototype] {
5632 silly tar       end: [Function (anonymous)],
5632 silly tar       drain: [Function]
5632 silly tar     },
5632 silly tar     _eventsCount: 2,
5632 silly tar     _maxListeners: undefined,
5632 silly tar     writable: true,
5632 silly tar     readable: true,
5632 silly tar     extended: undefined,
5632 silly tar     globalExtended: undefined,
5632 silly tar     header: Ls {
5632 silly tar       cksumValid: true,
5632 silly tar       needPax: false,
5632 silly tar       nullBlock: false,
5632 silly tar       block: undefined,
5632 silly tar       path: 'package/build/vendor/react-native-vector-icons/Fonts/Zocial.ttf',
5632 silly tar       mode: 420,
5632 silly tar       uid: undefined,
5632 silly tar       gid: undefined,
5632 silly tar       size: 25788,
5632 silly tar       cksum: 9163,
5632 silly tar       linkpath: '',
5632 silly tar       uname: '',
5632 silly tar       gname: '',
5632 silly tar       devmaj: 0,
5632 silly tar       devmin: 0,
5632 silly tar       atime: undefined,
5632 silly tar       ctime: undefined,
5632 silly tar       mtime: 1985-10-26T08:15:00.000Z,
5632 silly tar       charset: undefined,
5632 silly tar       comment: undefined
5632 silly tar     },
5632 silly tar     startBlockSize: 26112,
5632 silly tar     blockRemain: 17211,
5632 silly tar     remain: 16887,
5632 silly tar     type: 'File',
5632 silly tar     meta: false,
5632 silly tar     ignore: false,
5632 silly tar     path: 'build/vendor/react-native-vector-icons/Fonts/Zocial.ttf',
5632 silly tar     mode: 438,
5632 silly tar     uid: undefined,
5632 silly tar     gid: undefined,
5632 silly tar     uname: '',
5632 silly tar     gname: '',
5632 silly tar     size: 25788,
5632 silly tar     mtime: 1985-10-26T08:15:00.000Z,
5632 silly tar     atime: undefined,
5632 silly tar     ctime: undefined,
5632 silly tar     linkpath: undefined,
5632 silly tar     dev: undefined,
5632 silly tar     ino: undefined,
5632 silly tar     nlink: undefined,
5632 silly tar     invalid: false,
5632 silly tar     absolute: '/Users/kedarbnikhil/Documents/Codex/2026-08-11/stage-1-of-4-foundation-i18n/outputs/ride-demo/node_modules/expo/node_modules/@expo/vector-icons/build/vendor/react-native-vector-icons/Fonts/Zocial.ttf',
5632 silly tar     unsupported: false,
5632 silly tar     Symbol(shapeMode): false,
5632 silly tar     Symbol(kCapture): false,
5632 silly tar     Symbol(flowing): false,
5632 silly tar     Symbol(paused): true,
5632 silly tar     Symbol(pipes): [],
5632 silly tar     Symbol(buffer): [
5632 silly tar       <Buffer 00 01 00 00 00 0d 00 80 00 03 00 50 46 46 54 4d 75 21 90 dc 00 00 64 a0 00 00 00 1c 4f 53 2f 32 50 06 5d ca 00 00 01 58 00 00 00 60 63 6d 61 70 f1 45 ... 1346 more bytes>,
5632 silly tar       <Buffer 5b 22 13 11 18 0c 0b 0a 02 0d 01 08 06 04 02 06 02 0d 01 06 12 34 2f 23 18 5b 02 02 02 20 35 46 70 57 4b 2d 04 07 06 08 02 04 a3 44 54 34 20 12 c7 2e ... 7455 more bytes>
5632 silly tar     ],
5632 silly tar     Symbol(objectMode): false,
5632 silly tar     Symbol(encoding): null,
5632 silly tar     Symbol(async): false,
5632 silly tar     Symbol(decoder): null,
5632 silly tar     Symbol(EOF): false,
5632 silly tar     Symbol(emittedEnd): false,
5632 silly tar     Symbol(emittingEnd): false,
5632 silly tar     Symbol(closed): false,
5632 silly tar     Symbol(emittedError): null,
5632 silly tar     Symbol(bufferLength): 8901,
5632 silly tar     Symbol(destroyed): false,
5632 silly tar     Symbol(signal): undefined,
5632 silly tar     Symbol(aborted): false,
5632 silly tar     Symbol(dataListeners): 0,
5632 silly tar     Symbol(discarded): false
5632 silly tar   },
5632 silly tar   cwd: '/Users/kedarbnikhil/Documents/Codex/2026-08-11/stage-1-of-4-foundation-i18n/outputs/ride-demo/node_modules/expo/node_modules/@expo/vector-icons',
5632 silly tar   tarCode: 'TAR_ENTRY_ERROR'
5632 silly tar }
5633 warn tar TAR_ENTRY_ERROR ENOENT: no such file or directory, lstat '/Users/kedarbnikhil/Documents/Codex/2026-08-11/stage-1-of-4-foundation-i18n/outputs/ride-demo/node_modules/expo/node_modules/@expo/vector-icons/.github'
5634 silly tar TAR_ENTRY_ERROR ENOENT: no such file or directory, lstat '/Users/kedarbnikhil/Documents/Codex/2026-08-11/stage-1-of-4-foundation-i18n/outputs/ride-demo/node_modules/expo/node_modules/@expo/vector-icons/.github' [Error: ENOENT: no such file or directory, lstat '/Users/kedarbnikhil/Documents/Codex/2026-08-11/stage-1-of-4-foundation-i18n/outputs/ride-demo/node_modules/expo/node_modules/@expo/vector-icons/.github'] {
5634 silly tar   errno: -2,
5634 silly tar   code: 'ENOENT',
5634 silly tar   syscall: 'lstat',
5634 silly tar   path: '/Users/kedarbnikhil/Documents/Codex/2026-08-11/stage-1-of-4-foundation-i18n/outputs/ride-demo/node_modules/expo/node_modules/@expo/vector-icons/.github',
5634 silly tar   entry: Is {
5634 silly tar     _events: [Object: null prototype] { end: [Function (anonymous)] },
5634 silly tar     _eventsCount: 1,
5634 silly tar     _maxListeners: undefined,
5634 silly tar     writable: false,
5634 silly tar     readable: true,
5634 silly tar     extended: undefined,
5634 silly tar     globalExtended: undefined,
5634 silly tar     header: Ls {
5634 silly tar       cksumValid: true,
5634 silly tar       needPax: false,
5634 silly tar       nullBlock: false,
5634 silly tar       block: undefined,
5634 silly tar       path: 'package/.github/workflows/ci.yml',
5634 silly tar       mode: 420,
5634 silly tar       uid: undefined,
5634 silly tar       gid: undefined,
5634 silly tar       size: 402,
5634 silly tar       cksum: 6139,
5634 silly tar       linkpath: '',
5634 silly tar       uname: '',
5634 silly tar       gname: '',
5634 silly tar       devmaj: 0,
5634 silly tar       devmin: 0,
5634 silly tar       atime: undefined,
5634 silly tar       ctime: undefined,
5634 silly tar       mtime: 1985-10-26T08:15:00.000Z,
5634 silly tar       charset: undefined,
5634 silly tar       comment: undefined
5634 silly tar     },
5634 silly tar     startBlockSize: 512,
5634 silly tar     blockRemain: 0,
5634 silly tar     remain: 0,
5634 silly tar     type: 'File',
5634 silly tar     meta: false,
5634 silly tar     ignore: false,
5634 silly tar     path: '.github/workflows/ci.yml',
5634 silly tar     mode: 438,
5634 silly tar     uid: undefined,
5634 silly tar     gid: undefined,
5634 silly tar     uname: '',
5634 silly tar     gname: '',
5634 silly tar     size: 402,
5634 silly tar     mtime: 1985-10-26T08:15:00.000Z,
5634 silly tar     atime: undefined,
5634 silly tar     ctime: undefined,
5634 silly tar     linkpath: undefined,
5634 silly tar     dev: undefined,
5634 silly tar     ino: undefined,
5634 silly tar     nlink: undefined,
5634 silly tar     invalid: false,
5634 silly tar     absolute: '/Users/kedarbnikhil/Documents/Codex/2026-08-11/stage-1-of-4-foundation-i18n/outputs/ride-demo/node_modules/expo/node_modules/@expo/vector-icons/.github/workflows/ci.yml',
5634 silly tar     unsupported: false,
5634 silly tar     Symbol(shapeMode): false,
5634 silly tar     Symbol(kCapture): false,
5634 silly tar     Symbol(flowing): false,
5634 silly tar     Symbol(paused): true,
5634 silly tar     Symbol(pipes): [],
5634 silly tar     Symbol(buffer): [
5634 silly tar       <Buffer 6e 61 6d 65 3a 20 43 49 0a 0a 6f 6e 3a 0a 20 20 70 75 73 68 3a 0a 20 20 20 20 62 72 61 6e 63 68 65 73 3a 0a 20 20 20 20 20 20 2d 20 6d 61 73 74 65 72 ... 352 more bytes>
5634 silly tar     ],
5634 silly tar     Symbol(objectMode): false,
5634 silly tar     Symbol(encoding): null,
5634 silly tar     Symbol(async): false,
5634 silly tar     Symbol(decoder): null,
5634 silly tar     Symbol(EOF): true,
5634 silly tar     Symbol(emittedEnd): false,
5634 silly tar     Symbol(emittingEnd): false,
5634 silly tar     Symbol(closed): false,
5634 silly tar     Symbol(emittedError): null,
5634 silly tar     Symbol(bufferLength): 402,
5634 silly tar     Symbol(destroyed): false,
5634 silly tar     Symbol(signal): undefined,
5634 silly tar     Symbol(aborted): false,
5634 silly tar     Symbol(dataListeners): 0,
5634 silly tar     Symbol(discarded): false
5634 silly tar   },
5634 silly tar   cwd: '/Users/kedarbnikhil/Documents/Codex/2026-08-11/stage-1-of-4-foundation-i18n/outputs/ride-demo/node_modules/expo/node_modules/@expo/vector-icons',
5634 silly tar   tarCode: 'TAR_ENTRY_ERROR'
5634 silly tar }
5635 warn tar TAR_ENTRY_ERROR ENOENT: no such file or directory, lstat '/Users/kedarbnikhil/Documents/Codex/2026-08-11/stage-1-of-4-foundation-i18n/outputs/ride-demo/node_modules/expo/node_modules/@expo/vector-icons/.github'
5636 silly tar TAR_ENTRY_ERROR ENOENT: no such file or directory, lstat '/Users/kedarbnikhil/Documents/Codex/2026-08-11/stage-1-of-4-foundation-i18n/outputs/ride-demo/node_modules/expo/node_modules/@expo/vector-icons/.github' [Error: ENOENT: no such file or directory, lstat '/Users/kedarbnikhil/Documents/Codex/2026-08-11/stage-1-of-4-foundation-i18n/outputs/ride-demo/node_modules/expo/node_modules/@expo/vector-icons/.github'] {
5636 silly tar   errno: -2,
5636 silly tar   code: 'ENOENT',
5636 silly tar   syscall: 'lstat',
5636 silly tar   path: '/Users/kedarbnikhil/Documents/Codex/2026-08-11/stage-1-of-4-foundation-i18n/outputs/ride-demo/node_modules/expo/node_modules/@expo/vector-icons/.github',
5636 silly tar   entry: Is {
5636 silly tar     _events: [Object: null prototype] { end: [Function (anonymous)] },
5636 silly tar     _eventsCount: 1,
5636 silly tar     _maxListeners: undefined,
5636 silly tar     writable: false,
5636 silly tar     readable: true,
5636 silly tar     extended: undefined,
5636 silly tar     globalExtended: undefined,
5636 silly tar     header: Ls {
5636 silly tar       cksumValid: true,
5636 silly tar       needPax: false,
5636 silly tar       nullBlock: false,
5636 silly tar       block: undefined,
5636 silly tar       path: 'package/.github/workflows/release.yml',
5636 silly tar       mode: 420,
5636 silly tar       uid: undefined,
5636 silly tar       gid: undefined,
5636 silly tar       size: 2110,
5636 silly tar       cksum: 6679,
5636 silly tar       linkpath: '',
5636 silly tar       uname: '',
5636 silly tar       gname: '',
5636 silly tar       devmaj: 0,
5636 silly tar       devmin: 0,
5636 silly tar       atime: undefined,
5636 silly tar       ctime: undefined,
5636 silly tar       mtime: 1985-10-26T08:15:00.000Z,
5636 silly tar       charset: undefined,
5636 silly tar       comment: undefined
5636 silly tar     },
5636 silly tar     startBlockSize: 2560,
5636 silly tar     blockRemain: 0,
5636 silly tar     remain: 0,
5636 silly tar     type: 'File',
5636 silly tar     meta: false,
5636 silly tar     ignore: false,
5636 silly tar     path: '.github/workflows/release.yml',
5636 silly tar     mode: 438,
5636 silly tar     uid: undefined,
5636 silly tar     gid: undefined,
5636 silly tar     uname: '',
5636 silly tar     gname: '',
5636 silly tar     size: 2110,
5636 silly tar     mtime: 1985-10-26T08:15:00.000Z,
5636 silly tar     atime: undefined,
5636 silly tar     ctime: undefined,
5636 silly tar     linkpath: undefined,
5636 silly tar     dev: undefined,
5636 silly tar     ino: undefined,
5636 silly tar     nlink: undefined,
5636 silly tar     invalid: false,
5636 silly tar     absolute: '/Users/kedarbnikhil/Documents/Codex/2026-08-11/stage-1-of-4-foundation-i18n/outputs/ride-demo/node_modules/expo/node_modules/@expo/vector-icons/.github/workflows/release.yml',
5636 silly tar     unsupported: false,
5636 silly tar     Symbol(shapeMode): false,
5636 silly tar     Symbol(kCapture): false,
5636 silly tar     Symbol(flowing): false,
5636 silly tar     Symbol(paused): true,
5636 silly tar     Symbol(pipes): [],
5636 silly tar     Symbol(buffer): [
5636 silly tar       <Buffer 23 20 61 64 61 70 74 65 64 20 66 72 6f 6d 20 68 74 74 70 73 3a 2f 2f 67 69 74 68 75 62 2e 63 6f 6d 2f 67 6f 6f 67 6c 65 61 70 69 73 2f 72 65 6c 65 61 ... 2060 more bytes>
5636 silly tar     ],
5636 silly tar     Symbol(objectMode): false,
5636 silly tar     Symbol(encoding): null,
5636 silly tar     Symbol(async): false,
5636 silly tar     Symbol(decoder): null,
5636 silly tar     Symbol(EOF): true,
5636 silly tar     Symbol(emittedEnd): false,
5636 silly tar     Symbol(emittingEnd): false,
5636 silly tar     Symbol(closed): false,
5636 silly tar     Symbol(emittedError): null,
5636 silly tar     Symbol(bufferLength): 2110,
5636 silly tar     Symbol(destroyed): false,
5636 silly tar     Symbol(signal): undefined,
5636 silly tar     Symbol(aborted): false,
5636 silly tar     Symbol(dataListeners): 0,
5636 silly tar     Symbol(discarded): false
5636 silly tar   },
5636 silly tar   cwd: '/Users/kedarbnikhil/Documents/Codex/2026-08-11/stage-1-of-4-foundation-i18n/outputs/ride-demo/node_modules/expo/node_modules/@expo/vector-icons',
5636 silly tar   tarCode: 'TAR_ENTRY_ERROR'
5636 silly tar }
5637 http fetch GET 200 https://registry.npmjs.org/@expo/vector-icons/-/vector-icons-15.1.1.tgz 50387ms (cache miss)
5638 http fetch GET 200 https://registry.npmjs.org/react-native 8400ms (cache miss)
5639 silly packumentCache corgi:https://registry.npmjs.org/react-native set size:undefined disposed:false
5640 silly packumentCache corgi:https://registry.npmjs.org/@expo%2fconfig cache-miss
5641 silly packumentCache corgi:https://registry.npmjs.org/@expo%2fprebuild-config cache-miss
5642 http cache https://registry.npmjs.org/@expo%2fprebuild-config 84ms (cache hit)
5643 silly packumentCache corgi:https://registry.npmjs.org/@expo%2fprebuild-config set size:414354 disposed:false
5644 http fetch GET 200 https://registry.npmjs.org/@expo%2fconfig 3814ms (cache miss)
5645 silly packumentCache corgi:https://registry.npmjs.org/@expo%2fconfig set size:undefined disposed:false
5646 silly packumentCache corgi:https://registry.npmjs.org/expo-font cache-miss
5647 silly packumentCache corgi:https://registry.npmjs.org/babel-preset-expo cache-miss
5648 silly packumentCache corgi:https://registry.npmjs.org/expo-asset cache-miss
5649 silly packumentCache corgi:https://registry.npmjs.org/expo-constants cache-miss
5650 silly packumentCache corgi:https://registry.npmjs.org/expo-file-system cache-miss
5651 silly packumentCache corgi:https://registry.npmjs.org/expo-keep-awake cache-miss
5652 http cache https://registry.npmjs.org/expo-font 95ms (cache hit)
5653 silly packumentCache corgi:https://registry.npmjs.org/expo-font set size:254955 disposed:false
5654 http cache https://registry.npmjs.org/babel-preset-expo 130ms (cache hit)
5655 silly packumentCache corgi:https://registry.npmjs.org/babel-preset-expo set size:617369 disposed:false
5656 http cache https://registry.npmjs.org/expo-asset 144ms (cache hit)
5657 silly packumentCache corgi:https://registry.npmjs.org/expo-asset set size:329518 disposed:false
5658 http cache https://registry.npmjs.org/expo-constants 163ms (cache hit)
5659 silly packumentCache corgi:https://registry.npmjs.org/expo-constants set size:312580 disposed:false
5660 http cache https://registry.npmjs.org/expo-keep-awake 180ms (cache hit)
5661 silly packumentCache corgi:https://registry.npmjs.org/expo-keep-awake set size:200520 disposed:false
5662 http fetch GET 200 https://registry.npmjs.org/expo-file-system 1424ms (cache miss)
5663 silly packumentCache corgi:https://registry.npmjs.org/expo-file-system set size:undefined disposed:false
5664 silly packumentCache corgi:https://registry.npmjs.org/@react-native-async-storage%2fasync-storage cache-miss
5665 silly packumentCache corgi:https://registry.npmjs.org/@react-navigation%2fnative cache-miss
5666 silly packumentCache corgi:https://registry.npmjs.org/@react-navigation%2fnative-stack cache-miss
5667 silly packumentCache corgi:https://registry.npmjs.org/react-native-screens cache-miss
5668 silly packumentCache corgi:https://registry.npmjs.org/react-native-safe-area-context cache-miss
5669 silly packumentCache corgi:https://registry.npmjs.org/expo-status-bar cache-miss
5670 silly packumentCache corgi:https://registry.npmjs.org/@react-navigation%2felements cache-miss
5671 silly packumentCache corgi:https://registry.npmjs.org/@expo%2fdevtools cache-miss
5672 silly packumentCache corgi:https://registry.npmjs.org/@expo%2fvector-icons cache-miss
5673 silly packumentCache corgi:https://registry.npmjs.org/expo-modules-core cache-miss
5674 silly packumentCache corgi:https://registry.npmjs.org/react-native-is-edge-to-edge cache-miss
5675 silly packumentCache corgi:https://registry.npmjs.org/@react-native%2fvirtualized-lists cache-miss
5676 http fetch GET 200 https://registry.npmjs.org/react-native-is-edge-to-edge 783ms (cache miss)
5677 silly packumentCache corgi:https://registry.npmjs.org/react-native-is-edge-to-edge set size:undefined disposed:false
5678 http fetch GET 200 https://registry.npmjs.org/@expo%2fdevtools 849ms (cache miss)
5679 silly packumentCache corgi:https://registry.npmjs.org/@expo%2fdevtools set size:undefined disposed:false
5680 http fetch GET 200 https://registry.npmjs.org/@react-native-async-storage%2fasync-storage 965ms (cache miss)
5681 silly packumentCache corgi:https://registry.npmjs.org/@react-native-async-storage%2fasync-storage set size:undefined disposed:false
5682 http fetch GET 200 https://registry.npmjs.org/react-native-safe-area-context 1038ms (cache miss)
5683 silly packumentCache corgi:https://registry.npmjs.org/react-native-safe-area-context set size:undefined disposed:false
5684 http fetch GET 200 https://registry.npmjs.org/expo-modules-core 1281ms (cache miss)
5685 silly packumentCache corgi:https://registry.npmjs.org/expo-modules-core set size:undefined disposed:false
5686 http fetch GET 200 https://registry.npmjs.org/@react-navigation%2fnative 1288ms (cache miss)
5687 silly packumentCache corgi:https://registry.npmjs.org/@react-navigation%2fnative set size:undefined disposed:false
5688 http fetch GET 200 https://registry.npmjs.org/@react-navigation%2fnative-stack 1404ms (cache miss)
5689 silly packumentCache corgi:https://registry.npmjs.org/@react-navigation%2fnative-stack set size:undefined disposed:false
5690 http fetch GET 200 https://registry.npmjs.org/expo-status-bar 1576ms (cache miss)
5691 silly packumentCache corgi:https://registry.npmjs.org/expo-status-bar set size:undefined disposed:false
5692 http fetch GET 200 https://registry.npmjs.org/@expo%2fvector-icons 1617ms (cache miss)
5693 silly packumentCache corgi:https://registry.npmjs.org/@expo%2fvector-icons set size:undefined disposed:false
5694 http fetch GET 200 https://registry.npmjs.org/@react-native%2fvirtualized-lists 1618ms (cache miss)
5695 silly packumentCache corgi:https://registry.npmjs.org/@react-native%2fvirtualized-lists set size:undefined disposed:false
5696 http fetch GET 200 https://registry.npmjs.org/@react-navigation%2felements 1781ms (cache miss)
5697 silly packumentCache corgi:https://registry.npmjs.org/@react-navigation%2felements set size:undefined disposed:false
5698 http fetch GET 200 https://registry.npmjs.org/react-native-screens 11496ms (cache miss)
5699 silly packumentCache corgi:https://registry.npmjs.org/react-native-screens set size:undefined disposed:false
5700 http fetch GET 200 https://registry.npmjs.org/react-native/-/react-native-0.81.5.tgz 80392ms (cache miss)
5701 info run fsevents@2.3.3 install node_modules/fsevents node-gyp rebuild
5702 info run fsevents@2.3.3 install { code: 'ENOENT', signal: undefined }
5703 verbose reify failed optional dependency /Users/kedarbnikhil/Documents/Codex/2026-08-11/stage-1-of-4-foundation-i18n/outputs/ride-demo/node_modules/fsevents
5704 silly reify mark deleted [
5704 silly reify   '/Users/kedarbnikhil/Documents/Codex/2026-08-11/stage-1-of-4-foundation-i18n/outputs/ride-demo/node_modules/fsevents'
5704 silly reify ]
5705 silly ADD node_modules/p-try
5706 silly ADD node_modules/unicode-property-aliases-ecmascript
5707 silly ADD node_modules/unicode-canonical-property-names-ecmascript
5708 silly ADD node_modules/unicode-match-property-value-ecmascript
5709 silly ADD node_modules/unicode-match-property-ecmascript
5710 silly ADD node_modules/regjsparser
5711 silly ADD node_modules/regjsgen
5712 silly ADD node_modules/regenerate-unicode-properties
5713 silly ADD node_modules/regenerate
5714 silly ADD node_modules/core-js-compat
5715 silly ADD node_modules/lodash.debounce
5716 silly ADD node_modules/@babel/helper-define-polyfill-provider
5717 silly ADD node_modules/regexpu-core
5718 silly ADD node_modules/@babel/helper-create-regexp-features-plugin
5719 silly ADD node_modules/@babel/helper-create-regexp-features-plugin/node_modules/semver
5720 silly ADD node_modules/@babel/helper-wrap-function
5721 silly ADD node_modules/@babel/helper-remap-async-to-generator
5722 silly ADD node_modules/@react-native/babel-plugin-codegen
5723 silly ADD node_modules/@babel/plugin-transform-unicode-regex
5724 silly ADD node_modules/@babel/plugin-transform-sticky-regex
5725 silly ADD node_modules/@babel/plugin-transform-spread
5726 silly ADD node_modules/@babel/plugin-transform-shorthand-properties
5727 silly ADD node_modules/@babel/plugin-transform-regenerator
5728 silly ADD node_modules/@babel/plugin-transform-react-jsx-source
5729 silly ADD node_modules/@babel/plugin-transform-react-jsx-self
5730 silly ADD node_modules/@babel/plugin-transform-optional-chaining
5731 silly ADD node_modules/@babel/plugin-transform-optional-catch-binding
5732 silly ADD node_modules/@babel/plugin-transform-numeric-separator
5733 silly ADD node_modules/@babel/plugin-transform-nullish-coalescing-operator
5734 silly ADD node_modules/@babel/plugin-transform-named-capturing-groups-regex
5735 silly ADD node_modules/@babel/plugin-transform-logical-assignment-operators
5736 silly ADD node_modules/@babel/plugin-transform-literals
5737 silly ADD node_modules/@babel/plugin-transform-function-name
5738 silly ADD node_modules/@babel/plugin-transform-for-of
5739 silly ADD node_modules/@babel/plugin-transform-computed-properties
5740 silly ADD node_modules/@babel/plugin-transform-classes
5741 silly ADD node_modules/@babel/plugin-transform-class-properties
5742 silly ADD node_modules/@babel/plugin-transform-block-scoping
5743 silly ADD node_modules/@babel/plugin-transform-async-to-generator
5744 silly ADD node_modules/@babel/plugin-transform-async-generator-functions
5745 silly ADD node_modules/@babel/plugin-transform-arrow-functions
5746 silly ADD node_modules/@babel/plugin-syntax-dynamic-import
5747 silly ADD node_modules/@babel/plugin-syntax-typescript
5748 silly ADD node_modules/@babel/plugin-transform-typescript
5749 silly ADD node_modules/@babel/plugin-syntax-jsx
5750 silly ADD node_modules/@babel/plugin-transform-react-pure-annotations
5751 silly ADD node_modules/@babel/plugin-transform-react-jsx-development
5752 silly ADD node_modules/@babel/plugin-transform-react-jsx
5753 silly ADD node_modules/@babel/plugin-transform-react-display-name
5754 silly ADD node_modules/babel-plugin-polyfill-regenerator
5755 silly ADD node_modules/babel-plugin-polyfill-corejs3
5756 silly ADD node_modules/babel-plugin-polyfill-corejs2
5757 silly ADD node_modules/babel-plugin-polyfill-corejs2/node_modules/semver
5758 silly ADD node_modules/@babel/plugin-transform-destructuring
5759 silly ADD node_modules/@babel/plugin-syntax-flow
5760 silly ADD node_modules/@babel/helper-skip-transparent-expression-wrappers
5761 silly ADD node_modules/@babel/helper-replace-supers
5762 silly ADD node_modules/@babel/helper-optimise-call-expression
5763 silly ADD node_modules/@babel/helper-member-expression-to-functions
5764 silly ADD node_modules/@babel/helper-annotate-as-pure
5765 silly ADD node_modules/@babel/plugin-syntax-decorators
5766 silly ADD node_modules/@babel/helper-create-class-features-plugin
5767 silly ADD node_modules/@babel/helper-create-class-features-plugin/node_modules/semver
5768 silly ADD node_modules/babel-plugin-transform-flow-enums
5769 silly ADD node_modules/babel-plugin-react-native-web
5770 silly ADD node_modules/babel-plugin-react-compiler
5771 silly ADD node_modules/@react-native/babel-preset
5772 silly ADD node_modules/@babel/preset-typescript
5773 silly ADD node_modules/@babel/preset-react
5774 silly ADD node_modules/@babel/plugin-transform-runtime
5775 silly ADD node_modules/@babel/plugin-transform-runtime/node_modules/semver
5776 silly ADD node_modules/@babel/plugin-transform-private-property-in-object
5777 silly ADD node_modules/@babel/plugin-transform-private-methods
5778 silly ADD node_modules/@babel/plugin-transform-parameters
5779 silly ADD node_modules/@babel/plugin-transform-object-rest-spread
5780 silly ADD node_modules/@babel/plugin-transform-flow-strip-types
5781 silly ADD node_modules/@babel/plugin-transform-export-namespace-from
5782 silly ADD node_modules/@babel/plugin-transform-class-static-block
5783 silly ADD node_modules/@babel/plugin-syntax-export-default-from
5784 silly ADD node_modules/@babel/plugin-proposal-export-default-from
5785 silly ADD node_modules/@babel/plugin-proposal-decorators
5786 silly ADD node_modules/source-map-js
5787 silly ADD node_modules/lightningcss-darwin-arm64
5788 silly ADD node_modules/detect-libc
5789 silly ADD node_modules/postcss
5790 silly ADD node_modules/lightningcss
5791 silly ADD node_modules/define-lazy-prop
5792 silly ADD node_modules/clone
5793 silly ADD node_modules/defaults
5794 silly ADD node_modules/supports-hyperlinks
5795 silly ADD node_modules/supports-hyperlinks/node_modules/supports-color
5796 silly ADD node_modules/supports-hyperlinks/node_modules/has-flag
5797 silly ADD node_modules/ansi-escapes
5798 silly ADD node_modules/ansi-escapes/node_modules/type-fest
5799 silly ADD node_modules/minizlib
5800 silly ADD node_modules/chownr
5801 silly ADD node_modules/@isaacs/fs-minipass
5802 silly ADD node_modules/mimic-fn
5803 silly ADD node_modules/onetime
5804 silly ADD node_modules/function-bind
5805 silly ADD node_modules/hasown
5806 silly ADD node_modules/supports-preserve-symlinks-flag
5807 silly ADD node_modules/path-parse
5808 silly ADD node_modules/is-core-module
5809 silly ADD node_modules/es-errors
5810 silly ADD node_modules/strip-json-comments
5811 silly ADD node_modules/minimist
5812 silly ADD node_modules/ini
5813 silly ADD node_modules/deep-extend
5814 silly ADD node_modules/rc
5815 silly ADD node_modules/nested-error-stacks
5816 silly ADD node_modules/sisteransi
5817 silly ADD node_modules/kleur
5818 silly ADD node_modules/pngjs
5819 silly ADD node_modules/restore-cursor
5820 silly ADD node_modules/wcwidth
5821 silly ADD node_modules/log-symbols
5822 silly ADD node_modules/cli-spinners
5823 silly ADD node_modules/cli-cursor
5824 silly ADD node_modules/validate-npm-package-name
5825 silly ADD node_modules/proc-log
5826 silly ADD node_modules/hosted-git-info
5827 silly ADD node_modules/hosted-git-info/node_modules/lru-cache
5828 silly ADD node_modules/vary
5829 silly ADD node_modules/safe-buffer
5830 silly ADD node_modules/on-headers
5831 silly ADD node_modules/compressible
5832 silly ADD node_modules/bytes
5833 silly ADD node_modules/wonka
5834 silly ADD node_modules/@babel/plugin-transform-modules-commonjs
5835 silly ADD node_modules/parse-png
5836 silly ADD node_modules/jimp-compact
5837 silly ADD node_modules/@expo/require-utils
5838 silly ADD node_modules/@expo/require-utils/node_modules/@babel/code-frame
5839 silly ADD node_modules/dotenv-expand
5840 silly ADD node_modules/dotenv
5841 silly ADD node_modules/@expo/sudo-prompt
5842 silly ADD node_modules/undici
5843 silly ADD node_modules/terminal-link
5844 silly ADD node_modules/tar
5845 silly ADD node_modules/tar/node_modules/yallist
5846 silly ADD node_modules/structured-headers
5847 silly ADD node_modules/resolve.exports
5848 silly ADD node_modules/resolve
5849 silly ADD node_modules/requireg
5850 silly ADD node_modules/requireg/node_modules/resolve
5851 silly ADD node_modules/qrcode-terminal
5852 silly ADD node_modules/prompts
5853 silly ADD node_modules/progress
5854 silly ADD node_modules/pretty-bytes
5855 silly ADD node_modules/ora
5856 silly ADD node_modules/ora/node_modules/ansi-regex
5857 silly ADD node_modules/ora/node_modules/strip-ansi
5858 silly ADD node_modules/npm-package-arg
5859 silly ADD node_modules/node-forge
5860 silly ADD node_modules/lan-network
5861 silly ADD node_modules/freeport-async
5862 silly ADD node_modules/expo-server
5863 silly ADD node_modules/env-editor
5864 silly ADD node_modules/compression
5865 silly ADD node_modules/compression/node_modules/ms
5866 silly ADD node_modules/compression/node_modules/negotiator
5867 silly ADD node_modules/compression/node_modules/debug
5868 silly ADD node_modules/better-opn
5869 silly ADD node_modules/better-opn/node_modules/open
5870 silly ADD node_modules/@urql/exchange-retry
5871 silly ADD node_modules/@urql/core
5872 silly ADD node_modules/@expo/xcpretty
5873 silly ADD node_modules/@expo/xcpretty/node_modules/has-flag
5874 silly ADD node_modules/@expo/xcpretty/node_modules/argparse
5875 silly ADD node_modules/@expo/xcpretty/node_modules/supports-color
5876 silly ADD node_modules/@expo/xcpretty/node_modules/ansi-styles
5877 silly ADD node_modules/@expo/xcpretty/node_modules/js-yaml
5878 silly ADD node_modules/@expo/xcpretty/node_modules/chalk
5879 silly ADD node_modules/@expo/xcpretty/node_modules/@babel/code-frame
5880 silly ADD node_modules/@expo/ws-tunnel
5881 silly ADD node_modules/@expo/schema-utils
5882 silly ADD node_modules/@expo/package-manager
5883 silly ADD node_modules/@expo/package-manager/node_modules/has-flag
5884 silly ADD node_modules/@expo/package-manager/node_modules/supports-color
5885 silly ADD node_modules/@expo/package-manager/node_modules/ansi-styles
5886 silly ADD node_modules/@expo/package-manager/node_modules/@babel/code-frame
5887 silly ADD node_modules/@expo/package-manager/node_modules/chalk
5888 silly ADD node_modules/@expo/package-manager/node_modules/@expo/json-file
5889 silly ADD node_modules/@expo/osascript
5890 silly ADD node_modules/@expo/image-utils
5891 silly ADD node_modules/@expo/image-utils/node_modules/has-flag
5892 silly ADD node_modules/@expo/image-utils/node_modules/supports-color
5893 silly ADD node_modules/@expo/image-utils/node_modules/ansi-styles
5894 silly ADD node_modules/@expo/image-utils/node_modules/chalk
5895 silly ADD node_modules/@expo/env
5896 silly ADD node_modules/@expo/env/node_modules/has-flag
5897 silly ADD node_modules/@expo/env/node_modules/supports-color
5898 silly ADD node_modules/@expo/env/node_modules/ansi-styles
5899 silly ADD node_modules/@expo/env/node_modules/chalk
5900 silly ADD node_modules/@expo/devcert
5901 silly ADD node_modules/@expo/devcert/node_modules/debug
5902 silly ADD node_modules/@expo/code-signing-certificates
5903 silly ADD node_modules/@0no-co/graphql.web
5904 silly ADD node_modules/async-limiter
5905 silly ADD node_modules/concat-map
5906 silly ADD node_modules/wrappy
5907 silly ADD node_modules/path-is-absolute
5908 silly ADD node_modules/once
5909 silly ADD node_modules/inflight
5910 silly ADD node_modules/fs.realpath
5911 silly ADD node_modules/is-fullwidth-code-point
5912 silly ADD node_modules/emoji-regex
5913 silly ADD node_modules/wrap-ansi
5914 silly ADD node_modules/wrap-ansi/node_modules/ansi-styles
5915 silly ADD node_modules/strip-ansi
5916 silly ADD node_modules/yargs-parser
5917 silly ADD node_modules/y18n
5918 silly ADD node_modules/string-width
5919 silly ADD node_modules/require-directory
5920 silly ADD node_modules/get-caller-file
5921 silly ADD node_modules/cliui
5922 silly ADD node_modules/sax
5923 silly ADD node_modules/big-integer
5924 silly ADD node_modules/stream-buffers
5925 silly ADD node_modules/plist
5926 silly ADD node_modules/plist/node_modules/@xmldom/xmldom
5927 silly ADD node_modules/bplist-parser
5928 silly ADD node_modules/bplist-creator
5929 silly ADD node_modules/uuid
5930 silly ADD node_modules/simple-plist
5931 silly ADD node_modules/signal-exit
5932 silly ADD node_modules/imurmurhash
5933 silly ADD node_modules/isexe
5934 silly ADD node_modules/ieee754
5935 silly ADD node_modules/webidl-conversions
5936 silly ADD node_modules/punycode
5937 silly ADD node_modules/buffer
5938 silly ADD node_modules/tmpl
5939 silly ADD node_modules/makeerror
5940 silly ADD node_modules/escalade
5941 silly ADD node_modules/is-number
5942 silly ADD node_modules/thenify
5943 silly ADD node_modules/buffer-from
5944 silly ADD node_modules/source-map-support
5945 silly ADD node_modules/source-map-support/node_modules/source-map
5946 silly ADD node_modules/acorn
5947 silly ADD node_modules/@jridgewell/source-map
5948 silly ADD node_modules/has-flag
5949 silly ADD node_modules/thenify-all
5950 silly ADD node_modules/object-assign
5951 silly ADD node_modules/any-promise
5952 silly ADD node_modules/ts-interface-checker
5953 silly ADD node_modules/tinyglobby
5954 silly ADD node_modules/tinyglobby/node_modules/picomatch
5955 silly ADD node_modules/tinyglobby/node_modules/fdir
5956 silly ADD node_modules/mz
5957 silly ADD node_modules/lines-and-columns
5958 silly ADD node_modules/type-fest
5959 silly ADD node_modules/is-arrayish
5960 silly ADD node_modules/shebang-regex
5961 silly ADD node_modules/toidentifier
5962 silly ADD node_modules/setprototypeof
5963 silly ADD node_modules/range-parser
5964 silly ADD node_modules/mime
5965 silly ADD node_modules/http-errors
5966 silly ADD node_modules/http-errors/node_modules/statuses
5967 silly ADD node_modules/fresh
5968 silly ADD node_modules/etag
5969 silly ADD node_modules/destroy
5970 silly ADD node_modules/depd
5971 silly ADD node_modules/send
5972 silly ADD node_modules/send/node_modules/statuses
5973 silly ADD node_modules/send/node_modules/on-finished
5974 silly ADD node_modules/send/node_modules/encodeurl
5975 silly ADD node_modules/send/node_modules/debug
5976 silly ADD node_modules/send/node_modules/debug/node_modules/ms
5977 silly ADD node_modules/react-freeze
5978 silly ADD node_modules/shell-quote
5979 silly ADD node_modules/asap
5980 silly ADD node_modules/p-locate
5981 silly ADD node_modules/p-locate/node_modules/p-limit
5982 silly ADD node_modules/marky
5983 silly ADD node_modules/sprintf-js
5984 silly ADD node_modules/esprima
5985 silly ADD node_modules/argparse
5986 silly ADD node_modules/stack-utils
5987 silly ADD node_modules/stack-utils/node_modules/escape-string-regexp
5988 silly ADD node_modules/@types/stack-utils
5989 silly ADD node_modules/normalize-path
5990 silly ADD
5991 silly ADD node_modules/anymatch
5992 silly ADD node_modules/@types/graceful-fs
5993 silly ADD node_modules/type-detect
5994 silly ADD node_modules/@sinonjs/commons
5995 silly ADD node_modules/jest-message-util
5996 silly ADD node_modules/jest-message-util/node_modules/has-flag
5997 silly ADD node_modules/jest-message-util/node_modules/supports-color
5998 silly ADD node_modules/jest-message-util/node_modules/ansi-styles
5999 silly ADD node_modules/jest-message-util/node_modules/chalk
6000 silly ADD node_modules/jest-message-util/node_modules/@babel/code-frame
6001 silly ADD node_modules/@sinonjs/fake-timers
6002 silly ADD node_modules/jest-mock
6003 silly ADD node_modules/@jest/fake-timers
6004 silly ADD node_modules/@jest/environment
6005 silly ADD node_modules/istanbul-lib-coverage
6006 silly ADD node_modules/is-docker
6007 silly ADD node_modules/path-exists
6008 silly ADD node_modules/locate-path
6009 silly ADD node_modules/rimraf
6010 silly ADD node_modules/rimraf/node_modules/balanced-match
6011 silly ADD node_modules/rimraf/node_modules/brace-expansion
6012 silly ADD node_modules/rimraf/node_modules/minimatch
6013 silly ADD node_modules/rimraf/node_modules/glob
6014 silly ADD node_modules/mkdirp
6015 silly ADD node_modules/lighthouse-logger
6016 silly ADD node_modules/lighthouse-logger/node_modules/ms
6017 silly ADD node_modules/lighthouse-logger/node_modules/debug
6018 silly ADD node_modules/is-wsl
6019 silly ADD node_modules/@babel/plugin-syntax-top-level-await
6020 silly ADD node_modules/@babel/plugin-syntax-private-property-in-object
6021 silly ADD node_modules/@babel/plugin-syntax-optional-chaining
6022 silly ADD node_modules/@babel/plugin-syntax-optional-catch-binding
6023 silly ADD node_modules/@babel/plugin-syntax-object-rest-spread
6024 silly ADD node_modules/@babel/plugin-syntax-numeric-separator
6025 silly ADD node_modules/@babel/plugin-syntax-nullish-coalescing-operator
6026 silly ADD node_modules/@babel/plugin-syntax-logical-assignment-operators
6027 silly ADD node_modules/@babel/plugin-syntax-json-strings
6028 silly ADD node_modules/@babel/plugin-syntax-import-meta
6029 silly ADD node_modules/@babel/plugin-syntax-import-attributes
6030 silly ADD node_modules/@babel/plugin-syntax-class-static-block
6031 silly ADD node_modules/@babel/plugin-syntax-class-properties
6032 silly ADD node_modules/@babel/plugin-syntax-bigint
6033 silly ADD node_modules/@babel/plugin-syntax-async-generators
6034 silly ADD node_modules/babel-preset-current-node-syntax
6035 silly ADD node_modules/babel-plugin-jest-hoist
6036 silly ADD node_modules/js-yaml
6037 silly ADD node_modules/get-package-type
6038 silly ADD node_modules/find-up
6039 silly ADD node_modules/test-exclude
6040 silly ADD node_modules/test-exclude/node_modules/balanced-match
6041 silly ADD node_modules/test-exclude/node_modules/brace-expansion
6042 silly ADD node_modules/test-exclude/node_modules/minimatch
6043 silly ADD node_modules/test-exclude/node_modules/glob
6044 silly ADD node_modules/istanbul-lib-instrument
6045 silly ADD node_modules/istanbul-lib-instrument/node_modules/semver
6046 silly ADD node_modules/@istanbuljs/schema
6047 silly ADD node_modules/@istanbuljs/load-nyc-config
6048 silly ADD node_modules/@istanbuljs/load-nyc-config/node_modules/camelcase
6049 silly ADD node_modules/@babel/helper-plugin-utils
6050 silly ADD node_modules/@types/babel__traverse
6051 silly ADD node_modules/@types/babel__template
6052 silly ADD node_modules/@types/babel__generator
6053 silly ADD node_modules/write-file-atomic
6054 silly ADD node_modules/pirates
6055 silly ADD node_modules/jest-regex-util
6056 silly ADD node_modules/jest-haste-map
6057 silly ADD node_modules/fast-json-stable-stringify
6058 silly ADD node_modules/babel-preset-jest
6059 silly ADD node_modules/babel-plugin-istanbul
6060 silly ADD node_modules/@types/babel__core
6061 silly ADD node_modules/@jest/transform
6062 silly ADD node_modules/@jest/transform/node_modules/has-flag
6063 silly ADD node_modules/@jest/transform/node_modules/supports-color
6064 silly ADD node_modules/@jest/transform/node_modules/ansi-styles
6065 silly ADD node_modules/@jest/transform/node_modules/chalk
6066 silly ADD node_modules/event-target-shim
6067 silly ADD node_modules/serve-static
6068 silly ADD node_modules/serve-static/node_modules/encodeurl
6069 silly ADD node_modules/open
6070 silly ADD node_modules/chromium-edge-launcher
6071 silly ADD node_modules/chrome-launcher
6072 silly ADD node_modules/@react-native/debugger-frontend
6073 silly ADD node_modules/@isaacs/ttlcache
6074 silly ADD node_modules/@react-native/dev-middleware
6075 silly ADD node_modules/@react-native/dev-middleware/node_modules/ws
6076 silly ADD node_modules/whatwg-fetch
6077 silly ADD node_modules/stacktrace-parser
6078 silly ADD node_modules/scheduler
6079 silly ADD node_modules/regenerator-runtime
6080 silly ADD node_modules/react-devtools-core
6081 silly ADD node_modules/promise
6082 silly ADD node_modules/memoize-one
6083 silly ADD node_modules/jest-environment-node
6084 silly ADD node_modules/babel-plugin-syntax-hermes-parser
6085 silly ADD node_modules/babel-plugin-syntax-hermes-parser/node_modules/hermes-estree
6086 silly ADD node_modules/babel-plugin-syntax-hermes-parser/node_modules/hermes-parser
6087 silly ADD node_modules/babel-jest
6088 silly ADD node_modules/babel-jest/node_modules/has-flag
6089 silly ADD node_modules/babel-jest/node_modules/supports-color
6090 silly ADD node_modules/babel-jest/node_modules/ansi-styles
6091 silly ADD node_modules/babel-jest/node_modules/chalk
6092 silly ADD node_modules/ansi-regex
6093 silly ADD node_modules/anser
6094 silly ADD node_modules/abort-controller
6095 silly ADD node_modules/@react-native/normalize-colors
6096 silly ADD node_modules/@react-native/js-polyfills
6097 silly ADD node_modules/@react-native/gradle-plugin
6098 silly ADD node_modules/@react-native/community-cli-plugin
6099 silly ADD node_modules/@react-native/codegen
6100 silly ADD node_modules/@react-native/codegen/node_modules/balanced-match
6101 silly ADD node_modules/@react-native/codegen/node_modules/brace-expansion
6102 silly ADD node_modules/@react-native/codegen/node_modules/hermes-estree
6103 silly ADD node_modules/@react-native/codegen/node_modules/minimatch
6104 silly ADD node_modules/@react-native/codegen/node_modules/hermes-parser
6105 silly ADD node_modules/@react-native/codegen/node_modules/glob
6106 silly ADD node_modules/@react-native/assets-registry
6107 silly ADD node_modules/@jest/create-cache-key-function
6108 silly ADD node_modules/void-elements
6109 silly ADD node_modules/html-parse-stringify
6110 silly ADD node_modules/inherits
6111 silly ADD node_modules/strict-uri-encode
6112 silly ADD node_modules/split-on-first
6113 silly ADD node_modules/filter-obj
6114 silly ADD node_modules/decode-uri-component
6115 silly ADD node_modules/yocto-queue
6116 silly ADD node_modules/ee-first
6117 silly ADD node_modules/balanced-match
6118 silly ADD node_modules/brace-expansion
6119 silly ADD node_modules/mime-db
6120 silly ADD node_modules/to-regex-range
6121 silly ADD node_modules/fill-range
6122 silly ADD node_modules/braces
6123 silly ADD node_modules/vlq
6124 silly ADD node_modules/ob1
6125 silly ADD node_modules/@babel/traverse--for-generate-function-map
6126 silly ADD node_modules/@babel/traverse--for-generate-function-map/node_modules/@babel/code-frame
6127 silly ADD node_modules/terser
6128 silly ADD node_modules/terser/node_modules/commander
6129 silly ADD node_modules/node-int64
6130 silly ADD node_modules/bser
6131 silly ADD node_modules/walker
6132 silly ADD node_modules/micromatch
6133 silly ADD node_modules/fb-watchman
6134 silly ADD node_modules/leven
6135 silly ADD node_modules/jest-get-type
6136 silly ADD node_modules/camelcase
6137 silly ADD node_modules/yaml
6138 silly ADD node_modules/jest-validate
6139 silly ADD node_modules/jest-validate/node_modules/has-flag
6140 silly ADD node_modules/jest-validate/node_modules/supports-color
6141 silly ADD node_modules/jest-validate/node_modules/ansi-styles
6142 silly ADD node_modules/jest-validate/node_modules/chalk
6143 silly ADD node_modules/agent-base
6144 silly ADD node_modules/https-proxy-agent
6145 silly ADD node_modules/exponential-backoff
6146 silly ADD node_modules/yallist
6147 silly ADD node_modules/@types/yargs-parser
6148 silly ADD node_modules/@types/istanbul-lib-report
6149 silly ADD node_modules/@sinclair/typebox
6150 silly ADD node_modules/@types/yargs
6151 silly ADD node_modules/@types/istanbul-reports
6152 silly ADD node_modules/@types/istanbul-lib-coverage
6153 silly ADD node_modules/@jest/schemas
6154 silly ADD node_modules/picomatch
6155 silly ADD node_modules/@jest/types
6156 silly ADD node_modules/@jest/types/node_modules/has-flag
6157 silly ADD node_modules/@jest/types/node_modules/supports-color
6158 silly ADD node_modules/@jest/types/node_modules/ansi-styles
6159 silly ADD node_modules/@jest/types/node_modules/chalk
6160 silly ADD node_modules/undici-types
6161 silly ADD node_modules/merge-stream
6162 silly ADD node_modules/jest-util
6163 silly ADD node_modules/jest-util/node_modules/has-flag
6164 silly ADD node_modules/jest-util/node_modules/supports-color
6165 silly ADD node_modules/jest-util/node_modules/ansi-styles
6166 silly ADD node_modules/jest-util/node_modules/ci-info
6167 silly ADD node_modules/jest-util/node_modules/chalk
6168 silly ADD node_modules/@types/node
6169 silly ADD node_modules/queue
6170 silly ADD node_modules/hermes-estree
6171 silly ADD node_modules/unpipe
6172 silly ADD node_modules/statuses
6173 silly ADD node_modules/on-finished
6174 silly ADD node_modules/escape-html
6175 silly ADD node_modules/encodeurl
6176 silly ADD node_modules/stackframe
6177 silly ADD node_modules/utils-merge
6178 silly ADD node_modules/parseurl
6179 silly ADD node_modules/finalhandler
6180 silly ADD node_modules/finalhandler/node_modules/ms
6181 silly ADD node_modules/finalhandler/node_modules/debug
6182 silly ADD node_modules/update-browserslist-db
6183 silly ADD node_modules/node-releases
6184 silly ADD node_modules/electron-to-chromium
6185 silly ADD node_modules/caniuse-lite
6186 silly ADD node_modules/baseline-browser-mapping
6187 silly ADD node_modules/negotiator
6188 silly ADD node_modules/@jridgewell/resolve-uri
6189 silly ADD node_modules/@jridgewell/sourcemap-codec
6190 silly ADD node_modules/@babel/helper-string-parser
6191 silly ADD node_modules/@babel/helper-globals
6192 silly ADD node_modules/@babel/helper-module-imports
6193 silly ADD node_modules/lru-cache
6194 silly ADD node_modules/browserslist
6195 silly ADD node_modules/@babel/helper-validator-option
6196 silly ADD node_modules/@babel/compat-data
6197 silly ADD node_modules/jsesc
6198 silly ADD node_modules/@jridgewell/trace-mapping
6199 silly ADD node_modules/@jridgewell/gen-mapping
6200 silly ADD node_modules/gensync
6201 silly ADD node_modules/convert-source-map
6202 silly ADD node_modules/@jridgewell/remapping
6203 silly ADD node_modules/@babel/helpers
6204 silly ADD node_modules/@babel/helper-module-transforms
6205 silly ADD node_modules/@babel/helper-compilation-targets
6206 silly ADD node_modules/@babel/helper-compilation-targets/node_modules/semver
6207 silly ADD node_modules/yargs
6208 silly ADD node_modules/ws
6209 silly ADD node_modules/throat
6210 silly ADD node_modules/source-map
6211 silly ADD node_modules/serialize-error
6212 silly ADD node_modules/nullthrows
6213 silly ADD node_modules/mime-types
6214 silly ADD node_modules/lodash.throttle
6215 silly ADD node_modules/jsc-safe-url
6216 silly ADD node_modules/jest-worker
6217 silly ADD node_modules/jest-worker/node_modules/has-flag
6218 silly ADD node_modules/jest-worker/node_modules/supports-color
6219 silly ADD node_modules/image-size
6220 silly ADD node_modules/hermes-parser
6221 silly ADD node_modules/graceful-fs
6222 silly ADD node_modules/flow-enums-runtime
6223 silly ADD node_modules/error-stack-parser
6224 silly ADD node_modules/connect
6225 silly ADD node_modules/connect/node_modules/ms
6226 silly ADD node_modules/connect/node_modules/debug
6227 silly ADD node_modules/ci-info
6228 silly ADD node_modules/accepts
6229 silly ADD node_modules/@babel/types
6230 silly ADD node_modules/@babel/traverse
6231 silly ADD node_modules/@babel/traverse/node_modules/@babel/code-frame
6232 silly ADD node_modules/@babel/template
6233 silly ADD node_modules/@babel/template/node_modules/@babel/code-frame
6234 silly ADD node_modules/@babel/parser
6235 silly ADD node_modules/@babel/generator
6236 silly ADD node_modules/@babel/core
6237 silly ADD node_modules/@babel/core/node_modules/semver
6238 silly ADD node_modules/@babel/core/node_modules/@babel/code-frame
6239 silly ADD node_modules/is-plain-obj
6240 silly ADD node_modules/loose-envify
6241 silly ADD node_modules/path-scurry
6242 silly ADD node_modules/path-scurry/node_modules/lru-cache
6243 silly ADD node_modules/minipass
6244 silly ADD node_modules/react-native-is-edge-to-edge
6245 silly ADD node_modules/invariant
6246 silly ADD node_modules/commander
6247 silly ADD node_modules/fontfaceobserver
6248 silly ADD node_modules/ms
6249 silly ADD node_modules/which
6250 silly ADD node_modules/shebang-command
6251 silly ADD node_modules/path-key
6252 silly ADD node_modules/supports-color
6253 silly ADD node_modules/ansi-styles
6254 silly ADD node_modules/ansi-styles/node_modules/color-name
6255 silly ADD node_modules/ansi-styles/node_modules/color-convert
6256 silly ADD node_modules/cross-spawn
6257 silly ADD node_modules/xmlbuilder
6258 silly ADD node_modules/base64-js
6259 silly ADD node_modules/@xmldom/xmldom
6260 silly ADD node_modules/metro-transform-worker
6261 silly ADD node_modules/metro-transform-plugins
6262 silly ADD node_modules/metro-symbolicate
6263 silly ADD node_modules/metro-source-map
6264 silly ADD node_modules/metro-runtime
6265 silly ADD node_modules/metro-resolver
6266 silly ADD node_modules/metro-minify-terser
6267 silly ADD node_modules/metro-file-map
6268 silly ADD node_modules/metro-core
6269 silly ADD node_modules/metro-config
6270 silly ADD node_modules/metro-cache-key
6271 silly ADD node_modules/metro-cache
6272 silly ADD node_modules/metro-babel-transformer
6273 silly ADD node_modules/metro
6274 silly ADD node_modules/metro/node_modules/has-flag
6275 silly ADD node_modules/metro/node_modules/supports-color
6276 silly ADD node_modules/metro/node_modules/ansi-styles
6277 silly ADD node_modules/metro/node_modules/chalk
6278 silly ADD node_modules/metro/node_modules/@babel/code-frame
6279 silly ADD node_modules/json5
6280 silly ADD node_modules/p-limit
6281 silly ADD node_modules/minimatch
6282 silly ADD node_modules/ignore
6283 silly ADD node_modules/arg
6284 silly ADD node_modules/@expo/spawn-async
6285 silly ADD node_modules/xml2js
6286 silly ADD node_modules/xml2js/node_modules/xmlbuilder
6287 silly ADD node_modules/xcode
6288 silly ADD node_modules/slash
6289 silly ADD node_modules/debug
6290 silly ADD node_modules/@expo/sdk-runtime-versions
6291 silly ADD node_modules/@expo/plist
6292 silly ADD node_modules/picocolors
6293 silly ADD node_modules/js-tokens
6294 silly ADD node_modules/chalk
6295 silly ADD node_modules/chalk/node_modules/escape-string-regexp
6296 silly ADD node_modules/@babel/helper-validator-identifier
6297 silly ADD node_modules/@babel/highlight
6298 silly ADD node_modules/sucrase
6299 silly ADD node_modules/sucrase/node_modules/commander
6300 silly ADD node_modules/slugify
6301 silly ADD node_modules/semver
6302 silly ADD node_modules/resolve-workspace-root
6303 silly ADD node_modules/resolve-from
6304 silly ADD node_modules/require-from-string
6305 silly ADD node_modules/glob
6306 silly ADD node_modules/getenv
6307 silly ADD node_modules/deepmerge
6308 silly ADD node_modules/@expo/json-file
6309 silly ADD node_modules/@expo/json-file/node_modules/@babel/code-frame
6310 silly ADD node_modules/@expo/config-types
6311 silly ADD node_modules/@babel/code-frame
6312 silly ADD node_modules/whatwg-url-without-unicode
6313 silly ADD node_modules/pretty-format
6314 silly ADD node_modules/pretty-format/node_modules/react-is
6315 silly ADD node_modules/pretty-format/node_modules/ansi-styles
6316 silly ADD node_modules/expo-modules-core
6317 silly ADD node_modules/expo-modules-autolinking
6318 silly ADD node_modules/expo-modules-autolinking/node_modules/has-flag
6319 silly ADD node_modules/expo-modules-autolinking/node_modules/supports-color
6320 silly ADD node_modules/expo-modules-autolinking/node_modules/ansi-styles
6321 silly ADD node_modules/expo-modules-autolinking/node_modules/chalk
6322 silly ADD node_modules/react-refresh
6323 silly ADD node_modules/@ungap/structured-clone
6324 silly ADD node_modules/@expo/metro
6325 silly ADD node_modules/@expo/fingerprint
6326 silly ADD node_modules/@expo/fingerprint/node_modules/has-flag
6327 silly ADD node_modules/@expo/fingerprint/node_modules/supports-color
6328 silly ADD node_modules/@expo/fingerprint/node_modules/ansi-styles
6329 silly ADD node_modules/@expo/fingerprint/node_modules/chalk
6330 silly ADD node_modules/@expo/devtools
6331 silly ADD node_modules/@expo/devtools/node_modules/has-flag
6332 silly ADD node_modules/@expo/devtools/node_modules/supports-color
6333 silly ADD node_modules/@expo/devtools/node_modules/ansi-styles
6334 silly ADD node_modules/@expo/devtools/node_modules/chalk
6335 silly ADD node_modules/@expo/config-plugins
6336 silly ADD node_modules/@expo/config-plugins/node_modules/has-flag
6337 silly ADD node_modules/@expo/config-plugins/node_modules/supports-color
6338 silly ADD node_modules/@expo/config-plugins/node_modules/ansi-styles
6339 silly ADD node_modules/@expo/config-plugins/node_modules/chalk
6340 silly ADD node_modules/@expo/config-plugins/node_modules/@expo/json-file
6341 silly ADD node_modules/@expo/config
6342 silly ADD node_modules/@babel/runtime
6343 silly ADD node_modules/simple-swizzle
6344 silly ADD node_modules/color-name
6345 silly ADD node_modules/color-string
6346 silly ADD node_modules/color-convert
6347 silly ADD node_modules/csstype
6348 silly ADD node_modules/warn-once
6349 silly ADD node_modules/sf-symbols-typescript
6350 silly ADD node_modules/color
6351 silly ADD node_modules/@react-navigation/elements
6352 silly ADD node_modules/use-sync-external-store
6353 silly ADD node_modules/react-is
6354 silly ADD node_modules/query-string
6355 silly ADD node_modules/@react-navigation/routers
6356 silly ADD node_modules/use-latest-callback
6357 silly ADD node_modules/standard-navigation
6358 silly ADD node_modules/nanoid
6359 silly ADD node_modules/fast-deep-equal
6360 silly ADD node_modules/escape-string-regexp
6361 silly ADD node_modules/@react-navigation/core
6362 silly ADD node_modules/merge-options
6363 silly ADD node_modules/typescript
6364 silly ADD node_modules/react-i18next
6365 silly ADD node_modules/i18next
6366 silly ADD node_modules/expo-status-bar
6367 silly ADD node_modules/expo-font
6368 silly ADD node_modules/expo
6369 silly ADD node_modules/expo/node_modules/has-flag
6370 silly ADD node_modules/expo/node_modules/balanced-match
6371 silly ADD node_modules/expo/node_modules/brace-expansion
6372 silly ADD node_modules/expo/node_modules/hermes-estree
6373 silly ADD node_modules/expo/node_modules/supports-color
6374 silly ADD node_modules/expo/node_modules/ansi-styles
6375 silly ADD node_modules/expo/node_modules/hermes-parser
6376 silly ADD node_modules/expo/node_modules/@expo/json-file
6377 silly ADD node_modules/expo/node_modules/@expo/json-file/node_modules/@babel/code-frame
6378 silly ADD node_modules/expo/node_modules/@babel/code-frame
6379 silly ADD node_modules/expo/node_modules/ws
6380 silly ADD node_modules/expo/node_modules/picomatch
6381 silly ADD node_modules/expo/node_modules/minimatch
6382 silly ADD node_modules/expo/node_modules/ci-info
6383 silly ADD node_modules/expo/node_modules/chalk
6384 silly ADD node_modules/expo/node_modules/expo-keep-awake
6385 silly ADD node_modules/expo/node_modules/expo-file-system
6386 silly ADD node_modules/expo/node_modules/expo-constants
6387 silly ADD node_modules/expo/node_modules/expo-asset
6388 silly ADD node_modules/expo/node_modules/babel-preset-expo
6389 silly ADD node_modules/expo/node_modules/@expo/vector-icons
6390 silly ADD node_modules/expo/node_modules/@expo/metro-config
6391 silly ADD node_modules/expo/node_modules/@expo/cli
6392 silly ADD node_modules/expo/node_modules/@expo/cli/node_modules/@expo/prebuild-config
6393 silly ADD node_modules/@types/react
6394 silly ADD node_modules/react-native-safe-area-context
6395 silly ADD node_modules/react-native-screens
6396 silly ADD node_modules/@react-navigation/native-stack
6397 silly ADD node_modules/@react-navigation/native
6398 silly ADD node_modules/react
6399 silly ADD node_modules/react-native
6400 silly ADD node_modules/react-native/node_modules/balanced-match
6401 silly ADD node_modules/react-native/node_modules/brace-expansion
6402 silly ADD node_modules/react-native/node_modules/minimatch
6403 silly ADD node_modules/react-native/node_modules/ws
6404 silly ADD node_modules/react-native/node_modules/glob
6405 silly ADD node_modules/react-native/node_modules/commander
6406 silly ADD node_modules/react-native/node_modules/@react-native/virtualized-lists
6407 silly ADD node_modules/@react-native-async-storage/async-storage
6408 silly ADD node_modules/@expo-google-fonts/noto-sans-telugu
6409 verbose cwd /Users/kedarbnikhil/Documents/Codex/2026-08-11/stage-1-of-4-foundation-i18n/outputs/ride-demo
6410 verbose os Darwin 25.5.0
6411 verbose node v26.5.0
6412 verbose npm  v11.17.0
6413 verbose exit 0
6414 info ok
